dt,open,high,low,close,volume
2011-01-26 09:45:00,24.75,24.9,24.3,24.67,12495054
2011-01-26 10:00:00,24.67,25.1,24.55,25.06,23427963
2011-01-26 10:15:00,25.07,25.34,24.98,25.0,29695581
2011-01-26 10:30:00,25.0,25.29,24.95,25.27,32709122
2011-01-26 10:45:00,25.27,25.39,25.22,25.34,35208463
2011-01-26 11:00:00,25.345,25.64,25.29,25.32,37515566
2011-01-26 11:15:00,25.31,25.45,25.3,25.4306,38954980
2011-01-26 11:30:00,25.42,25.5,25.32,25.45,40384791
2011-01-26 11:45:00,25.44,25.46,25.31,25.31,41287159
2011-01-26 12:00:00,25.32,25.5,25.3,25.42,42479095
2011-01-26 12:15:00,25.43,25.49,25.33,25.35,43158151
2011-01-26 12:30:00,25.34,25.37,25.3,25.36,43740525
2011-01-26 12:45:00,25.35,25.46,25.32,25.45,44312088
2011-01-26 13:00:00,25.45,25.45,25.35,25.35,44765665
2011-01-26 13:15:00,25.35,25.43,25.35,25.42,45077529
2011-01-26 13:30:00,25.41,25.45,25.36,25.42,45412828
2011-01-26 13:45:00,25.42,25.43,25.36,25.4,45828032
2011-01-26 14:00:00,25.41,25.66,25.4,25.66,46479824
2011-01-26 14:15:00,25.66,25.69,25.45,25.53,47083335
2011-01-26 14:30:00,25.54,25.63,25.47,25.6,47477630
2011-01-26 14:45:00,25.6,25.74,25.56,25.62,47936558
2011-01-26 15:00:00,25.62,25.65,25.42,25.57,48489333
2011-01-26 15:15:00,25.57,25.78,25.55,25.7,49137778
2011-01-26 15:30:00,25.7,25.71,25.28,25.36,49986309
2011-01-26 15:45:00,25.35,25.4,25.03,25.16,51414174
2011-01-26 16:00:00,25.15,25.24,25.0,25.0,52907252
2011-01-27 09:45:00,24.9,25.15,24.9,25.03,399429
2011-01-27 10:00:00,25.03,25.09,25.01,25.05,543008
2011-01-27 10:15:00,25.05,25.2,25.05,25.16,958221
2011-01-27 10:30:00,25.16,25.3,25.13,25.3,1159167
2011-01-27 10:45:00,25.3,25.48,25.3,25.45,1859412
2011-01-27 11:00:00,25.45,25.6,25.31,25.46,2479402
2011-01-27 11:15:00,25.455,25.5,25.19,25.27,2774278
2011-01-27 11:30:00,25.2725,25.38,25.2701,25.38,2990400
2011-01-27 11:45:00,25.38,25.4,25.23,25.3,3159833
2011-01-27 12:00:00,25.3,25.39,25.28,25.38,3196333
2011-01-27 12:15:00,25.36,25.65,25.35,25.57,3342668
2011-01-27 12:30:00,25.57,25.74,25.5,25.7,3473782
2011-01-27 12:45:00,25.7,25.705,25.47,25.58,3593387
2011-01-27 13:00:00,25.58,25.85,25.54,25.73,3930866
2011-01-27 13:15:00,25.7,25.77,25.6045,25.65,4029665
2011-01-27 13:30:00,25.65,25.7,25.62,25.65,4079515
2011-01-27 13:45:00,25.64,25.65,25.53,25.62,4144481
2011-01-27 14:00:00,25.59,25.62,25.5,25.54,4198814
2011-01-27 14:15:00,25.55,25.59,25.5,25.54,4290955
2011-01-27 14:30:00,25.54,25.72,25.45,25.6,4555997
2011-01-27 14:45:00,25.6,25.6,25.5,25.54,4742020
2011-01-27 15:00:00,25.53,25.57,25.51,25.55,4951009
2011-01-27 15:15:00,25.54,25.55,25.36,25.41,5040553
2011-01-27 15:30:00,25.41,25.54,25.4,25.45,5246782
2011-01-27 15:45:00,25.46,25.57,25.42,25.46,5546928
2011-01-27 16:00:00,25.46,25.52,25.31,25.4,5807811
2011-01-28 09:45:00,25.4,25.4,25.2,25.3,63264
2011-01-28 10:00:00,25.3,25.35,25.1,25.2,143034
2011-01-28 10:15:00,25.205,25.23,25.15,25.2,220542
2011-01-28 10:30:00,25.21,25.21,25.01,25.02,340957
2011-01-28 10:45:00,25.06,25.15,25.0,25.0,563653
2011-01-28 11:00:00,25.0,25.04,25.0,25.02,775853
2011-01-28 11:15:00,25.02,25.08,25.0,25.02,970898
2011-01-28 11:30:00,25.0101,25.12,25.01,25.07,1002622
2011-01-28 11:45:00,25.07,25.12,25.03,25.04,1056151
2011-01-28 12:00:00,25.05,25.1,25.0,25.04,1192786
2011-01-28 12:15:00,25.045,25.05,25.0,25.01,1274504
2011-01-28 12:30:00,25.015,25.05,25.0,25.05,1505024
2011-01-28 12:45:00,25.05,25.08,25.01,25.03,1545634
2011-01-28 13:00:00,25.04,25.05,25.03,25.04,1577734
2011-01-28 13:15:00,25.04,25.09,25.02,25.04,1633500
2011-01-28 13:30:00,25.03,25.05,25.01,25.02,1657678
2011-01-28 13:45:00,25.01,25.03,25.0,25.02,1766468
2011-01-28 14:00:00,25.02,25.02,25.01,25.02,1798273
2011-01-28 14:15:00,25.02,25.06,25.015,25.02,1838623
2011-01-28 14:30:00,25.03,25.08,25.01,25.03,1981080
2011-01-28 14:45:00,25.03,25.05,25.01,25.03,2097402
2011-01-28 15:00:00,25.04,25.04,25.02,25.03,2137491
2011-01-28 15:15:00,25.03,25.07,25.02,25.02,2167470
2011-01-28 15:30:00,25.02,25.04,25.02,25.0399,2195594
2011-01-28 15:45:00,25.04,25.05,25.02,25.03,2255034
2011-01-28 16:00:00,25.035,25.035,25.0,25.03,2458328
2011-01-31 09:45:00,24.98,25.05,24.75,24.96,70748
2011-01-31 10:00:00,24.96,25.57,24.96,25.38,205253
2011-01-31 10:15:00,25.38,25.47,25.35,25.41,235780
2011-01-31 10:30:00,25.404,25.57,25.404,25.54,390485
2011-01-31 10:45:00,25.54,25.68,25.4,25.43,436648
2011-01-31 11:00:00,25.43,25.65,25.4,25.45,529148
2011-01-31 11:15:00,25.415,25.47,25.41,25.44,578947
2011-01-31 11:30:00,25.42,25.45,25.41,25.44,687265
2011-01-31 11:45:00,25.44,25.45,25.33,25.39,742149
2011-01-31 12:00:00,25.4,25.45,25.34,25.45,815463
2011-01-31 12:15:00,25.45,25.45,25.35,25.45,859163
2011-01-31 12:30:00,25.43,25.45,25.4,25.4,921413
2011-01-31 12:45:00,25.43,25.44,25.39,25.43,978613
2011-01-31 13:00:00,25.43,25.45,25.415,25.43,1138457
2011-01-31 13:15:00,25.42,25.43,25.41,25.42,1166617
2011-01-31 13:30:00,25.42,25.5,25.42,25.4508,1204192
2011-01-31 13:45:00,25.44,25.52,25.44,25.51,1271312
2011-01-31 14:00:00,25.51,25.6,25.495,25.6,1321562
2011-01-31 14:15:00,25.6,25.66,25.59,25.66,1474412
2011-01-31 14:30:00,25.63,25.75,25.624,25.75,1523587
2011-01-31 14:45:00,25.75,26.1998,25.7,26.14,1667189
2011-01-31 15:00:00,26.14,26.5,26.05,26.17,1874460
2011-01-31 15:15:00,26.17,26.2,25.95,26.2,2068028
2011-01-31 15:30:00,26.15,26.25,26.07,26.1,2219029
2011-01-31 15:45:00,26.1,26.1,25.85,25.85,2339704
2011-01-31 16:00:00,25.85,26.1,25.64,26.02,2417442
2011-02-01 09:45:00,26.45,26.45,25.78,26.0,200528
2011-02-01 10:00:00,26.07,26.5,25.99,26.35,456919
2011-02-01 10:15:00,26.35,26.44,26.28,26.31,538898
2011-02-01 10:30:00,26.31,26.37,25.96,26.1,622453
2011-02-01 10:45:00,26.1,26.39,26.05,26.14,700555
2011-02-01 11:00:00,26.13,26.14,25.85,26.04,736878
2011-02-01 11:15:00,26.04,26.11,26.04,26.09,784725
2011-02-01 11:30:00,26.095,26.18,26.0,26.0,827788
2011-02-01 11:45:00,26.045,26.15,26.02,26.02,842538
2011-02-01 12:00:00,26.05,26.1,26.04,26.07,875788
2011-02-01 12:15:00,26.06,26.23,26.04,26.22,967847
2011-02-01 12:30:00,26.22,26.5,26.22,26.48,1107466
2011-02-01 12:45:00,26.48,26.5,26.38,26.4,1168819
2011-02-01 13:00:00,26.39,26.46,26.31,26.41,1193264
2011-02-01 13:15:00,26.4,26.46,26.36,26.42,1213744
2011-02-01 13:30:00,26.42,26.42,26.28,26.36,1256444
2011-02-01 13:45:00,26.36,26.63,26.25,26.48,1388124
2011-02-01 14:00:00,26.5,26.54,26.28,26.3,1426524
2011-02-01 14:15:00,26.25,26.6,26.25,26.3,1473648
2011-02-01 14:30:00,26.3,26.3,25.95,26.105,1532603
2011-02-01 14:45:00,26.15,26.15,25.935,26.05,1791545
2011-02-01 15:00:00,26.05,26.1,25.9,25.98,1885987
2011-02-01 15:15:00,25.98,25.98,25.75,25.95,1937337
2011-02-01 15:30:00,25.88,25.99,25.88,25.98,1979128
2011-02-01 15:45:00,25.98,26.0,25.58,25.6,2026882
2011-02-01 16:00:00,25.64,25.81,25.5,25.75,2141309
2011-02-02 09:45:00,25.98,26.24,25.97,26.2,69243
2011-02-02 10:00:00,26.25,26.25,25.98,25.99,135962
2011-02-02 10:15:00,25.99,26.15,25.85,25.85,155613
2011-02-02 10:30:00,25.91,25.96,25.74,25.95,189546
2011-02-02 10:45:00,25.93,26.04,25.92,26.04,219509
2011-02-02 11:00:00,26.04,26.09,26.0,26.04,267559
2011-02-02 11:15:00,26.04,26.18,25.99,26.1,299684
2011-02-02 11:30:00,26.0701,26.2,25.98,26.025,332076
2011-02-02 11:45:00,26.05,26.32,26.0,26.32,371434
2011-02-02 12:00:00,26.19,26.33,25.82,25.905,422926
2011-02-02 12:15:00,25.93,26.1575,25.9,26.09,445476
2011-02-02 12:30:00,26.07,26.11,25.95,26.05,463176
2011-02-02 12:45:00,26.04,26.05,25.89,25.9,475401
2011-02-02 13:00:00,25.9,26.1,25.85,25.86,483239
2011-02-02 13:15:00,25.92,25.96,25.8,25.9106,493114
2011-02-02 13:30:00,25.91,25.91,25.86,25.8999,509543
2011-02-02 13:45:00,25.9,25.91,25.85,25.89,555972
2011-02-02 14:00:00,25.89,26.21,25.87,26.07,596734
2011-02-02 14:15:00,26.05,26.1,25.96,26.05,610134
2011-02-02 14:30:00,26.02,26.11,25.96,26.03,626134
2011-02-02 14:45:00,25.98,26.04,25.89,26.004,652834
2011-02-02 15:00:00,26.03,26.06,25.95,25.99,692035
2011-02-02 15:15:00,25.9995,26.1,25.99,26.09,728865
2011-02-02 15:30:00,26.1,26.1,26.0,26.02,751065
2011-02-02 15:45:00,26.035,26.07,26.01,26.06,802830
2011-02-02 16:00:00,26.06,26.1225,25.84,25.99,1080280
2011-02-03 09:45:00,25.76,26.0,25.76,25.99,18757
2011-02-03 10:00:00,25.99,26.05,25.86,25.94,111409
2011-02-03 10:15:00,25.91,25.99,25.86,25.9142,130904
2011-02-03 10:30:00,25.88,25.94,25.87,25.89,138685
2011-02-03 10:45:00,25.9,25.97,25.86,25.86,162921
2011-02-03 11:00:00,25.88,26.0,25.825,25.83,239085
2011-02-03 11:15:00,25.84,25.9,25.82,25.89,258935
2011-02-03 11:30:00,25.88,25.91,25.85,25.89,287925
2011-02-03 11:45:00,25.88,25.925,25.82,25.92,333875
2011-02-03 12:00:00,25.93,25.98,25.93,25.98,356004
2011-02-03 12:15:00,25.98,26.08,25.85,25.91,383124
2011-02-03 12:30:00,25.905,25.909,25.9,25.9,390124
2011-02-03 12:45:00,25.9,25.95,25.9,25.94,399530
2011-02-03 13:00:00,25.94,26.0,25.93,25.98,417830
2011-02-03 13:15:00,26.0,26.0,25.94,25.955,452036
2011-02-03 13:30:00,25.95,25.99,25.94,25.94,487130
2011-02-03 13:45:00,25.9382,25.94,25.9,25.91,492930
2011-02-03 14:00:00,25.91,25.92,25.85,25.91,506650
2011-02-03 14:15:00,25.91,25.91,25.75,25.82,529394
2011-02-03 14:30:00,25.81,25.9,25.81,25.84,554812
2011-02-03 14:45:00,25.84,25.87,25.792,25.87,560812
2011-02-03 15:00:00,25.87,25.92,25.86,25.9,571312
2011-02-03 15:15:00,25.9,25.9,25.85,25.88,577812
2011-02-03 15:30:00,25.89,25.97,25.79,25.85,608566
2011-02-03 15:45:00,25.85,25.97,25.84,25.94,646853
2011-02-03 16:00:00,25.93,25.95,25.9,25.95,667203
2011-02-04 09:45:00,26.05,26.1,25.76,25.7601,14804
2011-02-04 10:00:00,25.76,25.88,25.75,25.76,16736
2011-02-04 10:15:00,25.84,25.9,25.75,25.9,77326
2011-02-04 10:30:00,25.9,26.0999,25.86,26.05,238926
2011-02-04 10:45:00,26.044,26.044,25.98,25.995,248326
2011-02-04 11:00:00,25.995,26.02,25.99,26.0,257126
2011-02-04 11:15:00,26.01,26.05,25.99,26.0,280052
2011-02-04 11:30:00,26.0,26.03,25.99,26.0,289892
2011-02-04 11:45:00,26.0,26.02,25.96,25.985,296067
2011-02-04 12:00:00,25.98,26.02,25.96,25.98,302393
2011-02-04 12:15:00,25.98,25.99,25.97,25.98,307593
2011-02-04 12:30:00,25.97,26.01,25.97,25.99,311293
2011-02-04 12:45:00,25.99,26.02,25.99,26.0,332993
2011-02-04 13:00:00,26.02,26.02,25.98,26.0,338493
2011-02-04 13:15:00,26.0,26.01,25.89,25.96,376918
2011-02-04 13:30:00,25.95,25.98,25.91,25.91,382618
2011-02-04 13:45:00,25.91,25.91,25.89,25.89,390018
2011-02-04 14:00:00,25.89,25.99,25.89,25.99,398518
2011-02-04 14:15:00,25.94,25.99,25.94,25.96,405218
2011-02-04 14:30:00,25.96,25.96,25.94,25.95,410818
2011-02-04 14:45:00,25.94,25.98,25.9,25.95,422918
2011-02-04 15:00:00,25.95,26.0,25.9,26.0,439418
2011-02-04 15:15:00,26.0,26.0,25.98,26.0,449818
2011-02-04 15:30:00,25.99,26.0,25.95,25.98,467033
2011-02-04 15:45:00,25.965,26.01,25.96,26.0,490658
2011-02-04 16:00:00,26.0,27.1,25.9999,26.09,720071
2011-02-07 09:45:00,26.05,26.2,25.94,26.02,26133
2011-02-07 10:00:00,26.035,26.07,25.9301,26.0,145193
2011-02-07 10:15:00,26.0,26.04,25.98,26.01,216793
2011-02-07 10:30:00,26.005,26.04,26.005,26.02,282296
2011-02-07 10:45:00,26.02,26.04,26.0,26.02,405971
2011-02-07 11:00:00,26.04,26.07,26.01,26.03,453621
2011-02-07 11:15:00,26.0,26.02,25.86,25.98,471614
2011-02-07 11:30:00,25.98,26.05,25.96,26.03,490218
2011-02-07 11:45:00,26.03,26.05,25.97,25.99,500822
2011-02-07 12:00:00,26.0,26.02,25.95,26.0,525122
2011-02-07 12:15:00,26.0,26.02,25.98,26.0,563783
2011-02-07 12:30:00,26.0,26.01,25.9925,26.0,599633
2011-02-07 12:45:00,26.0,26.01,25.9,25.94,634170
2011-02-07 13:00:00,25.95,25.96,25.89,25.94,654570
2011-02-07 13:15:00,25.94,25.94,25.8,25.83,690410
2011-02-07 13:30:00,25.82,25.85,25.8,25.81,710460
2011-02-07 13:45:00,25.82,25.86,25.8,25.81,727260
2011-02-07 14:00:00,25.82,25.82,25.75,25.8,755145
2011-02-07 14:15:00,25.8,25.81,25.64,25.74,779245
2011-02-07 14:30:00,25.72,25.78,25.65,25.77,811805
2011-02-07 14:45:00,25.76,25.81,25.701,25.77,850259
2011-02-07 15:00:00,25.78,25.82,25.73,25.8,876021
2011-02-07 15:15:00,25.8,25.84,25.75,25.75,900871
2011-02-07 15:30:00,25.75,25.78,25.7,25.75,1053664
2011-02-07 15:45:00,25.76,25.83,25.73,25.75,1121764
2011-02-07 16:00:00,25.75,25.84,25.73,25.75,1202598
2011-02-08 09:45:00,25.7,25.798,25.65,25.76,82105
2011-02-08 10:00:00,25.75,25.82,25.71,25.75,176605
2011-02-08 10:15:00,25.77,25.82,25.72,25.76,215905
2011-02-08 10:30:00,25.79,25.79,25.7,25.72,231340
2011-02-08 10:45:00,25.72,25.75,25.7,25.75,241535
2011-02-08 11:00:00,25.741,25.85,25.71,25.85,272644
2011-02-08 11:15:00,25.9,25.9,25.8,25.85,279044
2011-02-08 11:30:00,25.855,25.855,25.82,25.8476,286909
2011-02-08 11:45:00,25.84,25.89,25.84,25.86,323193
2011-02-08 12:00:00,25.85,25.88,25.85,25.86,396088
2011-02-08 12:15:00,25.86,25.87,25.85,25.86,405188
2011-02-08 12:30:00,25.86,25.9399,25.86,25.86,422388
2011-02-08 12:45:00,25.87,25.89,25.86,25.86,638688
2011-02-08 13:00:00,25.86,25.865,25.75,25.76,754788
2011-02-08 13:15:00,25.77,25.79,25.72,25.7596,805173
2011-02-08 13:30:00,25.76,25.83,25.75,25.76,829248
2011-02-08 13:45:00,25.76,25.8,25.76,25.8,834079
2011-02-08 14:00:00,25.8,25.8,25.76,25.76,840579
2011-02-08 14:15:00,25.79,25.8,25.76,25.8,966004
2011-02-08 14:30:00,25.79,25.83,25.77,25.78,1128327
2011-02-08 14:45:00,25.77,25.82,25.77,25.805,1241827
2011-02-08 15:00:00,25.81,25.82,25.75,25.75,1295073
2011-02-08 15:15:00,25.75,25.85,25.74,25.84,1340223
2011-02-08 15:30:00,25.85,25.85,25.8,25.83,1470334
2011-02-08 15:45:00,25.83,25.89,25.81,25.85,1724594
2011-02-08 16:00:00,25.86,26.06,25.86,26.0,2568604
2011-02-09 09:45:00,25.97,26.07,25.9,26.07,113195
2011-02-09 10:00:00,26.1,26.1,25.97,26.0,276595
2011-02-09 10:15:00,26.0,26.12,25.99,26.08,289245
2011-02-09 10:30:00,26.08,26.15,26.05,26.13,301345
2011-02-09 10:45:00,26.12,26.12,26.01,26.01,306848
2011-02-09 11:00:00,26.01,26.04,25.99,25.99,313148
2011-02-09 11:15:00,25.96,26.2,25.94,26.05,344058
2011-02-09 11:30:00,26.03,26.03,25.92,25.92,360179
2011-02-09 11:45:00,25.92,25.95,25.88,25.934,367224
2011-02-09 12:00:00,25.88,25.88,25.72,25.75,381974
2011-02-09 12:15:00,25.75,25.85,25.74,25.8,396524
2011-02-09 12:30:00,25.815,25.83,25.75,25.76,419424
2011-02-09 12:45:00,25.75,25.78,25.75,25.75,423024
2011-02-09 13:00:00,25.75,25.8,25.72,25.76,433226
2011-02-09 13:15:00,25.75,25.77,25.73,25.75,461322
2011-02-09 13:30:00,25.75,25.75,25.73,25.73,469627
2011-02-09 13:45:00,25.74,25.74,25.71,25.73,474427
2011-02-09 14:00:00,25.72,25.77,25.72,25.745,502040
2011-02-09 14:15:00,25.74,25.7425,25.73,25.73,508240
2011-02-09 14:30:00,25.7399,25.75,25.73,25.74,518538
2011-02-09 14:45:00,25.74,25.75,25.7,25.71,568977
2011-02-09 15:00:00,25.65,25.72,25.65,25.71,604670
2011-02-09 15:15:00,25.71,25.72,25.67,25.68,627546
2011-02-09 15:30:00,25.7,25.73,25.68,25.72,638859
2011-02-09 15:45:00,25.705,25.72,25.54,25.58,781961
2011-02-09 16:00:00,25.58,25.69,25.53,25.58,873112
2011-02-10 09:45:00,25.5,25.5,25.3,25.33,28028
2011-02-10 10:00:00,25.34,25.35,25.05,25.1101,92872
2011-02-10 10:15:00,25.2,25.21,25.0,25.2,132466
2011-02-10 10:30:00,25.1301,25.17,25.0,25.07,204397
2011-02-10 10:45:00,25.07,25.35,25.07,25.19,280395
2011-02-10 11:00:00,25.18,25.64,25.16,25.3,396737
2011-02-10 11:15:00,25.25,25.36,25.19,25.27,415337
2011-02-10 11:30:00,25.268,25.3,25.21,25.23,427802
2011-02-10 11:45:00,25.23,25.3,25.2,25.3,439341
2011-02-10 12:00:00,25.3,25.33,25.27,25.32,445621
2011-02-10 12:15:00,25.31,25.333,25.31,25.33,450421
2011-02-10 12:30:00,25.34,25.34,25.24,25.27,457608
2011-02-10 12:45:00,25.26,25.36,25.2,25.3,504799
2011-02-10 13:00:00,25.3,25.31,25.25,25.28,511569
2011-02-10 13:15:00,25.28,25.43,25.2,25.37,559833
2011-02-10 13:30:00,25.37,25.48,25.37,25.42,568233
2011-02-10 13:45:00,25.4,25.4,25.22,25.2261,580235
2011-02-10 14:00:00,25.25,25.28,25.22,25.26,587133
2011-02-10 14:15:00,25.25,25.39,25.24,25.33,594601
2011-02-10 14:30:00,25.33,25.33,25.25,25.29,600874
2011-02-10 14:45:00,25.3,25.34,25.26,25.26,621000
2011-02-10 15:00:00,25.3,25.3,25.2,25.24,747996
2011-02-10 15:15:00,25.25,25.33,25.245,25.31,758084
2011-02-10 15:30:00,25.31,25.39,25.25,25.31,881525
2011-02-10 15:45:00,25.32,25.38,25.26,25.33,1036450
2011-02-10 16:00:00,25.3,25.4,25.27,25.38,1138511
2011-02-11 09:45:00,26.02,26.02,25.11,25.22,15530
2011-02-11 10:00:00,25.2,25.2,25.14,25.17,20726
2011-02-11 10:15:00,25.14,25.285,25.14,25.18,31098
2011-02-11 10:30:00,25.2,25.3,25.1501,25.285,45698
2011-02-11 10:45:00,25.31,25.31,25.21,25.22,57598
2011-02-11 11:00:00,25.23,25.32,25.2101,25.3,69671
2011-02-11 11:15:00,25.305,25.48,25.305,25.44,112374
2011-02-11 11:30:00,25.41,25.42,25.25,25.28,134763
2011-02-11 11:45:00,25.2761,25.3,25.25,25.29,164872
2011-02-11 12:00:00,25.29,25.29,25.25,25.28,280905
2011-02-11 12:15:00,25.28,25.28,25.2028,25.25,339005
2011-02-11 12:30:00,25.25,25.31,25.22,25.31,553705
2011-02-11 12:45:00,25.34,25.34,25.26,25.28,664105
2011-02-11 13:00:00,25.285,25.29,25.24,25.28,675405
2011-02-11 13:15:00,25.27,25.3,25.27,25.29,715205
2011-02-11 13:30:00,25.29,25.35,25.285,25.35,865417
2011-02-11 13:45:00,25.34,25.35,25.3331,25.3475,871104
2011-02-11 14:00:00,25.35,25.35,25.31,25.33,895004
2011-02-11 14:15:00,25.31,25.33,25.31,25.33,898404
2011-02-11 14:30:00,25.33,25.33,25.3,25.33,1024204
2011-02-11 14:45:00,25.33,25.35,25.31,25.31,1059775
2011-02-11 15:00:00,25.31,25.31,25.26,25.26,1212116
2011-02-11 15:15:00,25.26,25.26,25.23,25.24,1308862
2011-02-11 15:30:00,25.24,25.27,25.23,25.255,1556454
2011-02-11 15:45:00,25.25,25.26,25.21,25.22,1805169
2011-02-11 16:00:00,25.215,25.25,25.2,25.21,1998776
2011-02-14 09:45:00,25.47,25.47,25.27,25.27,95487
2011-02-14 10:00:00,25.2224,25.2224,25.15,25.16,120594
2011-02-14 10:15:00,25.16,25.19,25.11,25.15,134871
2011-02-14 10:30:00,25.1501,25.2,25.15,25.172,151538
2011-02-14 10:45:00,25.19,25.29,25.16,25.24,173538
2011-02-14 11:00:00,25.22,25.24,25.192,25.2,184517
2011-02-14 11:15:00,25.22,25.22,25.2,25.21,204001
2011-02-14 11:30:00,25.21,25.24,25.2,25.23,238201
2011-02-14 11:45:00,25.22,25.225,25.185,25.1999,252576
2011-02-14 12:00:00,25.2,25.22,25.196,25.2,267976
2011-02-14 12:15:00,25.2,25.22,25.19,25.219,281176
2011-02-14 12:30:00,25.22,25.22,25.21,25.215,299881
2011-02-14 12:45:00,25.215,25.22,25.19,25.209,367091
2011-02-14 13:00:00,25.205,25.22,25.19,25.2,417291
2011-02-14 13:15:00,25.205,25.21,25.15,25.16,507291
2011-02-14 13:30:00,25.17,25.2,25.16,25.1984,523981
2011-02-14 13:45:00,25.195,25.2,25.19,25.19,534481
2011-02-14 14:00:00,25.195,25.2,25.19,25.195,663331
2011-02-14 14:15:00,25.195,25.2,25.19,25.19,675431
2011-02-14 14:30:00,25.18,25.19,25.17,25.175,683631
2011-02-14 14:45:00,25.175,25.18,25.17,25.17,691331
2011-02-14 15:00:00,25.175,25.175,25.15,25.16,701836
2011-02-14 15:15:00,25.155,25.21,25.15,25.2,787388
2011-02-14 15:30:00,25.19,25.27,25.19,25.2501,843113
2011-02-14 15:45:00,25.25,25.27,25.23,25.265,1057905
2011-02-14 16:00:00,25.27,25.36,25.25,25.35,1103138
2011-02-15 09:45:00,25.32,25.37,25.25,25.27,7444
2011-02-15 10:00:00,25.2762,25.3,25.2,25.2,28193
2011-02-15 10:15:00,25.205,25.31,25.2,25.26,37558
2011-02-15 10:30:00,25.25,25.28,25.21,25.23,179389
2011-02-15 10:45:00,25.24,25.26,25.23,25.24,203250
2011-02-15 11:00:00,25.24,25.25,25.22,25.24,240727
2011-02-15 11:15:00,25.24,25.24,25.06,25.15,264497
2011-02-15 11:30:00,25.19,25.2499,25.1701,25.24,291697
2011-02-15 11:45:00,25.24,25.24,25.13,25.14,302685
2011-02-15 12:00:00,25.14,25.23,25.14,25.23,314467
2011-02-15 12:15:00,25.22,25.24,25.2,25.24,374117
2011-02-15 12:30:00,25.23,25.2899,25.23,25.28,387748
2011-02-15 12:45:00,25.28,25.31,25.27,25.31,397448
2011-02-15 13:00:00,25.31,25.35,25.3,25.34,409563
2011-02-15 13:15:00,25.33,25.34,25.3,25.3,418208
2011-02-15 13:30:00,25.33,25.33,25.25,25.29,428808
2011-02-15 13:45:00,25.25,25.29,25.23,25.25,438508
2011-02-15 14:00:00,25.25,25.33,25.25,25.33,571686
2011-02-15 14:15:00,25.32,25.35,25.28,25.35,589690
2011-02-15 14:30:00,25.34,25.36,25.31,25.35,612204
2011-02-15 14:45:00,25.35,25.38,25.34,25.36,630045
2011-02-15 15:00:00,25.35,25.36,25.34,25.35,756645
2011-02-15 15:15:00,25.35,25.36,25.35,25.35,774649
2011-02-15 15:30:00,25.36,25.36,25.35,25.35,798749
2011-02-15 15:45:00,25.35,25.37,25.35,25.35,826174
2011-02-15 16:00:00,25.35,25.42,25.35,25.4,884491
2011-02-16 09:45:00,25.31,25.7,25.31,25.7,19865
2011-02-16 10:00:00,25.69,25.72,25.6,25.69,39840
2011-02-16 10:15:00,25.68,25.87,25.68,25.87,50190
2011-02-16 10:30:00,25.87,25.94,25.86,25.92,75157
2011-02-16 10:45:00,25.92,25.95,25.9,25.92,101235
2011-02-16 11:00:00,25.91,25.91,25.87,25.87,112400
2011-02-16 11:15:00,25.87,25.9,25.81,25.82,131389
2011-02-16 11:30:00,25.85,25.85,25.73,25.82,167846
2011-02-16 11:45:00,25.8,25.82,25.8,25.82,174146
2011-02-16 12:00:00,25.815,25.82,25.8,25.82,238005
2011-02-16 12:15:00,25.8,25.85,25.76,25.78,288496
2011-02-16 12:30:00,25.78,25.84,25.78,25.83,302396
2011-02-16 12:45:00,25.83,25.83,25.8,25.8101,310780
2011-02-16 13:00:00,25.82,25.82,25.79,25.82,322987
2011-02-16 13:15:00,25.82,25.82,25.79,25.8,335187
2011-02-16 13:30:00,25.8,25.83,25.8,25.83,344947
2011-02-16 13:45:00,25.82,25.82,25.8,25.81,354764
2011-02-16 14:00:00,25.82,25.82,25.8,25.8,361284
2011-02-16 14:15:00,25.81,25.83,25.8,25.825,367384
2011-02-16 14:30:00,25.83,25.84,25.82,25.82,391132
2011-02-16 14:45:00,25.82,25.89,25.815,25.83,411088
2011-02-16 15:00:00,25.83,25.88,25.83,25.85,422046
2011-02-16 15:15:00,25.85,25.87,25.84,25.8601,588538
2011-02-16 15:30:00,25.87,25.95,25.86,25.92,675543
2011-02-16 15:45:00,25.91,25.97,25.9,25.95,733151
2011-02-16 16:00:00,25.95,26.0,25.93,25.99,848496
2011-02-17 09:45:00,25.88,26.38,25.88,26.34,70035
2011-02-17 10:00:00,26.31,26.38,26.03,26.38,130786
2011-02-17 10:15:00,26.32,26.38,26.23,26.295,282904
2011-02-17 10:30:00,26.3,26.35,26.26,26.35,378498
2011-02-17 10:45:00,26.35,26.35,26.32,26.35,432031
2011-02-17 11:00:00,26.35,26.5,26.34,26.44,516845
2011-02-17 11:15:00,26.44,26.5,26.41,26.47,614273
2011-02-17 11:30:00,26.47,26.55,26.4,26.48,740875
2011-02-17 11:45:00,26.49,26.79,26.49,26.7698,795500
2011-02-17 12:00:00,26.7698,26.83,26.67,26.82,848612
2011-02-17 12:15:00,26.82,26.87,26.76,26.84,880612
2011-02-17 12:30:00,26.84,26.9,26.55,26.56,913321
2011-02-17 12:45:00,26.55,26.79,26.55,26.75,982221
2011-02-17 13:00:00,26.75,26.85,26.75,26.82,1008521
2011-02-17 13:15:00,26.83,27.21,26.8149,27.06,1108812
2011-02-17 13:30:00,26.95,26.99,26.87,26.91,1133842
2011-02-17 13:45:00,26.9,27.05,26.9,27.03,1194423
2011-02-17 14:00:00,27.04,27.04,26.92,27.03,1269501
2011-02-17 14:15:00,27.005,27.07,26.94,27.04,1401107
2011-02-17 14:30:00,27.035,27.05,27.02,27.05,1422506
2011-02-17 14:45:00,27.05,27.05,26.97,27.01,1439755
2011-02-17 15:00:00,27.01,27.04,27.0,27.035,1488817
2011-02-17 15:15:00,27.035,27.05,27.01,27.035,1529551
2011-02-17 15:30:00,27.04,27.04,26.91,26.93,1594714
2011-02-17 15:45:00,26.93,27.03,26.88,26.9,1638014
2011-02-17 16:00:00,26.91,27.04,26.85,27.0,1729035
2011-02-18 09:45:00,27.08,27.1,26.96,27.04,23337
2011-02-18 10:00:00,27.04,27.04,26.91,26.95,43930
2011-02-18 10:15:00,26.8975,26.97,26.88,26.94,67287
2011-02-18 10:30:00,26.94,27.0,26.93,26.96,88737
2011-02-18 10:45:00,26.97,27.02,26.95,27.0,99337
2011-02-18 11:00:00,26.995,27.04,26.96,27.0,118190
2011-02-18 11:15:00,27.01,27.01,26.97,26.97,125590
2011-02-18 11:30:00,26.98,27.02,26.97,27.01,137390
2011-02-18 11:45:00,27.02,27.02,27.0,27.01,148190
2011-02-18 12:00:00,27.01,27.04,27.0,27.02,162490
2011-02-18 12:15:00,27.0236,27.11,27.02,27.04,201645
2011-02-18 12:30:00,27.05,27.06,27.02,27.06,212132
2011-02-18 12:45:00,27.0501,27.06,27.02,27.0368,224532
2011-02-18 13:00:00,27.04,27.19,27.03,27.15,254900
2011-02-18 13:15:00,27.15,27.25,27.13,27.24,293115
2011-02-18 13:30:00,27.24,27.25,27.15,27.2,320114
2011-02-18 13:45:00,27.21,27.33,27.2,27.31,345914
2011-02-18 14:00:00,27.31,27.47,27.31,27.4,400925
2011-02-18 14:15:00,27.4,27.45,27.18,27.32,558825
2011-02-18 14:30:00,27.33,27.35,27.23,27.35,582770
2011-02-18 14:45:00,27.35,27.47,27.32,27.44,652534
2011-02-18 15:00:00,27.4499,27.75,27.28,27.38,774113
2011-02-18 15:15:00,27.3698,27.5,27.3,27.35,996819
2011-02-18 15:30:00,27.35,27.4,27.165,27.165,1022899
2011-02-18 15:45:00,27.18,27.51,27.17,27.48,1101317
2011-02-18 16:00:00,27.47,27.84,27.43,27.71,1392867
2011-02-22 09:45:00,27.15,27.3,26.8501,27.05,69190
2011-02-22 10:00:00,27.15,27.42,27.15,27.38,362747
2011-02-22 10:15:00,27.39,27.39,27.24,27.32,373047
2011-02-22 10:30:00,27.33,27.49,27.2,27.2,398072
2011-02-22 10:45:00,27.26,27.26,27.08,27.15,416986
2011-02-22 11:00:00,27.14,27.15,27.0,27.03,484097
2011-02-22 11:15:00,27.06,27.07,26.81,26.84,583493
2011-02-22 11:30:00,26.8401,26.97,26.8401,26.9,593636
2011-02-22 11:45:00,26.92,26.92,26.58,26.58,615136
2011-02-22 12:00:00,26.65,26.66,26.21,26.66,656011
2011-02-22 12:15:00,26.66,26.84,26.58,26.71,666865
2011-02-22 12:30:00,26.71,26.93,26.65,26.78,673665
2011-02-22 12:45:00,26.78,26.84,26.47,26.5,686474
2011-02-22 13:00:00,26.5,26.6,26.35,26.49,698002
2011-02-22 13:15:00,26.43,26.44,26.3,26.31,744183
2011-02-22 13:30:00,26.35,26.5,26.33,26.4,776473
2011-02-22 13:45:00,26.4,26.52,26.4,26.46,789163
2011-02-22 14:00:00,26.47,26.51,26.46,26.505,801099
2011-02-22 14:15:00,26.51,26.555,26.43,26.49,841540
2011-02-22 14:30:00,26.47,26.5,26.47,26.48,849840
2011-02-22 14:45:00,26.47,26.5,26.4382,26.48,871173
2011-02-22 15:00:00,26.48,26.5,26.44,26.45,1001062
2011-02-22 15:15:00,26.45,26.6,26.44,26.59,1020372
2011-02-22 15:30:00,26.57,26.57,26.46,26.5,1032472
2011-02-22 15:45:00,26.51,26.55,26.45,26.5,1071397
2011-02-22 16:00:00,26.5,26.5,26.34,26.39,1108347
2011-02-23 09:45:00,26.15,26.42,25.97,26.41,12260
2011-02-23 10:00:00,26.2901,26.41,26.26,26.3602,18879
2011-02-23 10:15:00,26.39,26.46,26.28,26.4,107754
2011-02-23 10:30:00,26.4,26.47,26.12,26.455,135534
2011-02-23 10:45:00,26.46,26.46,26.16,26.22,199384
2011-02-23 11:00:00,26.2,26.42,26.2,26.42,219154
2011-02-23 11:15:00,26.44,26.45,26.28,26.42,337574
2011-02-23 11:30:00,26.42,26.42,26.37,26.38,413499
2011-02-23 11:45:00,26.38,26.4,26.35,26.386,436681
2011-02-23 12:00:00,26.39,26.44,26.385,26.43,502289
2011-02-23 12:15:00,26.43,26.58,26.4,26.47,586197
2011-02-23 12:30:00,26.46,26.47,26.39,26.47,698577
2011-02-23 12:45:00,26.47,26.5,26.425,26.5,709180
2011-02-23 13:00:00,26.49,26.5,26.42,26.5,731880
2011-02-23 13:15:00,26.52,26.69,26.48,26.69,740463
2011-02-23 13:30:00,26.69,26.69,26.521,26.6,766749
2011-02-23 13:45:00,26.6,26.605,26.55,26.55,871859
2011-02-23 14:00:00,26.55,26.61,26.54,26.555,895534
2011-02-23 14:15:00,26.53,26.57,26.53,26.55,903034
2011-02-23 14:30:00,26.54,26.55,26.5,26.51,925919
2011-02-23 14:45:00,26.55,26.55,26.5,26.52,937639
2011-02-23 15:00:00,26.52,26.56,26.52,26.55,949958
2011-02-23 15:15:00,26.55,26.59,26.53,26.55,1005696
2011-02-23 15:30:00,26.55,26.61,26.53,26.61,1059996
2011-02-23 15:45:00,26.61,26.66,26.61,26.64,1088946
2011-02-23 16:00:00,26.65,26.72,26.47,26.67,1124523
2011-02-24 09:45:00,26.46,26.46,26.031,26.05,17759
2011-02-24 10:00:00,26.05,26.19,25.94,26.1,43743
2011-02-24 10:15:00,26.01,26.37,25.97,26.31,58043
2011-02-24 10:30:00,26.39,26.52,26.31,26.5,76668
2011-02-24 10:45:00,26.49,26.49,26.45,26.49,79919
2011-02-24 11:00:00,26.49,26.5,26.43,26.46,84797
2011-02-24 11:15:00,26.45,26.47,26.31,26.415,89497
2011-02-24 11:30:00,26.435,26.45,26.33,26.33,91197
2011-02-24 11:45:00,26.34,26.37,26.21,26.245,95597
2011-02-24 12:00:00,26.22,26.28,26.22,26.24,99197
2011-02-24 12:15:00,26.24,26.27,26.24,26.24,100897
2011-02-24 12:30:00,26.24,26.26,26.22,26.26,141597
2011-02-24 12:45:00,26.25,26.26,26.12,26.155,237966
2011-02-24 13:00:00,26.13,26.16,26.12,26.16,241316
2011-02-24 13:15:00,26.19,26.2599,26.16,26.19,244116
2011-02-24 13:30:00,26.19,26.202,26.15,26.18,246825
2011-02-24 13:45:00,26.15,26.24,26.15,26.24,301325
2011-02-24 14:00:00,26.24,26.26,26.1496,26.16,312423
2011-02-24 14:15:00,26.13,26.29,26.13,26.23,315415
2011-02-24 14:30:00,26.23,26.29,26.22,26.22,320415
2011-02-24 14:45:00,26.23,26.23,26.14,26.14,322015
2011-02-24 15:00:00,26.15,26.17,26.01,26.01,323669
2011-02-24 15:15:00,26.07,26.08,26.01,26.01,326514
2011-02-24 15:30:00,26.01,26.29,26.0,26.02,350102
2011-02-24 15:45:00,26.08,26.11,26.06,26.1,352102
2011-02-24 16:00:00,26.08,26.08,25.94,25.97,394967
2011-02-25 09:45:00,26.04,26.04,25.78,25.8,8651
2011-02-25 10:00:00,25.83,26.03,25.83,26.0,38381
2011-02-25 10:15:00,25.975,26.16,25.85,25.93,89957
2011-02-25 10:30:00,25.86,26.07,25.86,26.0,112085
2011-02-25 10:45:00,26.015,26.015,25.89,25.9,121185
2011-02-25 11:00:00,25.94,25.96,25.9,25.92,132785
2011-02-25 11:15:00,25.94,25.97,25.92,25.93,153990
2011-02-25 11:30:00,25.94,26.01,25.93,25.95,177065
2011-02-25 11:45:00,25.95,25.98,25.92,25.94,224115
2011-02-25 12:00:00,25.95,25.96,25.94,25.94,256336
2011-02-25 12:15:00,25.94,25.95,25.91,25.93,262636
2011-02-25 12:30:00,25.93,25.95,25.91,25.94,271336
2011-02-25 12:45:00,25.94,25.95,25.9,25.9,280086
2011-02-25 13:00:00,25.91,25.96,25.895,25.92,290264
2011-02-25 13:15:00,25.93,25.95,25.92,25.94,322164
2011-02-25 13:30:00,25.95,25.95,25.94,25.95,331005
2011-02-25 13:45:00,25.95,25.96,25.94,25.94,340392
2011-02-25 14:00:00,25.95,25.95,25.94,25.95,353117
2011-02-25 14:15:00,25.95,25.96,25.94,25.945,361117
2011-02-25 14:30:00,25.95,25.96,25.9425,25.95,369686
2011-02-25 14:45:00,25.95,26.025,25.945,26.0,404346
2011-02-25 15:00:00,26.01,26.01,25.95,25.97,429431
2011-02-25 15:15:00,25.96,26.05,25.9,26.01,455531
2011-02-25 15:30:00,26.02,26.03,26.0,26.0,469410
2011-02-25 15:45:00,26.0,26.02,26.0,26.0,513442
2011-02-25 16:00:00,26.0,26.02,25.98,25.99,555010
2011-02-28 09:45:00,26.11,26.19,26.01,26.09,11347
2011-02-28 10:00:00,26.09,26.138,25.96,26.11,24761
2011-02-28 10:15:00,26.11,26.18,26.01,26.1,48409
2011-02-28 10:30:00,26.1,26.36,26.09,26.36,67359
2011-02-28 10:45:00,26.34,26.74,26.26,26.49,102106
2011-02-28 11:00:00,26.5,26.5,26.25,26.44,123506
2011-02-28 11:15:00,26.44,26.55,26.22,26.22,139559
2011-02-28 11:30:00,26.204,26.35,26.13,26.3358,205859
2011-02-28 11:45:00,26.32,26.5,26.31,26.5,230756
2011-02-28 12:00:00,26.4997,26.52,26.45,26.495,253942
2011-02-28 12:15:00,26.5,26.6,26.38,26.45,327082
2011-02-28 12:30:00,26.44,26.48,26.35,26.39,337281
2011-02-28 12:45:00,26.39,26.39,26.285,26.345,347781
2011-02-28 13:00:00,26.32,26.38,26.29,26.29,366816
2011-02-28 13:15:00,26.3,26.31,26.03,26.2,448985
2011-02-28 13:30:00,26.2,26.31,26.18,26.19,465108
2011-02-28 13:45:00,26.19,26.25,26.13,26.13,480401
2011-02-28 14:00:00,26.13,26.141,26.04,26.05,551647
2011-02-28 14:15:00,26.04,26.35,26.04,26.17,594068
2011-02-28 14:30:00,26.17,26.305,26.17,26.3,603268
2011-02-28 14:45:00,26.3,26.48,26.3,26.4565,620715
2011-02-28 15:00:00,26.48,26.5,26.4,26.48,641790
2011-02-28 15:15:00,26.49,26.61,26.47,26.515,797828
2011-02-28 15:30:00,26.51,26.556,26.36,26.54,826270
2011-02-28 15:45:00,26.52,26.5699,26.45,26.56,840098
2011-02-28 16:00:00,26.551,26.59,26.5,26.53,859575
2011-03-01 09:45:00,26.0,26.5,25.9201,26.5,117485
2011-03-01 10:00:00,26.48,26.55,26.24,26.29,151736
2011-03-01 10:15:00,26.29,26.47,26.24,26.4,165356
2011-03-01 10:30:00,26.4,26.47,26.39,26.43,170956
2011-03-01 10:45:00,26.43,26.53,26.29,26.5076,239282
2011-03-01 11:00:00,26.505,26.61,26.4001,26.405,252832
2011-03-01 11:15:00,26.4025,26.46,26.4,26.45,257032
2011-03-01 11:30:00,26.415,26.5,26.41,26.48,268160
2011-03-01 11:45:00,26.49,26.52,26.37,26.52,319266
2011-03-01 12:00:00,26.49,26.51,26.48,26.49,326666
2011-03-01 12:15:00,26.48,26.62,26.48,26.54,384669
2011-03-01 12:30:00,26.55,26.65,26.5,26.63,417429
2011-03-01 12:45:00,26.61,26.76,26.61,26.695,440129
2011-03-01 13:00:00,26.67,26.85,26.66,26.8375,458964
2011-03-01 13:15:00,26.83,27.06,26.76,27.06,483608
2011-03-01 13:30:00,27.06,27.09,26.95,26.95,499508
2011-03-01 13:45:00,26.95,27.03,26.95,26.99,509197
2011-03-01 14:00:00,26.99,27.05,26.93,27.03,518154
2011-03-01 14:15:00,26.99,27.015,26.73,26.8516,575879
2011-03-01 14:30:00,26.875,26.935,26.87,26.87,589032
2011-03-01 14:45:00,26.87,26.88,26.79,26.79,602241
2011-03-01 15:00:00,26.8,26.84,26.77,26.82,621752
2011-03-01 15:15:00,26.83,27.0,26.77,26.79,680127
2011-03-01 15:30:00,26.79,27.4,26.79,27.34,721020
2011-03-01 15:45:00,27.37,27.5,27.16,27.23,818030
2011-03-01 16:00:00,27.23,27.41,26.99,27.11,1012595
2011-03-02 09:45:00,27.05,27.07,26.96,26.99,2935
2011-03-02 10:00:00,26.95,27.1,26.95,26.96,17044
2011-03-02 10:15:00,26.95,27.07,26.86,27.04,38744
2011-03-02 10:30:00,27.02,27.1,26.95,26.96,63504
2011-03-02 10:45:00,26.985,27.03,26.93,26.97,78504
2011-03-02 11:00:00,26.99,27.25,26.74,26.98,107004
2011-03-02 11:15:00,26.97,26.97,26.91,26.945,112104
2011-03-02 11:30:00,26.945,26.99,26.92,26.93,114115
2011-03-02 11:45:00,26.99,26.99,26.93,26.93,120222
2011-03-02 12:00:00,26.95,26.98,26.93,26.93,126222
2011-03-02 12:15:00,26.945,26.99,26.93,26.98,129569
2011-03-02 12:30:00,27.0,27.0,26.9,26.9,137369
2011-03-02 12:45:00,26.9,26.93,26.83,26.83,224069
2011-03-02 13:00:00,26.83,26.93,26.83,26.93,226369
2011-03-02 13:15:00,26.93,26.95,26.86,26.88,233769
2011-03-02 13:30:00,26.88,26.89,26.87,26.89,235969
2011-03-02 13:45:00,26.9,26.965,26.9,26.92,245569
2011-03-02 14:00:00,26.92,26.96,26.9,26.91,252668
2011-03-02 14:15:00,26.91,27.0,26.9,26.97,271404
2011-03-02 14:30:00,26.98,27.0,26.92,26.95,285854
2011-03-02 14:45:00,26.95,27.0,26.92,27.0,293854
2011-03-02 15:00:00,26.99,27.0,26.93,26.99,315544
2011-03-02 15:15:00,26.99,27.01,26.96,26.97,336920
2011-03-02 15:30:00,26.97,26.99,26.84,26.9,357866
2011-03-02 15:45:00,26.91,26.92,26.82,26.82,365036
2011-03-02 16:00:00,26.85,26.92,26.76,26.92,413743
2011-03-03 09:45:00,26.84,26.94,26.61,26.82,154910
2011-03-03 10:00:00,26.815,26.9,26.81,26.845,183673
2011-03-03 10:15:00,26.85,26.87,26.6,26.73,269540
2011-03-03 10:30:00,26.72,26.75,26.67,26.74,308238
2011-03-03 10:45:00,26.75,26.77,26.6001,26.65,373938
2011-03-03 11:00:00,26.62,26.7,26.61,26.69,383938
2011-03-03 11:15:00,26.69,26.7,26.48,26.5,417638
2011-03-03 11:30:00,26.51,26.63,26.51,26.625,420988
2011-03-03 11:45:00,26.625,26.63,26.4545,26.5,437638
2011-03-03 12:00:00,26.44,26.5,26.28,26.32,467982
2011-03-03 12:15:00,26.29,26.58,26.17,26.55,627120
2011-03-03 12:30:00,26.55,26.59,26.47,26.57,1022813
2011-03-03 12:45:00,26.59,26.59,26.29,26.53,1091273
2011-03-03 13:00:00,26.53,26.57,26.43,26.46,1142374
2011-03-03 13:15:00,26.46,26.465,26.35,26.45,1187754
2011-03-03 13:30:00,26.45,26.45,26.07,26.305,1275016
2011-03-03 13:45:00,26.305,26.39,26.29,26.38,1446860
2011-03-03 14:00:00,26.38,26.45,26.31,26.36,1576755
2011-03-03 14:15:00,26.39,26.41,26.35,26.395,1599607
2011-03-03 14:30:00,26.39,26.44,26.35,26.4,1669553
2011-03-03 14:45:00,26.36,26.5,26.36,26.44,1725203
2011-03-03 15:00:00,26.45,26.77,26.4,26.41,1880915
2011-03-03 15:15:00,26.41,26.6,26.41,26.6,1959447
2011-03-03 15:30:00,26.59,26.74,26.58,26.71,2016625
2011-03-03 15:45:00,26.72,26.725,26.61,26.625,2056715
2011-03-03 16:00:00,26.63,26.94,26.63,26.79,2172782
2011-03-04 09:45:00,26.52,26.7439,26.52,26.7439,9440
2011-03-04 10:00:00,26.7065,27.04,26.7065,26.96,57799
2011-03-04 10:15:00,27.0,27.0,26.71,26.745,79648
2011-03-04 10:30:00,26.74,26.75,26.725,26.75,90728
2011-03-04 10:45:00,26.75,26.75,26.58,26.6,127515
2011-03-04 11:00:00,26.59,26.62,26.54,26.57,137715
2011-03-04 11:15:00,26.57,26.58,26.42,26.4736,154340
2011-03-04 11:30:00,26.48,26.55,26.48,26.53,161740
2011-03-04 11:45:00,26.53,26.58,26.53,26.565,172563
2011-03-04 12:00:00,26.565,26.66,26.56,26.57,187953
2011-03-04 12:15:00,26.57,26.57,26.43,26.48,204253
2011-03-04 12:30:00,26.47,26.475,26.4,26.42,212307
2011-03-04 12:45:00,26.42,26.47,26.4,26.405,222553
2011-03-04 13:00:00,26.4,26.41,26.32,26.4,248027
2011-03-04 13:15:00,26.4,26.42,26.39,26.415,253372
2011-03-04 13:30:00,26.42,26.43,26.41,26.41,258672
2011-03-04 13:45:00,26.41,26.455,26.41,26.45,265128
2011-03-04 14:00:00,26.46,26.49,26.39,26.4,277828
2011-03-04 14:15:00,26.39,26.41,26.37,26.375,296831
2011-03-04 14:30:00,26.38,26.44,26.36,26.42,313015
2011-03-04 14:45:00,26.415,26.46,26.39,26.45,352211
2011-03-04 15:00:00,26.45,26.6,26.445,26.5,475511
2011-03-04 15:15:00,26.5,26.58,26.49,26.5,539548
2011-03-04 15:30:00,26.5,26.51,26.46,26.5,588697
2011-03-04 15:45:00,26.5,26.53,26.47,26.51,623523
2011-03-04 16:00:00,26.5199,26.65,26.5,26.6,710389
2011-03-07 09:45:00,27.27,27.84,27.07,27.29,316372
2011-03-07 10:00:00,27.28,27.35,27.12,27.28,446932
2011-03-07 10:15:00,27.27,27.29,27.1,27.17,523298
2011-03-07 10:30:00,27.17,27.27,27.17,27.26,538718
2011-03-07 10:45:00,27.265,27.29,27.24,27.24,571148
2011-03-07 11:00:00,27.24,27.24,27.0,27.13,609805
2011-03-07 11:15:00,27.14,27.14,27.09,27.1,657944
2011-03-07 11:30:00,27.1,27.14,27.09,27.1,672744
2011-03-07 11:45:00,27.095,27.1,27.01,27.04,688367
2011-03-07 12:00:00,27.05,27.1,27.04,27.05,701167
2011-03-07 12:15:00,27.05,27.125,27.05,27.12,709467
2011-03-07 12:30:00,27.12,27.12,27.04,27.06,724767
2011-03-07 12:45:00,27.05,27.055,27.0,27.0,746246
2011-03-07 13:00:00,27.0,27.07,26.98,27.0,808844
2011-03-07 13:15:00,27.0,27.04,26.99,27.03,838129
2011-03-07 13:30:00,27.03,27.03,26.98,27.0,871393
2011-03-07 13:45:00,27.0,27.01,26.97,27.0,894456
2011-03-07 14:00:00,27.0,27.01,26.97,26.98,914026
2011-03-07 14:15:00,26.98,27.0,26.9795,26.99,951426
2011-03-07 14:30:00,26.98,27.0,26.98,26.98,978707
2011-03-07 14:45:00,26.98,27.0,26.97,26.98,1037469
2011-03-07 15:00:00,26.985,27.0,26.98,26.9999,1071068
2011-03-07 15:15:00,26.9943,27.11,26.98,27.09,1101613
2011-03-07 15:30:00,27.09,27.09,27.0,27.0,1141738
2011-03-07 15:45:00,27.0,27.01,26.85,26.86,1290565
2011-03-07 16:00:00,26.8699,27.07,26.8699,27.01,1472615
2011-03-08 09:45:00,27.0,27.2,26.94,27.0,17494
2011-03-08 10:00:00,27.0,27.2,26.9,27.05,29651
2011-03-08 10:15:00,27.03,27.23,27.03,27.23,52001
2011-03-08 10:30:00,27.18,27.49,27.15,27.3,81550
2011-03-08 10:45:00,27.3099,27.31,27.014,27.085,107200
2011-03-08 11:00:00,27.09,27.14,27.05,27.125,120200
2011-03-08 11:15:00,27.125,27.14,27.07,27.1,134100
2011-03-08 11:30:00,27.09,27.2,27.08,27.2,150856
2011-03-08 11:45:00,27.2,27.2,27.07,27.09,167388
2011-03-08 12:00:00,27.09,27.2,27.09,27.2,181088
2011-03-08 12:15:00,27.17,27.2,27.17,27.19,195397
2011-03-08 12:30:00,27.19,27.35,27.19,27.31,216097
2011-03-08 12:45:00,27.31,27.39,27.21,27.314,242603
2011-03-08 13:00:00,27.31,27.31,27.2,27.28,256903
2011-03-08 13:15:00,27.26,27.34,27.24,27.29,272603
2011-03-08 13:30:00,27.27,27.4,27.27,27.3,291103
2011-03-08 13:45:00,27.3,27.37,27.3,27.31,306603
2011-03-08 14:00:00,27.3,27.3,27.1,27.18,323216
2011-03-08 14:15:00,27.16,27.18,27.1,27.16,337866
2011-03-08 14:30:00,27.15,27.17,27.11,27.14,349512
2011-03-08 14:45:00,27.14,27.19,27.135,27.17,357912
2011-03-08 15:00:00,27.18,27.18,27.1,27.105,379620
2011-03-08 15:15:00,27.1,27.105,26.945,27.0,445723
2011-03-08 15:30:00,26.99,27.11,26.92,27.0942,558853
2011-03-08 15:45:00,27.11,27.17,27.02,27.15,617008
2011-03-08 16:00:00,27.14,27.14,27.03,27.07,894974
2011-03-09 09:45:00,27.0,27.022,26.69,27.0,14295
2011-03-09 10:00:00,27.0,27.01,26.94,27.0,16395
2011-03-09 10:15:00,26.9601,27.0,26.8001,26.8286,21795
2011-03-09 10:30:00,26.83,27.18,26.815,27.0,51435
2011-03-09 10:45:00,27.05,27.1,27.0,27.05,63985
2011-03-09 11:00:00,27.06,27.06,26.99,27.04,71449
2011-03-09 11:15:00,27.05,27.16,27.03,27.07,82649
2011-03-09 11:30:00,27.05,27.0898,27.02,27.05,87761
2011-03-09 11:45:00,27.0215,27.0545,26.9799,26.99,100961
2011-03-09 12:00:00,26.98,27.05,26.98,27.02,108861
2011-03-09 12:15:00,27.0301,27.05,27.0,27.02,111861
2011-03-09 12:30:00,27.02,27.04,27.01,27.02,117416
2011-03-09 12:45:00,27.0101,27.05,27.0,27.05,125436
2011-03-09 13:00:00,27.05,27.05,27.0,27.0,130236
2011-03-09 13:15:00,27.0001,27.01,26.95,27.01,148925
2011-03-09 13:30:00,27.0,27.04,27.0,27.03,152225
2011-03-09 13:45:00,27.0301,27.04,27.01,27.02,156822
2011-03-09 14:00:00,27.01,27.03,27.0,27.0,161022
2011-03-09 14:15:00,27.0,27.02,26.94,27.0,201422
2011-03-09 14:30:00,26.99,27.0,26.81,26.84,231781
2011-03-09 14:45:00,26.86,26.8874,26.73,26.73,254285
2011-03-09 15:00:00,26.7,26.96,26.68,26.95,263385
2011-03-09 15:15:00,26.95,27.0,26.9,27.0,273485
2011-03-09 15:30:00,27.0,27.01,26.9899,26.994,337592
2011-03-09 15:45:00,27.0,27.0,26.89,26.99,361802
2011-03-09 16:00:00,26.98,27.06,26.86,27.0,469080
2011-03-10 09:45:00,26.47,26.94,26.27,26.36,11204
2011-03-10 10:00:00,26.31,26.37,26.23,26.23,15204
2011-03-10 10:15:00,26.18,26.18,26.1,26.15,24654
2011-03-10 10:30:00,26.15,26.22,26.06,26.14,41754
2011-03-10 10:45:00,26.16,26.16,26.1408,26.16,46654
2011-03-10 11:00:00,26.16,26.32,26.16,26.32,82464
2011-03-10 11:15:00,26.31,26.37,26.29,26.36,94620
2011-03-10 11:30:00,26.37,26.45,26.33,26.33,114285
2011-03-10 11:45:00,26.35,26.35,26.25,26.33,125910
2011-03-10 12:00:00,26.31,26.3106,26.25,26.28,134610
2011-03-10 12:15:00,26.25,26.3,26.25,26.25,144410
2011-03-10 12:30:00,26.25,26.41,26.23,26.35,169110
2011-03-10 12:45:00,26.33,26.34,26.24,26.28,182410
2011-03-10 13:00:00,26.25,26.27,26.25,26.25,193610
2011-03-10 13:15:00,26.26,26.38,26.25,26.27,208992
2011-03-10 13:30:00,26.28,26.28,26.25,26.25,224692
2011-03-10 13:45:00,26.26,26.29,25.95,25.97,282478
2011-03-10 14:00:00,25.97,26.07,25.96,25.99,498578
2011-03-10 14:15:00,25.99,26.02,25.97,26.0,541678
2011-03-10 14:30:00,26.0,26.01,25.87,26.008,568744
2011-03-10 14:45:00,25.9973,26.23,25.96,26.14,627832
2011-03-10 15:00:00,26.15,26.15,25.98,26.05,674175
2011-03-10 15:15:00,26.1,26.18,26.06,26.15,803782
2011-03-10 15:30:00,26.1564,26.18,26.13,26.15,869774
2011-03-10 15:45:00,26.13,26.15,25.91,26.0,965026
2011-03-10 16:00:00,26.02,26.06,25.98,26.05,1127866
2011-03-11 09:45:00,25.81,26.0,25.81,25.9999,19549
2011-03-11 10:00:00,25.948,26.22,25.948,26.19,25370
2011-03-11 10:15:00,26.1501,26.3,26.1501,26.3,27970
2011-03-11 10:30:00,26.3,26.44,26.29,26.44,33670
2011-03-11 10:45:00,26.45,26.48,26.35,26.36,44170
2011-03-11 11:00:00,26.36,26.36,26.29,26.29,47859
2011-03-11 11:15:00,26.33,26.33,26.18,26.25,131458
2011-03-11 11:30:00,26.25,26.27,26.09,26.09,151979
2011-03-11 11:45:00,26.1,26.11,25.99,26.0,175379
2011-03-11 12:00:00,26.02,26.02,25.98,26.0,198879
2011-03-11 12:15:00,26.01,26.02,25.99,26.0,211379
2011-03-11 12:30:00,26.0,26.01,25.99,26.01,224879
2011-03-11 12:45:00,26.01,26.05,25.97,26.02,260579
2011-03-11 13:00:00,26.01,26.03,25.99,26.0,318679
2011-03-11 13:15:00,26.0,26.11,25.97,26.0,390479
2011-03-11 13:30:00,26.0,26.01,26.0,26.01,407315
2011-03-11 13:45:00,26.0,26.08,26.0,26.08,418015
2011-03-11 14:00:00,26.08,26.08,26.04,26.06,428498
2011-03-11 14:15:00,26.06,26.08,26.05,26.08,435098
2011-03-11 14:30:00,26.075,26.08,26.06,26.06,450801
2011-03-11 14:45:00,26.06,26.06,26.0,26.03,461793
2011-03-11 15:00:00,26.05,26.05,25.97,26.0,515593
2011-03-11 15:15:00,26.0,26.05,26.0,26.0,539104
2011-03-11 15:30:00,26.0,26.01,26.0,26.01,549629
2011-03-11 15:45:00,26.02,26.02,25.97,26.0,646084
2011-03-11 16:00:00,26.0,26.02,25.95,25.98,699467
2011-03-14 09:45:00,25.79,25.99,25.79,25.98,1834
2011-03-14 10:00:00,25.85,26.06,25.77,25.94,53166
2011-03-14 10:15:00,25.94,26.09,25.94,25.985,133549
2011-03-14 10:30:00,25.985,26.11,25.98,26.1,147249
2011-03-14 10:45:00,26.11,26.175,25.98,26.03,171949
2011-03-14 11:00:00,26.12,26.13,25.99,26.09,189199
2011-03-14 11:15:00,26.0901,26.11,26.06,26.07,269969
2011-03-14 11:30:00,26.08,26.09,26.02,26.035,280810
2011-03-14 11:45:00,26.04,26.05,26.025,26.035,287721
2011-03-14 12:00:00,26.03,26.33,26.03,26.32,328315
2011-03-14 12:15:00,26.31,26.43,26.26,26.39,376415
2011-03-14 12:30:00,26.39,26.45,26.1,26.1,392683
2011-03-14 12:45:00,26.13,26.14,26.05,26.1,396883
2011-03-14 13:00:00,26.11,26.2648,26.07,26.25,409713
2011-03-14 13:15:00,26.26,26.38,26.25,26.33,419013
2011-03-14 13:30:00,26.29,26.31,26.25,26.29,423847
2011-03-14 13:45:00,26.27,26.29,26.25,26.26,428558
2011-03-14 14:00:00,26.26,26.29,26.25,26.27,433758
2011-03-14 14:15:00,26.2721,26.2721,26.25,26.25,445958
2011-03-14 14:30:00,26.25,26.26,26.25,26.25,456258
2011-03-14 14:45:00,26.25,26.34,26.25,26.25,469658
2011-03-14 15:00:00,26.25,26.27,26.25,26.25,711858
2011-03-14 15:15:00,26.25,26.26,26.25,26.25,726706
2011-03-14 15:30:00,26.25,26.26,26.25,26.26,731206
2011-03-14 15:45:00,26.25,26.75,26.25,26.75,761668
2011-03-14 16:00:00,26.75,26.76,26.28,26.46,783470
2011-03-15 09:45:00,25.9,26.58,25.9,26.15,18761
2011-03-15 10:00:00,26.2,26.39,26.14,26.38,35303
2011-03-15 10:15:00,26.4,26.4,26.01,26.01,55015
2011-03-15 10:30:00,26.01,26.06,25.94,25.94,69615
2011-03-15 10:45:00,25.97,26.18,25.97,26.18,80629
2011-03-15 11:00:00,26.19,26.33,26.065,26.09,101326
2011-03-15 11:15:00,26.05,26.21,26.04,26.19,113588
2011-03-15 11:30:00,26.2,26.2,26.055,26.11,134088
2011-03-15 11:45:00,26.13,26.17,26.12,26.16,196220
2011-03-15 12:00:00,26.16,26.2,26.1,26.15,211970
2011-03-15 12:15:00,26.15,26.15,26.045,26.045,256370
2011-03-15 12:30:00,26.045,26.085,25.81,25.8415,356935
2011-03-15 12:45:00,25.85,25.96,25.81,25.87,361735
2011-03-15 13:00:00,25.86,25.99,25.82,25.98,450549
2011-03-15 13:15:00,26.01,26.04,25.96,26.02,456269
2011-03-15 13:30:00,26.0,26.0,25.98,25.99,461369
2011-03-15 13:45:00,25.98,26.02,25.98,26.02,467169
2011-03-15 14:00:00,26.01,26.1,26.0,26.1,472669
2011-03-15 14:15:00,26.09,26.19,26.07,26.18,560969
2011-03-15 14:30:00,26.18,26.23,26.17,26.21,581869
2011-03-15 14:45:00,26.21,26.215,26.06,26.07,604288
2011-03-15 15:00:00,26.07,26.16,26.06,26.16,630389
2011-03-15 15:15:00,26.15,26.5,26.15,26.43,680549
2011-03-15 15:30:00,26.44,26.5,26.43,26.49,716487
2011-03-15 15:45:00,26.5,26.5,26.43,26.43,759326
2011-03-15 16:00:00,26.43,26.47,26.37,26.37,847849
2011-03-16 09:45:00,26.32,26.32,26.0,26.14,8100
2011-03-16 10:00:00,26.12,26.19,25.93,26.01,43478
2011-03-16 10:15:00,25.98,26.05,25.87,25.92,61035
2011-03-16 10:30:00,25.91,25.92,25.71,25.75,136318
2011-03-16 10:45:00,25.76,26.08,25.75,25.92,185318
2011-03-16 11:00:00,25.92,26.0,25.87,25.99,199618
2011-03-16 11:15:00,25.99,25.99,25.8,25.82,340318
2011-03-16 11:30:00,25.81,25.82,25.8,25.81,351818
2011-03-16 11:45:00,25.81,25.93,25.76,25.93,396605
2011-03-16 12:00:00,25.91,26.015,25.9,26.003,419920
2011-03-16 12:15:00,26.0,26.3,26.0,26.25,469520
2011-03-16 12:30:00,26.255,26.26,26.04,26.18,504007
2011-03-16 12:45:00,26.15,26.2,26.15,26.19,519713
2011-03-16 13:00:00,26.18,26.38,26.17,26.17,545939
2011-03-16 13:15:00,26.17,26.22,26.02,26.06,564339
2011-03-16 13:30:00,26.06,26.3,26.05,26.2899,580139
2011-03-16 13:45:00,26.29,26.29,26.25,26.27,600326
2011-03-16 14:00:00,26.28,26.28,26.22,26.245,650041
2011-03-16 14:15:00,26.23,26.24,26.09,26.1,681941
2011-03-16 14:30:00,26.09,26.14,26.07,26.09,701118
2011-03-16 14:45:00,26.09,26.14,26.06,26.12,740393
2011-03-16 15:00:00,26.11,26.12,26.04,26.05,772893
2011-03-16 15:15:00,26.06,26.06,25.97,26.005,1032867
2011-03-16 15:30:00,26.005,26.06,26.0,26.02,1135877
2011-03-16 15:45:00,26.03,26.03,25.99,26.0099,1175805
2011-03-16 16:00:00,26.0099,26.21,26.005,26.04,1254487
2011-03-17 09:45:00,26.43,26.49,26.3,26.4,4219
2011-03-17 10:00:00,26.47,26.47,26.3892,26.39,76919
2011-03-17 10:15:00,26.36,26.37,26.34,26.36,79919
2011-03-17 10:30:00,26.37,26.41,26.31,26.36,90564
2011-03-17 10:45:00,26.37,26.41,26.3,26.34,124965
2011-03-17 11:00:00,26.344,26.37,26.34,26.37,228290
2011-03-17 11:15:00,26.3645,26.375,26.3645,26.375,229140
2011-03-17 11:30:00,26.37,26.38,26.37,26.38,229840
2011-03-17 11:45:00,26.385,26.385,26.37,26.375,231140
2011-03-17 12:00:00,26.37,26.38,26.37,26.38,231440
2011-03-17 12:15:00,26.38,26.38,26.34,26.35,238140
2011-03-17 12:30:00,26.35,26.35,26.34,26.35,243440
2011-03-17 12:45:00,26.35,26.36,26.32,26.35,249140
2011-03-17 13:00:00,26.35,26.355,26.33,26.33,251840
2011-03-17 13:15:00,26.33,26.34,26.33,26.335,252740
2011-03-17 13:30:00,26.33,26.335,26.29,26.29,255040
2011-03-17 13:45:00,26.28,26.3,26.28,26.29,257640
2011-03-17 14:00:00,26.3,26.3,26.2072,26.23,261440
2011-03-17 14:15:00,26.24,26.24,26.17,26.2,263340
2011-03-17 14:30:00,26.17,26.235,26.15,26.23,272280
2011-03-17 14:45:00,26.23,26.23,26.15,26.16,273780
2011-03-17 15:00:00,26.15,26.16,26.12,26.14,277341
2011-03-17 15:15:00,26.1,26.2,26.1,26.2,283151
2011-03-17 15:30:00,26.2,26.2,26.13,26.15,287451
2011-03-17 15:45:00,26.15,26.165,26.14,26.1575,294058
2011-03-17 16:00:00,26.15,26.16,26.04,26.1,354303
2011-03-18 09:45:00,26.2,26.66,26.2,26.49,34654
2011-03-18 10:00:00,26.51,26.56,26.33,26.35,45861
2011-03-18 10:15:00,26.27,26.48,26.26,26.48,48661
2011-03-18 10:30:00,26.49,26.5,26.45,26.45,52061
2011-03-18 10:45:00,26.45,26.58,26.45,26.57,68457
2011-03-18 11:00:00,26.56,26.57,26.45,26.48,89957
2011-03-18 11:15:00,26.48,26.54,26.47,26.51,99399
2011-03-18 11:30:00,26.51,26.51,26.48,26.5,117992
2011-03-18 11:45:00,26.495,26.5,26.4,26.405,139992
2011-03-18 12:00:00,26.4,26.55,26.4,26.45,168592
2011-03-18 12:15:00,26.45,26.45,26.35,26.38,184094
2011-03-18 12:30:00,26.38,26.41,26.35,26.4,194092
2011-03-18 12:45:00,26.4,26.59,26.4,26.48,237362
2011-03-18 13:00:00,26.45,26.45,26.38,26.39,251162
2011-03-18 13:15:00,26.38,26.42,26.38,26.42,260862
2011-03-18 13:30:00,26.4445,26.46,26.44,26.46,265861
2011-03-18 13:45:00,26.45,26.48,26.45,26.48,271563
2011-03-18 14:00:00,26.47,26.53,26.47,26.49,277063
2011-03-18 14:15:00,26.5,26.5,26.49,26.5,282963
2011-03-18 14:30:00,26.5,26.5,26.49,26.49,289426
2011-03-18 14:45:00,26.5,26.5,26.49,26.49,296756
2011-03-18 15:00:00,26.5,26.51,26.43,26.43,325356
2011-03-18 15:15:00,26.44,26.5,26.44,26.46,335156
2011-03-18 15:30:00,26.47,26.5,26.393,26.47,350050
2011-03-18 15:45:00,26.48,26.5,26.44,26.46,372135
2011-03-18 16:00:00,26.45,26.58,26.45,26.49,506850
2011-03-21 09:45:00,26.65,26.97,26.65,26.96,9001
2011-03-21 10:00:00,26.83,26.96,26.83,26.95,14501
2011-03-21 10:15:00,26.95,27.0,26.88,26.99,25927
2011-03-21 10:30:00,26.99,26.99,26.85,26.93,49036
2011-03-21 10:45:00,26.92,26.96,26.9,26.93,73584
2011-03-21 11:00:00,26.93,26.93,26.44,26.56,106827
2011-03-21 11:15:00,26.55,26.59,26.54,26.55,116727
2011-03-21 11:30:00,26.55,26.68,26.52,26.68,126727
2011-03-21 11:45:00,26.68,26.79,26.68,26.79,131632
2011-03-21 12:00:00,26.79,26.86,26.75,26.86,140889
2011-03-21 12:15:00,26.86,26.985,26.86,26.985,149856
2011-03-21 12:30:00,26.98,27.0,26.85,26.9,162562
2011-03-21 12:45:00,26.92,26.93,26.89,26.89,173162
2011-03-21 13:00:00,26.89,26.96,26.87,26.93,202962
2011-03-21 13:15:00,26.93,26.94,26.93,26.93,216062
2011-03-21 13:30:00,26.94,26.94,26.91,26.92,225662
2011-03-21 13:45:00,26.93,26.99,26.92,26.98,233062
2011-03-21 14:00:00,26.98,26.99,26.94,26.94,247962
2011-03-21 14:15:00,26.94,27.0,26.94,26.98,256501
2011-03-21 14:30:00,26.98,26.99,26.98,26.98,265101
2011-03-21 14:45:00,26.99,27.0,26.98,26.99,268497
2011-03-21 15:00:00,27.0,27.06,27.0,27.0,289189
2011-03-21 15:15:00,27.0,27.03,27.0,27.02,294644
2011-03-21 15:30:00,27.03,27.06,27.02,27.04,301044
2011-03-21 15:45:00,27.05,27.06,26.98,27.0,323278
2011-03-21 16:00:00,27.01,27.01,26.91,26.96,375308
2011-03-22 09:45:00,26.91,27.19,26.82,27.11,7200
2011-03-22 10:00:00,27.17,27.19,27.08,27.12,12868
2011-03-22 10:15:00,27.05,27.14,27.02,27.06,17368
2011-03-22 10:30:00,27.04,27.04,26.97,26.99,21768
2011-03-22 10:45:00,27.0,27.01,26.96,26.97,31703
2011-03-22 11:00:00,26.97,26.99,26.96,26.97,39003
2011-03-22 11:15:00,26.97,27.02,26.97,27.01,47681
2011-03-22 11:30:00,27.02,27.11,27.01,27.1,57456
2011-03-22 11:45:00,27.1,27.11,27.0,27.044,67356
2011-03-22 12:00:00,27.05,27.075,27.05,27.075,71056
2011-03-22 12:15:00,27.075,27.4,27.075,27.35,125476
2011-03-22 12:30:00,27.35,27.38,27.13,27.36,175812
2011-03-22 12:45:00,27.35,27.35,27.22,27.24,201612
2011-03-22 13:00:00,27.24,27.34,27.2,27.28,292026
2011-03-22 13:15:00,27.28,27.28,27.22,27.24,304226
2011-03-22 13:30:00,27.24,27.47,27.18,27.2,374035
2011-03-22 13:45:00,27.2,27.24,27.13,27.16,427590
2011-03-22 14:00:00,27.17,27.2,27.17,27.195,475089
2011-03-22 14:15:00,27.2,27.2,27.12,27.16,507489
2011-03-22 14:30:00,27.16,27.17,27.0,27.14,551163
2011-03-22 14:45:00,27.14,27.26,27.14,27.2,573861
2011-03-22 15:00:00,27.21,27.25,27.17,27.25,591379
2011-03-22 15:15:00,27.25,27.35,27.25,27.29,613708
2011-03-22 15:30:00,27.3,27.3,27.19,27.23,635658
2011-03-22 15:45:00,27.23,27.24,27.06,27.13,670116
2011-03-22 16:00:00,27.14,27.17,27.04,27.08,717248
2011-03-23 09:45:00,27.01,27.1897,26.99,27.01,6818
2011-03-23 10:00:00,27.0,27.01,26.87,26.87,8423
2011-03-23 10:15:00,26.85,26.86,26.71,26.73,12761
2011-03-23 10:30:00,26.73,26.91,26.73,26.89,22355
2011-03-23 10:45:00,26.9,26.98,26.895,26.92,27955
2011-03-23 11:00:00,26.94,26.99,26.94,26.99,29955
2011-03-23 11:15:00,27.01,27.06,27.01,27.06,34031
2011-03-23 11:30:00,27.08,27.19,27.03,27.19,37331
2011-03-23 11:45:00,27.17,27.24,27.09,27.24,43560
2011-03-23 12:00:00,27.25,27.26,27.24,27.24,46360
2011-03-23 12:15:00,27.24,27.37,27.24,27.35,48560
2011-03-23 12:30:00,27.3665,27.38,27.3,27.345,56060
2011-03-23 12:45:00,27.34,27.355,27.325,27.35,63385
2011-03-23 13:00:00,27.34,27.34,27.24,27.24,84385
2011-03-23 13:15:00,27.22,27.26,27.21,27.26,90901
2011-03-23 13:30:00,27.26,27.36,27.26,27.36,98702
2011-03-23 13:45:00,27.36,27.37,27.36,27.37,105602
2011-03-23 14:00:00,27.36,27.37,27.36,27.37,109402
2011-03-23 14:15:00,27.3601,27.37,27.245,27.27,236030
2011-03-23 14:30:00,27.27,27.31,27.25,27.28,244820
2011-03-23 14:45:00,27.275,27.275,27.05,27.15,260220
2011-03-23 15:00:00,27.155,27.16,27.02,27.08,279434
2011-03-23 15:15:00,27.08,27.15,26.97,27.015,322740
2011-03-23 15:30:00,27.02,27.04,26.94,26.9915,403890
2011-03-23 15:45:00,27.0,27.02,26.82,26.8999,600523
2011-03-23 16:00:00,26.89,26.89,26.63,26.75,810476
2011-03-24 09:45:00,26.85,27.0,26.73,26.76,4697
2011-03-24 10:00:00,26.8888,26.8888,26.8888,26.8888,4797
2011-03-24 10:15:00,26.7509,26.81,26.72,26.72,7382
2011-03-24 10:30:00,26.63,26.71,26.62,26.63,9082
2011-03-24 10:45:00,26.54,26.58,26.45,26.47,10546
2011-03-24 11:00:00,26.47,26.66,26.43,26.66,15491
2011-03-24 11:15:00,26.67,26.72,26.6,26.68,74491
2011-03-24 11:30:00,26.695,26.74,26.68,26.7,96011
2011-03-24 11:45:00,26.7275,26.75,26.7,26.71,102811
2011-03-24 12:00:00,26.71,26.96,26.7,26.96,117772
2011-03-24 12:15:00,26.96,27.06,26.96,27.06,123772
2011-03-24 12:30:00,27.0688,27.0688,26.98,27.025,127812
2011-03-24 12:45:00,27.0,27.015,26.99,27.015,131112
2011-03-24 13:00:00,27.0,27.04,27.0,27.015,132411
2011-03-24 13:15:00,27.01,27.02,26.99,27.0,159735
2011-03-24 13:30:00,27.01,27.01,26.994,27.0,168670
2011-03-24 13:45:00,27.0,27.01,26.99,27.0,169370
2011-03-24 14:00:00,27.0,27.0,26.99,26.99,170070
2011-03-24 14:15:00,26.995,26.995,26.99,26.995,170970
2011-03-24 14:30:00,26.995,27.06,26.99,27.06,174378
2011-03-24 14:45:00,27.07,27.07,27.0,27.0,176648
2011-03-24 15:00:00,27.0,27.0426,27.0,27.04,181633
2011-03-24 15:15:00,27.04,27.14,27.04,27.06,185754
2011-03-24 15:30:00,27.09,27.11,27.05,27.09,190629
2011-03-24 15:45:00,27.08,27.1,27.06,27.06,199145
2011-03-24 16:00:00,27.05,27.1171,27.03,27.11,224555
2011-03-25 09:45:00,27.21,27.285,27.21,27.26,7800
2011-03-25 10:00:00,27.25,27.34,27.2499,27.32,18634
2011-03-25 10:15:00,27.32,27.35,27.27,27.33,30437
2011-03-25 10:30:00,27.35,27.39,27.33,27.39,42940
2011-03-25 10:45:00,27.39,27.5,27.38,27.485,61949
2011-03-25 11:00:00,27.4936,27.69,27.49,27.66,94879
2011-03-25 11:15:00,27.68,27.69,27.53,27.55,124676
2011-03-25 11:30:00,27.55,27.67,27.52,27.57,149503
2011-03-25 11:45:00,27.56,27.64,27.56,27.57,157965
2011-03-25 12:00:00,27.57,27.67,27.52,27.59,180548
2011-03-25 12:15:00,27.61,27.63,27.58,27.61,255241
2011-03-25 12:30:00,27.6,27.7,27.59,27.6675,276275
2011-03-25 12:45:00,27.66,27.67,27.62,27.635,283681
2011-03-25 13:00:00,27.63,27.7,27.62,27.7,294075
2011-03-25 13:15:00,27.76,28.15,27.76,27.99,310814
2011-03-25 13:30:00,28.0,28.1,27.9945,28.09,319204
2011-03-25 13:45:00,28.08,28.1,28.05,28.07,325653
2011-03-25 14:00:00,28.05,28.05,27.81,27.83,358759
2011-03-25 14:15:00,27.83,27.89,27.79,27.83,365177
2011-03-25 14:30:00,27.85,27.85,27.8,27.84,386546
2011-03-25 14:45:00,27.85,27.86,27.78,27.8,406859
2011-03-25 15:00:00,27.82,27.82,27.75,27.75,412711
2011-03-25 15:15:00,27.75,27.79,27.75,27.77,415811
2011-03-25 15:30:00,27.79,27.8,27.68,27.7,426902
2011-03-25 15:45:00,27.7,27.7,27.6,27.6,445778
2011-03-25 16:00:00,27.6,27.63,27.54,27.58,471707
2011-03-28 09:45:00,27.58,27.65,27.4531,27.65,2782
2011-03-28 10:00:00,27.65,27.83,27.58,27.83,5688
2011-03-28 10:15:00,27.785,28.02,27.785,27.87,34245
2011-03-28 10:30:00,27.89,27.96,27.8,27.8045,82585
2011-03-28 10:45:00,27.82,27.92,27.8,27.92,90069
2011-03-28 11:00:00,27.91,27.94,27.86,27.87,97782
2011-03-28 11:15:00,27.87,27.95,27.86,27.86,107839
2011-03-28 11:30:00,27.86,27.87,27.7,27.71,118095
2011-03-28 11:45:00,27.71,27.74,27.47,27.5,130026
2011-03-28 12:00:00,27.5,27.63,27.34,27.52,144607
2011-03-28 12:15:00,27.51,27.64,27.49,27.52,150754
2011-03-28 12:30:00,27.55,27.64,27.52,27.64,154354
2011-03-28 12:45:00,27.6762,27.88,27.6762,27.74,160860
2011-03-28 13:00:00,27.74,27.8,27.74,27.79,164551
2011-03-28 13:15:00,27.795,27.86,27.79,27.86,170107
2011-03-28 13:30:00,27.85,27.88,27.78,27.83,180408
2011-03-28 13:45:00,27.84,27.9,27.82,27.88,193161
2011-03-28 14:00:00,27.88,27.905,27.86,27.9,205867
2011-03-28 14:15:00,27.9,27.91,27.88,27.89,213626
2011-03-28 14:30:00,27.89,27.92,27.84,27.88,273988
2011-03-28 14:45:00,27.88,27.9,27.7103,27.88,339408
2011-03-28 15:00:00,27.83,27.88,27.83,27.84,345308
2011-03-28 15:15:00,27.8535,27.9,27.8,27.82,364533
2011-03-28 15:30:00,27.81,27.85,27.8,27.85,386492
2011-03-28 15:45:00,27.85,27.86,27.7,27.7,418430
2011-03-28 16:00:00,27.72,27.755,27.46,27.49,563348
2011-03-29 09:45:00,27.52,27.52,27.31,27.5,2351
2011-03-29 10:00:00,27.49,27.49,27.33,27.45,4851
2011-03-29 10:15:00,27.46,27.63,27.44,27.615,14432
2011-03-29 10:30:00,27.63,27.645,27.49,27.6,19234
2011-03-29 10:45:00,27.59,27.73,27.55,27.6,29336
2011-03-29 11:00:00,27.62,27.68,27.55,27.66,38816
2011-03-29 11:15:00,27.74,27.78,27.55,27.75,56971
2011-03-29 11:30:00,27.74,27.75,27.63,27.718,69125
2011-03-29 11:45:00,27.72,27.75,27.59,27.59,80497
2011-03-29 12:00:00,27.56,27.65,27.46,27.635,98308
2011-03-29 12:15:00,27.63,27.63,27.56,27.61,104708
2011-03-29 12:30:00,27.61,27.62,27.52,27.61,109059
2011-03-29 12:45:00,27.61,27.62,27.54,27.55,113412
2011-03-29 13:00:00,27.57,27.61,27.49,27.58,121769
2011-03-29 13:15:00,27.61,27.62,27.54,27.54,133220
2011-03-29 13:30:00,27.59,27.65,27.55,27.55,164524
2011-03-29 13:45:00,27.58,27.7,27.56,27.64,204543
2011-03-29 14:00:00,27.64,27.65,27.6,27.65,227043
2011-03-29 14:15:00,27.65,27.74,27.645,27.74,248165
2011-03-29 14:30:00,27.72,27.72,27.66,27.7,253342
2011-03-29 14:45:00,27.69,27.7,27.67,27.68,271646
2011-03-29 15:00:00,27.68,27.9,27.68,27.74,296294
2011-03-29 15:15:00,27.74,27.84,27.74,27.81,312329
2011-03-29 15:30:00,27.83,27.85,27.81,27.84,317112
2011-03-29 15:45:00,27.83,27.9398,27.8,27.88,349210
2011-03-29 16:00:00,27.88,27.92,27.8,27.9,401897
2011-03-30 09:45:00,28.01,28.15,27.82,27.89,30558
2011-03-30 10:00:00,27.89,27.97,27.82,27.83,62259
2011-03-30 10:15:00,27.83,27.87,27.82,27.855,93055
2011-03-30 10:30:00,27.8525,27.88,27.62,27.62,118767
2011-03-30 10:45:00,27.68,27.88,27.68,27.84,141220
2011-03-30 11:00:00,27.86,27.8725,27.805,27.85,197973
2011-03-30 11:15:00,27.85,27.86,27.77,27.775,232647
2011-03-30 11:30:00,27.79,27.8,27.7,27.7125,300080
2011-03-30 11:45:00,27.71,27.71,27.644,27.69,342431
2011-03-30 12:00:00,27.7099,27.82,27.7,27.79,367731
2011-03-30 12:15:00,27.8,27.805,27.74,27.75,390439
2011-03-30 12:30:00,27.74,27.805,27.74,27.8,409600
2011-03-30 12:45:00,27.8,28.01,27.8,27.96,428351
2011-03-30 13:00:00,27.95,28.0,27.86,27.99,447351
2011-03-30 13:15:00,28.0,28.0,27.87,27.87,475495
2011-03-30 13:30:00,27.87,27.98,27.86,27.97,490183
2011-03-30 13:45:00,27.95,27.97,27.87,27.88,509536
2011-03-30 14:00:00,27.89,27.9,27.83,27.84,528365
2011-03-30 14:15:00,27.84,27.93,27.64,27.81,600288
2011-03-30 14:30:00,27.805,27.82,27.75,27.8,627050
2011-03-30 14:45:00,27.8,27.91,27.79,27.91,659912
2011-03-30 15:00:00,27.95,28.08,27.87,28.0,686661
2011-03-30 15:15:00,28.0,28.04,27.9,27.9,714938
2011-03-30 15:30:00,27.87,27.9,27.78,27.78,746145
2011-03-30 15:45:00,27.78,27.87,27.75,27.8,779492
2011-03-30 16:00:00,27.81,27.86,27.79,27.79,839586
2011-03-31 09:45:00,27.84,27.95,27.7095,27.79,3139
2011-03-31 10:00:00,27.8,27.88,27.65,27.74,26573
2011-03-31 10:15:00,27.69,27.77,27.53,27.58,52173
2011-03-31 10:30:00,27.58,27.58,27.29,27.51,664648
2011-03-31 10:45:00,27.52,27.81,27.42,27.6,1006142
2011-03-31 11:00:00,27.64,27.6675,27.51,27.55,1027827
2011-03-31 11:15:00,27.55,27.6,27.53,27.59,1057394
2011-03-31 11:30:00,27.5999,27.6,27.51,27.54,1080808
2011-03-31 11:45:00,27.53,27.69,27.52,27.6,1124064
2011-03-31 12:00:00,27.6,27.635,27.5,27.58,1184617
2011-03-31 12:15:00,27.58,27.62,27.5,27.51,1210408
2011-03-31 12:30:00,27.5,27.73,27.5,27.5,1253480
2011-03-31 12:45:00,27.5,27.62,27.5,27.62,1276628
2011-03-31 13:00:00,27.61,27.63,27.53,27.56,1308816
2011-03-31 13:15:00,27.56,27.6,27.51,27.52,1331679
2011-03-31 13:30:00,27.53,27.62,27.52,27.57,1368223
2011-03-31 13:45:00,27.57,27.63,27.53,27.53,1394879
2011-03-31 14:00:00,27.53,27.72,27.5,27.51,1442945
2011-03-31 14:15:00,27.51,27.56,27.5,27.54,1477547
2011-03-31 14:30:00,27.55,27.55,27.33,27.4,1568256
2011-03-31 14:45:00,27.4,27.45,27.38,27.39,1642114
2011-03-31 15:00:00,27.39,27.395,27.15,27.37,1718974
2011-03-31 15:15:00,27.36,27.44,27.31,27.44,1822289
2011-03-31 15:30:00,27.45,27.57,27.44,27.51,2024642
2011-03-31 15:45:00,27.51,27.51,27.37,27.39,2137428
2011-03-31 16:00:00,27.38,27.38,27.17,27.19,2481637
2011-04-01 09:45:00,27.4,27.66,27.27,27.38,69373
2011-04-01 10:00:00,27.43,27.46,27.33,27.34,74173
2011-04-01 10:15:00,27.34,27.34,27.23,27.25,77873
2011-04-01 10:30:00,27.19,27.29,27.17,27.17,80673
2011-04-01 10:45:00,27.17,27.25,27.15,27.23,109464
2011-04-01 11:00:00,27.24,27.31,27.22,27.3,113863
2011-04-01 11:15:00,27.31,27.38,27.23,27.25,119041
2011-04-01 11:30:00,27.27,27.36,27.25,27.34,121958
2011-04-01 11:45:00,27.34,27.36,27.31,27.35,125458
2011-04-01 12:00:00,27.36,27.48,27.356,27.47,130558
2011-04-01 12:15:00,27.47,27.47,27.34,27.34,138918
2011-04-01 12:30:00,27.35,27.35,27.22,27.25,144118
2011-04-01 12:45:00,27.25,27.25,27.22,27.24,147118
2011-04-01 13:00:00,27.25,27.265,27.21,27.26,166498
2011-04-01 13:15:00,27.23,27.23,27.02,27.14,172977
2011-04-01 13:30:00,27.15,27.19,27.1,27.11,176077
2011-04-01 13:45:00,27.11,27.12,27.01,27.12,182330
2011-04-01 14:00:00,27.11,27.3,27.11,27.255,190730
2011-04-01 14:15:00,27.25,27.33,27.25,27.33,262128
2011-04-01 14:30:00,27.33,27.4,27.33,27.39,270828
2011-04-01 14:45:00,27.39,27.43,27.34,27.4,279307
2011-04-01 15:00:00,27.39,27.39,27.3,27.38,397007
2011-04-01 15:15:00,27.38,27.41,27.31,27.39,409197
2011-04-01 15:30:00,27.37,27.41,27.37,27.4,418616
2011-04-01 15:45:00,27.4,27.41,27.37,27.4,433717
2011-04-01 16:00:00,27.4,27.41,27.19,27.2,534480
2011-04-04 09:45:00,27.28,27.6,27.28,27.58,2545
2011-04-04 10:00:00,27.48,27.48,27.3,27.46,37019
2011-04-04 10:15:00,27.45,27.63,27.45,27.52,73318
2011-04-04 10:30:00,27.5,27.54,27.39,27.39,141370
2011-04-04 10:45:00,27.41,27.41,27.34,27.36,148570
2011-04-04 11:00:00,27.37,27.44,27.35,27.44,154370
2011-04-04 11:15:00,27.44,27.65,27.44,27.65,162870
2011-04-04 11:30:00,27.65,27.71,27.55,27.63,221870
2011-04-04 11:45:00,27.63,27.63,27.57,27.62,225370
2011-04-04 12:00:00,27.6,27.61,27.56,27.56,234270
2011-04-04 12:15:00,27.56,27.6,27.53,27.6,238670
2011-04-04 12:30:00,27.61,27.61,27.58,27.59,243770
2011-04-04 12:45:00,27.6,27.61,27.55,27.59,250595
2011-04-04 13:00:00,27.58,27.8,27.58,27.79,308054
2011-04-04 13:15:00,27.79,27.96,27.76,27.96,318466
2011-04-04 13:30:00,27.96,28.0,27.86,27.89,327209
2011-04-04 13:45:00,27.916,27.93,27.64,27.64,345019
2011-04-04 14:00:00,27.65,27.77,27.59,27.76,352337
2011-04-04 14:15:00,27.8,27.91,27.7825,27.9,360097
2011-04-04 14:30:00,27.91,27.97,27.85,27.85,368197
2011-04-04 14:45:00,27.84,27.84,27.721,27.78,379292
2011-04-04 15:00:00,27.8,27.8,27.7,27.74,386792
2011-04-04 15:15:00,27.73,27.75,27.66,27.66,394682
2011-04-04 15:30:00,27.68,27.75,27.68,27.73,404869
2011-04-04 15:45:00,27.73,27.78,27.635,27.77,433220
2011-04-04 16:00:00,27.79,27.88,27.46,27.72,501877
2011-04-05 09:45:00,27.64,27.64,27.47,27.5824,2684
2011-04-05 10:00:00,27.47,27.61,27.47,27.58,6284
2011-04-05 10:15:00,27.55,27.63,27.52,27.605,13834
2011-04-05 10:30:00,27.605,27.61,27.42,27.53,19932
2011-04-05 10:45:00,27.53,27.53,27.45,27.49,23232
2011-04-05 11:00:00,27.5,27.51,27.45,27.49,28532
2011-04-05 11:15:00,27.49,27.5,27.24,27.28,40097
2011-04-05 11:30:00,27.28,27.47,27.28,27.31,44891
2011-04-05 11:45:00,27.36,27.42,27.22,27.23,49691
2011-04-05 12:00:00,27.27,27.3,27.23,27.268,54689
2011-04-05 12:15:00,27.28,27.28,27.25,27.25,58189
2011-04-05 12:30:00,27.25,27.3,27.17,27.3,67189
2011-04-05 12:45:00,27.3,27.3,27.26,27.26,72565
2011-04-05 13:00:00,27.23,27.3,27.23,27.3,75465
2011-04-05 13:15:00,27.29,27.49,27.29,27.4,84455
2011-04-05 13:30:00,27.44,27.46,27.36,27.36,91773
2011-04-05 13:45:00,27.38,27.38,27.33,27.37,96176
2011-04-05 14:00:00,27.38,27.42,27.36,27.36,140076
2011-04-05 14:15:00,27.33,27.37,27.3,27.37,143970
2011-04-05 14:30:00,27.35,27.36,27.26,27.3,162672
2011-04-05 14:45:00,27.32,27.34,27.28,27.3,176485
2011-04-05 15:00:00,27.31,27.31,27.26,27.26,179085
2011-04-05 15:15:00,27.29,27.3,27.22,27.26,187722
2011-04-05 15:30:00,27.27,27.42,27.27,27.41,238640
2011-04-05 15:45:00,27.4,27.41,27.33,27.4,252662
2011-04-05 16:00:00,27.4,27.41,27.34,27.36,263863
2011-04-06 09:45:00,27.49,27.5,27.46,27.48,2661
2011-04-06 10:00:00,27.5,27.5,27.44,27.44,16354
2011-04-06 10:15:00,27.445,27.53,27.44,27.46,41446
2011-04-06 10:30:00,27.46,27.5,27.4504,27.48,244446
2011-04-06 10:45:00,27.48,27.51,27.32,27.41,270825
2011-04-06 11:00:00,27.39,27.41,27.38,27.405,298625
2011-04-06 11:15:00,27.405,27.405,27.3,27.3,325725
2011-04-06 11:30:00,27.26,27.26,27.06,27.095,334005
2011-04-06 11:45:00,27.11,27.22,27.1,27.14,349805
2011-04-06 12:00:00,27.1354,27.15,27.12,27.15,374471
2011-04-06 12:15:00,27.14,27.2,27.13,27.195,378950
2011-04-06 12:30:00,27.195,27.33,27.1901,27.29,460536
2011-04-06 12:45:00,27.28,27.3,27.27,27.27,464936
2011-04-06 13:00:00,27.27,27.28,27.21,27.21,469100
2011-04-06 13:15:00,27.24,27.3,27.24,27.28,472100
2011-04-06 13:30:00,27.28,27.33,27.28,27.31,475900
2011-04-06 13:45:00,27.31,27.32,27.28,27.3054,479586
2011-04-06 14:00:00,27.3045,27.33,27.3,27.31,483222
2011-04-06 14:15:00,27.3,27.32,27.3,27.3,486922
2011-04-06 14:30:00,27.3,27.32,27.3,27.3,491022
2011-04-06 14:45:00,27.3,27.31,27.3,27.3,493822
2011-04-06 15:00:00,27.31,27.38,27.3,27.32,503022
2011-04-06 15:15:00,27.32,27.45,27.3,27.39,515522
2011-04-06 15:30:00,27.4,27.5,27.39,27.49,532463
2011-04-06 15:45:00,27.49,27.51,27.43,27.49,587011
2011-04-06 16:00:00,27.49,27.5,27.47,27.48,637277
2011-04-07 09:45:00,27.39,27.57,27.29,27.31,3207
2011-04-07 10:00:00,27.31,27.46,27.31,27.45,4407
2011-04-07 10:15:00,27.4188,27.5,27.4188,27.5,5807
2011-04-07 10:30:00,27.47,27.49,27.45,27.49,7847
2011-04-07 10:45:00,27.49,27.49,27.2245,27.2245,13833
2011-04-07 11:00:00,27.24,27.39,27.24,27.38,19954
2011-04-07 11:15:00,27.38,27.44,27.38,27.44,21254
2011-04-07 11:30:00,27.48,27.48,27.3608,27.41,26054
2011-04-07 11:45:00,27.4,27.42,27.15,27.16,53154
2011-04-07 12:00:00,27.13,27.16,27.0,27.04,61589
2011-04-07 12:15:00,27.03,27.08,26.94,27.04,70139
2011-04-07 12:30:00,27.04,27.17,27.03,27.11,81839
2011-04-07 12:45:00,27.11,27.2,27.07,27.1772,86689
2011-04-07 13:00:00,27.17,27.19,27.01,27.09,93289
2011-04-07 13:15:00,27.06,27.16,27.02,27.15,103089
2011-04-07 13:30:00,27.15,27.2,27.11,27.18,109078
2011-04-07 13:45:00,27.18,27.245,27.18,27.24,119063
2011-04-07 14:00:00,27.24,27.29,27.24,27.265,124715
2011-04-07 14:15:00,27.265,27.28,27.21,27.24,126715
2011-04-07 14:30:00,27.2,27.2,27.09,27.1,158114
2011-04-07 14:45:00,27.104,27.11,27.088,27.11,160448
2011-04-07 15:00:00,27.11,27.16,27.11,27.16,163048
2011-04-07 15:15:00,27.16,27.27,27.16,27.27,166548
2011-04-07 15:30:00,27.27,27.31,27.27,27.31,167748
2011-04-07 15:45:00,27.32,27.41,27.32,27.41,171348
2011-04-07 16:00:00,27.42,27.61,27.42,27.48,225148
2011-04-08 09:45:00,27.77,27.77,27.59,27.6,12855
2011-04-08 10:00:00,27.6,27.6,27.455,27.475,18155
2011-04-08 10:15:00,27.52,27.52,27.06,27.105,38434
2011-04-08 10:30:00,27.1,27.15,27.02,27.09,46639
2011-04-08 10:45:00,27.08,27.08,27.0,27.01,54388
2011-04-08 11:00:00,27.0,27.02,27.0,27.015,75028
2011-04-08 11:15:00,27.0285,27.03,26.91,26.95,96628
2011-04-08 11:30:00,26.97,27.06,26.95,26.995,109324
2011-04-08 11:45:00,26.98,27.03,26.95,27.01,130371
2011-04-08 12:00:00,27.0,27.03,27.0,27.02,144693
2011-04-08 12:15:00,27.02,27.04,26.998,27.02,156610
2011-04-08 12:30:00,27.0,27.07,27.0,27.05,170310
2011-04-08 12:45:00,27.07,27.07,27.01,27.02,179110
2011-04-08 13:00:00,27.025,27.06,27.02,27.04,193810
2011-04-08 13:15:00,27.04,27.06,27.031,27.06,203634
2011-04-08 13:30:00,27.07,27.07,27.031,27.05,215334
2011-04-08 13:45:00,27.045,27.06,27.03,27.04,227951
2011-04-08 14:00:00,27.06,27.06,27.02,27.03,235401
2011-04-08 14:15:00,27.02,27.04,27.01,27.02,252600
2011-04-08 14:30:00,27.015,27.04,27.01,27.02,266617
2011-04-08 14:45:00,27.01,27.01,27.0,27.0,280017
2011-04-08 15:00:00,27.0,27.01,26.94,26.94,295942
2011-04-08 15:15:00,26.95,26.97,26.93,26.97,365242
2011-04-08 15:30:00,26.96,27.02,26.96,27.02,368544
2011-04-08 15:45:00,27.02,27.04,26.99,27.0,379043
2011-04-08 16:00:00,27.01,27.08,26.9745,27.0,431258
2011-04-11 09:45:00,27.0,27.0,26.88,26.9106,7991
2011-04-11 10:00:00,26.92,27.02,26.92,27.018,21581
2011-04-11 10:15:00,27.0108,27.22,27.0108,27.22,26702
2011-04-11 10:30:00,27.25,27.36,27.12,27.36,32002
2011-04-11 10:45:00,27.35,27.4,27.2704,27.4,35502
2011-04-11 11:00:00,27.37,27.5,27.34,27.5,42872
2011-04-11 11:15:00,27.49,27.5,27.3906,27.45,45272
2011-04-11 11:30:00,27.4411,27.45,27.4203,27.4203,45836
2011-04-11 11:45:00,27.4,27.44,27.3801,27.4302,47336
2011-04-11 12:00:00,27.45,27.45,27.42,27.42,49936
2011-04-11 12:15:00,27.3883,27.43,27.3883,27.415,51810
2011-04-11 12:30:00,27.4,27.4,27.38,27.4,52436
2011-04-11 12:45:00,27.3903,27.55,27.3903,27.55,63356
2011-04-11 13:00:00,27.5,27.63,27.5,27.59,177915
2011-04-11 13:15:00,27.565,27.66,27.565,27.5901,189815
2011-04-11 13:30:00,27.6,27.68,27.6,27.68,193615
2011-04-11 13:45:00,27.67,27.77,27.66,27.77,198115
2011-04-11 14:00:00,27.77,27.79,27.72,27.78,213415
2011-04-11 14:15:00,27.79,27.96,27.79,27.9583,226805
2011-04-11 14:30:00,27.96,27.97,27.83,27.84,238317
2011-04-11 14:45:00,27.84,27.96,27.8316,27.935,250542
2011-04-11 15:00:00,27.93,27.93,27.83,27.85,262461
2011-04-11 15:15:00,27.84,27.84,27.76,27.77,344839
2011-04-11 15:30:00,27.78,27.78,27.59,27.65,369423
2011-04-11 15:45:00,27.64,27.67,27.63,27.65,403276
2011-04-11 16:00:00,27.65,27.7,27.61,27.61,481260
2011-04-12 09:45:00,27.48,27.62,27.32,27.416,2240
2011-04-12 10:00:00,27.385,27.46,27.385,27.39,4500
2011-04-12 10:15:00,27.395,27.49,27.37,27.49,9400
2011-04-12 10:30:00,27.49,27.75,27.49,27.72,16532
2011-04-12 10:45:00,27.7,27.7,27.43,27.45,39570
2011-04-12 11:00:00,27.5,27.53,27.45,27.5,44870
2011-04-12 11:15:00,27.49,27.5,27.34,27.45,313170
2011-04-12 11:30:00,27.45,27.45,27.4,27.45,319470
2011-04-12 11:45:00,27.47,27.6,27.46,27.58,327335
2011-04-12 12:00:00,27.6,27.6,27.48,27.49,339235
2011-04-12 12:15:00,27.49,27.5,27.44,27.47,575594
2011-04-12 12:30:00,27.45,27.6,27.45,27.57,623443
2011-04-12 12:45:00,27.57,27.59,27.54,27.57,638664
2011-04-12 13:00:00,27.57,27.73,27.53,27.6,734709
2011-04-12 13:15:00,27.6,27.97,27.59,27.765,849899
2011-04-12 13:30:00,27.77,27.85,27.75,27.78,872262
2011-04-12 13:45:00,27.78,27.89,27.77,27.87,894785
2011-04-12 14:00:00,27.87,27.87,27.76,27.81,1008729
2011-04-12 14:15:00,27.81,27.83,27.8,27.82,1015579
2011-04-12 14:30:00,27.82,28.02,27.82,27.98,1064387
2011-04-12 14:45:00,27.98,28.26,27.94,28.22,1094074
2011-04-12 15:00:00,28.21,28.22,27.99,28.04,1143348
2011-04-12 15:15:00,28.04,28.1,28.035,28.1,1156035
2011-04-12 15:30:00,28.1,28.11,27.9,27.91,1187116
2011-04-12 15:45:00,27.91,28.1,27.91,28.1,1206829
2011-04-12 16:00:00,28.09,28.19,28.05,28.1,1258431
2011-04-13 09:45:00,28.18,28.42,28.0,28.28,20344
2011-04-13 10:00:00,28.27,28.27,27.93,28.01,38746
2011-04-13 10:15:00,28.02,28.04,27.99,28.03,47005
2011-04-13 10:30:00,28.02,28.02,28.0,28.005,50261
2011-04-13 10:45:00,28.01,28.1,28.0,28.03,58287
2011-04-13 11:00:00,28.03,28.1299,28.02,28.1,65187
2011-04-13 11:15:00,28.11,28.11,28.03,28.03,68380
2011-04-13 11:30:00,28.04,28.15,28.03,28.12,73624
2011-04-13 11:45:00,28.12,28.15,28.08,28.15,80510
2011-04-13 12:00:00,28.13,28.13,28.09,28.09,85664
2011-04-13 12:15:00,28.1,28.11,28.09,28.09,92421
2011-04-13 12:30:00,28.09,28.095,28.08,28.085,100830
2011-04-13 12:45:00,28.08,28.08,27.99,28.0,118130
2011-04-13 13:00:00,28.0082,28.04,27.98,28.01,139983
2011-04-13 13:15:00,28.0,28.04,27.99,27.995,148773
2011-04-13 13:30:00,27.97,28.03,27.96,28.0,174702
2011-04-13 13:45:00,28.002,28.01,28.0,28.005,180397
2011-04-13 14:00:00,28.005,28.01,27.99,28.0,187997
2011-04-13 14:15:00,28.0,28.02,27.96,28.01,388294
2011-04-13 14:30:00,28.01,28.04,28.01,28.04,391947
2011-04-13 14:45:00,28.05,28.05,28.0,28.03,395947
2011-04-13 15:00:00,28.02,28.03,28.0,28.005,402874
2011-04-13 15:15:00,28.01,28.01,27.995,28.0,411460
2011-04-13 15:30:00,28.0,28.005,27.981,28.0,427606
2011-04-13 15:45:00,28.01,28.13,27.99,27.99,554622
2011-04-13 16:00:00,28.0,28.11,27.99,28.06,577980
2011-04-14 09:45:00,27.97,28.05,27.93,27.93,5194
2011-04-14 10:00:00,27.91,27.91,27.52,27.62,16003
2011-04-14 10:15:00,27.58,27.79,27.58,27.67,24607
2011-04-14 10:30:00,27.6918,27.8,27.65,27.69,28113
2011-04-14 10:45:00,27.69,27.71,27.65,27.65,29813
2011-04-14 11:00:00,27.65,27.74,27.65,27.73,31571
2011-04-14 11:15:00,27.72,27.86,27.61,27.64,64579
2011-04-14 11:30:00,27.65,27.66,27.65,27.65,65279
2011-04-14 11:45:00,27.65,27.65,27.62,27.62,65679
2011-04-14 12:00:00,27.6,27.635,27.53,27.635,70079
2011-04-14 12:15:00,27.64,27.7,27.63,27.68,74954
2011-04-14 12:30:00,27.68,27.7,27.65,27.66,76954
2011-04-14 12:45:00,27.65,27.68,27.65,27.65,78054
2011-04-14 13:00:00,27.66,27.69,27.65,27.65,79396
2011-04-14 13:15:00,27.66,27.68,27.65,27.68,80996
2011-04-14 13:30:00,27.67,27.69,27.64,27.65,83196
2011-04-14 13:45:00,27.65,27.65,27.62,27.62,84296
2011-04-14 14:00:00,27.63,27.66,27.63,27.64,86096
2011-04-14 14:15:00,27.66,27.68,27.61,27.61,87918
2011-04-14 14:30:00,27.63,27.66,27.61,27.64,90598
2011-04-14 14:45:00,27.64,27.67,27.64,27.65,91498
2011-04-14 15:00:00,27.67,27.67,27.62,27.62,92811
2011-04-14 15:15:00,27.64,27.6899,27.561,27.6,102518
2011-04-14 15:30:00,27.55,27.56,27.4805,27.51,106266
2011-04-14 15:45:00,27.51,27.63,27.51,27.62,114516
2011-04-14 16:00:00,27.61,27.76,27.61,27.65,156667
2011-04-15 09:45:00,27.63,27.79,27.54,27.79,1716
2011-04-15 10:00:00,27.64,27.67,27.6142,27.67,2316
2011-04-15 10:15:00,27.66,27.81,27.65,27.695,7118
2011-04-15 10:30:00,27.67,27.75,27.67,27.75,9867
2011-04-15 10:45:00,27.74,27.75,27.73,27.74,13867
2011-04-15 11:00:00,27.73,27.735,27.67,27.67,22767
2011-04-15 11:15:00,27.67,27.68,27.63,27.64,24537
2011-04-15 11:30:00,27.64,27.64,27.63,27.63,124137
2011-04-15 11:45:00,27.63,27.65,27.61,27.65,128437
2011-04-15 12:00:00,27.64,27.72,27.64,27.72,131237
2011-04-15 12:15:00,27.71,27.715,27.71,27.715,133337
2011-04-15 12:30:00,27.71,27.72,27.68,27.695,135737
2011-04-15 12:45:00,27.69,27.69,27.66,27.66,137137
2011-04-15 13:00:00,27.66,27.71,27.66,27.71,138937
2011-04-15 13:15:00,27.71,27.72,27.71,27.71,140437
2011-04-15 13:30:00,27.7,27.72,27.7,27.71,141537
2011-04-15 13:45:00,27.71,27.715,27.68,27.69,143437
2011-04-15 14:00:00,27.68,27.75,27.56,27.739,172814
2011-04-15 14:15:00,27.79,27.83,27.79,27.825,174114
2011-04-15 14:30:00,27.83,27.9,27.83,27.88,176089
2011-04-15 14:45:00,27.87,27.87,27.75,27.76,179780
2011-04-15 15:00:00,27.75,27.78,27.75,27.78,185480
2011-04-15 15:15:00,27.82,27.84,27.79,27.82,192545
2011-04-15 15:30:00,27.82,27.89,27.82,27.8764,199387
2011-04-15 15:45:00,27.88,27.941,27.8696,27.93,206816
2011-04-15 16:00:00,27.94,28.03,27.94,27.98,233667
2011-04-18 09:45:00,27.7,27.88,27.627,27.87,2080
2011-04-18 10:00:00,27.8499,27.86,27.79,27.79,6480
2011-04-18 10:15:00,27.76,27.78,27.69,27.69,8214
2011-04-18 10:30:00,27.68,27.68,27.57,27.6,12961
2011-04-18 10:45:00,27.5701,27.615,27.5,27.55,18353
2011-04-18 11:00:00,27.58,27.6,27.51,27.51,19036
2011-04-18 11:30:00,27.51,27.51,27.37,27.39,24409
2011-04-18 12:00:00,27.43,27.43,27.43,27.43,24509
2011-04-18 12:30:00,27.42,27.44,27.39,27.399,26959
2011-04-18 12:45:00,27.39,27.41,27.31,27.375,37659
2011-04-18 13:00:00,27.4,27.47,27.4,27.45,43023
2011-04-18 13:15:00,27.47,27.54,27.47,27.54,44223
2011-04-18 13:30:00,27.47,27.52,27.47,27.52,44923
2011-04-18 13:45:00,27.49,27.49,27.49,27.49,45023
2011-04-18 14:00:00,27.49,27.5,27.44,27.48,64567
2011-04-18 14:15:00,27.49,27.5,27.46,27.48,67667
2011-04-18 14:30:00,27.43,27.45,27.41,27.43,69567
2011-04-18 14:45:00,27.42,27.45,27.3,27.405,105563
2011-04-18 15:00:00,27.4,27.42,27.22,27.255,139428
2011-04-18 15:15:00,27.26,27.295,27.25,27.28,142028
2011-04-18 15:30:00,27.32,27.3264,27.25,27.3171,196035
2011-04-18 15:45:00,27.3,27.31,27.23,27.23,219271
2011-04-18 16:00:00,27.26,27.33,27.24,27.32,260104
2011-04-19 09:45:00,27.3,27.88,27.3,27.87,39596
2011-04-19 10:00:00,27.87,27.92,27.8,27.8,44737
2011-04-19 10:15:00,27.79,28.19,27.77,27.81,74827
2011-04-19 10:30:00,27.81,27.86,27.69,27.69,80022
2011-04-19 10:45:00,27.68,27.89,27.6,27.805,94213
2011-04-19 11:00:00,27.73,27.7952,27.7,27.7952,96030
2011-04-19 11:15:00,27.8025,27.82,27.7445,27.79,100030
2011-04-19 11:30:00,27.8,27.8,27.51,27.51,107930
2011-04-19 11:45:00,27.51,27.57,27.48,27.5,115680
2011-04-19 12:00:00,27.505,27.51,27.43,27.455,121027
2011-04-19 12:15:00,27.455,27.455,27.41,27.435,121977
2011-04-19 12:30:00,27.42,27.43,27.33,27.36,126666
2011-04-19 12:45:00,27.3,27.35,27.3,27.35,128719
2011-04-19 13:00:00,27.35,27.47,27.27,27.27,139119
2011-04-19 13:15:00,27.3,27.45,27.27,27.42,144140
2011-04-19 13:30:00,27.455,27.5,27.35,27.47,195884
2011-04-19 13:45:00,27.49,27.565,27.48,27.55,209906
2011-04-19 14:00:00,27.57,27.59,27.5,27.54,218806
2011-04-19 14:15:00,27.56,27.59,27.44,27.44,232192
2011-04-19 14:30:00,27.46,27.51,27.43,27.43,233278
2011-04-19 14:45:00,27.43,27.47,27.41,27.41,236078
2011-04-19 15:00:00,27.4,27.42,27.31,27.31,239278
2011-04-19 15:15:00,27.31,27.37,27.3,27.33,243478
2011-04-19 15:30:00,27.325,27.37,27.29,27.31,265322
2011-04-19 15:45:00,27.32,27.57,27.3,27.55,348327
2011-04-19 16:00:00,27.57,27.75,27.52,27.59,366883
2011-04-20 09:45:00,27.92,28.0,27.7801,27.825,8863
2011-04-20 10:00:00,27.81,27.86,27.71,27.71,14456
2011-04-20 10:15:00,27.655,27.67,27.3875,27.54,48769
2011-04-20 10:30:00,27.54,27.54,27.44,27.47,56225
2011-04-20 10:45:00,27.45,27.6,27.39,27.51,119652
2011-04-20 11:00:00,27.5,27.51,27.37,27.4,145652
2011-04-20 11:15:00,27.4,27.45,27.37,27.38,167521
2011-04-20 11:30:00,27.4,27.56,27.39,27.5,343039
2011-04-20 11:45:00,27.48,27.52,27.4688,27.52,361042
2011-04-20 12:00:00,27.52,27.55,27.45,27.54,432051
2011-04-20 12:15:00,27.55,27.55,27.48,27.49,448966
2011-04-20 12:30:00,27.49,27.5,27.48,27.48,473636
2011-04-20 12:45:00,27.485,27.49,27.32,27.44,528183
2011-04-20 13:00:00,27.45,27.45,27.321,27.39,542824
2011-04-20 13:15:00,27.395,27.43,27.35,27.39,578303
2011-04-20 13:30:00,27.39,27.4,27.33,27.34,618168
2011-04-20 13:45:00,27.34,27.35,27.15,27.21,638448
2011-04-20 14:00:00,27.24,27.25,27.16,27.2,703102
2011-04-20 14:15:00,27.2,27.27,27.17,27.25,720923
2011-04-20 14:30:00,27.245,27.3,27.14,27.3,865249
2011-04-20 14:45:00,27.3,27.35,27.26,27.35,945800
2011-04-20 15:00:00,27.355,27.4,27.3,27.3,972430
2011-04-20 15:15:00,27.3,27.35,27.23,27.3,1030920
2011-04-20 15:30:00,27.3,27.37,27.28,27.3,1079697
2011-04-20 15:45:00,27.3,27.39,27.27,27.35,1339910
2011-04-20 16:00:00,27.35,27.38,27.23,27.31,1488435
2011-04-21 09:45:00,27.48,27.95,27.48,27.825,20283
2011-04-21 10:00:00,27.85,27.99,27.77,27.885,41149
2011-04-21 10:15:00,27.9,27.93,27.82,27.91,57176
2011-04-21 10:30:00,27.9,27.92,27.87,27.9,78921
2011-04-21 10:45:00,27.9,27.9,27.8001,27.86,103135
2011-04-21 11:00:00,27.86,28.0,27.86,28.0,119521
2011-04-21 11:15:00,28.0,28.48,27.99,28.34,169983
2011-04-21 11:30:00,28.355,28.55,28.33,28.53,239510
2011-04-21 11:45:00,28.54,28.74,28.54,28.65,318847
2011-04-21 12:00:00,28.65,28.72,28.64,28.65,361136
2011-04-21 12:15:00,28.655,28.84,28.64,28.82,405920
2011-04-21 12:30:00,28.78,29.23,28.74,28.94,497250
2011-04-21 12:45:00,28.935,28.94,28.7,28.7,528200
2011-04-21 13:00:00,28.71,28.79,28.62,28.64,601717
2011-04-21 13:15:00,28.63,28.664,28.56,28.664,630388
2011-04-21 13:30:00,28.645,28.79,28.63,28.63,653747
2011-04-21 13:45:00,28.64,28.65,28.59,28.61,666347
2011-04-21 14:00:00,28.64,28.76,28.62,28.69,682947
2011-04-21 14:15:00,28.66,28.75,28.6,28.6,702081
2011-04-21 14:30:00,28.605,28.7,28.605,28.695,715581
2011-04-21 14:45:00,28.695,28.77,28.65,28.705,735287
2011-04-21 15:00:00,28.69,28.72,28.67,28.7,755421
2011-04-21 15:15:00,28.7,28.7,28.57,28.66,802976
2011-04-21 15:30:00,28.66,28.7,28.65,28.7,825842
2011-04-21 15:45:00,28.7,28.7,28.63,28.6805,893789
2011-04-21 16:00:00,28.69,28.86,28.63,28.72,1003968
2011-04-25 09:45:00,27.88,29.06,27.88,28.8,54738
2011-04-25 10:00:00,28.87,28.87,28.51,28.59,140526
2011-04-25 10:15:00,28.58,28.59,28.35,28.35,381126
2011-04-25 10:30:00,28.37,28.37,28.16,28.18,399626
2011-04-25 10:45:00,28.18,28.18,27.85,27.94,441123
2011-04-25 11:00:00,27.94,28.15,27.88,27.91,492043
2011-04-25 11:15:00,27.89,28.04,27.81,28.02,522108
2011-04-25 11:30:00,28.01,28.18,28.01,28.03,559770
2011-04-25 11:45:00,28.05,28.2,28.03,28.16,566911
2011-04-25 12:00:00,28.2,28.28,28.16,28.25,577111
2011-04-25 12:15:00,28.25,28.25,28.15,28.19,587491
2011-04-25 12:30:00,28.2,28.21,28.1,28.14,615191
2011-04-25 12:45:00,28.15,28.23,28.14,28.195,639291
2011-04-25 13:00:00,28.2,28.28,28.19,28.27,647591
2011-04-25 13:15:00,28.27,28.275,28.21,28.25,655861
2011-04-25 13:30:00,28.24,28.25,28.13,28.15,666261
2011-04-25 13:45:00,28.16,28.25,28.14,28.25,673661
2011-04-25 14:00:00,28.25,28.25,28.2,28.237,679861
2011-04-25 14:15:00,28.22,28.24,28.19,28.2,689661
2011-04-25 14:30:00,28.2,28.23,28.19,28.23,707422
2011-04-25 14:45:00,28.215,28.215,27.95,27.999,752135
2011-04-25 15:00:00,28.0,28.18,28.0,28.165,786269
2011-04-25 15:15:00,28.165,28.25,28.08,28.085,850916
2011-04-25 15:30:00,28.11,28.365,28.11,28.35,886318
2011-04-25 15:45:00,28.33,28.6,28.3,28.57,948471
2011-04-25 16:00:00,28.59,28.75,28.53,28.56,1060977
2011-04-26 09:45:00,28.6,28.74,28.43,28.46,6688
2011-04-26 10:00:00,28.5,28.53,28.39,28.475,66488
2011-04-26 10:15:00,28.5,28.51,28.32,28.43,83888
2011-04-26 10:30:00,28.35,28.41,28.21,28.21,102966
2011-04-26 10:45:00,28.21,28.49,28.194,28.4,127081
2011-04-26 11:00:00,28.43,28.46,28.09,28.31,185549
2011-04-26 11:15:00,28.3,28.38,28.3,28.3401,193846
2011-04-26 11:30:00,28.34,28.48,28.34,28.391,207646
2011-04-26 11:45:00,28.39,28.4,28.31,28.31,214273
2011-04-26 12:00:00,28.31,28.44,28.31,28.38,222872
2011-04-26 12:15:00,28.38,28.53,28.35,28.43,279551
2011-04-26 12:30:00,28.35,28.3999,28.27,28.36,284551
2011-04-26 12:45:00,28.35,28.38,28.27,28.32,290551
2011-04-26 13:00:00,28.28,28.39,28.27,28.365,294751
2011-04-26 13:15:00,28.34,28.39,28.31,28.39,299851
2011-04-26 13:30:00,28.39,28.4,28.33,28.38,305280
2011-04-26 13:45:00,28.34,28.37,28.28,28.37,311970
2011-04-26 14:00:00,28.37,28.4,28.34,28.38,318270
2011-04-26 14:15:00,28.36,28.45,28.3,28.31,328789
2011-04-26 14:30:00,28.34,28.4,28.29,28.39,338397
2011-04-26 14:45:00,28.37,28.37,28.28,28.37,346076
2011-04-26 15:00:00,28.37,28.4,28.32,28.38,355476
2011-04-26 15:15:00,28.35,28.45,28.35,28.44,366076
2011-04-26 15:30:00,28.43,28.45,28.366,28.4,379074
2011-04-26 15:45:00,28.4,28.42,28.3,28.405,462337
2011-04-26 16:00:00,28.41,28.49,28.352,28.44,476826
2011-04-27 09:45:00,28.57,28.85,28.57,28.78,19615
2011-04-27 10:00:00,28.78,28.78,28.65,28.69,38315
2011-04-27 10:15:00,28.7,28.85,28.68,28.765,54215
2011-04-27 10:30:00,28.755,28.76,28.52,28.69,72515
2011-04-27 10:45:00,28.7,28.8,28.6,28.71,97614
2011-04-27 11:00:00,28.7,28.76,28.63,28.76,113897
2011-04-27 11:15:00,28.78,28.84,28.6,28.65,136730
2011-04-27 11:30:00,28.66,28.67,28.63,28.67,149219
2011-04-27 11:45:00,28.67,28.67,28.64,28.65,162923
2011-04-27 12:00:00,28.65,28.65,28.63,28.64,177939
2011-04-27 12:15:00,28.64,28.65,28.56,28.65,188777
2011-04-27 12:30:00,28.65,28.65,28.6,28.61,200350
2011-04-27 12:45:00,28.63,28.78,28.63,28.75,245830
2011-04-27 13:00:00,28.75,28.75,28.73,28.74,264830
2011-04-27 13:15:00,28.74,28.74,28.59,28.68,303305
2011-04-27 13:30:00,28.66,28.74,28.66,28.73,313605
2011-04-27 13:45:00,28.73,28.76,28.7,28.75,336169
2011-04-27 14:00:00,28.75,28.8,28.74,28.8,350593
2011-04-27 14:15:00,28.83,29.11,28.79,29.11,382088
2011-04-27 14:30:00,29.11,29.11,28.96,28.99,413993
2011-04-27 14:45:00,28.98,29.0,28.92,29.0,436253
2011-04-27 15:00:00,29.0,29.0,28.92,28.97,459721
2011-04-27 15:15:00,28.97,28.98,28.86,28.89,480813
2011-04-27 15:30:00,28.9,29.02,28.85,29.01,575552
2011-04-27 15:45:00,29.0,29.02,28.97,29.01,606305
2011-04-27 16:00:00,29.0,29.02,28.67,28.71,842144
2011-04-28 09:45:00,28.77,29.18,28.65,29.14,13576
2011-04-28 10:00:00,29.1,29.26,29.02,29.21,46788
2011-04-28 10:15:00,29.21,29.58,29.17,29.56,149762
2011-04-28 10:30:00,29.51,29.9,29.3,29.78,247662
2011-04-28 10:45:00,29.76,30.3,29.68,30.28,315185
2011-04-28 11:00:00,30.28,30.76,30.28,30.61,414822
2011-04-28 11:15:00,30.55,30.8,30.55,30.68,464061
2011-04-28 11:30:00,30.68,31.5,30.6,31.03,602778
2011-04-28 11:45:00,31.05,31.05,30.48,30.495,689716
2011-04-28 12:00:00,30.495,30.5,29.87,30.0,792470
2011-04-28 12:15:00,30.0,30.05,29.99,30.0,809623
2011-04-28 12:30:00,30.0,30.13,29.94,29.99,846208
2011-04-28 12:45:00,29.98,30.02,29.79,29.88,893343
2011-04-28 13:00:00,29.88,30.03,29.79,29.99,907475
2011-04-28 13:15:00,29.99,30.0,29.87,29.95,927446
2011-04-28 13:30:00,29.99,30.0,29.9,29.98,941156
2011-04-28 13:45:00,29.99,30.0,29.93,29.97,962946
2011-04-28 14:00:00,29.97,29.97,29.79,29.8936,985646
2011-04-28 14:15:00,29.9,30.08,29.9,29.99,1004422
2011-04-28 14:30:00,30.0,30.01,29.86,29.91,1017952
2011-04-28 14:45:00,29.915,29.99,29.85,29.985,1025062
2011-04-28 15:00:00,29.985,30.0,29.89,29.94,1110300
2011-04-28 15:15:00,29.96,30.0,29.9,29.98,1127282
2011-04-28 15:30:00,29.98,29.98,29.5,29.55,1153106
2011-04-28 15:45:00,29.56,29.7,29.28,29.35,1235945
2011-04-28 16:00:00,29.35,29.39,29.0,29.31,2088848
2011-04-29 09:45:00,29.38,29.82,29.2709,29.73,6851
2011-04-29 10:00:00,29.73,29.76,29.64,29.64,12651
2011-04-29 10:15:00,29.63,29.63,29.5,29.53,17551
2011-04-29 10:30:00,29.53,29.66,29.512,29.57,24080
2011-04-29 10:45:00,29.57,29.67,29.55,29.62,185680
2011-04-29 11:00:00,29.62,29.8,29.62,29.75,201968
2011-04-29 11:15:00,29.78,29.88,29.61,29.78,208832
2011-04-29 11:30:00,29.79,29.8,29.68,29.79,215332
2011-04-29 11:45:00,29.8,30.02,29.78,29.98,235753
2011-04-29 12:00:00,30.02,30.02,29.83,29.86,409016
2011-04-29 12:15:00,29.87,29.93,29.8,29.93,422534
2011-04-29 12:30:00,29.95,30.1,29.94,30.05,441266
2011-04-29 12:45:00,30.05,30.05,29.96,30.04,449623
2011-04-29 13:00:00,30.05,30.05,29.99,30.01,507629
2011-04-29 13:15:00,30.02,30.02,29.96,30.0,532755
2011-04-29 13:30:00,30.0,30.0,29.96,30.0,554605
2011-04-29 13:45:00,30.0,30.0,29.99,30.0,562105
2011-04-29 14:00:00,30.0,30.0,29.99,30.0,570232
2011-04-29 14:15:00,30.0,30.03,29.97,30.0,583454
2011-04-29 14:30:00,30.0,30.05,29.95,29.95,595554
2011-04-29 14:45:00,29.95,29.95,29.94,29.95,608175
2011-04-29 15:00:00,29.95,30.0,29.94,29.97,747275
2011-04-29 15:15:00,30.0,30.02,29.95,30.0,770219
2011-04-29 15:30:00,30.0,30.0,29.98,29.98,783019
2011-04-29 15:45:00,29.97,30.01,29.95,29.95,817119
2011-04-29 16:00:00,29.95,29.97,29.86,29.89,932107
2011-05-02 09:45:00,29.89,30.15,29.77,30.02,12754
2011-05-02 10:00:00,30.05,30.05,29.91,29.95,16862
2011-05-02 10:15:00,29.95,29.99,29.83,29.83,27483
2011-05-02 10:30:00,29.86,29.89,29.8,29.81,40481
2011-05-02 10:45:00,29.79,29.8,29.74,29.76,50216
2011-05-02 11:00:00,29.78,29.78,29.75,29.77,60673
2011-05-02 11:15:00,29.77,29.86,29.76,29.82,74862
2011-05-02 11:30:00,29.83,30.05,29.83,29.9,92885
2011-05-02 11:45:00,29.9,29.9,29.81,29.9,97685
2011-05-02 12:00:00,29.9,29.91,29.89,29.9,117291
2011-05-02 12:15:00,29.9,29.91,29.89,29.9,126196
2011-05-02 12:30:00,29.9,29.9,29.77,29.82,160901
2011-05-02 12:45:00,29.8391,29.85,29.8,29.85,167701
2011-05-02 13:00:00,29.85,29.86,29.84,29.85,174403
2011-05-02 13:15:00,29.88,29.9,29.83,29.85,182294
2011-05-02 13:30:00,29.85,29.86,29.84,29.86,191002
2011-05-02 13:45:00,29.86,29.86,29.83,29.848,204639
2011-05-02 14:00:00,29.8499,29.86,29.83,29.83,212810
2011-05-02 14:15:00,29.84,29.86,29.83,29.84,221710
2011-05-02 14:30:00,29.84,29.9,29.8,29.86,256238
2011-05-02 14:45:00,29.88,29.9,29.86,29.87,266338
2011-05-02 15:00:00,29.86,29.86,29.84,29.85,272938
2011-05-02 15:15:00,29.85,29.87,29.84,29.8401,289354
2011-05-02 15:30:00,29.83,29.87,29.76,29.86,322536
2011-05-02 15:45:00,29.84,29.87,29.75,29.79,351456
2011-05-02 16:00:00,29.81,29.84,29.75,29.78,418541
2011-05-03 09:45:00,29.85,29.95,29.75,29.87,8497
2011-05-03 10:00:00,29.82,29.82,29.5,29.63,42971
2011-05-03 10:15:00,29.63,29.73,29.56,29.61,59471
2011-05-03 10:30:00,29.64,29.65,29.6,29.63,61171
2011-05-03 10:45:00,29.64,29.71,29.57,29.63,80187
2011-05-03 11:00:00,29.63,29.63,29.51,29.54,88187
2011-05-03 11:15:00,29.54,29.6,29.26,29.42,135677
2011-05-03 11:30:00,29.43,29.54,29.41,29.45,146802
2011-05-03 11:45:00,29.45,29.5,29.44,29.5,155077
2011-05-03 12:00:00,29.47,29.55,29.46,29.55,170762
2011-05-03 12:15:00,29.55,29.57,29.511,29.53,181453
2011-05-03 12:30:00,29.53,29.6,29.5,29.5436,188750
2011-05-03 12:45:00,29.55,29.55,29.54,29.55,200350
2011-05-03 13:00:00,29.55,29.6,29.42,29.53,212550
2011-05-03 13:15:00,29.53,29.54,29.47,29.49,221985
2011-05-03 13:30:00,29.53,29.53,29.48,29.5,230685
2011-05-03 13:45:00,29.49,29.505,29.46,29.485,238540
2011-05-03 14:00:00,29.45,29.5,29.41,29.49,268248
2011-05-03 14:15:00,29.49,29.49,29.46,29.48,276648
2011-05-03 14:30:00,29.47,29.49,29.43,29.44,286508
2011-05-03 14:45:00,29.46,29.47,29.43,29.45,295908
2011-05-03 15:00:00,29.45,29.46,29.41,29.43,306303
2011-05-03 15:15:00,29.43,29.43,29.37,29.39,321088
2011-05-03 15:30:00,29.39,29.5,29.39,29.47,357475
2011-05-03 15:45:00,29.47,29.47,29.44,29.45,389626
2011-05-03 16:00:00,29.45,29.46,29.33,29.35,462115
2011-05-04 09:45:00,29.5,29.58,29.36,29.36,13798
2011-05-04 10:00:00,29.38,29.38,29.25,29.25,18214
2011-05-04 10:15:00,29.29,29.29,29.04,29.1,24391
2011-05-04 10:30:00,29.11,29.17,29.06,29.06,26603
2011-05-04 10:45:00,29.1009,29.12,28.94,28.966,37303
2011-05-04 11:00:00,28.91,28.93,28.76,28.84,46203
2011-05-04 11:15:00,28.75,28.825,28.75,28.8,47703
2011-05-04 11:30:00,28.81,28.81,28.71,28.74,53212
2011-05-04 11:45:00,28.75,28.79,28.74,28.79,131437
2011-05-04 12:00:00,28.79,28.85,28.77,28.79,146273
2011-05-04 12:15:00,28.79,28.85,28.78,28.84,186403
2011-05-04 12:30:00,28.84,28.92,28.81,28.82,228623
2011-05-04 12:45:00,28.82,28.87,28.75,28.755,246188
2011-05-04 13:00:00,28.75,28.76,28.67,28.685,256282
2011-05-04 13:15:00,28.68,28.74,28.66,28.731,265202
2011-05-04 13:30:00,28.731,28.81,28.69,28.76,272661
2011-05-04 13:45:00,28.75,28.802,28.65,28.665,327700
2011-05-04 14:00:00,28.66,28.85,28.58,28.8,368174
2011-05-04 14:15:00,28.8,28.86,28.66,28.77,382515
2011-05-04 14:30:00,28.72,28.9,28.72,28.86,391733
2011-05-04 14:45:00,28.89,28.95,28.81,28.9,411121
2011-05-04 15:00:00,28.9,29.11,28.89,29.11,436121
2011-05-04 15:15:00,29.09,29.27,29.09,29.22,460018
2011-05-04 15:30:00,29.2,29.21,29.05,29.065,479569
2011-05-04 15:45:00,29.05,29.07,28.95,28.95,518571
2011-05-04 16:00:00,28.95,29.001,28.84,28.85,580728
2011-05-05 09:45:00,28.77,28.99,28.75,28.79,11027
2011-05-05 10:00:00,28.81,28.94,28.76,28.85,14595
2011-05-05 10:15:00,28.85,28.93,28.78,28.85,28494
2011-05-05 10:30:00,28.83,28.87,28.8,28.87,30394
2011-05-05 10:45:00,28.865,28.87,28.79,28.86,35371
2011-05-05 11:00:00,28.85,28.85,28.81,28.81,38171
2011-05-05 11:15:00,28.79,28.87,28.79,28.86,42323
2011-05-05 11:30:00,28.83,28.87,28.8,28.815,45965
2011-05-05 11:45:00,28.85,28.88,28.82,28.82,58265
2011-05-05 12:00:00,28.82,28.87,28.81,28.84,63865
2011-05-05 12:15:00,28.85,29.0,28.84,28.95,97605
2011-05-05 12:30:00,28.9625,29.11,28.91,29.0,118155
2011-05-05 12:45:00,28.99,29.03,28.96,29.005,130553
2011-05-05 13:00:00,29.01,29.02,28.98,29.0,139209
2011-05-05 13:15:00,29.0,29.21,29.0,29.1,152518
2011-05-05 13:30:00,29.1,29.13,28.99,29.13,165118
2011-05-05 13:45:00,29.16,29.22,29.13,29.2,174624
2011-05-05 14:00:00,29.2,29.23,29.09,29.09,185672
2011-05-05 14:15:00,29.1,29.1,29.09,29.095,196134
2011-05-05 14:30:00,29.09,29.28,29.05,29.28,221134
2011-05-05 14:45:00,29.29,29.43,29.23,29.42,238336
2011-05-05 15:00:00,29.43,29.5,29.31,29.38,274107
2011-05-05 15:15:00,29.38,29.52,29.11,29.32,307820
2011-05-05 15:30:00,29.32,29.5,29.3,29.36,332490
2011-05-05 15:45:00,29.36,29.55,29.29,29.54,365895
2011-05-05 16:00:00,29.55,29.83,29.55,29.78,413864
2011-05-06 09:45:00,29.94,30.13,29.75,30.0,2718
2011-05-06 10:00:00,30.01,30.04,29.81,29.95,15018
2011-05-06 10:15:00,29.985,30.0,29.72,29.91,35018
2011-05-06 10:30:00,29.9405,29.96,29.87,29.91,44277
2011-05-06 10:45:00,29.82,29.86,29.79,29.855,49877
2011-05-06 11:00:00,29.8775,29.91,29.8,29.825,63773
2011-05-06 11:15:00,29.83,29.85,29.72,29.8,73373
2011-05-06 11:30:00,29.805,29.94,29.805,29.92,79053
2011-05-06 11:45:00,29.92,30.01,29.89,29.94,83253
2011-05-06 12:00:00,29.94,30.02,29.89,29.91,112753
2011-05-06 12:15:00,29.91,29.91,29.85,29.85,115153
2011-05-06 12:30:00,29.855,29.89,29.84,29.89,116743
2011-05-06 12:45:00,29.87,29.91,29.83,29.87,119539
2011-05-06 13:00:00,29.87,29.9,29.82,29.84,121389
2011-05-06 13:15:00,29.8501,29.86,29.74,29.74,130189
2011-05-06 13:30:00,29.72,29.72,29.6,29.69,134417
2011-05-06 13:45:00,29.7,29.74,29.69,29.74,140217
2011-05-06 14:00:00,29.75,29.84,29.73,29.77,146179
2011-05-06 14:15:00,29.76,29.83,29.74,29.76,149324
2011-05-06 14:30:00,29.78,29.7878,29.64,29.64,155976
2011-05-06 14:45:00,29.64,29.7029,29.61,29.69,160756
2011-05-06 15:00:00,29.71,29.75,29.7,29.75,175460
2011-05-06 15:15:00,29.76,29.83,29.76,29.83,177060
2011-05-06 15:30:00,29.83,29.8899,29.83,29.8899,180585
2011-05-06 15:45:00,29.85,29.85,29.84,29.84,185528
2011-05-06 16:00:00,29.84,29.91,29.8,29.84,198157
2011-05-09 09:45:00,29.9,29.9,29.88,29.88,1620
2011-05-09 10:00:00,29.78,30.0,29.78,29.97,20096
2011-05-09 10:15:00,29.98,30.46,29.98,30.33,116163
2011-05-09 10:30:00,30.3,30.31,30.1,30.24,122895
2011-05-09 10:45:00,30.24,30.32,30.18,30.27,148090
2011-05-09 11:00:00,30.28,30.29,30.09,30.29,159790
2011-05-09 11:15:00,30.27,30.27,30.14,30.245,169924
2011-05-09 11:30:00,30.27,30.3,30.23,30.26,176224
2011-05-09 11:45:00,30.3,30.3,30.17,30.19,287307
2011-05-09 12:00:00,30.2,30.2,30.14,30.17,306623
2011-05-09 12:15:00,30.19,30.28,30.18,30.25,357195
2011-05-09 12:30:00,30.25,30.28,30.067,30.12,371162
2011-05-09 12:45:00,30.13,30.15,30.08,30.15,375986
2011-05-09 13:00:00,30.15,30.15,30.03,30.14,385886
2011-05-09 13:15:00,30.11,30.27,30.09,30.2,489686
2011-05-09 13:30:00,30.2,30.26,30.2,30.25,498882
2011-05-09 13:45:00,30.255,30.3,30.24,30.295,508282
2011-05-09 14:00:00,30.29,30.78,30.29,30.59,529087
2011-05-09 14:15:00,30.6,30.7,30.5145,30.63,643649
2011-05-09 14:30:00,30.63,30.65,30.59,30.62,647749
2011-05-09 14:45:00,30.63,30.73,30.5301,30.55,669599
2011-05-09 15:00:00,30.57,30.57,30.49,30.54,672463
2011-05-09 15:15:00,30.52,30.52,30.47,30.47,674763
2011-05-09 15:30:00,30.46,30.46,30.32,30.38,687445
2011-05-09 15:45:00,30.39,30.39,30.32,30.35,694498
2011-05-09 16:00:00,30.32,30.35,30.2,30.21,740166
2011-05-10 09:45:00,30.43,30.85,30.43,30.71,12317
2011-05-10 10:00:00,30.82,30.82,30.57,30.72,20254
2011-05-10 10:15:00,30.77,30.78,30.67,30.69,28354
2011-05-10 10:30:00,30.69,30.7,30.59,30.64,31854
2011-05-10 10:45:00,30.65,30.66,30.44,30.5,39344
2011-05-10 11:00:00,30.51,30.65,30.51,30.65,41444
2011-05-10 11:15:00,30.61,30.64,30.52,30.6,45444
2011-05-10 11:30:00,30.55,30.56,30.5356,30.56,46594
2011-05-10 11:45:00,30.55,30.57,30.5,30.57,49994
2011-05-10 12:00:00,30.58,30.65,30.52,30.58,57794
2011-05-10 12:15:00,30.59,30.59,30.4375,30.46,60594
2011-05-10 12:30:00,30.48,30.4861,30.45,30.46,62594
2011-05-10 12:45:00,30.46,30.465,30.44,30.44,63894
2011-05-10 13:00:00,30.43,30.43,30.34,30.37,68694
2011-05-10 13:15:00,30.37,30.4095,30.34,30.35,69694
2011-05-10 13:30:00,30.37,30.49,30.37,30.49,70994
2011-05-10 13:45:00,30.49,30.52,30.42,30.42,75094
2011-05-10 14:00:00,30.41,30.43,30.38,30.42,76094
2011-05-10 14:15:00,30.43,30.54,30.27,30.38,103457
2011-05-10 14:30:00,30.34,30.34,30.26,30.26,105651
2011-05-10 14:45:00,30.28,30.3,30.23,30.26,119637
2011-05-10 15:00:00,30.24,30.27,30.09,30.16,133537
2011-05-10 15:15:00,30.17,30.25,30.17,30.25,136444
2011-05-10 15:30:00,30.24,30.25,30.2,30.25,140859
2011-05-10 15:45:00,30.24,30.28,30.2,30.23,148559
2011-05-10 16:00:00,30.25,30.25,30.15,30.18,159194
2011-05-11 09:45:00,30.41,30.5,30.26,30.39,47081
2011-05-11 10:00:00,30.4,30.42,30.32,30.35,54142
2011-05-11 10:15:00,30.39,30.4,30.33,30.4,69680
2011-05-11 10:30:00,30.4,30.42,30.3,30.3,83055
2011-05-11 10:45:00,30.3,30.32,30.22,30.29,137213
2011-05-11 11:00:00,30.3,30.42,30.29,30.4,150848
2011-05-11 11:15:00,30.4,30.42,30.34,30.3799,158034
2011-05-11 11:30:00,30.35,30.39,30.2,30.2,167019
2011-05-11 11:45:00,30.2,30.3,30.2,30.27,284126
2011-05-11 12:00:00,30.27,30.35,30.25,30.27,292435
2011-05-11 12:15:00,30.26,30.27,30.16,30.24,309475
2011-05-11 12:30:00,30.24,30.24,30.119,30.15,319255
2011-05-11 12:45:00,30.14,30.16,30.11,30.15,330990
2011-05-11 13:00:00,30.12,30.16,30.1,30.14,342845
2011-05-11 13:15:00,30.14,30.16,30.13,30.15,390082
2011-05-11 13:30:00,30.15,30.16,30.04,30.14,400062
2011-05-11 13:45:00,30.11,30.14,30.07,30.09,412762
2011-05-11 14:00:00,30.09,30.18,30.09,30.18,430192
2011-05-11 14:15:00,30.16,30.22,30.16,30.22,454305
2011-05-11 14:30:00,30.22,30.28,30.22,30.24,468105
2011-05-11 14:45:00,30.25,30.38,30.23,30.24,492768
2011-05-11 15:00:00,30.24,30.26,30.24,30.25,511308
2011-05-11 15:15:00,30.245,30.25,30.24,30.245,532714
2011-05-11 15:30:00,30.24,30.27,30.22,30.235,605776
2011-05-11 15:45:00,30.235,30.235,30.09,30.215,623391
2011-05-11 16:00:00,30.22,30.3,30.17,30.18,698316
2011-05-12 09:45:00,30.08,30.23,29.7499,29.75,7799
2011-05-12 10:00:00,29.75,29.83,29.55,29.59,19799
2011-05-12 10:15:00,29.67,29.75,29.5,29.75,37724
2011-05-12 10:30:00,29.75,30.14,29.75,29.95,70224
2011-05-12 10:45:00,29.95,29.97,29.63,29.65,88059
2011-05-12 11:00:00,29.66,29.71,29.53,29.58,105887
2011-05-12 11:15:00,29.58,29.59,29.41,29.46,122533
2011-05-12 11:30:00,29.46,29.49,29.35,29.39,140086
2011-05-12 11:45:00,29.39,29.75,29.39,29.69,190186
2011-05-12 12:00:00,29.68,29.9,29.67,29.86,214422
2011-05-12 12:15:00,29.85,29.9,29.79,29.84,224774
2011-05-12 12:30:00,29.82,29.88,29.76,29.88,311396
2011-05-12 12:45:00,29.88,29.99,29.88,29.98,319724
2011-05-12 13:00:00,29.97,30.185,29.97,30.15,327610
2011-05-12 13:15:00,30.17,30.47,30.15,30.47,340257
2011-05-12 13:30:00,30.46,30.52,30.42,30.44,349208
2011-05-12 13:45:00,30.44,30.44,30.03,30.09,365274
2011-05-12 14:00:00,30.11,30.16,30.0,30.16,376002
2011-05-12 14:15:00,30.2,30.2,30.12,30.2,386302
2011-05-12 14:30:00,30.2,30.22,30.11,30.15,393602
2011-05-12 14:45:00,30.14,30.165,30.11,30.15,401002
2011-05-12 15:00:00,30.14,30.145,30.01,30.04,417014
2011-05-12 15:15:00,30.04,30.06,30.0,30.05,437224
2011-05-12 15:30:00,30.07,30.26,30.06,30.26,471023
2011-05-12 15:45:00,30.27,30.3,30.17,30.27,512050
2011-05-12 16:00:00,30.28,30.29,30.2,30.26,649957
2011-05-13 09:45:00,30.37,30.45,30.07,30.25,15743
2011-05-13 10:00:00,30.25,30.45,30.1,30.18,18943
2011-05-13 10:15:00,30.21,30.55,30.15,30.48,76945
2011-05-13 10:30:00,30.5,30.58,30.44,30.58,87846
2011-05-13 10:45:00,30.59,30.62,30.51,30.516,95761
2011-05-13 11:00:00,30.51,30.51,30.41,30.43,99461
2011-05-13 11:15:00,30.41,30.41,30.33,30.35,106661
2011-05-13 11:30:00,30.35,30.37,30.21,30.31,112600
2011-05-13 11:45:00,30.29,30.295,30.09,30.14,124400
2011-05-13 12:00:00,30.15,30.295,30.1,30.1,142394
2011-05-13 12:15:00,30.08,30.18,29.99,29.99,155744
2011-05-13 12:30:00,29.93,30.07,29.905,29.955,162258
2011-05-13 12:45:00,29.99,30.09,29.96,30.01,167264
2011-05-13 13:00:00,30.07,30.24,30.06,30.19,198684
2011-05-13 13:15:00,30.19,30.33,30.19,30.33,202684
2011-05-13 13:30:00,30.33,30.37,30.19,30.37,211802
2011-05-13 13:45:00,30.38,30.385,30.25,30.29,218602
2011-05-13 14:00:00,30.3,30.38,30.28,30.36,227571
2011-05-13 14:15:00,30.36,30.43,30.3,30.425,233371
2011-05-13 14:30:00,30.44,30.54,30.42,30.53,245578
2011-05-13 14:45:00,30.53,30.54,30.51,30.515,248578
2011-05-13 15:00:00,30.51,30.51,30.33,30.34,264458
2011-05-13 15:15:00,30.35,30.65,30.35,30.6,291406
2011-05-13 15:30:00,30.628,30.628,30.51,30.54,303011
2011-05-13 15:45:00,30.53,30.53,30.45,30.46,318878
2011-05-13 16:00:00,30.47,30.72,30.44,30.66,381089
2011-05-16 09:45:00,30.49,30.5,30.2,30.41,5000
2011-05-16 10:00:00,30.41,30.41,30.24,30.34,10580
2011-05-16 10:15:00,30.34,30.64,30.33,30.64,46700
2011-05-16 10:30:00,30.64,30.86,30.6,30.76,73579
2011-05-16 10:45:00,30.79,30.97,30.77,30.97,91379
2011-05-16 11:00:00,30.98,31.1,30.95,31.03,98781
2011-05-16 11:15:00,31.02,31.09,30.92,30.97,120048
2011-05-16 11:30:00,30.99,31.19,30.975,31.19,173652
2011-05-16 11:45:00,31.2,31.37,31.19,31.2164,182063
2011-05-16 12:00:00,31.21,31.25,31.19,31.24,186414
2011-05-16 12:15:00,31.23,31.23,31.13,31.13,192154
2011-05-16 12:30:00,31.14,31.32,31.14,31.32,194481
2011-05-16 12:45:00,31.32,31.47,31.32,31.45,199625
2011-05-16 13:00:00,31.45,31.47,31.16,31.16,206625
2011-05-16 13:15:00,31.17,31.2,30.98,30.99,230110
2011-05-16 13:30:00,30.98,30.98,30.81,30.95,247825
2011-05-16 13:45:00,30.95,31.0,30.93,31.0,267054
2011-05-16 14:00:00,31.0,31.02,30.94,30.985,276254
2011-05-16 14:15:00,31.0,31.1,30.94,31.1,446280
2011-05-16 14:30:00,31.1,31.14,31.041,31.041,463968
2011-05-16 14:45:00,31.045,31.05,30.95,30.96,501768
2011-05-16 15:00:00,30.97,30.99,30.96,30.98,516221
2011-05-16 15:15:00,30.98,31.0,30.87,30.89,552821
2011-05-16 15:30:00,30.89,30.945,30.88,30.9,580311
2011-05-16 15:45:00,30.89,30.91,30.88,30.88,614921
2011-05-16 16:00:00,30.86,30.91,30.74,30.89,691517
2011-05-17 09:45:00,30.89,31.9,30.89,31.78,71689
2011-05-17 10:00:00,31.81,31.815,31.27,31.53,163201
2011-05-17 10:15:00,31.53,31.86,31.49,31.82,268181
2011-05-17 10:30:00,31.82,32.24,31.7,32.24,331124
2011-05-17 10:45:00,32.23,32.26,31.92,32.05,485369
2011-05-17 11:00:00,32.04,32.11,31.99,32.01,547582
2011-05-17 11:15:00,32.0,32.14,32.0,32.1,586289
2011-05-17 11:30:00,32.1,32.22,31.93,32.19,677770
2011-05-17 11:45:00,32.21,32.43,32.13,32.42,729394
2011-05-17 12:00:00,32.42,32.62,32.22,32.22,816319
2011-05-17 12:15:00,32.21,32.55,32.19,32.55,856990
2011-05-17 12:30:00,32.56,32.6,32.36,32.36,892589
2011-05-17 12:45:00,32.37,32.48,32.31,32.45,955540
2011-05-17 13:00:00,32.4425,32.45,32.17,32.25,1005114
2011-05-17 13:15:00,32.25,32.405,32.24,32.34,1044679
2011-05-17 13:30:00,32.35,32.37,32.33,32.34,1074595
2011-05-17 13:45:00,32.32,32.32,32.11,32.245,1104554
2011-05-17 14:00:00,32.25,32.36,32.23,32.29,1129803
2011-05-17 14:15:00,32.29,32.3,32.26,32.28,1154151
2011-05-17 14:30:00,32.29,32.39,32.24,32.33,1184751
2011-05-17 14:45:00,32.32,32.41,32.32,32.32,1218795
2011-05-17 15:00:00,32.32,32.32,32.18,32.21,1276595
2011-05-17 15:15:00,32.21,32.27,32.09,32.25,1341921
2011-05-17 15:30:00,32.25,32.255,32.03,32.19,1452302
2011-05-17 15:45:00,32.2,32.22,31.965,31.971,1561304
2011-05-17 16:00:00,31.98,32.11,31.94,32.05,1724278
2011-05-18 09:45:00,31.13,31.9,30.73,31.9,81538
2011-05-18 10:00:00,31.905,32.09,31.86,32.0,185946
2011-05-18 10:15:00,32.0,32.33,31.96,32.06,250382
2011-05-18 10:30:00,32.07,32.1,32.0,32.02,282703
2011-05-18 10:45:00,32.01,32.08,31.95,32.01,370162
2011-05-18 11:00:00,32.0,32.17,32.0,32.04,396944
2011-05-18 11:15:00,32.06,32.13,32.03,32.03,407979
2011-05-18 11:30:00,32.03,32.035,31.86,32.0,535382
2011-05-18 11:45:00,31.99,32.02,31.98,32.0,688577
2011-05-18 12:00:00,32.005,32.03,32.0,32.03,714996
2011-05-18 12:15:00,32.03,32.08,31.991,32.04,782716
2011-05-18 12:30:00,32.04,32.08,32.01,32.055,798362
2011-05-18 12:45:00,32.055,32.08,32.03,32.04,804152
2011-05-18 13:00:00,32.04,32.07,31.96,31.97,836298
2011-05-18 13:15:00,32.0,32.045,31.98,31.98,895022
2011-05-18 13:30:00,31.99,32.01,31.99,32.0,919901
2011-05-18 13:45:00,32.0,32.01,31.91,31.93,980837
2011-05-18 14:00:00,31.92,32.0,31.92,32.0,1001553
2011-05-18 14:15:00,31.99,32.0,31.97,31.995,1014045
2011-05-18 14:30:00,31.995,31.995,31.97,31.97,1032745
2011-05-18 14:45:00,31.97,32.06,31.97,32.06,1115604
2011-05-18 15:00:00,32.06,32.09,32.005,32.06,1129504
2011-05-18 15:15:00,32.055,32.105,32.05,32.075,1141494
2011-05-18 15:30:00,32.075,32.075,32.0,32.02,1163379
2011-05-18 15:45:00,32.02,32.04,31.99,32.0,1196572
2011-05-18 16:00:00,32.0,32.055,31.99,32.04,1321000
2011-05-19 09:45:00,31.9,32.14,31.7603,32.09,52724
2011-05-19 10:00:00,32.115,32.15,32.06,32.15,65146
2011-05-19 10:15:00,32.13,32.13,32.0,32.01,77643
2011-05-19 10:30:00,32.01,32.03,32.0,32.0,97302
2011-05-19 10:45:00,32.005,32.01,31.9,31.91,125199
2011-05-19 11:00:00,31.9,31.93,31.86,31.92,137325
2011-05-19 11:15:00,31.91,31.94,31.9,31.92,152195
2011-05-19 11:30:00,31.93,31.99,31.9,31.98,159822
2011-05-19 11:45:00,31.96,32.01,31.94,31.99,175086
2011-05-19 12:00:00,31.99,32.01,31.99,31.99,200528
2011-05-19 12:15:00,31.99,32.0,31.97,31.98,235186
2011-05-19 12:30:00,31.98,32.0,31.97,31.985,260711
2011-05-19 12:45:00,31.99,31.99,31.86,31.86,285340
2011-05-19 13:00:00,31.88,31.91,31.86,31.895,307318
2011-05-19 13:15:00,31.9,32.0,31.89,31.99,317018
2011-05-19 13:30:00,31.98,32.0,31.89,31.9,353836
2011-05-19 13:45:00,31.9,31.94,31.85,31.86,364694
2011-05-19 14:00:00,31.86,31.96,31.81,31.96,371553
2011-05-19 14:15:00,31.945,31.98,31.89,31.91,380355
2011-05-19 14:30:00,31.91,31.96,31.91,31.91,389655
2011-05-19 14:45:00,31.9198,31.92,31.83,31.83,398183
2011-05-19 15:00:00,31.83,31.835,31.68,31.69,416418
2011-05-19 15:15:00,31.69,31.82,31.67,31.67,430888
2011-05-19 15:30:00,31.66,31.66,31.47,31.47,455975
2011-05-19 15:45:00,31.47,31.5,31.35,31.3901,478617
2011-05-19 16:00:00,31.4,31.71,31.395,31.7,604061
2011-05-20 09:45:00,31.73,31.97,31.5,31.92,7498
2011-05-20 10:00:00,31.89,31.94,31.78,31.78,12998
2011-05-20 10:15:00,31.76,31.87,31.76,31.86,18756
2011-05-20 10:30:00,31.84,32.0,31.82,31.99,30848
2011-05-20 10:45:00,32.0,32.02,31.89,31.97,37606
2011-05-20 11:00:00,31.95,32.0,31.91,31.98,41535
2011-05-20 11:15:00,31.98,32.05,31.93,31.93,50993
2011-05-20 11:30:00,31.93,32.06,31.93,32.05,56972
2011-05-20 11:45:00,32.06,32.07,31.985,32.01,73943
2011-05-20 12:00:00,32.01,32.025,31.93,32.0,104001
2011-05-20 12:15:00,32.005,32.03,31.95,32.005,121795
2011-05-20 12:30:00,32.0,32.05,32.0,32.01,149487
2011-05-20 12:45:00,32.02,32.02,31.99,31.995,164745
2011-05-20 13:00:00,32.0,32.0,31.99,32.0,171432
2011-05-20 13:15:00,32.0,32.01,31.88,31.89,181325
2011-05-20 13:30:00,31.89,31.99,31.89,31.97,190166
2011-05-20 13:45:00,31.97,32.02,31.97,31.99,359095
2011-05-20 14:00:00,31.99,31.99,31.98,31.99,363172
2011-05-20 14:15:00,31.99,32.0,31.97,31.975,370102
2011-05-20 14:30:00,31.98,31.98,31.97,31.98,374334
2011-05-20 14:45:00,31.98,31.98,31.97,31.975,380572
2011-05-20 15:00:00,31.98,31.98,31.97,31.97,385272
2011-05-20 15:15:00,31.98,32.02,31.97,31.99,398860
2011-05-20 15:30:00,31.99,32.0,31.97,31.99,412814
2011-05-20 15:45:00,31.99,32.01,31.95,31.95,435663
2011-05-20 16:00:00,31.95,32.01,31.84,31.92,566314
2011-05-23 09:45:00,31.69,31.82,31.32,31.59,20776
2011-05-23 10:00:00,31.59,31.88,31.59,31.79,34218
2011-05-23 10:15:00,31.8,31.82,31.72,31.72,60255
2011-05-23 10:30:00,31.74,31.77,31.4,31.45,86891
2011-05-23 10:45:00,31.42,31.435,31.21,31.37,111612
2011-05-23 11:00:00,31.39,31.705,31.39,31.6,130975
2011-05-23 11:15:00,31.61,31.74,31.52,31.6,145888
2011-05-23 11:30:00,31.6,31.6,31.46,31.53,167317
2011-05-23 11:45:00,31.54,31.56,31.29,31.42,199246
2011-05-23 12:00:00,31.41,31.73,31.41,31.66,210599
2011-05-23 12:15:00,31.66,31.74,31.61,31.7,224657
2011-05-23 12:30:00,31.72,31.74,31.6,31.64,252832
2011-05-23 12:45:00,31.68,31.68,31.61,31.61,261132
2011-05-23 13:00:00,31.62,31.71,31.61,31.71,270065
2011-05-23 13:15:00,31.71,31.75,31.67,31.73,281794
2011-05-23 13:30:00,31.75,31.75,31.72,31.74,293176
2011-05-23 13:45:00,31.74,31.75,31.72,31.75,301116
2011-05-23 14:00:00,31.75,31.75,31.74,31.75,315687
2011-05-23 14:15:00,31.75,31.8,31.74,31.75,358665
2011-05-23 14:30:00,31.75,31.78,31.74,31.77,386040
2011-05-23 14:45:00,31.76,31.87,31.75,31.84,403594
2011-05-23 15:00:00,31.86,32.025,31.85,31.99,424584
2011-05-23 15:15:00,31.99,32.01,31.91,31.95,442564
2011-05-23 15:30:00,31.96,32.0,31.91,31.95,461323
2011-05-23 15:45:00,31.95,31.95,31.69,31.76,558038
2011-05-23 16:00:00,31.76,31.83,31.42,31.42,687588
2011-05-24 09:45:00,31.74,31.75,30.92,30.96,58516
2011-05-24 10:00:00,30.96,31.17,30.92,30.94,123417
2011-05-24 10:15:00,30.94,30.95,30.49,30.84,205531
2011-05-24 10:30:00,30.85,31.0,30.75,30.86,246985
2011-05-24 10:45:00,30.86,31.1,30.85,31.08,297247
2011-05-24 11:00:00,31.07,31.11,30.89,30.92,359767
2011-05-24 11:15:00,30.94,30.98,30.89,30.89,387031
2011-05-24 11:30:00,30.89,30.895,30.68,30.76,441186
2011-05-24 11:45:00,30.75,30.76,30.2,30.39,537573
2011-05-24 12:00:00,30.41,30.64,30.37,30.56,587741
2011-05-24 12:15:00,30.58,30.61,30.52,30.52,612388
2011-05-24 12:30:00,30.54,30.57,30.41,30.43,642075
2011-05-24 12:45:00,30.41,30.51,30.4,30.51,669056
2011-05-24 13:00:00,30.51,30.51,30.3,30.4,730111
2011-05-24 13:15:00,30.4,30.4,30.35,30.38,755607
2011-05-24 13:30:00,30.37,30.38,30.29,30.31,785549
2011-05-24 13:45:00,30.305,30.31,30.15,30.19,827494
2011-05-24 14:00:00,30.1841,30.5,30.13,30.39,886745
2011-05-24 14:15:00,30.39,30.51,30.385,30.48,918524
2011-05-24 14:30:00,30.49,30.51,30.44,30.5,965116
2011-05-24 14:45:00,30.505,30.54,30.48,30.5,1002611
2011-05-24 15:00:00,30.5,30.51,30.35,30.43,1041504
2011-05-24 15:15:00,30.45,30.56,30.43,30.56,1104551
2011-05-24 15:30:00,30.56,30.7,30.51,30.52,1156679
2011-05-24 15:45:00,30.52,30.52,30.45,30.47,1229973
2011-05-24 16:00:00,30.47,30.64,30.46,30.58,1523046
2011-05-25 09:45:00,30.61,30.96,30.33,30.9,39811
2011-05-25 10:00:00,30.93,31.15,30.89,31.15,70318
2011-05-25 10:15:00,31.14,31.15,30.97,31.15,99506
2011-05-25 10:30:00,31.14,31.375,31.13,31.19,148726
2011-05-25 10:45:00,31.21,31.61,31.21,31.55,175289
2011-05-25 11:00:00,31.56,31.81,31.5,31.72,204149
2011-05-25 11:15:00,31.73,31.86,31.23,31.3,265654
2011-05-25 11:30:00,31.3,31.54,31.27,31.44,314792
2011-05-25 11:45:00,31.44,31.44,31.28,31.39,345329
2011-05-25 12:00:00,31.39,31.43,31.27,31.27,370417
2011-05-25 12:15:00,31.26,31.29,30.97,30.99,412614
2011-05-25 12:30:00,30.99,31.25,30.95,31.23,436916
2011-05-25 12:45:00,31.24,31.33,31.15,31.15,458236
2011-05-25 13:00:00,31.14,31.23,30.96,31.05,486831
2011-05-25 13:15:00,31.06,31.14,31.04,31.09,495326
2011-05-25 13:30:00,31.15,31.21,31.05,31.18,513010
2011-05-25 13:45:00,31.16,31.17,30.97,31.11,528556
2011-05-25 14:00:00,31.12,31.25,31.06,31.08,556563
2011-05-25 14:15:00,31.09,31.13,31.01,31.05,576732
2011-05-25 14:30:00,31.06,31.1,30.8,30.84,618731
2011-05-25 14:45:00,30.83,30.88,30.83,30.87,635855
2011-05-25 15:00:00,30.87,30.93,30.65,30.65,667156
2011-05-25 15:15:00,30.65,30.68,30.53,30.59,816371
2011-05-25 15:30:00,30.58,30.64,30.49,30.6,855397
2011-05-25 15:45:00,30.6,30.6,30.52,30.56,898643
2011-05-25 16:00:00,30.57,30.78,30.57,30.74,1045247
2011-05-26 09:45:00,30.77,31.2,30.74,31.05,41333
2011-05-26 10:00:00,31.04,31.045,30.78,30.7944,59581
2011-05-26 10:15:00,30.82,31.0,30.72,30.98,95509
2011-05-26 10:30:00,30.97,31.2,30.97,31.15,120698
2011-05-26 10:45:00,31.155,31.155,30.87,30.91,143464
2011-05-26 11:00:00,30.92,31.02,30.83,30.8584,156107
2011-05-26 11:15:00,30.85,30.86,30.62,30.62,183720
2011-05-26 11:30:00,30.64,30.71,30.58,30.71,204046
2011-05-26 11:45:00,30.71,30.86,30.69,30.75,218899
2011-05-26 12:00:00,30.76,30.97,30.66,30.66,229660
2011-05-26 12:15:00,30.64,30.67,30.58,30.63,246621
2011-05-26 12:30:00,30.66,30.79,30.61,30.61,257902
2011-05-26 12:45:00,30.62,30.79,30.62,30.7,270439
2011-05-26 13:00:00,30.7,30.7094,30.58,30.66,288919
2011-05-26 13:15:00,30.67,30.69,30.58,30.61,298919
2011-05-26 13:30:00,30.61,30.65,30.6,30.6,308023
2011-05-26 13:45:00,30.6,30.61,30.59,30.6,316923
2011-05-26 14:00:00,30.6,30.72,30.58,30.6,330323
2011-05-26 14:15:00,30.6,30.61,30.54,30.59,345762
2011-05-26 14:30:00,30.6,30.76,30.5936,30.67,365562
2011-05-26 14:45:00,30.67,30.7,30.64,30.67,378262
2011-05-26 15:00:00,30.68,30.73,30.62,30.73,406840
2011-05-26 15:15:00,30.73,30.81,30.67,30.78,432290
2011-05-26 15:30:00,30.78,30.96,30.78,30.9,461477
2011-05-26 15:45:00,30.9,30.91,30.79,30.81,491430
2011-05-26 16:00:00,30.82,31.08,30.805,31.01,617496
2011-05-27 09:45:00,31.31,31.83,31.1865,31.82,22641
2011-05-27 10:00:00,31.81,31.82,31.43,31.52,46543
2011-05-27 10:15:00,31.55,31.66,31.415,31.625,61073
2011-05-27 10:30:00,31.63,31.82,31.6,31.64,81483
2011-05-27 10:45:00,31.63,31.63,31.39,31.4,95918
2011-05-27 11:00:00,31.45,31.57,31.37,31.47,107498
2011-05-27 11:15:00,31.49,31.49,31.41,31.42,117680
2011-05-27 11:30:00,31.43,31.49,31.26,31.3,131475
2011-05-27 11:45:00,31.29,31.3,31.19,31.21,140502
2011-05-27 12:00:00,31.21,31.28,31.17,31.22,148433
2011-05-27 12:15:00,31.25,31.265,31.21,31.24,161533
2011-05-27 12:30:00,31.24,31.27,31.17,31.18,166633
2011-05-27 12:45:00,31.19,31.255,31.18,31.18,170633
2011-05-27 13:00:00,31.18,31.18,31.13,31.16,175583
2011-05-27 13:15:00,31.16,31.28,31.14,31.2,191409
2011-05-27 13:30:00,31.2,31.2199,31.18,31.18,194509
2011-05-27 13:45:00,31.19,31.2,31.13,31.17,201809
2011-05-27 14:00:00,31.17,31.25,31.16,31.18,213039
2011-05-27 14:15:00,31.2,31.21,31.19,31.2,215839
2011-05-27 14:30:00,31.2015,31.24,31.15,31.17,230315
2011-05-27 14:45:00,31.18,31.2,31.16,31.16,243941
2011-05-27 15:00:00,31.16,31.18,31.09,31.14,261838
2011-05-27 15:15:00,31.16,31.28,31.16,31.28,276883
2011-05-27 15:30:00,31.28,31.4,31.25,31.31,305552
2011-05-27 15:45:00,31.32,31.37,31.23,31.24,930105
2011-05-27 16:00:00,31.26,31.37,31.24,31.36,1068054
2011-05-31 09:45:00,31.78,33.0,31.59,31.78,85784
2011-05-31 10:00:00,31.78,32.045,31.68,31.68,142530
2011-05-31 10:15:00,31.725,31.78,31.51,31.52,191498
2011-05-31 10:30:00,31.54,31.9,31.51,31.85,250644
2011-05-31 10:45:00,31.85,31.89,31.38,31.49,287216
2011-05-31 11:00:00,31.49,31.63,31.25,31.52,335170
2011-05-31 11:15:00,31.525,31.7,31.52,31.66,360851
2011-05-31 11:30:00,31.67,31.67,31.36,31.59,400351
2011-05-31 11:45:00,31.6199,31.69,31.535,31.55,433023
2011-05-31 12:00:00,31.55,31.81,31.44,31.54,479991
2011-05-31 12:15:00,31.54,31.83,31.54,31.7,528805
2011-05-31 12:30:00,31.7,31.95,31.62,31.6725,584072
2011-05-31 12:45:00,31.68,32.02,31.68,31.94,632186
2011-05-31 13:00:00,31.95,32.01,31.9,31.99,679574
2011-05-31 13:15:00,32.0,32.01,31.95,31.98,720830
2011-05-31 13:30:00,31.98,32.04,31.87,32.0,770130
2011-05-31 13:45:00,31.99,32.04,31.985,32.0,812677
2011-05-31 14:00:00,32.0,32.02,31.92,32.0,873195
2011-05-31 14:15:00,32.0,32.2,31.99,32.09,969408
2011-05-31 14:30:00,32.1,32.1,31.8,31.84,1013048
2011-05-31 14:45:00,31.82,31.86,31.71,31.79,1069018
2011-05-31 15:00:00,31.79,31.9,31.69,31.865,1115135
2011-05-31 15:15:00,31.865,32.03,31.85,31.9815,1210935
2011-05-31 15:30:00,31.985,32.03,31.98,32.02,1291810
2011-05-31 15:45:00,32.02,32.17,31.96,31.99,1466988
2011-05-31 16:00:00,31.98,31.99,31.46,31.57,1868519
2011-06-01 09:45:00,31.59,31.685,31.19,31.3,39339
2011-06-01 10:00:00,31.26,31.41,31.26,31.41,56649
2011-06-01 10:15:00,31.37,31.48,31.3,31.45,83073
2011-06-01 10:30:00,31.45,31.55,31.38,31.38,108089
2011-06-01 10:45:00,31.39,31.44,31.34,31.37,127689
2011-06-01 11:00:00,31.38,31.49,31.32,31.48,146406
2011-06-01 11:15:00,31.49,31.52,31.37,31.41,157878
2011-06-01 11:30:00,31.43,31.49,31.38,31.44,177340
2011-06-01 11:45:00,31.44,31.48,31.38,31.47,184615
2011-06-01 12:00:00,31.47,31.525,31.43,31.455,201840
2011-06-01 12:15:00,31.46,31.47,31.34,31.36,215085
2011-06-01 12:30:00,31.36,31.44,31.3565,31.38,234090
2011-06-01 12:45:00,31.39,31.46,31.37,31.44,250060
2011-06-01 13:00:00,31.44,31.53,31.44,31.53,257789
2011-06-01 13:15:00,31.53,31.605,31.51,31.53,273321
2011-06-01 13:30:00,31.53,31.64,31.4248,31.45,289424
2011-06-01 13:45:00,31.44,31.45,31.15,31.24,304358
2011-06-01 14:00:00,31.24,31.41,31.24,31.38,311229
2011-06-01 14:15:00,31.37,31.4,31.32,31.32,316349
2011-06-01 14:30:00,31.3,31.35,31.26,31.26,323849
2011-06-01 14:45:00,31.26,31.26,31.06,31.13,344991
2011-06-01 15:00:00,31.13,31.18,31.07,31.1,360555
2011-06-01 15:15:00,31.09,31.12,31.01,31.01,378095
2011-06-01 15:30:00,31.01,31.06,30.76,30.77,491418
2011-06-01 15:45:00,30.8,30.87,30.7,30.81,528951
2011-06-01 16:00:00,30.81,30.86,30.76,30.82,604691
2011-06-02 09:45:00,30.9,31.4,30.85,31.4,20306
2011-06-02 10:00:00,31.41,31.81,31.28,31.64,56681
2011-06-02 10:15:00,31.68,31.81,31.57,31.58,89841
2011-06-02 10:30:00,31.54,31.73,31.54,31.67,97839
2011-06-02 10:45:00,31.6309,31.67,31.6,31.65,103641
2011-06-02 11:00:00,31.65,31.75,31.65,31.67,111641
2011-06-02 11:15:00,31.66,31.73,31.57,31.6,120333
2011-06-02 11:30:00,31.61,31.61,31.53,31.53,126183
2011-06-02 11:45:00,31.5,31.55,31.45,31.51,132262
2011-06-02 12:00:00,31.51,31.54,31.45,31.47,145304
2011-06-02 12:15:00,31.4743,31.49,31.34,31.36,158046
2011-06-02 12:30:00,31.36,31.38,31.28,31.365,170327
2011-06-02 12:45:00,31.37,31.38,31.36,31.365,176127
2011-06-02 13:00:00,31.365,31.45,31.36,31.45,185508
2011-06-02 13:15:00,31.45,31.54,31.39,31.475,199808
2011-06-02 13:30:00,31.485,31.53,31.38,31.51,250623
2011-06-02 13:45:00,31.5,31.66,31.45,31.66,263227
2011-06-02 14:00:00,31.64,31.7,31.48,31.7,282497
2011-06-02 14:15:00,31.7,31.75,31.68,31.74,295797
2011-06-02 14:30:00,31.74,31.76,31.64,31.75,319997
2011-06-02 14:45:00,31.74,32.01,31.74,31.98,350697
2011-06-02 15:00:00,31.97,32.0,31.96,31.99,366153
2011-06-02 15:15:00,31.9915,32.11,31.95,32.07,390402
2011-06-02 15:30:00,32.08,32.11,31.96,31.98,421397
2011-06-02 15:45:00,31.99,32.01,31.97,31.98,464444
2011-06-02 16:00:00,31.99,32.03,31.97,31.97,560992
2011-06-03 09:45:00,31.65,31.79,31.43,31.64,7055
2011-06-03 10:00:00,31.62,31.67,31.46,31.58,23795
2011-06-03 10:15:00,31.59,31.6,31.46,31.46,33738
2011-06-03 10:30:00,31.43,31.53,31.36,31.48,42353
2011-06-03 10:45:00,31.44,31.59,31.42,31.59,51139
2011-06-03 11:00:00,31.58,31.64,31.41,31.41,60239
2011-06-03 11:15:00,31.37,31.44,31.25,31.27,70539
2011-06-03 11:30:00,31.27,31.285,31.14,31.26,79439
2011-06-03 11:45:00,31.27,31.28,31.14,31.18,88147
2011-06-03 12:00:00,31.19,31.3,31.17,31.3,101047
2011-06-03 12:15:00,31.34,31.58,31.33,31.58,109263
2011-06-03 12:30:00,31.57,31.735,31.55,31.65,131263
2011-06-03 12:45:00,31.64,31.76,31.63,31.75,138418
2011-06-03 13:00:00,31.76,31.84,31.72,31.81,148145
2011-06-03 13:15:00,31.82,31.87,31.79,31.87,153345
2011-06-03 13:30:00,31.85,31.935,31.84,31.92,162373
2011-06-03 13:45:00,31.915,31.96,31.9,31.9461,169803
2011-06-03 14:00:00,31.92,31.9596,31.92,31.93,173203
2011-06-03 14:15:00,31.92,31.925,31.74,31.74,178803
2011-06-03 14:30:00,31.73,31.82,31.73,31.77,183968
2011-06-03 14:45:00,31.76,31.77,31.74,31.75,187563
2011-06-03 15:00:00,31.7599,31.7599,31.63,31.63,198768
2011-06-03 15:15:00,31.63,31.66,31.53,31.56,203868
2011-06-03 15:30:00,31.56,31.59,31.52,31.54,209601
2011-06-03 15:45:00,31.55,31.65,31.55,31.63,214471
2011-06-03 16:00:00,31.64,31.77,31.49,31.6,314431
2011-06-06 09:45:00,31.64,31.79,31.43,31.46,2600
2011-06-06 10:00:00,31.4701,31.49,31.42,31.45,7700
2011-06-06 10:15:00,31.45,31.45,31.335,31.37,10401
2011-06-06 10:30:00,31.34,31.34,31.11,31.21,23401
2011-06-06 10:45:00,31.2,31.31,31.18,31.31,27101
2011-06-06 11:00:00,31.29,31.39,31.25,31.39,31001
2011-06-06 11:15:00,31.34,31.41,31.32,31.41,33561
2011-06-06 11:30:00,31.37,31.41,31.37,31.41,35451
2011-06-06 11:45:00,31.42,31.54,31.42,31.44,44219
2011-06-06 12:00:00,31.44,31.45,31.4,31.41,46340
2011-06-06 12:15:00,31.41,31.52,31.41,31.5,54541
2011-06-06 12:30:00,31.48,31.49,31.45,31.47,55641
2011-06-06 12:45:00,31.47,31.49,31.45,31.48,58142
2011-06-06 13:00:00,31.48,31.56,31.44,31.45,80754
2011-06-06 13:15:00,31.44,31.45,31.44,31.45,82354
2011-06-06 13:30:00,31.45,31.46,31.41,31.43,88954
2011-06-06 13:45:00,31.43,31.46,31.4,31.43,91695
2011-06-06 14:00:00,31.42,31.42,31.29,31.313,108313
2011-06-06 14:15:00,31.32,31.33,31.27,31.31,137811
2011-06-06 14:30:00,31.3,31.31,31.17,31.2,141883
2011-06-06 14:45:00,31.19,31.19,31.12,31.17,149283
2011-06-06 15:00:00,31.17,31.19,31.13,31.15,161444
2011-06-06 15:15:00,31.15,31.2,31.07,31.09,172763
2011-06-06 15:30:00,31.1,31.15,31.1,31.13,181447
2011-06-06 15:45:00,31.13,31.32,31.13,31.27,198377
2011-06-06 16:00:00,31.26,31.26,31.17,31.18,221814
2011-06-07 09:45:00,31.18,31.42,31.15,31.41,13196
2011-06-07 10:00:00,31.41,31.79,31.3965,31.7,46184
2011-06-07 10:15:00,31.71,31.73,31.64,31.68,82944
2011-06-07 10:30:00,31.68,31.72,31.54,31.66,112815
2011-06-07 10:45:00,31.65,31.95,31.64,31.91,137085
2011-06-07 11:00:00,31.92,32.025,31.92,31.985,161785
2011-06-07 11:15:00,31.95,31.97,31.9,31.95,172185
2011-06-07 11:30:00,31.94,32.0,31.9208,31.97,177096
2011-06-07 11:45:00,31.96,31.97,31.9,31.9,180400
2011-06-07 12:00:00,31.9001,31.94,31.9,31.93,183100
2011-06-07 12:15:00,31.96,32.0,31.92,32.0,189920
2011-06-07 12:30:00,31.995,32.0,31.98,32.0,196520
2011-06-07 12:45:00,32.0,32.0,31.95,31.99,257710
2011-06-07 13:00:00,31.98,32.02,31.98,31.99,324816
2011-06-07 13:15:00,31.99,31.99,31.98,31.98,329577
2011-06-07 13:30:00,31.98,31.99,31.945,31.99,354563
2011-06-07 13:45:00,31.99,32.0599,31.9745,32.01,461361
2011-06-07 14:00:00,32.005,32.03,31.96,31.97,477177
2011-06-07 14:15:00,31.97,32.0,31.965,32.0,481103
2011-06-07 14:30:00,32.0,32.0,31.95,31.97,620225
2011-06-07 14:45:00,31.98,32.0,31.91,31.94,629832
2011-06-07 15:00:00,31.94,31.99,31.91,31.95,646103
2011-06-07 15:15:00,31.95,32.0,31.9,31.91,655611
2011-06-07 15:30:00,31.9,31.93,31.77,31.84,675401
2011-06-07 15:45:00,31.85,31.85,31.72,31.84,721341
2011-06-07 16:00:00,31.83,31.85,31.71,31.75,763582
2011-06-08 09:45:00,31.64,31.7,31.45,31.672,9362
2011-06-08 10:00:00,31.67,31.67,31.44,31.45,15411
2011-06-08 10:15:00,31.51,31.7,31.4,31.69,22389
2011-06-08 10:30:00,31.71,31.82,31.68,31.8,30582
2011-06-08 10:45:00,31.81,31.81,31.58,31.63,34262
2011-06-08 11:00:00,31.63,31.85,31.61,31.73,40151
2011-06-08 11:15:00,31.72,31.79,31.6,31.7,96235
2011-06-08 11:30:00,31.72,31.775,31.64,31.66,191512
2011-06-08 11:45:00,31.645,31.7,31.6,31.68,202196
2011-06-08 12:00:00,31.69,31.7007,31.62,31.68,205896
2011-06-08 12:15:00,31.65,31.7,31.6,31.6,221160
2011-06-08 12:30:00,31.61,31.72,31.6,31.68,229060
2011-06-08 12:45:00,31.7,31.72,31.66,31.7,234560
2011-06-08 13:00:00,31.7,31.72,31.62,31.69,244960
2011-06-08 13:15:00,31.7,31.76,31.59,31.63,255160
2011-06-08 13:30:00,31.63,31.72,31.56,31.61,273828
2011-06-08 13:45:00,31.62,31.62,31.51,31.51,282828
2011-06-08 14:00:00,31.51,31.515,31.46,31.48,284750
2011-06-08 14:15:00,31.48,31.52,31.44,31.48,292450
2011-06-08 14:30:00,31.47,31.51,31.44,31.44,298011
2011-06-08 14:45:00,31.47,31.52,31.43,31.43,313113
2011-06-08 15:00:00,31.43,31.5125,31.43,31.48,323058
2011-06-08 15:15:00,31.47,31.51,31.46,31.49,331902
2011-06-08 15:30:00,31.5,31.5,31.42,31.44,337620
2011-06-08 15:45:00,31.45,31.465,31.4,31.41,349406
2011-06-08 16:00:00,31.41,31.48,31.38,31.41,393519
2011-06-09 09:45:00,31.55,31.55,31.23,31.34,3963
2011-06-09 10:00:00,31.34,31.53,31.34,31.48,7163
2011-06-09 10:15:00,31.53,31.54,31.36,31.44,15018
2011-06-09 10:30:00,31.36,31.48,31.3,31.48,18918
2011-06-09 10:45:00,31.49,31.5,31.38,31.42,25874
2011-06-09 11:00:00,31.43,31.49,31.36,31.37,30637
2011-06-09 11:15:00,31.38,31.4,31.33,31.4,33152
2011-06-09 11:30:00,31.39,31.4,31.3,31.4,34602
2011-06-09 11:45:00,31.38,31.4,31.33,31.33,38643
2011-06-09 12:00:00,31.37,31.38,31.16,31.21,55866
2011-06-09 12:15:00,31.18,31.29,31.13,31.22,59562
2011-06-09 12:30:00,31.25,31.28,31.18,31.28,63062
2011-06-09 12:45:00,31.27,31.33,31.27,31.33,64734
2011-06-09 13:00:00,31.34,31.38,31.34,31.35,66620
2011-06-09 13:15:00,31.37,31.4,31.37,31.38,68020
2011-06-09 13:30:00,31.37,31.4,31.34,31.35,71020
2011-06-09 13:45:00,31.36,31.4,31.3,31.39,76397
2011-06-09 14:00:00,31.36,31.4,31.34,31.34,79597
2011-06-09 14:15:00,31.36,31.47,31.35,31.43,85108
2011-06-09 14:30:00,31.44,31.455,31.39,31.42,88920
2011-06-09 14:45:00,31.4,31.47,31.37,31.41,91420
2011-06-09 15:00:00,31.35,31.47,31.35,31.4,93461
2011-06-09 15:15:00,31.45,31.47,31.34,31.39,96313
2011-06-09 15:30:00,31.4,31.49,31.39,31.47,103434
2011-06-09 15:45:00,31.47,31.47,31.35,31.4,111202
2011-06-09 16:00:00,31.42,31.53,31.4,31.47,134998
2011-06-10 09:45:00,31.43,31.43,31.16,31.16,5632
2011-06-10 10:00:00,31.119,31.13,31.0,31.0,8632
2011-06-10 10:15:00,30.98,30.98,30.72,30.7821,23316
2011-06-10 10:30:00,30.8046,30.91,30.7417,30.91,29551
2011-06-10 10:45:00,30.95,30.97,30.74,30.78,34439
2011-06-10 11:00:00,30.77,30.82,30.74,30.74,36439
2011-06-10 11:15:00,30.74,30.7435,30.58,30.63,40639
2011-06-10 11:30:00,30.63,30.69,30.54,30.6,90235
2011-06-10 11:45:00,30.6,30.62,30.45,30.56,102920
2011-06-10 12:00:00,30.55,30.59,30.55,30.55,106120
2011-06-10 12:15:00,30.565,30.6,30.47,30.47,109420
2011-06-10 12:30:00,30.47,30.54,30.42,30.51,114085
2011-06-10 12:45:00,30.53,30.62,30.52,30.6,122135
2011-06-10 13:00:00,30.59,30.69,30.59,30.66,127435
2011-06-10 13:15:00,30.67,30.695,30.6,30.69,132925
2011-06-10 13:30:00,30.69,30.7,30.58,30.6,138961
2011-06-10 13:45:00,30.59,30.59,30.39,30.39,143767
2011-06-10 14:00:00,30.37,30.39,30.29,30.305,155465
2011-06-10 14:15:00,30.32,30.5,30.31,30.45,164965
2011-06-10 14:30:00,30.48,30.52,30.41,30.5,170665
2011-06-10 14:45:00,30.46,30.53,30.41,30.41,177871
2011-06-10 15:00:00,30.43,30.53,30.41,30.53,180952
2011-06-10 15:15:00,30.58,30.59,30.46,30.47,187318
2011-06-10 15:30:00,30.45,30.53,30.43,30.516,202327
2011-06-10 15:45:00,30.516,30.6,30.39,30.59,236313
2011-06-10 16:00:00,30.6,30.62,30.55,30.55,269013
2011-06-13 09:45:00,30.54,30.78,30.51,30.75,6362
2011-06-13 10:00:00,30.78,31.05,30.75,31.02,26945
2011-06-13 10:15:00,31.01,31.03,30.88,30.95,38347
2011-06-13 10:30:00,30.95,31.15,30.89,31.11,48172
2011-06-13 10:45:00,31.13,31.22,31.07,31.2,58608
2011-06-13 11:00:00,31.21,31.27,31.17,31.19,62958
2011-06-13 11:15:00,31.231,31.231,31.04,31.04,69236
2011-06-13 11:30:00,31.04,31.07,30.98,30.98,76096
2011-06-13 11:45:00,30.97,30.97,30.91,30.91,81796
2011-06-13 12:00:00,30.9,30.91,30.59,30.59,336298
2011-06-13 12:15:00,30.62,30.72,30.59,30.59,344937
2011-06-13 12:30:00,30.63,30.65,30.56,30.585,351961
2011-06-13 12:45:00,30.59,30.59,30.53,30.53,358561
2011-06-13 13:00:00,30.54,30.56,30.535,30.56,363361
2011-06-13 13:15:00,30.55,30.55,30.48,30.5164,371640
2011-06-13 13:30:00,30.53,30.54,30.5,30.525,384426
2011-06-13 13:45:00,30.53,30.56,30.53,30.55,392896
2011-06-13 14:00:00,30.55,30.62,30.55,30.61,405396
2011-06-13 14:15:00,30.605,30.71,30.57,30.65,413894
2011-06-13 14:30:00,30.65,30.69,30.62,30.68,420058
2011-06-13 14:45:00,30.68,30.69,30.619,30.69,430604
2011-06-13 15:00:00,30.69,30.7,30.64,30.67,441004
2011-06-13 15:15:00,30.68,30.69,30.63,30.67,448904
2011-06-13 15:30:00,30.67,30.69,30.6,30.68,458204
2011-06-13 15:45:00,30.68,30.69,30.58,30.61,473661
2011-06-13 16:00:00,30.62,30.69,30.59,30.6,501583
2011-06-14 09:45:00,30.82,30.91,30.78,30.87,5977
2011-06-14 10:00:00,30.9,30.91,30.87,30.9,11577
2011-06-14 10:15:00,30.89,30.92,30.815,30.89,36679
2011-06-14 10:30:00,30.8832,30.91,30.85,30.89,45736
2011-06-14 10:45:00,30.9,31.05,30.89,31.0165,58434
2011-06-14 11:00:00,31.05,31.12,31.0,31.0,76212
2011-06-14 11:15:00,31.01,31.04,30.93,30.98,83712
2011-06-14 11:30:00,31.01,31.15,30.93,31.15,92026
2011-06-14 11:45:00,31.16,31.2,31.1,31.17,94787
2011-06-14 12:00:00,31.15,31.2,31.1,31.2,97587
2011-06-14 12:15:00,31.15,31.19,31.1,31.11,111639
2011-06-14 12:30:00,31.08,31.1,31.04,31.04,112839
2011-06-14 12:45:00,31.05,31.07,30.88,30.95,117634
2011-06-14 13:00:00,30.94,30.995,30.89,30.95,120756
2011-06-14 13:15:00,30.91,30.92,30.89,30.9,124456
2011-06-14 13:30:00,30.9,31.03,30.81,31.0293,159940
2011-06-14 13:45:00,31.04,31.06,30.97,30.99,162640
2011-06-14 14:00:00,30.97,31.02,30.95,30.97,167340
2011-06-14 14:15:00,30.97,30.99,30.84,30.86,172007
2011-06-14 14:30:00,30.86,30.87,30.76,30.82,177305
2011-06-14 14:45:00,30.81,30.81,30.68,30.73,185129
2011-06-14 15:00:00,30.73,30.75,30.67,30.71,192905
2011-06-14 15:15:00,30.71,30.75,30.66,30.69,198205
2011-06-14 15:30:00,30.66,30.765,30.65,30.72,205892
2011-06-14 15:45:00,30.72,30.75,30.61,30.655,212892
2011-06-14 16:00:00,30.64,30.65,30.57,30.63,225349
2011-06-15 09:45:00,30.36,30.45,30.28,30.3401,4047
2011-06-15 10:00:00,30.48,30.63,30.48,30.51,9747
2011-06-15 10:15:00,30.51,30.54,30.41,30.54,209697
2011-06-15 10:30:00,30.535,30.55,30.4642,30.482,216451
2011-06-15 10:45:00,30.495,30.8,30.46,30.8,232460
2011-06-15 11:00:00,30.82,31.06,30.82,31.04,240080
2011-06-15 11:15:00,31.04,31.16,30.93,30.93,248458
2011-06-15 11:30:00,30.95,31.08,30.94,30.94,251473
2011-06-15 11:45:00,30.91,30.91,30.67,30.78,282858
2011-06-15 12:00:00,30.76,30.76,30.56,30.59,291458
2011-06-15 12:15:00,30.59,30.62,30.39,30.62,343417
2011-06-15 12:30:00,30.63,30.65,30.37,30.55,352217
2011-06-15 12:45:00,30.555,30.555,30.2,30.34,375591
2011-06-15 13:00:00,30.34,30.43,30.3325,30.3325,382091
2011-06-15 13:15:00,30.34,30.51,30.34,30.42,397491
2011-06-15 13:30:00,30.43,30.4309,30.1,30.2,412439
2011-06-15 13:45:00,30.19,30.21,30.05,30.15,473167
2011-06-15 14:00:00,30.14,30.33,30.14,30.33,485267
2011-06-15 14:15:00,30.33,30.56,30.325,30.41,497667
2011-06-15 14:30:00,30.43,30.43,30.19,30.19,510267
2011-06-15 14:45:00,30.2,30.26,30.14,30.15,525567
2011-06-15 15:00:00,30.15,30.22,30.04,30.04,594333
2011-06-15 15:15:00,30.05,30.14,29.94,29.94,611915
2011-06-15 15:30:00,29.95,29.95,29.82,29.91,672624
2011-06-15 15:45:00,29.92,29.95,29.79,29.8,723027
2011-06-15 16:00:00,29.8,29.9,29.72,29.77,811756
2011-06-16 09:45:00,29.71,29.79,29.15,29.16,62305
2011-06-16 10:00:00,29.17,29.2508,28.68,28.68,130742
2011-06-16 10:15:00,28.71,28.89,28.59,28.85,205783
2011-06-16 10:30:00,28.89,29.04,28.87,28.99,391435
2011-06-16 10:45:00,28.99,29.03,28.92,28.92,399035
2011-06-16 11:00:00,28.93,29.1,28.83,29.1,509153
2011-06-16 11:15:00,29.1,29.4,29.1,29.4,554155
2011-06-16 11:30:00,29.4,29.67,29.4,29.53,605811
2011-06-16 11:45:00,29.54,29.59,29.46,29.48,615518
2011-06-16 12:00:00,29.49,29.9,29.49,29.82,695195
2011-06-16 12:15:00,29.815,29.85,29.51,29.73,752560
2011-06-16 12:30:00,29.73,29.76,29.56,29.61,743074
2011-06-16 12:45:00,29.62,29.62,29.54,29.54,809432
2011-06-16 13:00:00,29.55,29.56,29.42,29.42,819104
2011-06-16 13:15:00,29.43,29.49,29.43,29.48,822192
2011-06-16 13:30:00,29.47,29.5,29.47,29.49,829662
2011-06-16 13:45:00,29.49,29.5,29.44,29.47,844766
2011-06-16 14:00:00,29.45,29.47,29.45,29.45,851189
2011-06-16 14:15:00,29.45,29.46,29.35,29.36,860568
2011-06-16 14:30:00,29.36,29.36,29.27,29.3,871668
2011-06-16 14:45:00,29.3,29.3,29.16,29.2,880308
2011-06-16 15:00:00,29.21,29.21,29.11,29.19,893223
2011-06-16 15:15:00,29.195,29.195,29.1,29.13,910394
2011-06-16 15:30:00,29.13,29.14,29.07,29.095,933305
2011-06-16 15:45:00,29.09,29.1,29.04,29.06,964238
2011-06-16 16:00:00,29.06,29.24,29.01,29.1,1045462
2011-06-17 09:45:00,29.27,29.54,29.27,29.3,8280
2011-06-17 10:00:00,29.33,29.52,29.28,29.35,20631
2011-06-17 10:15:00,29.35,29.57,29.35,29.55,49230
2011-06-17 10:30:00,29.52,29.63,29.43,29.61,87496
2011-06-17 10:45:00,29.59,29.85,29.59,29.85,159596
2011-06-17 11:00:00,29.84,30.08,29.84,29.985,172096
2011-06-17 11:15:00,30.0,30.13,29.91,30.13,180839
2011-06-17 11:30:00,30.15,30.39,30.15,30.35,196639
2011-06-17 11:45:00,30.34,30.43,30.3,30.4,207146
2011-06-17 12:00:00,30.4,30.59,30.26,30.51,231874
2011-06-17 12:15:00,30.55,30.7,30.55,30.69,252474
2011-06-17 12:30:00,30.685,30.72,30.61,30.67,260174
2011-06-17 12:45:00,30.695,30.87,30.65,30.87,268792
2011-06-17 13:00:00,30.86,30.98,30.85,30.96,277492
2011-06-17 13:15:00,30.96,31.1132,30.95,31.11,286727
2011-06-17 13:30:00,31.13,31.17,31.02,31.03,303936
2011-06-17 13:45:00,31.04,31.05,30.8933,30.96,332804
2011-06-17 14:00:00,30.96,30.96,30.87,30.871,365832
2011-06-17 14:15:00,30.87,30.87,30.64,30.66,385620
2011-06-17 14:30:00,30.65,30.86,30.63,30.86,398220
2011-06-17 14:45:00,30.84,30.85,30.66,30.68,435723
2011-06-17 15:00:00,30.69,30.74,30.54,30.56,446829
2011-06-17 15:15:00,30.535,30.56,30.27,30.28,522806
2011-06-17 15:30:00,30.2601,30.27,29.93,30.0,571218
2011-06-17 15:45:00,30.0,30.07,29.88,30.045,622722
2011-06-17 16:00:00,30.07,30.36,30.055,30.27,844569
2011-06-20 09:45:00,30.16,30.25,29.98,30.01,20435
2011-06-20 10:00:00,30.03,30.09,29.75,29.85,62310
2011-06-20 10:15:00,29.85,29.96,29.68,29.72,86652
2011-06-20 10:30:00,29.73,29.9,29.54,29.84,119858
2011-06-20 10:45:00,29.84,29.9,29.76,29.9,123058
2011-06-20 11:00:00,29.87,29.9,29.73,29.73,158356
2011-06-20 11:15:00,29.73,29.82,29.72,29.77,174812
2011-06-20 11:30:00,29.76,29.85,29.75,29.85,179248
2011-06-20 11:45:00,29.855,29.855,29.75,29.75,185912
2011-06-20 12:00:00,29.77,29.78,29.69,29.74,192487
2011-06-20 12:15:00,29.74,29.74,29.62,29.7,197387
2011-06-20 12:30:00,29.69,29.75,29.6,29.73,209465
2011-06-20 12:45:00,29.77,29.78,29.71,29.715,222349
2011-06-20 13:00:00,29.71,29.72,29.6,29.62,225887
2011-06-20 13:15:00,29.63,29.65,29.55,29.55,230552
2011-06-20 13:30:00,29.55,29.56,29.51,29.54,233952
2011-06-20 13:45:00,29.54,29.56,29.44,29.44,242552
2011-06-20 14:00:00,29.4441,29.49,29.4,29.41,248486
2011-06-20 14:15:00,29.39,29.54,29.385,29.52,257580
2011-06-20 14:30:00,29.55,29.6,29.55,29.565,266780
2011-06-20 14:45:00,29.58,29.59,29.55,29.56,281298
2011-06-20 15:00:00,29.55,29.56,29.495,29.55,300518
2011-06-20 15:15:00,29.56,29.57,29.53,29.55,320618
2011-06-20 15:30:00,29.55,29.62,29.5325,29.55,356171
2011-06-20 15:45:00,29.55,29.75,29.55,29.66,400119
2011-06-20 16:00:00,29.65,29.65,29.5,29.54,492882
2011-06-21 09:45:00,29.49,29.664,29.32,29.664,20719
2011-06-21 10:00:00,29.71,30.08,29.7,29.99,51699
2011-06-21 10:15:00,30.01,30.07,29.96,30.03,76199
2011-06-21 10:30:00,30.03,30.09,30.0,30.03,94611
2011-06-21 10:45:00,30.04,30.05,29.98,30.03,106611
2011-06-21 11:00:00,30.03,30.12,30.02,30.12,114411
2011-06-21 11:15:00,30.16,30.58,30.15,30.52,133052
2011-06-21 11:30:00,30.52,30.57,30.45,30.51,139754
2011-06-21 11:45:00,30.51,30.53,30.46,30.46,144354
2011-06-21 12:00:00,30.5,30.52,30.42,30.47,149758
2011-06-21 12:15:00,30.46,30.53,30.43,30.53,165754
2011-06-21 12:30:00,30.49,30.6,30.49,30.6,172892
2011-06-21 12:45:00,30.6,30.74,30.59,30.64,183646
2011-06-21 13:00:00,30.6,30.6,30.41,30.43,193222
2011-06-21 13:15:00,30.43,30.45,30.4,30.45,197244
2011-06-21 13:30:00,30.44,30.44,30.4,30.4198,199844
2011-06-21 13:45:00,30.4,30.43,30.4,30.41,203727
2011-06-21 14:00:00,30.42,30.45,30.42,30.42,206517
2011-06-21 14:15:00,30.44,30.55,30.44,30.54,213177
2011-06-21 14:30:00,30.54,30.56,30.52,30.54,217077
2011-06-21 14:45:00,30.54,30.6,30.51,30.6,220477
2011-06-21 15:00:00,30.6,30.6,30.52,30.6,226513
2011-06-21 15:15:00,30.6,30.6,30.49,30.5,232609
2011-06-21 15:30:00,30.5,30.57,30.5,30.56,249885
2011-06-21 15:45:00,30.55,30.62,30.54,30.551,275610
2011-06-21 16:00:00,30.57,30.6,30.51,30.53,287274
2011-06-22 09:45:00,30.38,30.5,30.28,30.35,9863
2011-06-22 10:00:00,30.35,30.47,30.195,30.36,46743
2011-06-22 10:15:00,30.34,30.3975,30.26,30.375,77974
2011-06-22 10:30:00,30.37,30.39,30.16,30.18,88174
2011-06-22 10:45:00,30.22,30.38,30.2,30.36,94603
2011-06-22 11:00:00,30.36,30.41,30.29,30.395,103304
2011-06-22 11:15:00,30.41,30.41,30.36,30.37,106169
2011-06-22 11:30:00,30.36,30.378,30.314,30.35,122581
2011-06-22 11:45:00,30.26,30.31,30.26,30.305,123981
2011-06-22 12:00:00,30.32,30.36,30.32,30.34,125542
2011-06-22 12:15:00,30.34,30.345,30.295,30.3,128052
2011-06-22 12:30:00,30.31,30.37,30.165,30.23,137094
2011-06-22 12:45:00,30.21,30.32,30.19,30.29,150371
2011-06-22 13:00:00,30.275,30.3099,30.27,30.29,155844
2011-06-22 13:15:00,30.28,30.29,30.25,30.27,157754
2011-06-22 13:30:00,30.27,30.33,30.25,30.33,164214
2011-06-22 13:45:00,30.32,30.32,30.27,30.3079,185625
2011-06-22 14:00:00,30.3,30.35,30.3,30.31,194625
2011-06-22 14:15:00,30.3,30.32,30.3,30.31,200851
2011-06-22 14:30:00,30.3,30.32,30.18,30.31,219833
2011-06-22 14:45:00,30.3,30.32,30.3,30.31,222333
2011-06-22 15:00:00,30.3075,30.31,30.1,30.25,237096
2011-06-22 15:15:00,30.24,30.35,30.2242,30.23,292122
2011-06-22 15:30:00,30.16,30.21,30.08,30.08,303540
2011-06-22 15:45:00,30.07,30.1,29.95,29.97,309831
2011-06-22 16:00:00,29.96,30.05,29.94,30.02,340045
2011-06-23 09:45:00,29.78,30.23,29.73,30.0,29416
2011-06-23 10:00:00,30.01,30.03,29.72,29.8,112508
2011-06-23 10:15:00,29.79,29.94,29.745,29.88,121229
2011-06-23 10:30:00,29.89,29.93,29.6,29.82,150593
2011-06-23 10:45:00,29.82,29.87,29.74,29.74,210748
2011-06-23 11:00:00,29.72,29.72,29.53,29.603,213548
2011-06-23 11:15:00,29.58,29.59,29.53,29.56,215548
2011-06-23 11:30:00,29.53,29.69,29.53,29.69,249048
2011-06-23 11:45:00,29.65,29.77,29.58,29.68,252815
2011-06-23 12:00:00,29.69,29.83,29.67,29.8,257215
2011-06-23 12:15:00,29.81,29.84,29.8,29.8,262324
2011-06-23 12:30:00,29.81,29.87,29.65,29.87,328042
2011-06-23 12:45:00,29.84,30.02,29.83,30.02,330022
2011-06-23 13:00:00,30.0,30.02,29.94,29.985,332615
2011-06-23 13:15:00,29.99,30.025,29.95,29.985,360730
2011-06-23 13:30:00,29.97,30.01,29.875,29.88,366930
2011-06-23 13:45:00,29.865,29.97,29.865,29.865,369730
2011-06-23 14:00:00,29.83,29.84,29.8,29.83,373965
2011-06-23 14:15:00,29.82,29.82,29.76,29.76,394565
2011-06-23 14:30:00,29.76,30.06,29.745,30.0406,406287
2011-06-23 14:45:00,30.04,30.07,30.0,30.01,413187
2011-06-23 15:00:00,30.01,30.14,29.96,30.135,451666
2011-06-23 15:15:00,30.13,30.13,29.96,30.06,470137
2011-06-23 15:30:00,30.07,30.27,30.065,30.23,598822
2011-06-23 15:45:00,30.22,30.65,30.16,30.62,633506
2011-06-23 16:00:00,30.62,30.93,30.57,30.75,777301
2011-06-24 09:45:00,30.67,30.78,30.23,30.23,15893
2011-06-24 10:00:00,30.17,30.25,29.95,29.99,52793
2011-06-24 10:15:00,29.99,30.01,29.87,29.87,69686
2011-06-24 10:30:00,29.86,29.88,29.77,29.88,78586
2011-06-24 10:45:00,29.84,29.91,29.79,29.87,88926
2011-06-24 11:00:00,29.85,29.88,29.79,29.835,98226
2011-06-24 11:15:00,29.85,29.89,29.76,29.79,110010
2011-06-24 11:30:00,29.82,29.88,29.78,29.82,123464
2011-06-24 11:45:00,29.84,29.9,29.83,29.84,128064
2011-06-24 12:00:00,29.86,29.88,29.81,29.85,138064
2011-06-24 12:15:00,29.85,29.9,29.84,29.88,149467
2011-06-24 12:30:00,29.88,29.92,29.86,29.915,162267
2011-06-24 12:45:00,29.91,29.95,29.88,29.9,175803
2011-06-24 13:00:00,29.9,29.91,29.88,29.91,187595
2011-06-24 13:15:00,29.9,29.92,29.88,29.895,201666
2011-06-24 13:30:00,29.89,29.925,29.89,29.9,213866
2011-06-24 13:45:00,29.9,29.94,29.89,29.9,226056
2011-06-24 14:00:00,29.9,29.915,29.845,29.845,233091
2011-06-24 14:15:00,29.845,29.845,29.66,29.7,249866
2011-06-24 14:30:00,29.69,29.73,29.68,29.73,285269
2011-06-24 14:45:00,29.72,29.73,29.69,29.72,316057
2011-06-24 15:00:00,29.72,29.73,29.67,29.69,337767
2011-06-24 15:15:00,29.69,29.7,29.68,29.7,346867
2011-06-24 15:30:00,29.7,29.75,29.67,29.7,371469
2011-06-24 15:45:00,29.72,29.9,29.71,29.89,398018
2011-06-24 16:00:00,29.89,29.99,29.85,29.98,648725
2011-06-27 09:45:00,29.92,30.15,29.79,29.875,5090
2011-06-27 10:00:00,29.83,29.93,29.83,29.85,10875
2011-06-27 10:15:00,29.86,29.9174,29.73,29.765,23172
2011-06-27 10:30:00,29.8,29.835,29.74,29.78,35763
2011-06-27 10:45:00,29.82,29.83,29.65,29.69,40236
2011-06-27 11:00:00,29.73,29.79,29.68,29.76,42685
2011-06-27 11:15:00,29.77,29.8002,29.71,29.77,45485
2011-06-27 11:30:00,29.77,29.86,29.77,29.825,50139
2011-06-27 11:45:00,29.79,29.86,29.79,29.81,55139
2011-06-27 12:00:00,29.8,29.89,29.79,29.85,60539
2011-06-27 12:15:00,29.85,29.92,29.82,29.84,63675
2011-06-27 12:30:00,29.87,29.89,29.76,29.8,73792
2011-06-27 12:45:00,29.82,29.85,29.81,29.84,74792
2011-06-27 13:00:00,29.84,29.84,29.8,29.8,75092
2011-06-27 13:15:00,29.8,29.84,29.8,29.8,78290
2011-06-27 13:30:00,29.8,29.81,29.78,29.8,80690
2011-06-27 13:45:00,29.791,29.85,29.77,29.77,89033
2011-06-27 14:00:00,29.72,29.75,29.59,29.61,95560
2011-06-27 14:15:00,29.65,29.73,29.65,29.73,100082
2011-06-27 14:30:00,29.73,29.74,29.68,29.74,102382
2011-06-27 14:45:00,29.72,29.72,29.6,29.66,108926
2011-06-27 15:00:00,29.64,29.64,29.48,29.505,123324
2011-06-27 15:15:00,29.5,29.52,29.44,29.45,134128
2011-06-27 15:30:00,29.47,29.52,29.43,29.43,164162
2011-06-27 15:45:00,29.41,29.49,29.36,29.38,182631
2011-06-27 16:00:00,29.37,29.46,29.34,29.4,274430
2011-06-28 09:45:00,29.7,30.08,29.13,29.25,32805
2011-06-28 10:00:00,29.26,29.5,29.19,29.38,64300
2011-06-28 10:15:00,29.38,29.59,29.35,29.56,88461
2011-06-28 10:30:00,29.6,29.75,29.6,29.74,102198
2011-06-28 10:45:00,29.77,29.82,29.49,29.57,134742
2011-06-28 11:00:00,29.62,29.67,29.58,29.59,147642
2011-06-28 11:15:00,29.6,29.63,29.57,29.6,156206
2011-06-28 11:30:00,29.6,29.65,29.6,29.65,161086
2011-06-28 11:45:00,29.65,29.65,29.62,29.63,166356
2011-06-28 12:00:00,29.63,29.657,29.49,29.52,179956
2011-06-28 12:15:00,29.52,29.6,29.38,29.6,218715
2011-06-28 12:30:00,29.6,29.65,29.58,29.59,238815
2011-06-28 12:45:00,29.59,29.6,29.58,29.6,243015
2011-06-28 13:00:00,29.6,29.74,29.59,29.69,272537
2011-06-28 13:15:00,29.7008,29.73,29.61,29.69,351541
2011-06-28 13:30:00,29.71,29.75,29.7,29.71,353741
2011-06-28 13:45:00,29.7,29.72,29.69,29.7,358213
2011-06-28 14:00:00,29.7,29.71,29.69,29.71,361355
2011-06-28 14:15:00,29.71,29.89,29.7,29.8,366355
2011-06-28 14:30:00,29.8,29.8,29.73,29.76,378270
2011-06-28 14:45:00,29.75,29.76,29.74,29.75,381050
2011-06-28 15:00:00,29.74,29.85,29.74,29.75,392350
2011-06-28 15:15:00,29.78,29.83,29.76,29.83,394965
2011-06-28 15:30:00,29.82,29.85,29.79,29.85,399110
2011-06-28 15:45:00,29.83,29.9,29.81,29.82,413810
2011-06-28 16:00:00,29.83,29.94,29.82,29.91,429710
2011-06-29 09:45:00,29.97,30.15,29.83,29.92,28733
2011-06-29 10:00:00,29.92,29.95,29.73,29.94,98153
2011-06-29 10:15:00,29.95,30.05,29.93,30.05,107053
2011-06-29 10:30:00,30.1,30.26,30.06,30.2,115976
2011-06-29 10:45:00,30.21,30.27,30.14,30.145,123687
2011-06-29 11:00:00,30.13,30.185,30.13,30.185,130687
2011-06-29 11:15:00,30.18,30.18,30.08,30.11,175731
2011-06-29 11:30:00,30.12,30.26,30.11,30.2,189235
2011-06-29 11:45:00,30.2,30.53,30.2,30.5,199989
2011-06-29 12:00:00,30.5,30.5,30.35,30.415,222070
2011-06-29 12:15:00,30.415,30.47,30.36,30.4,266163
2011-06-29 12:30:00,30.45,30.57,30.379,30.379,277645
2011-06-29 12:45:00,30.39,30.4075,30.26,30.36,293865
2011-06-29 13:00:00,30.37,30.43,30.34,30.4,306175
2011-06-29 13:15:00,30.4,30.42,30.34,30.37,371735
2011-06-29 13:30:00,30.38,30.41,30.3775,30.39,378635
2011-06-29 13:45:00,30.39,30.415,30.37,30.4,395838
2011-06-29 14:00:00,30.4,30.41,30.36,30.36,405038
2011-06-29 14:15:00,30.365,30.37,30.33,30.35,417338
2011-06-29 14:30:00,30.35,30.4,30.31,30.34,427038
2011-06-29 14:45:00,30.34,30.39,30.33,30.36,438040
2011-06-29 15:00:00,30.35,30.41,30.3205,30.41,446473
2011-06-29 15:15:00,30.42,30.6,30.42,30.57,471771
2011-06-29 15:30:00,30.5667,30.67,30.53,30.67,480466
2011-06-29 15:45:00,30.69,30.72,30.6,30.6,498935
2011-06-29 16:00:00,30.6,30.62,30.36,30.42,618331
2011-06-30 09:45:00,30.63,31.33,30.43,31.32,31427
2011-06-30 10:00:00,31.32,31.44,31.16,31.3662,220155
2011-06-30 10:15:00,31.38,31.68,31.38,31.55,231310
2011-06-30 10:30:00,31.47,31.47,31.05,31.05,256067
2011-06-30 10:45:00,31.08,31.1,30.95,30.98,268989
2011-06-30 11:00:00,30.97,31.07,30.97,31.0,291169
2011-06-30 11:15:00,31.0,31.01,30.94,30.96,304569
2011-06-30 11:30:00,30.97,30.99,30.8436,30.86,310677
2011-06-30 11:45:00,30.86,30.9,30.84,30.84,319077
2011-06-30 12:00:00,30.85,30.9,30.82,30.86,327177
2011-06-30 12:15:00,30.86,30.92,30.86,30.92,339287
2011-06-30 12:30:00,30.94,31.0,30.93,30.95,346031
2011-06-30 12:45:00,30.95,30.97,30.88,30.88,355523
2011-06-30 13:00:00,30.92,30.95,30.9,30.9,360323
2011-06-30 13:15:00,30.89,30.98,30.88,30.89,366125
2011-06-30 13:30:00,30.89,30.93,30.85,30.93,373425
2011-06-30 13:45:00,30.93,31.02,30.93,31.0,376775
2011-06-30 14:00:00,30.99,31.0,30.98,30.99,388257
2011-06-30 14:15:00,30.99,31.0,30.98,30.99,393857
2011-06-30 14:30:00,30.99,31.0,30.98,31.0,445457
2011-06-30 14:45:00,30.984,31.07,30.98,31.06,458548
2011-06-30 15:00:00,31.06,31.1,31.0001,31.07,571246
2011-06-30 15:15:00,31.06,31.13,31.02,31.07,615543
2011-06-30 15:30:00,31.05,31.23,31.04,31.22,627044
2011-06-30 15:45:00,31.22,31.25,31.21,31.25,644828
2011-06-30 16:00:00,31.25,31.25,31.11,31.14,721263
2011-07-01 09:45:00,31.11,31.29,31.0,31.0,22121
2011-07-01 10:00:00,31.0,31.0,30.65,30.67,35521
2011-07-01 10:15:00,30.66,30.98,30.59,30.6,47376
2011-07-01 10:30:00,30.6,30.63,30.28,30.5,72391
2011-07-01 10:45:00,30.5,30.53,30.41,30.41,95857
2011-07-01 11:00:00,30.4,30.51,30.4,30.44,111457
2011-07-01 11:15:00,30.43,30.49,30.4,30.46,133649
2011-07-01 11:30:00,30.46,30.48,30.4,30.41,143524
2011-07-01 11:45:00,30.4,30.41,30.17,30.175,158722
2011-07-01 12:00:00,30.18,30.4,30.18,30.36,173459
2011-07-01 12:15:00,30.36,30.39,30.33,30.35,181715
2011-07-01 12:30:00,30.35,30.36,30.34,30.34,190685
2011-07-01 12:45:00,30.34,30.4,30.22,30.39,214601
2011-07-01 13:00:00,30.38,30.39,30.38,30.39,217712
2011-07-01 13:15:00,30.38,30.5,30.37,30.48,231932
2011-07-01 13:30:00,30.46,30.48,30.38,30.46,237620
2011-07-01 13:45:00,30.46,31.0,30.46,30.98,295420
2011-07-01 14:00:00,30.99,30.99,30.78,30.85,382126
2011-07-01 14:15:00,30.79,30.99,30.79,30.96,411838
2011-07-01 14:30:00,30.95,30.99,30.92,30.94,426618
2011-07-01 14:45:00,30.92,30.935,30.8,30.845,439118
2011-07-01 15:00:00,30.85,30.85,30.77,30.85,445081
2011-07-01 15:15:00,30.85,30.87,30.77,30.83,451292
2011-07-01 15:30:00,30.83,30.83,30.69,30.76,461692
2011-07-01 15:45:00,30.75,30.84,30.6,30.78,550692
2011-07-01 16:00:00,30.8,30.89,30.74,30.83,603611
2011-07-05 09:45:00,30.74,30.95,30.44,30.47,4637
2011-07-05 10:00:00,30.51,30.68,30.5,30.5,10837
2011-07-05 10:15:00,30.51,30.6,30.44,30.5,17637
2011-07-05 10:30:00,30.47,30.5,30.43,30.43,21537
2011-07-05 10:45:00,30.46,30.64,30.46,30.53,32452
2011-07-05 11:00:00,30.5,30.51,30.37,30.38,35593
2011-07-05 11:15:00,30.38,30.4,30.3,30.39,39238
2011-07-05 11:30:00,30.34,30.3425,30.2,30.28,43095
2011-07-05 11:45:00,30.28,30.35,30.27,30.29,48295
2011-07-05 12:00:00,30.29,30.35,30.27,30.33,54695
2011-07-05 12:15:00,30.3499,30.3499,30.3,30.34,56495
2011-07-05 12:30:00,30.34,30.41,30.31,30.41,61743
2011-07-05 12:45:00,30.42,30.57,30.4,30.54,64743
2011-07-05 13:00:00,30.55,30.59,30.5,30.59,68043
2011-07-05 13:15:00,30.59,30.65,30.53,30.65,74844
2011-07-05 13:30:00,30.65,30.74,30.65,30.74,83044
2011-07-05 13:45:00,30.74,30.78,30.67,30.74,91458
2011-07-05 14:00:00,30.75,30.85,30.74,30.82,96358
2011-07-05 14:15:00,30.79,30.82,30.7,30.71,100658
2011-07-05 14:30:00,30.71,30.73,30.64,30.72,109458
2011-07-05 14:45:00,30.69,30.78,30.69,30.7598,117358
2011-07-05 15:00:00,30.75,30.76,30.75,30.75,119458
2011-07-05 15:15:00,30.75,30.8469,30.75,30.81,128258
2011-07-05 15:30:00,30.83,30.86,30.81,30.85,136105
2011-07-05 15:45:00,30.85,30.91,30.85,30.85,150397
2011-07-05 16:00:00,30.86,30.91,30.84,30.89,175454
2011-07-06 09:45:00,30.91,30.91,30.49,30.5,31815
2011-07-06 10:00:00,30.51,30.71,30.41,30.525,47965
2011-07-06 10:15:00,30.52,30.64,30.495,30.6,55265
2011-07-06 10:30:00,30.6,30.76,30.5,30.73,60665
2011-07-06 10:45:00,30.745,30.82,30.67,30.72,66565
2011-07-06 11:00:00,30.745,30.9075,30.72,30.9075,73869
2011-07-06 11:15:00,30.9,31.02,30.89,31.0,130782
2011-07-06 11:30:00,30.985,30.99,30.7,30.735,136218
2011-07-06 11:45:00,30.75,30.85,30.75,30.83,137318
2011-07-06 12:00:00,30.7911,30.81,30.63,30.67,142823
2011-07-06 12:15:00,30.67,30.71,30.65,30.695,145349
2011-07-06 12:30:00,30.7,30.79,30.69,30.79,146649
2011-07-06 12:45:00,30.8,30.97,30.8,30.935,151349
2011-07-06 13:00:00,30.94,31.06,30.9,31.04,182150
2011-07-06 13:15:00,31.03,31.2,31.02,31.16,190630
2011-07-06 13:30:00,31.15,31.18,31.15,31.16,196977
2011-07-06 13:45:00,31.17,31.19,31.14,31.15,207806
2011-07-06 14:00:00,31.1,31.1,31.03,31.04,209306
2011-07-06 14:15:00,31.06,31.08,30.96,30.98,213106
2011-07-06 14:30:00,30.96,31.005,30.9,30.9,217844
2011-07-06 14:45:00,30.89,30.935,30.87,30.92,220864
2011-07-06 15:00:00,30.93,30.93,30.66,30.66,236233
2011-07-06 15:15:00,30.68,30.69,30.49,30.6,259706
2011-07-06 15:30:00,30.61,30.62,30.53,30.54,264748
2011-07-06 15:45:00,30.57,30.69,30.56,30.6,279323
2011-07-06 16:00:00,30.62,30.68,30.61,30.66,294123
2011-07-07 09:45:00,30.84,31.12,30.84,30.92,5310
2011-07-07 10:00:00,30.97,30.97,30.7206,30.89,12259
2011-07-07 10:15:00,30.9,31.01,30.9,31.01,14059
2011-07-07 10:30:00,31.04,31.11,30.96,31.04,20018
2011-07-07 10:45:00,31.14,31.23,31.13,31.17,24580
2011-07-07 11:00:00,31.18,31.2562,31.18,31.2562,27880
2011-07-07 11:15:00,31.22,31.29,31.19,31.22,31780
2011-07-07 11:30:00,31.27,31.27,31.2,31.25,34385
2011-07-07 11:45:00,31.27,31.34,31.2678,31.33,39338
2011-07-07 12:00:00,31.32,31.44,31.32,31.44,44638
2011-07-07 12:15:00,31.44,31.55,31.44,31.55,48738
2011-07-07 12:30:00,31.55,31.73,31.55,31.7,56638
2011-07-07 12:45:00,31.71,31.75,31.58,31.61,61750
2011-07-07 13:00:00,31.57,31.58,31.37,31.4787,73090
2011-07-07 13:15:00,31.45,31.59,31.31,31.59,83217
2011-07-07 13:30:00,31.61,31.63,31.56,31.57,87277
2011-07-07 13:45:00,31.57,31.66,31.57,31.66,91197
2011-07-07 14:00:00,31.66,31.68,31.59,31.62,96155
2011-07-07 14:15:00,31.63,31.73,31.63,31.72,101355
2011-07-07 14:30:00,31.72,31.76,31.71,31.76,105355
2011-07-07 14:45:00,31.78,31.8,31.77,31.79,110045
2011-07-07 15:00:00,31.78,31.79,31.52,31.56,121845
2011-07-07 15:15:00,31.53,31.56,31.34,31.4,139278
2011-07-07 15:30:00,31.38,31.44,31.33,31.4,147878
2011-07-07 15:45:00,31.4088,31.41,31.26,31.31,159871
2011-07-07 16:00:00,31.31,31.39,31.281,31.34,200076
2011-07-08 09:45:00,30.93,30.93,30.73,30.8225,8584
2011-07-08 10:00:00,30.84,31.01,30.84,31.0,23247
2011-07-08 10:15:00,31.0,31.0,30.83,30.94,29747
2011-07-08 10:30:00,30.93,30.96,30.7,30.7,35647
2011-07-08 10:45:00,30.71,30.73,30.58,30.6,43272
2011-07-08 11:00:00,30.56,30.6,30.48,30.57,49372
2011-07-08 11:15:00,30.56,30.56,30.31,30.32,52972
2011-07-08 11:30:00,30.33,30.5,30.33,30.44,55772
2011-07-08 11:45:00,30.44,30.537,30.4,30.52,57695
2011-07-08 12:00:00,30.56,30.56,30.49,30.53,58695
2011-07-08 12:15:00,30.53,30.61,30.53,30.61,59995
2011-07-08 12:30:00,30.6,30.63,30.56,30.56,62045
2011-07-08 12:45:00,30.56,30.61,30.551,30.61,62545
2011-07-08 13:00:00,30.61,30.69,30.59,30.65,76245
2011-07-08 13:15:00,30.63,30.63,30.58,30.6,77045
2011-07-08 13:30:00,30.6,30.61,30.5507,30.6,79945
2011-07-08 13:45:00,30.6001,30.7,30.6001,30.7,81045
2011-07-08 14:00:00,30.69,30.69,30.6,30.61,83181
2011-07-08 14:15:00,30.6088,30.62,30.57,30.58,84742
2011-07-08 14:30:00,30.58,30.58,30.51,30.51,86742
2011-07-08 14:45:00,30.54,30.6,30.54,30.56,87663
2011-07-08 15:00:00,30.52,30.52,30.49,30.49,88363
2011-07-08 15:15:00,30.46,30.54,30.46,30.54,91540
2011-07-08 15:30:00,30.54,30.55,30.48,30.48,97130
2011-07-08 15:45:00,30.46,30.71,30.46,30.7,121131
2011-07-08 16:00:00,30.66,30.7568,30.61,30.63,135540
2011-07-11 09:45:00,30.32,30.51,30.2701,30.37,1974
2011-07-11 10:00:00,30.3312,30.37,30.29,30.34,2574
2011-07-11 10:15:00,30.32,30.34,30.13,30.22,6124
2011-07-11 10:30:00,30.03,30.08,30.01,30.07,6824
2011-07-11 10:45:00,30.1,30.1,30.0,30.01,8974
2011-07-11 11:00:00,30.0,30.05,30.0,30.03,10474
2011-07-11 11:15:00,30.045,30.07,30.0,30.0,22890
2011-07-11 11:30:00,30.01,30.09,30.0,30.05,25990
2011-07-11 11:45:00,30.06,30.13,30.05,30.09,27890
2011-07-11 12:00:00,30.1,30.16,30.1,30.16,29590
2011-07-11 12:15:00,30.15,30.28,30.15,30.21,35990
2011-07-11 12:30:00,30.15,30.27,30.15,30.24,37890
2011-07-11 12:45:00,30.21,30.25,30.19,30.24,39490
2011-07-11 13:00:00,30.2,30.21,30.15,30.15,41190
2011-07-11 13:15:00,30.15,30.21,30.08,30.14,44290
2011-07-11 13:30:00,30.15,30.2,30.01,30.13,51437
2011-07-11 13:45:00,30.1374,30.17,30.1,30.15,53164
2011-07-11 14:00:00,30.15,30.18,30.11,30.11,54664
2011-07-11 14:15:00,30.11,30.13,30.08,30.09,57864
2011-07-11 14:30:00,30.08,30.09,30.0,30.03,61928
2011-07-11 14:45:00,30.03,30.04,30.0,30.04,64928
2011-07-11 15:00:00,30.01,30.015,30.0,30.01,67189
2011-07-11 15:15:00,30.02,30.03,30.0,30.02,73618
2011-07-11 15:30:00,30.03,30.1,30.0,30.06,78218
2011-07-11 15:45:00,30.05,30.06,30.01,30.02,83748
2011-07-11 16:00:00,30.02,30.07,30.0,30.07,97975
2011-07-12 09:45:00,29.84,29.94,29.75,29.9,19995
2011-07-12 10:00:00,29.92,30.13,29.88,30.1,56715
2011-07-12 10:15:00,30.09,30.1,29.97,29.97,93356
2011-07-12 10:30:00,29.99,30.1,29.98,30.1,95554
2011-07-12 10:45:00,30.15,30.15,30.06,30.13,100754
2011-07-12 11:00:00,30.13,30.17,29.98,30.02,114233
2011-07-12 11:15:00,30.0,30.04,29.89,30.01,125177
2011-07-12 11:30:00,29.97,30.07,29.97,30.07,128846
2011-07-12 11:45:00,30.05,30.1,30.03,30.09,130443
2011-07-12 12:00:00,30.08,30.15,30.0404,30.09,136943
2011-07-12 12:15:00,30.1,30.18,30.09,30.17,142147
2011-07-12 12:30:00,30.16,30.16,30.06,30.06,143347
2011-07-12 12:45:00,30.05,30.07,30.02,30.06,144430
2011-07-12 13:00:00,30.07,30.13,30.03,30.13,145230
2011-07-12 13:15:00,30.13,30.18,30.13,30.18,146510
2011-07-12 13:30:00,30.16,30.18,30.14,30.17,148210
2011-07-12 13:45:00,30.17,30.22,30.17,30.18,150523
2011-07-12 14:00:00,30.18,30.22,30.18,30.18,151723
2011-07-12 14:15:00,30.21,30.36,30.2,30.24,160021
2011-07-12 14:30:00,30.23,30.32,30.23,30.27,164782
2011-07-12 14:45:00,30.27,30.27,30.17,30.22,171532
2011-07-12 15:00:00,30.22,30.22,30.12,30.16,175532
2011-07-12 15:15:00,30.15,30.16,29.99,29.99,190584
2011-07-12 15:30:00,29.99,30.06,29.97,30.01,194318
2011-07-12 15:45:00,29.99,30.0,29.91,29.95,201718
2011-07-12 16:00:00,29.96,30.14,29.945,30.03,242371
2011-07-13 09:45:00,30.31,30.65,30.22,30.52,13052
2011-07-13 10:00:00,30.47,30.57,30.43,30.49,25052
2011-07-13 10:15:00,30.49,30.85,30.49,30.79,33383
2011-07-13 10:30:00,30.79,31.02,30.79,30.92,36582
2011-07-13 10:45:00,31.02,31.12,31.02,31.09,37782
2011-07-13 11:00:00,31.03,31.09,30.99,30.99,43982
2011-07-13 11:15:00,30.96,30.96,30.9,30.93,45428
2011-07-13 11:30:00,30.95,30.95,30.88,30.93,52494
2011-07-13 11:45:00,30.84,30.86,30.7639,30.78,56068
2011-07-13 12:00:00,30.8,30.83,30.67,30.68,68971
2011-07-13 12:15:00,30.65,30.69,30.65,30.69,70671
2011-07-13 12:30:00,30.68,30.72,30.65,30.681,72782
2011-07-13 12:45:00,30.68,30.69,30.64,30.65,75606
2011-07-13 13:00:00,30.6503,30.72,30.65,30.67,77806
2011-07-13 13:15:00,30.65,30.68,30.59,30.59,80920
2011-07-13 13:30:00,30.59,30.61,30.53,30.56,83220
2011-07-13 13:45:00,30.55,30.59,30.52,30.57,85323
2011-07-13 14:00:00,30.58,30.59,30.5,30.52,88323
2011-07-13 14:15:00,30.5,30.53,30.46,30.46,94923
2011-07-13 14:30:00,30.45,30.5,30.33,30.33,98523
2011-07-13 14:45:00,30.35,30.41,30.29,30.31,105223
2011-07-13 15:00:00,30.3,30.35,30.29,30.29,119943
2011-07-13 15:15:00,30.28,30.32,30.16,30.16,131885
2011-07-13 15:30:00,30.18,30.22,30.14,30.15,142965
2011-07-13 15:45:00,30.16,30.19,29.97,29.99,170660
2011-07-13 16:00:00,30.02,30.12,30.02,30.07,190569
2011-07-14 09:45:00,30.1,30.28,29.9,29.965,7062
2011-07-14 10:00:00,29.96,30.09,29.94,30.0,15106
2011-07-14 10:15:00,30.05,30.05,29.92,30.0,19056
2011-07-14 10:30:00,30.01,30.09,29.99,30.06,28638
2011-07-14 10:45:00,30.06,30.13,29.97,30.07,35191
2011-07-14 11:00:00,30.07,30.07,29.8,29.86,41707
2011-07-14 11:15:00,29.85,29.93,29.81,29.91,47407
2011-07-14 11:30:00,29.88,29.93,29.8799,29.91,53507
2011-07-14 11:45:00,29.9,29.93,29.85,29.92,60838
2011-07-14 12:00:00,29.9,29.91,29.86,29.88,68346
2011-07-14 12:15:00,29.89,29.92,29.85,29.91,83346
2011-07-14 12:30:00,29.88,29.92,29.71,29.71,135820
2011-07-14 12:45:00,29.71,29.8725,29.71,29.86,147520
2011-07-14 13:00:00,29.84,29.87,29.64,29.74,160020
2011-07-14 13:15:00,29.7,29.84,29.7,29.71,171468
2011-07-14 13:30:00,29.75,29.88,29.61,29.88,188868
2011-07-14 13:45:00,29.86,29.95,29.86,29.92,216686
2011-07-14 14:00:00,29.92,30.09,29.875,30.0,228786
2011-07-14 14:15:00,30.02,30.12,29.99,30.1,240401
2011-07-14 14:30:00,30.11,30.15,29.995,30.03,248701
2011-07-14 14:45:00,30.05,30.05,30.0,30.01,255901
2011-07-14 15:00:00,30.0,30.05,29.995,30.04,297201
2011-07-14 15:15:00,30.06,30.13,29.99,30.02,309223
2011-07-14 15:30:00,30.03,30.03,29.985,30.005,323486
2011-07-14 15:45:00,30.0072,30.19,30.0,30.19,370219
2011-07-14 16:00:00,30.19,30.44,30.05,30.29,498797
2011-07-15 09:45:00,30.68,31.23,30.68,31.23,24955
2011-07-15 10:00:00,31.23,31.48,30.89,31.21,45277
2011-07-15 10:15:00,31.21,31.39,31.11,31.17,54577
2011-07-15 10:30:00,31.17,31.17,30.97,31.04,111528
2011-07-15 10:45:00,31.04,31.21,30.97,31.21,125568
2011-07-15 11:00:00,31.15,31.15,30.98,31.0,133668
2011-07-15 11:15:00,31.0,31.0,30.97,31.0,140396
2011-07-15 11:30:00,30.97,31.0,30.87,30.91,144083
2011-07-15 11:45:00,30.915,31.005,30.9,30.96,163171
2011-07-15 12:00:00,30.96,31.0,30.93,30.94,178301
2011-07-15 12:15:00,30.95,31.0,30.95,30.995,189047
2011-07-15 12:30:00,30.99,31.0,30.951,30.98,203930
2011-07-15 12:45:00,31.0,31.0,30.95,30.96,209130
2011-07-15 13:00:00,30.96,31.0,30.96,31.0,217800
2011-07-15 13:15:00,31.0,31.0,30.98,31.0,236574
2011-07-15 13:30:00,31.0,31.0,30.99,30.99,248074
2011-07-15 13:45:00,31.0,31.0,30.96,30.99,253674
2011-07-15 14:00:00,30.97,31.0,30.93,30.96,267197
2011-07-15 14:15:00,30.96,30.98,30.945,30.98,273997
2011-07-15 14:30:00,30.98,31.0,30.9672,30.98,281912
2011-07-15 14:45:00,30.985,30.99,30.95,30.96,295412
2011-07-15 15:00:00,30.96,31.0,30.95,30.96,314718
2011-07-15 15:15:00,30.95,30.99,30.943,30.97,347673
2011-07-15 15:30:00,30.97,30.97,30.89,30.9,379654
2011-07-15 15:45:00,30.9,31.0,30.87,31.0,397762
2011-07-15 16:00:00,31.0,31.07,30.96,31.03,488147
2011-07-18 09:45:00,30.99,31.12,30.7,30.71,3482
2011-07-18 10:00:00,30.72,30.73,30.68,30.7,11882
2011-07-18 10:15:00,30.68,30.68,30.57,30.58,13782
2011-07-18 10:30:00,30.55,30.73,30.55,30.59,24054
2011-07-18 10:45:00,30.595,30.62,30.47,30.5204,30720
2011-07-18 11:00:00,30.5202,30.54,30.44,30.45,33420
2011-07-18 11:15:00,30.51,30.54,30.4938,30.52,35273
2011-07-18 11:30:00,30.52,30.59,30.48,30.52,39773
2011-07-18 11:45:00,30.51,30.51,30.46,30.46,49516
2011-07-18 12:00:00,30.439,30.46,30.4,30.4,53173
2011-07-18 12:15:00,30.4,30.4,30.36,30.4,54754
2011-07-18 12:30:00,30.41,30.41,30.35,30.35,59454
2011-07-18 12:45:00,30.35,30.38,30.26,30.26,66425
2011-07-18 13:00:00,30.23,30.32,30.19,30.32,73348
2011-07-18 13:15:00,30.29,30.55,30.29,30.55,82697
2011-07-18 13:30:00,30.57,30.57,30.45,30.54,92027
2011-07-18 13:45:00,30.56,30.74,30.55,30.59,101819
2011-07-18 14:00:00,30.59,30.63,30.53,30.59,111169
2011-07-18 14:15:00,30.59,30.72,30.58,30.68,119176
2011-07-18 14:30:00,30.68,30.73,30.54,30.54,129688
2011-07-18 14:45:00,30.55,30.6,30.5,30.57,141488
2011-07-18 15:00:00,30.6,30.61,30.47,30.47,162118
2011-07-18 15:15:00,30.5,30.51,30.41,30.51,171164
2011-07-18 15:30:00,30.48,30.51,30.14,30.19,191232
2011-07-18 15:45:00,30.2,30.31,30.18,30.27,206617
2011-07-18 16:00:00,30.27,30.56,30.27,30.53,337186
2011-07-19 09:45:00,30.63,31.0,30.63,30.97,4423
2011-07-19 10:00:00,30.87,31.08,30.87,31.07,7523
2011-07-19 10:15:00,31.08,31.34,30.97,31.31,38953
2011-07-19 10:30:00,31.32,31.34,31.11,31.14,56440
2011-07-19 10:45:00,31.15,31.16,31.08,31.14,80640
2011-07-19 11:00:00,31.14,31.21,30.95,30.96,91604
2011-07-19 11:15:00,31.01,31.04,30.88,30.88,94908
2011-07-19 11:30:00,30.93,30.98,30.89,30.98,95708
2011-07-19 11:45:00,30.98,30.98,30.88,30.88,97008
2011-07-19 12:00:00,30.92,30.97,30.92,30.97,97708
2011-07-19 12:15:00,30.97,30.99,30.94,30.94,99350
2011-07-19 12:30:00,30.95,30.95,30.91,30.92,101521
2011-07-19 12:45:00,30.91,30.93,30.71,30.77,114851
2011-07-19 13:00:00,30.77,30.83,30.77,30.82,117151
2011-07-19 13:15:00,30.84,30.84,30.73,30.7465,122494
2011-07-19 13:30:00,30.77,30.83,30.76,30.82,124394
2011-07-19 13:45:00,30.83,30.86,30.75,30.85,131694
2011-07-19 14:00:00,30.845,30.85,30.8,30.85,136894
2011-07-19 14:15:00,30.835,30.86,30.79,30.855,142398
2011-07-19 14:30:00,30.845,30.845,30.77,30.8,148521
2011-07-19 14:45:00,30.81,30.855,30.81,30.84,151704
2011-07-19 15:00:00,30.845,30.88,30.79,30.81,166404
2011-07-19 15:15:00,30.81,30.81,30.805,30.81,172904
2011-07-19 15:30:00,30.81,30.81,30.8,30.8,178793
2011-07-19 15:45:00,30.81,30.81,30.8,30.81,188740
2011-07-19 16:00:00,30.81,30.84,30.8,30.84,226672
2011-07-20 09:45:00,30.81,30.92,30.7023,30.89,8448
2011-07-20 10:00:00,30.89,31.0,30.81,30.99,15058
2011-07-20 10:15:00,30.99,30.99,30.76,30.8,17558
2011-07-20 10:30:00,30.72,30.72,30.44,30.67,28221
2011-07-20 10:45:00,30.66,30.68,30.51,30.51,35321
2011-07-20 11:00:00,30.56,30.6097,30.5,30.55,46064
2011-07-20 11:15:00,30.55,30.57,30.3,30.52,65130
2011-07-20 11:30:00,30.51,30.56,30.22,30.26,88915
2011-07-20 11:45:00,30.27,30.5,30.26,30.29,106265
2011-07-20 12:00:00,30.27,30.41,30.2,30.25,131153
2011-07-20 12:15:00,30.25,30.29,30.1,30.29,199668
2011-07-20 12:30:00,30.28,30.3,30.2392,30.3,210131
2011-07-20 12:45:00,30.27,30.28,30.23,30.27,221000
2011-07-20 13:00:00,30.26,30.26,30.21,30.26,258258
2011-07-20 13:15:00,30.24,30.45,30.23,30.45,267393
2011-07-20 13:30:00,30.4372,30.47,30.43,30.46,270549
2011-07-20 13:45:00,30.47,30.47,30.39,30.4,308642
2011-07-20 14:00:00,30.39,30.4,30.36,30.36,339914
2011-07-20 14:15:00,30.36,30.4,30.36,30.37,342126
2011-07-20 14:30:00,30.3947,30.395,30.35,30.37,350204
2011-07-20 14:45:00,30.38,30.4,30.37,30.4,351704
2011-07-20 15:00:00,30.395,30.395,30.38,30.39,361304
2011-07-20 15:15:00,30.39,30.4,30.33,30.34,388450
2011-07-20 15:30:00,30.34,30.34,30.2,30.25,401615
2011-07-20 15:45:00,30.24,30.24,30.17,30.21,412773
2011-07-20 16:00:00,30.23,30.25,30.13,30.22,437679
2011-07-21 09:45:00,30.5,30.7,30.33,30.5,450549
2011-07-21 10:00:00,30.5,30.59,30.48,30.52,596603
2011-07-21 10:15:00,30.51,30.58,30.43,30.5,713114
2011-07-21 10:30:00,30.5,30.57,30.44,30.55,722514
2011-07-21 10:45:00,30.6,30.74,30.47,30.525,747132
2011-07-21 11:00:00,30.52,30.54,30.475,30.49,755914
2011-07-21 11:15:00,30.48,30.52,30.41,30.5,823839
2011-07-21 11:30:00,30.5,30.5,30.4,30.475,881839
2011-07-21 11:45:00,30.4725,30.5,30.45,30.5,887677
2011-07-21 12:00:00,30.4825,30.55,30.45,30.55,897380
2011-07-21 12:15:00,30.55,30.55,30.5,30.5,1011242
2011-07-21 12:30:00,30.5,30.51,30.47,30.51,1042178
2011-07-21 12:45:00,30.52,30.6,30.5,30.6,1097678
2011-07-21 13:00:00,30.6,30.61,30.51,30.5325,1126229
2011-07-21 13:15:00,30.535,30.54,30.4548,30.462,1130905
2011-07-21 13:30:00,30.47,30.47,30.42,30.44,1136039
2011-07-21 13:45:00,30.45,30.49,30.4,30.49,1138576
2011-07-21 14:00:00,30.47,30.498,30.45,30.49,1141776
2011-07-21 14:15:00,30.48,30.53,30.48,30.52,1145776
2011-07-21 14:30:00,30.52,30.53,30.48,30.48,1149632
2011-07-21 14:45:00,30.48,30.53,30.44,30.48,1153884
2011-07-21 15:00:00,30.49,30.505,30.45,30.505,1159092
2011-07-21 15:15:00,30.5,30.5,30.46,30.47,1165692
2011-07-21 15:30:00,30.48,30.535,30.47,30.52,1326536
2011-07-21 15:45:00,30.51,30.52,30.49,30.5,1338239
2011-07-21 16:00:00,30.49,30.53,30.46,30.48,1394691
2011-07-22 09:45:00,30.62,30.82,30.55,30.6,7562
2011-07-22 10:00:00,30.615,30.66,30.46,30.64,80768
2011-07-22 10:15:00,30.63,31.08,30.55,30.976,172570
2011-07-22 10:30:00,30.94,30.94,30.76,30.79,175044
2011-07-22 10:45:00,30.798,30.83,30.795,30.82,180050
2011-07-22 11:00:00,30.82,31.0,30.76,30.9,260275
2011-07-22 11:15:00,30.92,30.93,30.9,30.93,261275
2011-07-22 11:30:00,30.94,31.0,30.935,30.98,268241
2011-07-22 11:45:00,30.98,30.9843,30.9,30.91,270676
2011-07-22 12:00:00,30.91,30.91,30.88,30.88,271176
2011-07-22 12:15:00,30.88,30.92,30.85,30.92,274082
2011-07-22 12:30:00,30.96,30.97,30.93,30.93,275782
2011-07-22 12:45:00,30.93,30.94,30.91,30.93,277482
2011-07-22 13:00:00,30.91,31.08,30.91,31.0,330297
2011-07-22 13:15:00,31.0,31.01,30.95,31.0003,339347
2011-07-22 13:30:00,31.03,31.03,30.95,30.95,345455
2011-07-22 13:45:00,30.96,30.96,30.88,30.89,372830
2011-07-22 14:00:00,30.89,30.91,30.88,30.905,400830
2011-07-22 14:15:00,30.9,31.11,30.9,31.105,415609
2011-07-22 14:30:00,31.12,31.33,31.0,31.02,502861
2011-07-22 14:45:00,31.02,31.13,31.02,31.1,511238
2011-07-22 15:00:00,31.095,31.25,31.095,31.24,521480
2011-07-22 15:15:00,31.25,31.35,31.22,31.24,577001
2011-07-22 15:30:00,31.21,31.22,31.03,31.07,585829
2011-07-22 15:45:00,31.07,31.1,30.87,30.9,627477
2011-07-22 16:00:00,30.9,30.94,30.82,30.92,729625
2011-07-25 09:45:00,30.58,30.71,30.35,30.53,68493
2011-07-25 10:00:00,30.54,30.56,30.46,30.48,70593
2011-07-25 10:15:00,30.49,31.09,30.46,30.98,92793
2011-07-25 10:30:00,30.97,30.97,30.58,30.582,98242
2011-07-25 10:45:00,30.59,30.6,30.36,30.46,106342
2011-07-25 11:00:00,30.46,30.5,30.38,30.5,112642
2011-07-25 11:15:00,30.5,30.7,30.42,30.42,303743
2011-07-25 11:30:00,30.42,30.49,30.31,30.46,308143
2011-07-25 11:45:00,30.475,30.475,30.43,30.47,310335
2011-07-25 12:00:00,30.47,30.48,30.4275,30.43,312099
2011-07-25 12:15:00,30.43,30.5,30.43,30.5,315399
2011-07-25 12:30:00,30.5,30.5,30.49,30.49,320199
2011-07-25 12:45:00,30.5,30.57,30.47,30.57,333698
2011-07-25 13:00:00,30.63,30.73,30.49,30.49,349044
2011-07-25 13:15:00,30.44,30.5,30.44,30.5,354888
2011-07-25 13:30:00,30.5,30.51,30.49,30.49,360363
2011-07-25 13:45:00,30.5,30.5,30.39,30.47,366163
2011-07-25 14:00:00,30.46,30.6,30.46,30.5,375897
2011-07-25 14:15:00,30.5,30.51,30.42,30.5,472197
2011-07-25 14:30:00,30.5,30.53,30.48,30.48,482897
2011-07-25 14:45:00,30.51,30.51,30.46,30.49,488492
2011-07-25 15:00:00,30.49,30.53,30.47,30.49,572642
2011-07-25 15:15:00,30.49,30.52,30.4,30.43,583370
2011-07-25 15:30:00,30.45,30.5,30.35,30.44,603974
2011-07-25 15:45:00,30.44,30.5,30.43,30.43,634033
2011-07-25 16:00:00,30.435,30.435,30.24,30.4085,708493
2011-07-26 09:45:00,30.4,30.5394,30.4,30.47,2452
2011-07-26 10:00:00,30.45,30.45,30.28,30.33,46052
2011-07-26 10:15:00,30.34,30.35,30.28,30.31,53049
2011-07-26 10:30:00,30.35,30.36,30.3,30.31,73749
2011-07-26 10:45:00,30.32,30.37,30.28,30.37,77874
2011-07-26 11:00:00,30.4,30.45,30.39,30.44,80074
2011-07-26 11:15:00,30.44,30.57,30.44,30.46,87971
2011-07-26 11:30:00,30.48,30.49,30.475,30.49,89071
2011-07-26 11:45:00,30.49,30.5,30.453,30.453,94421
2011-07-26 12:00:00,30.49,30.5,30.42,30.43,105052
2011-07-26 12:15:00,30.44,30.48,30.38,30.47,125830
2011-07-26 12:30:00,30.47,30.5234,30.47,30.5,132280
2011-07-26 12:45:00,30.5,30.55,30.5,30.5,138280
2011-07-26 13:00:00,30.5,30.52,30.4487,30.5,146047
2011-07-26 13:15:00,30.51,30.56,30.5,30.5,151761
2011-07-26 13:30:00,30.5,30.54,30.5,30.52,153297
2011-07-26 13:45:00,30.51,30.55,30.51,30.51,155397
2011-07-26 14:00:00,30.51,30.52,30.43,30.49,170516
2011-07-26 14:15:00,30.5,30.5,30.47,30.5,177150
2011-07-26 14:30:00,30.48,30.5,30.44,30.49,235070
2011-07-26 14:45:00,30.49,30.49,30.29,30.3,241620
2011-07-26 15:00:00,30.31,30.39,30.3,30.36,243620
2011-07-26 15:15:00,30.33,30.36,30.2898,30.35,253241
2011-07-26 15:30:00,30.358,30.36,30.31,30.36,264368
2011-07-26 15:45:00,30.36,30.36,30.31,30.34,294921
2011-07-26 16:00:00,30.33,30.34,30.16,30.26,358886
2011-07-27 09:45:00,30.06,30.1001,29.89,29.97,77101
2011-07-27 10:00:00,29.96,30.09,29.94,30.06,121436
2011-07-27 10:15:00,30.1,30.18,30.0,30.17,203901
2011-07-27 10:30:00,30.19,30.19,30.07,30.105,216501
2011-07-27 10:45:00,30.11,30.14,30.0,30.03,281840
2011-07-27 11:00:00,30.0,30.12,30.0,30.05,289740
2011-07-27 11:15:00,30.05,30.12,30.02,30.02,313104
2011-07-27 11:30:00,30.02,30.09,30.0,30.08,322445
2011-07-27 11:45:00,30.09,30.26,30.0,30.11,479505
2011-07-27 12:00:00,30.11,30.17,30.01,30.1,523446
2011-07-27 12:15:00,30.14,30.14,30.01,30.05,542488
2011-07-27 12:30:00,30.0867,30.13,30.04,30.13,556808
2011-07-27 12:45:00,30.155,30.59,30.04,30.555,594616
2011-07-27 13:00:00,30.54,30.645,30.5,30.62,605608
2011-07-27 13:15:00,30.59,30.59,30.42,30.44,738808
2011-07-27 13:30:00,30.44,30.44,30.31,30.39,746677
2011-07-27 13:45:00,30.38,30.405,30.37,30.4,750277
2011-07-27 14:00:00,30.41,30.41,30.27,30.32,757275
2011-07-27 14:15:00,30.32,30.5,30.29,30.5,773484
2011-07-27 14:30:00,30.5,30.65,30.26,30.42,838662
2011-07-27 14:45:00,30.44,30.49,30.35,30.44,867622
2011-07-27 15:00:00,30.45,30.56,30.27,30.3,892562
2011-07-27 15:15:00,30.31,30.38,30.26,30.29,936037
2011-07-27 15:30:00,30.29,30.38,30.235,30.34,992388
2011-07-27 15:45:00,30.3,30.36,30.23,30.3,1047776
2011-07-27 16:00:00,30.28,30.47,30.28,30.45,1078937
2011-07-28 09:45:00,30.76,31.83,30.4323,30.91,135517
2011-07-28 10:00:00,30.9,31.025,30.79,30.98,178439
2011-07-28 10:15:00,30.98,31.0,30.72,30.79,238987
2011-07-28 10:30:00,30.785,30.925,30.73,30.86,276178
2011-07-28 10:45:00,30.86,30.875,30.75,30.775,312957
2011-07-28 11:00:00,30.775,30.775,30.55,30.625,335282
2011-07-28 11:15:00,30.61,30.67,30.45,30.47,353782
2011-07-28 11:30:00,30.41,30.7,30.35,30.6,392679
2011-07-28 11:45:00,30.58,30.7,30.5706,30.6995,403279
2011-07-28 12:00:00,30.7,30.86,30.51,30.55,507797
2011-07-28 12:15:00,30.56,30.6,30.5,30.53,519974
2011-07-28 12:30:00,30.56,30.745,30.56,30.69,525874
2011-07-28 12:45:00,30.66,30.7,30.62,30.62,534974
2011-07-28 13:00:00,30.59,30.62,30.57,30.57,537574
2011-07-28 13:15:00,30.58,30.6,30.51,30.51,555276
2011-07-28 13:30:00,30.51,30.525,30.4,30.43,567164
2011-07-28 13:45:00,30.45,30.6,30.44,30.5,592460
2011-07-28 14:00:00,30.52,30.54,30.47,30.51,604325
2011-07-28 14:15:00,30.51,30.51,30.33,30.44,613625
2011-07-28 14:30:00,30.44,30.6,30.435,30.6,631521
2011-07-28 14:45:00,30.59,30.6,30.5,30.53,676226
2011-07-28 15:00:00,30.54,30.6,30.53,30.6,688026
2011-07-28 15:15:00,30.6,30.6,30.5,30.5,719975
2011-07-28 15:30:00,30.5,30.6,30.5,30.58,739815
2011-07-28 15:45:00,30.56,30.568,30.34,30.38,771815
2011-07-28 16:00:00,30.38,30.45,30.32,30.41,802727
2011-07-29 09:45:00,30.03,30.14,29.95,30.01,10319
2011-07-29 10:00:00,29.975,30.03,29.82,30.0,32638
2011-07-29 10:15:00,30.0,30.065,29.955,29.97,69580
2011-07-29 10:30:00,29.97,30.0,29.96,29.99,143850
2011-07-29 10:45:00,30.0,30.0033,29.68,29.7375,340486
2011-07-29 11:00:00,29.74,29.965,29.68,29.9,475891
2011-07-29 11:15:00,29.92,29.93,29.78,29.83,505917
2011-07-29 11:30:00,29.85,30.05,29.832,29.9,593619
2011-07-29 11:45:00,29.9,29.93,29.9,29.92,599257
2011-07-29 12:00:00,29.91,29.94,29.9,29.92,607409
2011-07-29 12:15:00,29.91,29.94,29.77,29.85,634276
2011-07-29 12:30:00,29.85,29.94,29.82,29.87,655270
2011-07-29 12:45:00,29.9,30.02,29.89,29.99,664420
2011-07-29 13:00:00,29.99,30.0,29.92,29.99,691351
2011-07-29 13:15:00,30.0,30.01,29.88,30.0,1431654
2011-07-29 13:30:00,29.97,29.98,29.88,29.93,1454809
2011-07-29 13:45:00,29.93,30.0,29.92,29.97,1465075
2011-07-29 14:00:00,29.975,29.98,29.94,29.95,1474775
2011-07-29 14:15:00,29.95,30.0,29.94,30.0,1487843
2011-07-29 14:30:00,29.99,30.005,29.97,29.97,1538349
2011-07-29 14:45:00,29.97,30.005,29.97,29.995,1547176
2011-07-29 15:00:00,29.99,29.995,29.96,29.96,1554415
2011-07-29 15:15:00,29.965,30.0,29.95,30.0,1561548
2011-07-29 15:30:00,29.99,30.065,29.88,29.891,1603536
2011-07-29 15:45:00,29.86,29.96,29.81,29.89,1647862
2011-07-29 16:00:00,29.9,29.98,29.87,29.95,1709772
2011-08-01 09:45:00,30.22,30.48,30.14,30.25,25766
2011-08-01 10:00:00,30.22,30.25,29.91,29.91,38566
2011-08-01 10:15:00,29.9,29.99,29.7008,29.97,54876
2011-08-01 10:30:00,29.97,30.12,29.93,29.93,71276
2011-08-01 10:45:00,29.93,29.96,29.85,29.89,80376
2011-08-01 11:00:00,29.89,29.98,29.83,29.86,96958
2011-08-01 11:15:00,29.85,29.89,29.8,29.8802,127634
2011-08-01 11:30:00,29.88,30.0,29.88,29.97,137431
2011-08-01 11:45:00,29.9501,30.0,29.9,29.96,161731
2011-08-01 12:00:00,29.96,29.96,29.88,29.88,183921
2011-08-01 12:15:00,29.88,29.94,29.88,29.9,194312
2011-08-01 12:30:00,29.9,29.96,29.9,29.94,204812
2011-08-01 12:45:00,29.94,30.0,29.9,29.9,210812
2011-08-01 13:00:00,29.909,29.99,29.905,29.98,218864
2011-08-01 13:15:00,29.975,29.99,29.9,29.9,237164
2011-08-01 13:30:00,29.92,29.93,29.9,29.9,244214
2011-08-01 13:45:00,29.9,29.93,29.9,29.92,256863
2011-08-01 14:00:00,29.9,29.925,29.9,29.92,268127
2011-08-01 14:15:00,29.92,29.93,29.9,29.9,275869
2011-08-01 14:30:00,29.9,29.91,29.9,29.91,286055
2011-08-01 14:45:00,29.9,29.94,29.9,29.925,301750
2011-08-01 15:00:00,29.92,29.94,29.92,29.92,308250
2011-08-01 15:15:00,29.92,29.97,29.91,29.97,322488
2011-08-01 15:30:00,29.98,29.98,29.92,29.925,338912
2011-08-01 15:45:00,29.93,30.0,29.88,29.96,400470
2011-08-01 16:00:00,29.95,29.96,29.81,29.86,468154
2011-08-02 09:45:00,29.67,30.0,29.67,29.895,11166
2011-08-02 10:00:00,29.905,30.0,29.88,29.93,32243
2011-08-02 10:15:00,29.94,29.95,29.87,29.89,39444
2011-08-02 10:30:00,29.89,29.98,29.87,29.89,54267
2011-08-02 10:45:00,29.87,29.9,29.85,29.89,64367
2011-08-02 11:00:00,29.89,29.9,29.35,29.35,96204
2011-08-02 11:15:00,29.34,29.65,29.34,29.64,107747
2011-08-02 11:30:00,29.67,29.8,29.67,29.76,123223
2011-08-02 11:45:00,29.77,29.82,29.74,29.81,130865
2011-08-02 12:00:00,29.82,29.82,29.78,29.8,137065
2011-08-02 12:15:00,29.78,29.82,29.76,29.76,145165
2011-08-02 12:30:00,29.76,29.8,29.71,29.71,149865
2011-08-02 12:45:00,29.74,29.74,29.61,29.63,166165
2011-08-02 13:00:00,29.63,29.63,29.17,29.27,184299
2011-08-02 13:15:00,29.24,29.3,29.24,29.25,194191
2011-08-02 13:30:00,29.24,29.35,29.21,29.31,201143
2011-08-02 13:45:00,29.335,29.34,29.13,29.16,211939
2011-08-02 14:00:00,29.16,29.22,29.05,29.06,256306
2011-08-02 14:15:00,29.05,29.15,29.05,29.11,269038
2011-08-02 14:30:00,29.14,29.15,29.09,29.095,293236
2011-08-02 14:45:00,29.09,29.1,29.06,29.07,300772
2011-08-02 15:00:00,29.07,29.13,29.07,29.1,325943
2011-08-02 15:15:00,29.1,29.13,29.03,29.03,346753
2011-08-02 15:30:00,29.03,29.1,29.03,29.095,369587
2011-08-02 15:45:00,29.095,29.11,29.001,29.01,392506
2011-08-02 16:00:00,29.02,29.03,28.94,28.99,425307
2011-08-03 09:45:00,28.92,29.15,28.78,28.79,11406
2011-08-03 10:00:00,28.87,28.9856,28.811,28.898,17921
2011-08-03 10:15:00,28.93,29.04,28.7,28.73,44468
2011-08-03 10:30:00,28.69,28.72,28.55,28.7,56468
2011-08-03 10:45:00,28.69,28.72,28.44,28.4775,74267
2011-08-03 11:00:00,28.47,28.66,28.47,28.51,87865
2011-08-03 11:15:00,28.5,28.575,28.41,28.53,104474
2011-08-03 11:30:00,28.53,28.72,28.53,28.65,118316
2011-08-03 11:45:00,28.65,28.82,28.65,28.82,153005
2011-08-03 12:00:00,28.82,28.88,28.79,28.79,181231
2011-08-03 12:15:00,28.73,28.73,28.66,28.66,187629
2011-08-03 12:30:00,28.66,28.66,28.5,28.58,194235
2011-08-03 12:45:00,28.56,28.61,28.52,28.59,199835
2011-08-03 13:00:00,28.6,28.76,28.58,28.73,208435
2011-08-03 13:15:00,28.77,28.77,28.71,28.71,215044
2011-08-03 13:30:00,28.71,28.77,28.68,28.74,221112
2011-08-03 13:45:00,28.75,28.825,28.71,28.81,245742
2011-08-03 14:00:00,28.82,28.87,28.74,28.75,260544
2011-08-03 14:15:00,28.74,28.93,28.74,28.93,273383
2011-08-03 14:30:00,28.93,29.0,28.93,28.97,281593
2011-08-03 14:45:00,28.97,29.02,28.96,29.0,285639
2011-08-03 15:00:00,28.99,29.1,28.99,29.045,325723
2011-08-03 15:15:00,29.04,29.07,29.04,29.06,361534
2011-08-03 15:30:00,29.05,29.13,29.05,29.05,409122
2011-08-03 15:45:00,29.04,29.07,29.02,29.02,437912
2011-08-03 16:00:00,29.04,29.1,28.995,29.1,493728
2011-08-04 09:45:00,28.66,28.99,28.56,28.88,16243
2011-08-04 10:00:00,28.875,28.875,28.6625,28.8,28454
2011-08-04 10:15:00,28.8,28.83,28.73,28.825,34163
2011-08-04 10:30:00,28.825,28.9,28.76,28.86,42815
2011-08-04 10:45:00,28.84,28.89,28.645,28.65,53389
2011-08-04 11:00:00,28.66,28.73,28.53,28.65,111141
2011-08-04 11:15:00,28.63,28.66,28.55,28.64,139579
2011-08-04 11:30:00,28.61,28.68,28.48,28.5,149372
2011-08-04 11:45:00,28.45,28.54,28.26,28.31,159242
2011-08-04 12:00:00,28.31,28.3111,28.11,28.3,171485
2011-08-04 12:15:00,28.34,28.47,28.32,28.41,183885
2011-08-04 12:30:00,28.49,28.55,28.33,28.37,220696
2011-08-04 12:45:00,28.41,28.46,28.34,28.42,236467
2011-08-04 13:00:00,28.42,28.48,28.4,28.43,266241
2011-08-04 13:15:00,28.4364,28.48,28.34,28.36,291226
2011-08-04 13:30:00,28.36,28.39,28.33,28.37,297381
2011-08-04 13:45:00,28.36,28.48,28.3,28.35,520641
2011-08-04 14:00:00,28.35,28.35,28.24,28.28,544241
2011-08-04 14:15:00,28.29,28.31,28.22,28.23,567193
2011-08-04 14:30:00,28.24,28.25,28.14,28.19,577893
2011-08-04 14:45:00,28.15,28.32,28.15,28.3,586773
2011-08-04 15:00:00,28.31,28.41,28.26,28.2726,616800
2011-08-04 15:15:00,28.26,28.27,28.15,28.25,661177
2011-08-04 15:30:00,28.25,28.37,28.2,28.35,711538
2011-08-04 15:45:00,28.35,28.41,28.3,28.33,737501
2011-08-04 16:00:00,28.33,28.3409,28.12,28.13,902197
2011-08-05 09:45:00,28.33,28.53,28.21,28.24,10134
2011-08-05 10:00:00,28.22,28.24,28.0,28.005,120692
2011-08-05 10:15:00,28.0,28.03,27.69,27.97,166961
2011-08-05 10:30:00,27.98,28.21,27.98,28.2,177065
2011-08-05 10:45:00,28.18,28.18,27.86,27.89,182865
2011-08-05 11:00:00,27.87,27.93,27.84,27.93,185488
2011-08-05 11:15:00,28.0,28.0,27.84,27.85,216488
2011-08-05 11:30:00,27.85,27.88,27.64,27.67,295153
2011-08-05 11:45:00,27.66,27.77,27.36,27.43,450485
2011-08-05 12:00:00,27.45,27.45,26.74,26.77,512780
2011-08-05 12:15:00,26.76,27.05,26.74,27.01,560254
2011-08-05 12:30:00,27.02,27.29,26.94,27.13,591874
2011-08-05 12:45:00,27.15,27.49,27.12,27.49,647515
2011-08-05 13:00:00,27.48,27.55,27.47,27.5,699201
2011-08-05 13:15:00,27.5,27.66,27.42,27.58,852029
2011-08-05 13:30:00,27.6,28.0,27.6,28.0,891029
2011-08-05 13:45:00,28.0,28.01,27.935,28.0,908871
2011-08-05 14:00:00,28.002,28.18,28.0,28.18,917472
2011-08-05 14:15:00,28.21,28.21,28.02,28.13,926168
2011-08-05 14:30:00,28.11,28.231,28.08,28.21,932840
2011-08-05 14:45:00,28.16,28.28,28.131,28.2,997140
2011-08-05 15:00:00,28.19,28.19,27.96,28.01,1124230
2011-08-05 15:15:00,28.01,28.04,27.63,27.7,1207598
2011-08-05 15:30:00,27.7,27.72,27.56,27.56,1293444
2011-08-05 15:45:00,27.53,27.74,27.53,27.65,1421967
2011-08-05 16:00:00,27.65,27.66,27.36,27.65,1543164
2011-08-08 09:45:00,26.75,27.05,26.32,27.05,30311
2011-08-08 10:00:00,27.01,27.21,26.98,27.085,48770
2011-08-08 10:15:00,27.085,27.18,26.91,27.03,63492
2011-08-08 10:30:00,27.02,27.03,26.8525,26.88,80272
2011-08-08 10:45:00,26.89,26.96,26.77,26.85,99172
2011-08-08 11:00:00,26.88,27.04,26.8,26.94,126806
2011-08-08 11:15:00,26.92,27.17,26.88,27.15,152933
2011-08-08 11:30:00,27.09,27.16,26.88,27.0,215938
2011-08-08 11:45:00,26.995,27.21,26.98,27.19,229870
2011-08-08 12:00:00,27.19,27.44,27.16,27.29,237920
2011-08-08 12:15:00,27.27,27.27,27.05,27.21,247620
2011-08-08 12:30:00,27.2,27.2,27.02,27.02,256120
2011-08-08 12:45:00,27.02,27.05,26.91,26.99,311347
2011-08-08 13:00:00,26.98,27.01,26.78,26.82,343358
2011-08-08 13:15:00,26.82,26.97,26.77,26.78,355058
2011-08-08 13:30:00,26.7828,26.905,26.63,26.89,388922
2011-08-08 13:45:00,26.89,26.89,26.635,26.7099,426822
2011-08-08 14:00:00,26.695,26.78,26.62,26.6499,439122
2011-08-08 14:15:00,26.62,26.79,26.52,26.6,462817
2011-08-08 14:30:00,26.61,26.905,26.5,26.8701,536617
2011-08-08 14:45:00,26.89,27.21,26.79,26.9,560722
2011-08-08 15:00:00,26.87,26.94,26.5,26.55,625857
2011-08-08 15:15:00,26.555,26.59,26.48,26.51,726904
2011-08-08 15:30:00,26.5,26.66,26.41,26.51,833414
2011-08-08 15:45:00,26.5399,26.5399,26.15,26.32,930021
2011-08-08 16:00:00,26.32,26.35,26.06,26.12,1114049
2011-08-09 09:45:00,26.36,26.6,26.36,26.46,73872
2011-08-09 10:00:00,26.54,26.96,26.53,26.91,107809
2011-08-09 10:15:00,26.915,26.94,26.73,26.94,143446
2011-08-09 10:30:00,26.93,26.93,26.65,26.725,162136
2011-08-09 10:45:00,26.74,26.93,26.7,26.79,239305
2011-08-09 11:00:00,26.81,26.96,26.73,26.745,329993
2011-08-09 11:15:00,26.75,26.81,26.49,26.55,352674
2011-08-09 11:30:00,26.56,26.7,26.56,26.655,357899
2011-08-09 11:45:00,26.66,26.71,26.63,26.7,402368
2011-08-09 12:00:00,26.69,26.7198,26.61,26.65,420450
2011-08-09 12:15:00,26.65,26.73,26.64,26.7,437250
2011-08-09 12:30:00,26.69,26.7,26.58,26.61,448950
2011-08-09 12:45:00,26.64,26.64,26.61,26.63,452450
2011-08-09 13:00:00,26.64,26.64,26.42,26.44,502050
2011-08-09 13:15:00,26.4,26.53,26.34,26.53,509260
2011-08-09 13:30:00,26.52,26.52,26.36,26.38,519610
2011-08-09 13:45:00,26.3515,26.39,26.3,26.35,586093
2011-08-09 14:00:00,26.34,26.34,26.18,26.29,639018
2011-08-09 14:15:00,26.29,26.38,26.15,26.2,723196
2011-08-09 14:30:00,26.2,26.58,25.89,26.25,772225
2011-08-09 14:45:00,26.28,26.29,25.79,25.87,811996
2011-08-09 15:00:00,25.82,26.06,25.8,25.95,915242
2011-08-09 15:15:00,25.96,26.43,25.8,26.41,951739
2011-08-09 15:30:00,26.39,26.62,26.16,26.57,1006273
2011-08-09 15:45:00,26.57,26.71,26.51,26.59,1029973
2011-08-09 16:00:00,26.61,27.06,26.58,27.03,1086722
2011-08-10 09:45:00,26.59,27.13,26.54,27.08,20135
2011-08-10 10:00:00,27.05,27.18,26.88,27.15,35899
2011-08-10 10:15:00,27.15,27.41,27.1,27.24,81375
2011-08-10 10:30:00,27.23,27.24,26.72,26.98,113602
2011-08-10 10:45:00,26.98,27.07,26.81,27.0,178622
2011-08-10 11:00:00,27.0,27.15,26.92,27.09,206276
2011-08-10 11:15:00,27.05,27.14,26.965,26.99,235975
2011-08-10 11:30:00,27.0,27.02,26.83,26.865,247444
2011-08-10 11:45:00,26.86,26.99,26.66,26.99,276744
2011-08-10 12:00:00,26.92,27.04,26.91,27.0,312619
2011-08-10 12:15:00,26.99,27.03,26.93,26.99,325213
2011-08-10 12:30:00,27.0,27.03,26.91,26.92,582184
2011-08-10 12:45:00,26.92,26.96,26.63,26.67,660652
2011-08-10 13:00:00,26.7,26.72,26.65,26.7,702740
2011-08-10 13:15:00,26.69,26.82,26.668,26.71,798140
2011-08-10 13:30:00,26.72,26.835,26.58,26.7625,828028
2011-08-10 13:45:00,26.725,26.75,26.56,26.58,858126
2011-08-10 14:00:00,26.58,26.84,26.58,26.79,934942
2011-08-10 14:15:00,26.8,26.95,26.65,26.9,1103515
2011-08-10 14:30:00,26.91,26.93,26.76,26.83,1143571
2011-08-10 14:45:00,26.81,26.915,26.79,26.79,1181158
2011-08-10 15:00:00,26.79,26.89,26.68,26.73,1209813
2011-08-10 15:15:00,26.75,26.83,26.63,26.63,1241776
2011-08-10 15:30:00,26.63,26.87,26.6209,26.7,1302227
2011-08-10 15:45:00,26.72,26.84,26.64,26.73,1355484
2011-08-10 16:00:00,26.72,26.73,26.37,26.45,1427522
2011-08-11 09:45:00,26.7,27.42,26.54,26.98,39396
2011-08-11 10:00:00,26.95,27.0,26.7,26.7,61329
2011-08-11 10:15:00,26.71,26.91,26.42,26.64,90829
2011-08-11 10:30:00,26.68,26.835,26.64,26.67,103703
2011-08-11 10:45:00,26.68,26.8,26.6,26.68,116203
2011-08-11 11:00:00,26.74,26.79,26.66,26.78,139203
2011-08-11 11:15:00,26.775,26.8,26.67,26.74,171133
2011-08-11 11:30:00,26.75,26.78,26.72,26.76,182916
2011-08-11 11:45:00,26.77,26.79,26.545,26.69,204816
2011-08-11 12:00:00,26.75,26.78,26.67,26.72,216758
2011-08-11 12:15:00,26.72,26.75,26.67,26.7004,306027
2011-08-11 12:30:00,26.74,26.75,26.72,26.75,315027
2011-08-11 12:45:00,26.75,26.77,26.67,26.76,338580
2011-08-11 13:00:00,26.77,27.0,26.75,27.0,351568
2011-08-11 13:15:00,27.0,27.0,26.79,26.9,375368
2011-08-11 13:30:00,26.9,27.02,26.9,26.99,421199
2011-08-11 13:45:00,26.99,27.02,26.95,26.98,492539
2011-08-11 14:00:00,27.0,27.02,26.99,27.01,503489
2011-08-11 14:15:00,27.02,27.14,26.97,27.135,611551
2011-08-11 14:30:00,27.135,27.17,27.0901,27.15,625863
2011-08-11 14:45:00,27.15,27.21,27.12,27.2,676882
2011-08-11 15:00:00,27.22,27.37,27.2,27.35,688947
2011-08-11 15:15:00,27.365,27.44,27.27,27.44,714555
2011-08-11 15:30:00,27.44,27.5,27.41,27.5,732146
2011-08-11 15:45:00,27.5,27.6,27.49,27.52,855046
2011-08-11 16:00:00,27.54,27.64,27.37,27.43,928950
2011-08-12 09:45:00,27.49,27.79,27.4,27.4,13887
2011-08-12 10:00:00,27.42,27.65,27.42,27.49,20004
2011-08-12 10:15:00,27.52,27.53,27.25,27.29,39304
2011-08-12 10:30:00,27.33,27.36,27.18,27.25,52658
2011-08-12 10:45:00,27.25,27.3,27.16,27.24,62158
2011-08-12 11:00:00,27.24,27.33,27.17,27.26,65458
2011-08-12 11:15:00,27.32,27.35,27.13,27.16,71458
2011-08-12 11:30:00,27.162,27.25,27.1166,27.2,74705
2011-08-12 11:45:00,27.23,27.34,27.22,27.27,77435
2011-08-12 12:00:00,27.29,27.385,27.29,27.36,82605
2011-08-12 12:15:00,27.38,27.395,27.355,27.38,89818
2011-08-12 12:30:00,27.35,27.365,27.22,27.27,100668
2011-08-12 12:45:00,27.25,27.25,27.06,27.09,104268
2011-08-12 13:00:00,27.13,27.23,27.12,27.22,110687
2011-08-12 13:15:00,27.25,27.29,27.25,27.25,112808
2011-08-12 13:30:00,27.25,27.255,27.12,27.18,115875
2011-08-12 13:45:00,27.22,27.29,27.2,27.25,117075
2011-08-12 14:00:00,27.24,27.24,27.14,27.16,121575
2011-08-12 14:15:00,27.2,27.2004,27.15,27.15,140775
2011-08-12 14:30:00,27.15,27.15,27.05,27.05,162699
2011-08-12 14:45:00,27.045,27.06,27.0,27.05,169056
2011-08-12 15:00:00,27.06,27.1,27.0408,27.06,170956
2011-08-12 15:15:00,27.08,27.21,27.025,27.086,216182
2011-08-12 15:30:00,27.1,27.13,27.02,27.021,223168
2011-08-12 15:45:00,27.03,27.11,26.96,27.08,235116
2011-08-12 16:00:00,27.075,27.12,27.04,27.04,278108
2011-08-15 09:45:00,27.18,27.52,27.11,27.52,4877
2011-08-15 10:00:00,27.52,27.74,27.51,27.74,13777
2011-08-15 10:15:00,27.75,27.85,27.66,27.73,41877
2011-08-15 10:30:00,27.73,27.96,27.73,27.89,67944
2011-08-15 10:45:00,27.88,27.9,27.29,27.32,179344
2011-08-15 11:00:00,27.29,27.55,27.28,27.53,186944
2011-08-15 11:15:00,27.53,27.53,27.27,27.31,197344
2011-08-15 11:30:00,27.3,27.54,27.3,27.54,201744
2011-08-15 11:45:00,27.56,27.85,27.48,27.56,254924
2011-08-15 12:00:00,27.61,27.67,27.3,27.5,339228
2011-08-15 12:15:00,27.52,27.7,27.52,27.67,345519
2011-08-15 12:30:00,27.68,28.01,27.68,27.99,352319
2011-08-15 12:45:00,27.99,27.99,27.68,27.84,431143
2011-08-15 13:00:00,27.84,27.85,27.78,27.83,441143
2011-08-15 13:15:00,27.8,27.8,27.56,27.57,532162
2011-08-15 13:30:00,27.58,27.75,27.58,27.72,579577
2011-08-15 13:45:00,27.69,27.75,27.54,27.75,621814
2011-08-15 14:00:00,27.75,27.75,27.74,27.75,627914
2011-08-15 14:15:00,27.75,27.86,27.75,27.79,647446
2011-08-15 14:30:00,27.78,27.83,27.72,27.73,656297
2011-08-15 14:45:00,27.76,27.81,27.63,27.68,662697
2011-08-15 15:00:00,27.71,27.74,27.65,27.73,666897
2011-08-15 15:15:00,27.75,27.75,27.73,27.73,672524
2011-08-15 15:30:00,27.74,27.75,27.7,27.72,680314
2011-08-15 15:45:00,27.72,27.82,27.72,27.82,696338
2011-08-15 16:00:00,27.83,27.94,27.8,27.9,798664
2011-08-16 09:45:00,27.71,28.05,27.71,27.87,10538
2011-08-16 10:00:00,27.83,27.83,27.6,27.73,13738
2011-08-16 10:15:00,27.77,27.77,27.56,27.56,21138
2011-08-16 10:30:00,27.56,27.89,27.56,27.89,27561
2011-08-16 10:45:00,27.84,27.89,27.78,27.81,31061
2011-08-16 11:00:00,27.8,27.82,27.74,27.81,34843
2011-08-16 11:15:00,27.8,27.8,27.56,27.61,55743
2011-08-16 11:30:00,27.64,27.64,27.55,27.6,60543
2011-08-16 11:45:00,27.59,27.8,27.59,27.8,118643
2011-08-16 12:00:00,27.8,27.96,27.77,27.94,159073
2011-08-16 12:15:00,27.94,28.2,27.87,28.1,236835
2011-08-16 12:30:00,28.11,28.11,27.79,27.83,279062
2011-08-16 12:45:00,27.85,28.01,27.79,28.01,285912
2011-08-16 13:00:00,28.01,28.08,27.87,27.95,309299
2011-08-16 13:15:00,27.94,27.94,27.79,27.85,325419
2011-08-16 13:30:00,27.85,27.87,27.81,27.87,351276
2011-08-16 13:45:00,27.85,27.89,27.73,27.75,379101
2011-08-16 14:00:00,27.75,27.8507,27.73,27.82,384752
2011-08-16 14:15:00,27.81,27.83,27.71,27.71,401933
2011-08-16 14:30:00,27.71,27.8,27.7,27.76,406133
2011-08-16 14:45:00,27.78,27.8,27.71,27.75,416729
2011-08-16 15:00:00,27.77,27.81,27.76,27.8,424105
2011-08-16 15:15:00,27.81,27.95,27.81,27.93,428665
2011-08-16 15:30:00,27.92,28.02,27.895,27.985,458965
2011-08-16 15:45:00,27.98,27.98,27.89,27.96,479543
2011-08-16 16:00:00,27.98,27.99,27.81,27.91,506853
2011-08-17 09:45:00,27.92,28.58,27.92,28.54,16832
2011-08-17 10:00:00,28.53,28.77,28.52,28.74,40330
2011-08-17 10:15:00,28.75,28.785,28.62,28.71,56857
2011-08-17 10:30:00,28.71,28.73,28.64,28.71,69183
2011-08-17 10:45:00,28.71,28.71,28.57,28.61,87045
2011-08-17 11:00:00,28.59,28.67,28.55,28.56,110906
2011-08-17 11:15:00,28.55,28.69,28.54,28.67,129804
2011-08-17 11:30:00,28.65,28.7,28.57,28.59,147545
2011-08-17 11:45:00,28.57,28.61,28.47,28.5,170439
2011-08-17 12:00:00,28.49,28.58,28.48,28.5,195964
2011-08-17 12:15:00,28.51,28.51,28.195,28.35,228004
2011-08-17 12:30:00,28.35,28.4,28.32,28.38,244748
2011-08-17 12:45:00,28.385,28.41,28.315,28.35,253947
2011-08-17 13:00:00,28.34,28.35,28.08,28.11,268432
2011-08-17 13:15:00,28.14,28.151,28.04,28.1,274040
2011-08-17 13:30:00,28.108,28.15,28.07,28.11,279947
2011-08-17 13:45:00,28.12,28.25,28.07,28.2389,297547
2011-08-17 14:00:00,28.23,28.47,28.23,28.4,310347
2011-08-17 14:15:00,28.41,28.51,28.41,28.51,321672
2011-08-17 14:30:00,28.49,28.49,28.41,28.41,326864
2011-08-17 14:45:00,28.41,28.42,28.35,28.41,339496
2011-08-17 15:00:00,28.41,28.48,28.41,28.48,360752
2011-08-17 15:15:00,28.48,28.51,28.39,28.5,384520
2011-08-17 15:30:00,28.5,28.56,28.41,28.48,440582
2011-08-17 15:45:00,28.475,28.61,28.475,28.515,487193
2011-08-17 16:00:00,28.51,28.545,28.455,28.53,541050
2011-08-18 09:45:00,28.08,28.09,27.79,27.83,78010
2011-08-18 10:00:00,27.84,27.94,27.7,27.8,117010
2011-08-18 10:15:00,27.79,27.84,27.59,27.7,202231
2011-08-18 10:30:00,27.695,27.71,27.45,27.62,269350
2011-08-18 10:45:00,27.67,27.72,27.48,27.56,306512
2011-08-18 11:00:00,27.575,27.7,27.56,27.59,333802
2011-08-18 11:15:00,27.62,27.62,27.47,27.49,373743
2011-08-18 11:30:00,27.5,27.56,27.47,27.55,406738
2011-08-18 11:45:00,27.55,27.63,27.35,27.38,453086
2011-08-18 12:00:00,27.41,27.4868,27.41,27.443,457813
2011-08-18 12:15:00,27.44,27.45,27.35,27.4495,465313
2011-08-18 12:30:00,27.485,27.5,27.445,27.48,470889
2011-08-18 12:45:00,27.49,27.51,27.36,27.36,497789
2011-08-18 13:00:00,27.36,27.39,27.35,27.37,514489
2011-08-18 13:15:00,27.3884,27.43,27.36,27.37,547367
2011-08-18 13:30:00,27.375,27.39,27.22,27.35,570132
2011-08-18 13:45:00,27.34,27.4,27.15,27.16,627570
2011-08-18 14:00:00,27.13,27.14,26.73,26.77,652035
2011-08-18 14:15:00,26.78,27.12,26.78,27.04,704502
2011-08-18 14:30:00,27.0,27.17,26.88,27.1,769154
2011-08-18 14:45:00,27.09,27.1,26.86,26.87,795229
2011-08-18 15:00:00,26.86,27.01,26.85,26.98,817329
2011-08-18 15:15:00,26.99,27.17,26.93,26.99,907732
2011-08-18 15:30:00,26.99,27.26,26.95,27.26,979105
2011-08-18 15:45:00,27.27,27.3,27.05,27.075,1032890
2011-08-18 16:00:00,27.075,27.54,27.06,27.44,1143870
2011-08-19 09:45:00,26.96,27.37,26.85,27.31,13737
2011-08-19 10:00:00,27.37,27.37,27.17,27.32,39217
2011-08-19 10:15:00,27.31,27.57,27.31,27.4,207588
2011-08-19 10:30:00,27.41,27.5,27.39,27.46,248083
2011-08-19 10:45:00,27.46,27.46,27.08,27.25,411188
2011-08-19 11:00:00,27.22,27.32,27.19,27.2,444336
2011-08-19 11:15:00,27.19,27.29,27.08,27.08,474058
2011-08-19 11:30:00,27.08,27.09,26.98,27.0544,487085
2011-08-19 11:45:00,27.06,27.11,26.97,27.06,500889
2011-08-19 12:00:00,27.06,27.08,26.86,26.95,514089
2011-08-19 12:15:00,26.96,27.0,26.84,26.86,532615
2011-08-19 12:30:00,26.87,26.95,26.85,26.94,539215
2011-08-19 12:45:00,26.95,27.01,26.95,27.0,544967
2011-08-19 13:00:00,27.0,27.11,26.98,27.1,568579
2011-08-19 13:15:00,27.09,27.09,27.0,27.0,575851
2011-08-19 13:30:00,27.02,27.02,26.94,26.96,583551
2011-08-19 13:45:00,26.98,26.99,26.91,26.935,591451
2011-08-19 14:00:00,26.9178,27.0,26.91,26.96,608260
2011-08-19 14:15:00,26.96,27.04,26.95,27.01,630160
2011-08-19 14:30:00,27.05,27.05,26.92,26.95,639260
2011-08-19 14:45:00,26.94,26.95,26.82,26.87,735207
2011-08-19 15:00:00,26.89,26.905,26.71,26.79,769524
2011-08-19 15:15:00,26.79,26.8,26.65,26.67,911009
2011-08-19 15:30:00,26.665,26.755,26.55,26.55,1010774
2011-08-19 15:45:00,26.565,26.65,26.51,26.65,1196985
2011-08-19 16:00:00,26.64,26.67,26.51,26.55,1416301
2011-08-22 09:45:00,26.92,27.5,26.92,27.25,15852
2011-08-22 10:00:00,27.29,27.38,27.22,27.25,22052
2011-08-22 10:15:00,27.28,27.28,27.09,27.16,29261
2011-08-22 10:30:00,27.18,27.35,27.16,27.261,33577
2011-08-22 10:45:00,27.29,27.31,27.16,27.16,35477
2011-08-22 11:00:00,27.12,27.23,26.95,26.95,39241
2011-08-22 11:15:00,26.97,27.06,26.8,26.87,58288
2011-08-22 11:30:00,26.88,26.98,26.88,26.96,70621
2011-08-22 11:45:00,26.9768,27.2,26.94,27.18,199367
2011-08-22 12:00:00,27.14,27.2,27.1,27.16,210168
2011-08-22 12:15:00,27.16,27.235,27.11,27.17,243075
2011-08-22 12:30:00,27.17,27.218,27.1,27.1,264476
2011-08-22 12:45:00,27.11,27.22,27.11,27.196,289908
2011-08-22 13:00:00,27.19,27.24,27.02,27.07,452587
2011-08-22 13:15:00,27.08,27.09,27.05,27.08,583071
2011-08-22 13:30:00,27.07,27.08,27.04,27.06,802792
2011-08-22 13:45:00,27.07,27.23,27.055,27.14,948836
2011-08-22 14:00:00,27.15,27.18,27.04,27.14,1018469
2011-08-22 14:15:00,27.15,27.23,27.14,27.21,1111819
2011-08-22 14:30:00,27.21,27.28,27.11,27.18,1161523
2011-08-22 14:45:00,27.16,27.38,27.12,27.35,1193758
2011-08-22 15:00:00,27.35,27.38,27.27,27.31,1228503
2011-08-22 15:15:00,27.27,27.49,27.26,27.49,1261119
2011-08-22 15:30:00,27.49,27.75,27.49,27.73,1324719
2011-08-22 15:45:00,27.72,27.85,27.674,27.72,1417813
2011-08-22 16:00:00,27.74,27.82,27.59,27.67,1505269
2011-08-23 09:45:00,27.84,27.87,26.96,27.2,45724
2011-08-23 10:00:00,27.051,27.051,26.71,26.72,66367
2011-08-23 10:15:00,26.74,27.44,26.73,27.19,100567
2011-08-23 10:30:00,27.18,27.29,27.1,27.28,141655
2011-08-23 10:45:00,27.26,27.28,27.1,27.1,152455
2011-08-23 11:00:00,27.1025,27.28,27.03,27.28,185527
2011-08-23 11:15:00,27.27,27.28,27.16,27.23,198747
2011-08-23 11:30:00,27.25,27.25,26.98,27.07,211084
2011-08-23 11:45:00,27.08,27.15,26.94,27.04,221196
2011-08-23 12:00:00,27.05,27.26,27.04,27.26,229696
2011-08-23 12:15:00,27.25,27.27,27.12,27.165,327981
2011-08-23 12:30:00,27.17,27.22,27.15,27.22,335059
2011-08-23 12:45:00,27.22,27.28,27.2,27.25,345959
2011-08-23 13:00:00,27.26,27.28,27.22,27.23,363146
2011-08-23 13:15:00,27.22,27.26,27.2,27.23,378417
2011-08-23 13:30:00,27.25,27.27,27.22,27.25,429124
2011-08-23 13:45:00,27.24,27.3,27.2,27.26,456527
2011-08-23 14:00:00,27.27,27.27,27.2,27.23,479161
2011-08-23 14:15:00,27.23,27.28,27.215,27.23,490061
2011-08-23 14:30:00,27.22,27.27,27.22,27.26,503861
2011-08-23 14:45:00,27.26,27.28,27.23,27.23,530361
2011-08-23 15:00:00,27.24,27.27,27.22,27.26,585485
2011-08-23 15:15:00,27.27,27.28,27.24,27.25,634900
2011-08-23 15:30:00,27.25,27.25,27.2,27.22,667348
2011-08-23 15:45:00,27.22,27.26,27.2,27.26,706469
2011-08-23 16:00:00,27.26,27.45,27.24,27.45,793096
2011-08-24 09:45:00,27.18,27.63,27.17,27.3,60106
2011-08-24 10:00:00,27.32,27.86,27.32,27.8,80506
2011-08-24 10:15:00,27.8,28.13,27.75,28.07,107787
2011-08-24 10:30:00,28.07,28.23,27.98,28.13,133787
2011-08-24 10:45:00,28.1186,28.16,27.95,28.0,161363
2011-08-24 11:00:00,27.99,27.99,27.38,27.5,300326
2011-08-24 11:15:00,27.5,27.509,27.38,27.43,324388
2011-08-24 11:30:00,27.41,27.54,27.36,27.49,378262
2011-08-24 11:45:00,27.49,27.49,27.33,27.33,388962
2011-08-24 12:00:00,27.32,27.45,27.25,27.45,401508
2011-08-24 12:15:00,27.43,27.52,27.43,27.5,418308
2011-08-24 12:30:00,27.5,27.52,27.42,27.47,486808
2011-08-24 12:45:00,27.48,27.52,27.47,27.5,497910
2011-08-24 13:00:00,27.49,27.52,27.45,27.5,507219
2011-08-24 13:15:00,27.5,27.52,27.47,27.49,515719
2011-08-24 13:30:00,27.48,27.52,27.48,27.52,523116
2011-08-24 13:45:00,27.52,27.78,27.51,27.78,587034
2011-08-24 14:00:00,27.76,27.86,27.56,27.66,626516
2011-08-24 14:15:00,27.67,27.68,27.6,27.66,634478
2011-08-24 14:30:00,27.65,27.66,27.53,27.63,642752
2011-08-24 14:45:00,27.61,27.66,27.6,27.642,647307
2011-08-24 15:00:00,27.65,27.79,27.63,27.78,658915
2011-08-24 15:15:00,27.78,27.78,27.61,27.75,692948
2011-08-24 15:30:00,27.75,27.75,27.67,27.68,725871
2011-08-24 15:45:00,27.69,27.74,27.6801,27.71,761337
2011-08-24 16:00:00,27.7,27.74,27.67,27.72,850092
2011-08-25 09:45:00,27.76,27.85,27.38,27.57,33098
2011-08-25 10:00:00,27.57,27.575,27.25,27.39,63376
2011-08-25 10:15:00,27.38,27.52,27.38,27.45,84059
2011-08-25 10:30:00,27.44,27.53,27.29,27.35,118459
2011-08-25 10:45:00,27.38,27.38,27.26,27.3,129395
2011-08-25 11:00:00,27.32,27.32,27.26,27.28,136095
2011-08-25 11:15:00,27.3,27.37,27.25,27.34,145712
2011-08-25 11:30:00,27.35,27.44,27.35,27.43,148212
2011-08-25 11:45:00,27.43,27.432,27.38,27.39,150351
2011-08-25 12:00:00,27.36,27.41,27.33,27.4,153716
2011-08-25 12:15:00,27.41,27.54,27.391,27.51,173879
2011-08-25 12:30:00,27.5,27.51,27.43,27.43,176580
2011-08-25 12:45:00,27.43,27.47,27.39,27.44,183840
2011-08-25 13:00:00,27.43,27.5,27.43,27.46,268565
2011-08-25 13:15:00,27.45,27.47,27.37,27.4025,276331
2011-08-25 13:30:00,27.36,27.39,27.28,27.38,350531
2011-08-25 13:45:00,27.38,27.38,27.25,27.276,380094
2011-08-25 14:00:00,27.28,27.3,27.25,27.2808,389394
2011-08-25 14:15:00,27.29,27.29,27.23,27.28,395701
2011-08-25 14:30:00,27.28,27.32,27.25,27.27,402542
2011-08-25 14:45:00,27.26,27.33,27.26,27.33,418842
2011-08-25 15:00:00,27.32,27.33,27.27,27.28,475840
2011-08-25 15:15:00,27.26,27.3,27.25,27.28,485320
2011-08-25 15:30:00,27.3,27.5,27.28,27.5,542072
2011-08-25 15:45:00,27.5,27.6,27.48,27.6,569813
2011-08-25 16:00:00,27.58,27.735,27.43,27.53,663918
2011-08-26 09:45:00,27.4,27.7,27.37,27.59,9420
2011-08-26 10:00:00,27.58,27.6,27.41,27.45,16120
2011-08-26 10:15:00,27.38,27.5,27.05,27.05,71503
2011-08-26 10:30:00,27.08,27.25,27.08,27.14,107501
2011-08-26 10:45:00,27.14,27.38,27.13,27.38,145381
2011-08-26 11:00:00,27.4396,27.69,27.27,27.27,162611
2011-08-26 11:15:00,27.25,27.56,27.23,27.56,178121
2011-08-26 11:30:00,27.6,27.79,27.55,27.55,215585
2011-08-26 11:45:00,27.575,27.65,27.48,27.53,287374
2011-08-26 12:00:00,27.55,27.65,27.47,27.65,316148
2011-08-26 12:15:00,27.65,28.06,27.65,27.98,335020
2011-08-26 12:30:00,28.02,28.24,27.993,28.21,355696
2011-08-26 12:45:00,28.22,28.28,28.11,28.11,390818
2011-08-26 13:00:00,28.14,28.35,28.14,28.35,423584
2011-08-26 13:15:00,28.35,28.52,28.3,28.52,437988
2011-08-26 13:30:00,28.51,28.62,28.5,28.51,457288
2011-08-26 13:45:00,28.54,28.67,28.54,28.67,463617
2011-08-26 14:00:00,28.67,28.85,28.65,28.66,474150
2011-08-26 14:15:00,28.68,28.84,28.68,28.75,484439
2011-08-26 14:30:00,28.73,28.74,28.43,28.43,560647
2011-08-26 14:45:00,28.43,28.53,28.43,28.464,566798
2011-08-26 15:00:00,28.49,28.5097,28.43,28.43,579815
2011-08-26 15:15:00,28.43,28.44,28.28,28.35,600811
2011-08-26 15:30:00,28.35,28.36,28.275,28.34,613171
2011-08-26 15:45:00,28.34,28.41,28.33,28.33,632564
2011-08-26 16:00:00,28.34,28.34,28.19,28.25,717885
2011-08-29 09:45:00,28.57,28.57,28.23,28.45,5534
2011-08-29 10:00:00,28.41,28.45,28.41,28.41,6723
2011-08-29 10:15:00,28.41,28.43,28.36,28.43,7923
2011-08-29 10:30:00,28.45,28.47,28.4144,28.47,9731
2011-08-29 10:45:00,28.47,28.47,28.41,28.4144,10679
2011-08-29 11:00:00,28.41,28.47,28.41,28.47,12979
2011-08-29 11:15:00,28.43,28.45,28.35,28.4499,14779
2011-08-29 11:30:00,28.44,28.47,28.4,28.42,16883
2011-08-29 11:45:00,28.45,28.49,28.43,28.46,33583
2011-08-29 12:00:00,28.45,28.46,28.43,28.45,35571
2011-08-29 12:15:00,28.43,28.45,28.42,28.45,37544
2011-08-29 12:30:00,28.45,28.46,28.43,28.43,40084
2011-08-29 12:45:00,28.44,28.47,28.41,28.47,52864
2011-08-29 13:00:00,28.47,29.09,28.47,29.09,116620
2011-08-29 13:15:00,29.07,29.12,28.87,28.88,121470
2011-08-29 13:30:00,28.81,28.85,28.74,28.78,128870
2011-08-29 13:45:00,28.75,28.98,28.75,28.98,150308
2011-08-29 14:00:00,28.9675,29.46,28.965,29.46,245843
2011-08-29 14:15:00,29.47,29.53,29.29,29.31,269791
2011-08-29 14:30:00,29.32,29.33,29.22,29.25,275441
2011-08-29 14:45:00,29.24,29.25,29.22,29.25,280663
2011-08-29 15:00:00,29.24,29.27,29.22,29.25,291664
2011-08-29 15:15:00,29.2499,29.385,29.22,29.22,314988
2011-08-29 15:30:00,29.22,29.26,29.22,29.25,320288
2011-08-29 15:45:00,29.26,29.58,29.25,29.52,343724
2011-08-29 16:00:00,29.51,29.68,29.45,29.54,383752
2011-08-30 09:45:00,29.37,29.44,29.15,29.26,8712
2011-08-30 10:00:00,29.24,29.43,29.225,29.35,26612
2011-08-30 10:15:00,29.32,29.34,28.92,29.01,60006
2011-08-30 10:30:00,29.0,29.29,29.0,29.19,102756
2011-08-30 10:45:00,29.21,29.43,29.21,29.4,114156
2011-08-30 11:00:00,29.44,29.5,29.29,29.35,132735
2011-08-30 11:15:00,29.34,29.39,29.24,29.36,142435
2011-08-30 11:30:00,29.36,29.46,29.28,29.41,152281
2011-08-30 11:45:00,29.4,29.56,29.355,29.49,175567
2011-08-30 12:00:00,29.48,29.48,29.33,29.33,184710
2011-08-30 12:15:00,29.33,29.35,29.23,29.23,193990
2011-08-30 12:30:00,29.22,29.44,29.16,29.4,213174
2011-08-30 12:45:00,29.4,29.41,29.23,29.24,221474
2011-08-30 13:00:00,29.25,29.35,29.23,29.25,233274
2011-08-30 13:15:00,29.25,29.46,29.24,29.46,242374
2011-08-30 13:30:00,29.46,29.64,29.445,29.56,256085
2011-08-30 13:45:00,29.6,29.61,29.38,29.42,268785
2011-08-30 14:00:00,29.41,29.52,29.385,29.485,287985
2011-08-30 14:15:00,29.5,29.6,29.445,29.6,297273
2011-08-30 14:30:00,29.61,29.67,29.54,29.655,321109
2011-08-30 14:45:00,29.64,29.68,29.59,29.599,332001
2011-08-30 15:00:00,29.59,29.6,29.435,29.51,349587
2011-08-30 15:15:00,29.51,29.6499,29.51,29.595,361708
2011-08-30 15:30:00,29.59,29.5901,29.5,29.5498,375091
2011-08-30 15:45:00,29.55,29.68,29.545,29.61,395411
2011-08-30 16:00:00,29.6,29.61,29.45,29.45,450001
2011-08-31 09:45:00,29.52,29.59,29.39,29.42,9507
2011-08-31 10:00:00,29.43,29.46,29.34,29.37,25707
2011-08-31 10:15:00,29.35,29.45,29.35,29.45,39284
2011-08-31 10:30:00,29.46,29.77,29.46,29.7,42584
2011-08-31 10:45:00,29.73,29.74,29.59,29.62,55784
2011-08-31 11:00:00,29.64,29.68,29.57,29.65,59414
2011-08-31 11:15:00,29.65,29.65,29.53,29.535,71314
2011-08-31 11:30:00,29.53,29.535,29.42,29.5,85407
2011-08-31 11:45:00,29.53,29.74,29.52,29.74,92907
2011-08-31 12:00:00,29.73,29.74,29.57,29.64,99973
2011-08-31 12:15:00,29.67,29.87,29.64,29.74,106373
2011-08-31 12:30:00,29.76,29.775,29.7,29.71,112073
2011-08-31 12:45:00,29.71,29.72,29.52,29.6,119934
2011-08-31 13:00:00,29.6,29.78,29.59,29.78,130864
2011-08-31 13:15:00,29.75,29.76,29.64,29.7,136735
2011-08-31 13:30:00,29.69,29.7,29.68,29.7,148440
2011-08-31 13:45:00,29.7,29.77,29.69,29.77,166718
2011-08-31 14:00:00,29.78,29.78,29.675,29.68,180118
2011-08-31 14:15:00,29.68,29.72,29.61,29.61,192286
2011-08-31 14:30:00,29.58,29.67,29.56,29.66,196836
2011-08-31 14:45:00,29.67,29.68,29.5,29.53,214069
2011-08-31 15:00:00,29.52,29.6,29.5,29.51,261743
2011-08-31 15:15:00,29.5199,29.56,29.5,29.51,285518
2011-08-31 15:30:00,29.5,29.6,29.5,29.52,305126
2011-08-31 15:45:00,29.55,29.69,29.54,29.655,321226
2011-08-31 16:00:00,29.67,29.75,29.57,29.65,494998
2011-09-01 09:45:00,29.63,29.63,29.5,29.5,13165
2011-09-01 10:00:00,29.54,29.6,29.485,29.51,34765
2011-09-01 10:15:00,29.5,29.8,29.48,29.69,55894
2011-09-01 10:30:00,29.7,29.89,29.67,29.87,59394
2011-09-01 10:45:00,29.81,29.81,29.65,29.73,64694
2011-09-01 11:00:00,29.74,29.74,29.63,29.66,69403
2011-09-01 11:15:00,29.65,29.73,29.635,29.67,72303
2011-09-01 11:30:00,29.75,29.805,29.73,29.77,74803
2011-09-01 11:45:00,29.77,29.81,29.61,29.62,88086
2011-09-01 12:00:00,29.62,29.72,29.57,29.71,100774
2011-09-01 12:15:00,29.68,29.708,29.65,29.67,103328
2011-09-01 12:30:00,29.67,29.71,29.62,29.71,109928
2011-09-01 12:45:00,29.68,29.74,29.66,29.66,112962
2011-09-01 13:00:00,29.68,29.68,29.6,29.6,117874
2011-09-01 13:15:00,29.6,29.61,29.5,29.5,122599
2011-09-01 13:30:00,29.51,29.52,29.46,29.51,137013
2011-09-01 13:45:00,29.5,29.51,29.46,29.49,152725
2011-09-01 14:00:00,29.49,29.65,29.48,29.56,171263
2011-09-01 14:15:00,29.53,29.55,29.4,29.42,188231
2011-09-01 14:30:00,29.4,29.44,29.34,29.37,212631
2011-09-01 14:45:00,29.39,29.4699,29.38,29.455,223480
2011-09-01 15:00:00,29.46,29.46,29.37,29.44,228671
2011-09-01 15:15:00,29.42,29.48,29.41,29.48,232671
2011-09-01 15:30:00,29.49,29.52,29.43,29.5,237915
2011-09-01 15:45:00,29.5,29.5,29.41,29.47,251653
2011-09-01 16:00:00,29.47,29.52,29.39,29.4,280940
2011-09-02 09:45:00,29.04,29.3993,28.89,29.12,29986
2011-09-02 10:00:00,29.1,29.21,29.04,29.16,47094
2011-09-02 10:15:00,29.2,29.3,29.18,29.3,65662
2011-09-02 10:30:00,29.3,29.32,29.26,29.32,79120
2011-09-02 10:45:00,29.29,29.29,29.11,29.11,87515
2011-09-02 11:00:00,29.11,29.18,29.07,29.18,97415
2011-09-02 11:15:00,29.16,29.28,29.16,29.2501,110615
2011-09-02 11:30:00,29.255,29.33,29.245,29.32,119815
2011-09-02 11:45:00,29.32,29.4,29.3,29.38,126315
2011-09-02 12:00:00,29.385,29.385,29.27,29.27,143814
2011-09-02 12:15:00,29.26,29.47,29.26,29.46,156312
2011-09-02 12:30:00,29.46,29.46,29.36,29.37,170631
2011-09-02 12:45:00,29.37,29.37,29.31,29.37,173759
2011-09-02 13:00:00,29.4,29.44,29.4,29.44,175644
2011-09-02 13:15:00,29.45,29.45,29.34,29.36,183840
2011-09-02 13:30:00,29.32,29.34,29.29,29.31,217928
2011-09-02 13:45:00,29.315,29.45,29.295,29.445,244934
2011-09-02 14:00:00,29.44,29.53,29.44,29.51,257636
2011-09-02 14:15:00,29.5,29.55,29.4113,29.475,278929
2011-09-02 14:30:00,29.47,29.49,29.37,29.39,309603
2011-09-02 14:45:00,29.39,29.48,29.33,29.46,332659
2011-09-02 15:00:00,29.45,29.46,29.4,29.43,344659
2011-09-02 15:15:00,29.41,29.425,29.34,29.39,380269
2011-09-02 15:30:00,29.38,29.4,29.22,29.22,400630
2011-09-02 15:45:00,29.22,29.46,29.18,29.395,459530
2011-09-02 16:00:00,29.4,29.55,29.4,29.5,527901
2011-09-06 09:45:00,28.76,28.995,28.73,28.79,15926
2011-09-06 10:00:00,28.79,28.89,28.69,28.88,26406
2011-09-06 10:15:00,28.9,29.13,28.85,28.85,47052
2011-09-06 10:30:00,28.86,28.89,28.76,28.76,62402
2011-09-06 10:45:00,28.75,28.87,28.71,28.825,80814
2011-09-06 11:00:00,28.83,29.0,28.83,28.96,99934
2011-09-06 11:15:00,28.95,29.0,28.73,28.85,136393
2011-09-06 11:30:00,28.84,28.95,28.69,28.7,167093
2011-09-06 11:45:00,28.71,28.75,28.68,28.735,178877
2011-09-06 12:00:00,28.74,28.79,28.7,28.78,192703
2011-09-06 12:15:00,28.78,28.785,28.58,28.58,204151
2011-09-06 12:30:00,28.58,28.63,28.48,28.53,218448
2011-09-06 12:45:00,28.53,28.64,28.53,28.63,233143
2011-09-06 13:00:00,28.64,28.7,28.54,28.58,250833
2011-09-06 13:15:00,28.59,28.63,28.46,28.62,281228
2011-09-06 13:30:00,28.62,28.69,28.61,28.63,295128
2011-09-06 13:45:00,28.63,28.63,28.44,28.45,323487
2011-09-06 14:00:00,28.45,28.63,28.45,28.61,340687
2011-09-06 14:15:00,28.58,28.59,28.49,28.54,353387
2011-09-06 14:30:00,28.54,28.67,28.53,28.64,373887
2011-09-06 14:45:00,28.64,28.66,28.53,28.55,393938
2011-09-06 15:00:00,28.55,28.57,28.46,28.46,402855
2011-09-06 15:15:00,28.46,28.5168,28.37,28.5,428521
2011-09-06 15:30:00,28.5,28.7,28.5,28.7,449980
2011-09-06 15:45:00,28.68,28.81,28.58,28.79,503635
2011-09-06 16:00:00,28.78,28.88,28.69,28.84,572120
2011-09-07 09:45:00,29.16,29.16,29.07,29.16,3123
2011-09-07 10:00:00,29.12,29.15,29.09,29.15,6223
2011-09-07 10:15:00,29.14,29.36,29.13,29.35,13623
2011-09-07 10:30:00,29.36,29.5,29.36,29.38,23898
2011-09-07 10:45:00,29.38,29.38,29.19,29.2,32750
2011-09-07 11:00:00,29.215,29.24,29.1,29.22,83919
2011-09-07 11:15:00,29.21,29.25,29.19,29.2,94832
2011-09-07 11:30:00,29.205,29.205,29.04,29.07,299650
2011-09-07 11:45:00,29.07,29.14,28.83,28.83,477243
2011-09-07 12:00:00,28.84,28.95,28.84,28.95,482151
2011-09-07 12:15:00,28.97,29.05,28.96,28.96,513108
2011-09-07 12:30:00,28.98,29.04,28.96,28.96,522108
2011-09-07 12:45:00,28.99,29.08,28.98,29.05,569577
2011-09-07 13:00:00,29.05,29.05,28.99,28.99,585689
2011-09-07 13:15:00,28.99,28.99,28.89,28.91,592289
2011-09-07 13:30:00,28.91,29.0,28.91,28.99,596794
2011-09-07 13:45:00,28.98,29.0,28.97,28.97,614589
2011-09-07 14:00:00,28.97,29.045,28.96,29.0,637189
2011-09-07 14:15:00,29.0,29.03,28.95,29.005,674210
2011-09-07 14:30:00,29.0,29.02,28.98,28.99,715310
2011-09-07 14:45:00,28.99,29.0,28.97,29.0,721308
2011-09-07 15:00:00,28.985,29.02,28.985,29.0175,728022
2011-09-07 15:15:00,29.015,29.02,28.97,28.975,744422
2011-09-07 15:30:00,28.97,28.98,28.94,28.96,759416
2011-09-07 15:45:00,28.96,29.005,28.94,29.005,774137
2011-09-07 16:00:00,28.995,29.06,28.92,29.06,842451
2011-09-08 09:45:00,28.84,29.105,28.84,29.105,3349
2011-09-08 10:00:00,29.105,29.11,28.97,29.065,14849
2011-09-08 10:15:00,29.08,29.08,28.98,29.05,25149
2011-09-08 10:30:00,29.06,29.15,29.03,29.14,34449
2011-09-08 10:45:00,29.13,29.16,29.01,29.01,45449
2011-09-08 11:00:00,29.02,29.05,29.01,29.05,50597
2011-09-08 11:15:00,29.05,29.07,29.04,29.06,55397
2011-09-08 11:30:00,29.05,29.06,29.02,29.05,65678
2011-09-08 11:45:00,29.04,29.18,29.03,29.17,79083
2011-09-08 12:00:00,29.18,29.18,29.01,29.05,89883
2011-09-08 12:15:00,29.03,29.0835,28.98,29.08,102292
2011-09-08 12:30:00,29.08,29.09,29.04,29.06,109692
2011-09-08 12:45:00,29.05,29.1,29.0,29.08,129051
2011-09-08 13:00:00,29.07,29.16,29.03,29.15,148344
2011-09-08 13:15:00,29.15,29.155,29.05,29.05,156329
2011-09-08 13:30:00,29.05,29.06,29.0001,29.01,167559
2011-09-08 13:45:00,29.0,29.09,28.92,28.92,190194
2011-09-08 14:00:00,28.92,29.09,28.91,29.04,214094
2011-09-08 14:15:00,29.04,29.07,29.01,29.07,227294
2011-09-08 14:30:00,29.07,29.11,28.9,28.98,257394
2011-09-08 14:45:00,28.97,29.06,28.91,29.06,284634
2011-09-08 15:00:00,29.05,29.06,29.02,29.05,302208
2011-09-08 15:15:00,29.04,29.05,28.94,28.95,314313
2011-09-08 15:30:00,28.95,29.09,28.95,29.09,363732
2011-09-08 15:45:00,29.11,29.28,29.09,29.24,378870
2011-09-08 16:00:00,29.23,29.24,29.1,29.16,397762
2011-09-09 09:45:00,28.97,29.15,28.8,28.83,46930
2011-09-09 10:00:00,28.76,28.82,28.66,28.68,72548
2011-09-09 10:15:00,28.71,28.735,28.65,28.66,87248
2011-09-09 10:30:00,28.69,28.72,28.62,28.7,129384
2011-09-09 10:45:00,28.7,28.7,28.35,28.49,143599
2011-09-09 11:00:00,28.47,28.58,28.44,28.48,153497
2011-09-09 11:15:00,28.49,28.6,28.36,28.38,162477
2011-09-09 11:30:00,28.36,28.3601,28.08,28.14,169796
2011-09-09 11:45:00,28.13,28.24,28.06,28.08,191638
2011-09-09 12:00:00,28.1,28.15,28.05,28.15,203322
2011-09-09 12:15:00,28.14,28.2,28.1,28.18,214322
2011-09-09 12:30:00,28.17,28.32,28.11,28.31,221372
2011-09-09 12:45:00,28.31,28.31,28.03,28.03,238922
2011-09-09 13:00:00,28.03,28.06,27.98,28.01,268887
2011-09-09 13:15:00,28.02,28.03,27.97,28.0,284993
2011-09-09 13:30:00,28.01,28.01,27.94,28.0,301944
2011-09-09 13:45:00,28.0,28.01,27.97,28.01,314312
2011-09-09 14:00:00,28.0,28.01,27.94,27.99,326415
2011-09-09 14:15:00,27.99,28.0375,27.98,27.99,337315
2011-09-09 14:30:00,27.97,28.0,27.95,27.98,347350
2011-09-09 14:45:00,27.98,28.03,27.87,28.03,355932
2011-09-09 15:00:00,28.03,28.06,27.95,28.02,368181
2011-09-09 15:15:00,28.03,28.15,28.02,28.15,376281
2011-09-09 15:30:00,28.15,28.2,28.12,28.15,392240
2011-09-09 15:45:00,28.16,28.38,28.16,28.37,408130
2011-09-09 16:00:00,28.38,28.48,28.34,28.34,441548
2011-09-12 09:45:00,28.01,28.18,27.87,28.1,5229
2011-09-12 10:00:00,28.03,28.26,28.01,28.26,9729
2011-09-12 10:15:00,28.2,28.27,28.17,28.21,12029
2011-09-12 10:30:00,28.1,28.15,27.98,28.06,15829
2011-09-12 10:45:00,28.03,28.04,27.92,27.93,19713
2011-09-12 11:00:00,27.94,27.98,27.82,27.82,24213
2011-09-12 11:15:00,27.81,27.81,27.74,27.78,30313
2011-09-12 11:30:00,27.78,27.8,27.78,27.8,39326
2011-09-12 11:45:00,27.79,27.79,27.7403,27.79,44317
2011-09-12 12:00:00,27.79,27.79,27.65,27.65,52446
2011-09-12 12:15:00,27.66,27.66,27.56,27.62,58126
2011-09-12 12:30:00,27.62,27.71,27.59,27.71,61730
2011-09-12 12:45:00,27.69,27.73,27.58,27.6,67037
2011-09-12 13:00:00,27.6,27.61,27.56,27.58,70337
2011-09-12 13:15:00,27.59,27.67,27.59,27.62,74637
2011-09-12 13:30:00,27.63,27.63,27.5,27.53,96837
2011-09-12 13:45:00,27.52,27.55,27.48,27.53,129120
2011-09-12 14:00:00,27.53,27.62,27.53,27.61,140957
2011-09-12 14:15:00,27.61,27.64,27.5,27.6,161766
2011-09-12 14:30:00,27.6,27.65,27.54,27.55,169021
2011-09-12 14:45:00,27.56,27.8,27.56,27.75,182765
2011-09-12 15:00:00,27.71,27.8,27.65,27.65,216969
2011-09-12 15:15:00,27.67,27.73,27.65,27.69,225369
2011-09-12 15:30:00,27.68,27.8,27.65,27.79,236838
2011-09-12 15:45:00,27.78,27.8,27.7,27.79,255592
2011-09-12 16:00:00,27.79,27.83,27.74,27.79,321752
2011-09-13 09:45:00,27.88,27.88,27.6,27.6,4737
2011-09-13 10:00:00,27.54,27.8,27.54,27.78,8459
2011-09-13 10:15:00,27.8,27.85,27.71,27.73,41551
2011-09-13 10:30:00,27.74,27.74,27.59,27.59,45751
2011-09-13 10:45:00,27.6,27.79,27.59,27.755,188269
2011-09-13 11:00:00,27.765,27.79,27.5,27.58,219361
2011-09-13 11:15:00,27.57,27.6,27.5,27.55,236436
2011-09-13 11:30:00,27.55,27.56,27.46,27.55,245491
2011-09-13 11:45:00,27.54,27.61,27.515,27.59,262555
2011-09-13 12:00:00,27.61,27.635,27.53,27.53,273866
2011-09-13 12:15:00,27.52,27.7,27.47,27.69,294562
2011-09-13 12:30:00,27.68,27.71,27.63,27.71,305462
2011-09-13 12:45:00,27.72,27.72,27.65,27.67,309662
2011-09-13 13:00:00,27.67,27.7,27.66,27.68,330464
2011-09-13 13:15:00,27.67,27.68,27.65,27.67,339684
2011-09-13 13:30:00,27.66,27.67,27.63,27.64,343295
2011-09-13 13:45:00,27.63,27.65,27.61,27.62,359820
2011-09-13 14:00:00,27.62,27.66,27.61,27.62,378555
2011-09-13 14:15:00,27.615,27.67,27.615,27.66,390170
2011-09-13 14:30:00,27.6604,27.69,27.6604,27.69,397170
2011-09-13 14:45:00,27.69,27.69,27.65,27.65,406182
2011-09-13 15:00:00,27.65,27.66,27.49,27.56,437093
2011-09-13 15:15:00,27.5799,27.61,27.56,27.58,451306
2011-09-13 15:30:00,27.57,27.59,27.44,27.59,514612
2011-09-13 15:45:00,27.59,27.61,27.53,27.59,533612
2011-09-13 16:00:00,27.6,27.64,27.57,27.5905,558860
2011-09-14 09:45:00,27.76,27.76,27.57,27.62,16677
2011-09-14 10:00:00,27.63,27.64,27.3,27.3,32445
2011-09-14 10:15:00,27.315,27.47,27.2399,27.415,82817
2011-09-14 10:30:00,27.41,27.41,27.18,27.26,134405
2011-09-14 10:45:00,27.24,27.37,27.19,27.26,152605
2011-09-14 11:00:00,27.26,27.26,27.195,27.23,165246
2011-09-14 11:15:00,27.22,27.35,27.21,27.35,182497
2011-09-14 11:30:00,27.35,27.36,27.25,27.32,194219
2011-09-14 11:45:00,27.31,27.35,27.27,27.27,204519
2011-09-14 12:00:00,27.27,27.33,27.24,27.32,220719
2011-09-14 12:15:00,27.34,27.36,27.3,27.32,235958
2011-09-14 12:30:00,27.32,27.36,27.291,27.34,251358
2011-09-14 12:45:00,27.34,27.37,27.3,27.32,267227
2011-09-14 13:00:00,27.32,27.35,27.3,27.315,282648
2011-09-14 13:15:00,27.3,27.36,27.3,27.34,300357
2011-09-14 13:30:00,27.35,27.36,27.34,27.35,313362
2011-09-14 13:45:00,27.34,27.45,27.34,27.41,337353
2011-09-14 14:00:00,27.41,27.45,27.36,27.36,380081
2011-09-14 14:15:00,27.37,27.44,27.37,27.41,399881
2011-09-14 14:30:00,27.4,27.41,27.4,27.41,411381
2011-09-14 14:45:00,27.4,27.41,27.4,27.4,421802
2011-09-14 15:00:00,27.41,27.41,27.34,27.34,451867
2011-09-14 15:15:00,27.34,27.35,27.29,27.3,526815
2011-09-14 15:30:00,27.3,27.32,27.25,27.25,583850
2011-09-14 15:45:00,27.26,27.26,27.23,27.23,712907
2011-09-14 16:00:00,27.24,27.26,27.03,27.06,863135
2011-09-15 09:45:00,27.39,27.5,27.12,27.29,17223
2011-09-15 10:00:00,27.31,27.44,27.28,27.41,123834
2011-09-15 10:15:00,27.43,27.43,27.385,27.39,160454
2011-09-15 10:30:00,27.39,27.39,27.25,27.27,181085
2011-09-15 10:45:00,27.27,27.3,27.24,27.29,245934
2011-09-15 11:00:00,27.29,27.3,27.21,27.22,264649
2011-09-15 11:15:00,27.21,27.27,27.18,27.18,286249
2011-09-15 11:30:00,27.17,27.23,27.16,27.2,298949
2011-09-15 11:45:00,27.205,27.21,27.19,27.19,306549
2011-09-15 12:00:00,27.1989,27.27,27.18,27.25,328844
2011-09-15 12:15:00,27.26,27.37,27.25,27.37,332566
2011-09-15 12:30:00,27.37,27.44,27.37,27.43,336969
2011-09-15 12:45:00,27.45,27.51,27.44,27.48,386969
2011-09-15 13:00:00,27.47,27.5,27.46,27.47,395869
2011-09-15 13:15:00,27.48,27.5197,27.47,27.5197,419010
2011-09-15 13:30:00,27.52,27.6,27.515,27.55,437943
2011-09-15 13:45:00,27.55,27.67,27.545,27.66,456072
2011-09-15 14:00:00,27.67,27.7699,27.67,27.7699,467509
2011-09-15 14:15:00,27.77,27.88,27.77,27.83,481812
2011-09-15 14:30:00,27.79,27.81,27.74,27.75,487312
2011-09-15 14:45:00,27.755,27.76,27.66,27.67,501146
2011-09-15 15:00:00,27.69,27.7,27.63,27.63,517673
2011-09-15 15:15:00,27.63,27.68,27.62,27.64,537339
2011-09-15 15:30:00,27.631,27.66,27.54,27.55,561677
2011-09-15 15:45:00,27.55,27.67,27.54,27.64,582928
2011-09-15 16:00:00,27.65,27.71,27.65,27.69,628191
2011-09-16 09:45:00,27.88,27.96,27.6182,27.7,15726
2011-09-16 10:00:00,27.72,27.88,27.71,27.85,29057
2011-09-16 10:15:00,27.87,27.97,27.87,27.9,41107
2011-09-16 10:30:00,27.915,27.915,27.63,27.64,47707
2011-09-16 10:45:00,27.67,27.83,27.67,27.74,63997
2011-09-16 11:00:00,27.73,27.82,27.72,27.82,71798
2011-09-16 11:15:00,27.82,27.96,27.82,27.96,78361
2011-09-16 11:30:00,27.95,27.98,27.93,27.98,90001
2011-09-16 11:45:00,27.96,27.97,27.83,27.96,94601
2011-09-16 12:00:00,27.97,28.01,27.92,27.94,96901
2011-09-16 12:15:00,27.9529,28.03,27.9529,28.01,99279
2011-09-16 12:30:00,28.03,28.04,27.94,27.96,107601
2011-09-16 12:45:00,27.95,28.12,27.95,28.1,110935
2011-09-16 13:00:00,28.12,28.2,28.11,28.2,117435
2011-09-16 13:15:00,28.2,28.24,28.15,28.2,120235
2011-09-16 13:30:00,28.22,28.27,28.21,28.25,126776
2011-09-16 13:45:00,28.25,28.26,28.1,28.14,145456
2011-09-16 14:00:00,28.12,28.15,28.06,28.1,163155
2011-09-16 14:15:00,28.1,28.23,28.09,28.23,177555
2011-09-16 14:30:00,28.22,28.26,28.17,28.18,185255
2011-09-16 14:45:00,28.16,28.23,28.16,28.17,190658
2011-09-16 15:00:00,28.19,28.26,28.17,28.26,199658
2011-09-16 15:15:00,28.26,28.3,28.25,28.27,208834
2011-09-16 15:30:00,28.27,28.3,28.26,28.26,217934
2011-09-16 15:45:00,28.28,28.33,28.26,28.33,236034
2011-09-16 16:00:00,28.33,28.34,28.25,28.28,315877
2011-09-19 09:45:00,27.98,28.26,27.96,28.14,15967
2011-09-19 10:00:00,28.11,28.32,27.55,27.8,76158
2011-09-19 10:15:00,27.7,27.92,27.64,27.73,88915
2011-09-19 10:30:00,27.73,27.83,27.7,27.82,95375
2011-09-19 10:45:00,27.84,27.85,27.79,27.8,106751
2011-09-19 11:00:00,27.8,27.985,27.8,27.9,131664
2011-09-19 11:15:00,27.9,27.9,27.7,27.75,142818
2011-09-19 11:30:00,27.76,27.9,27.76,27.84,149818
2011-09-19 11:45:00,27.82,28.12,27.81,28.12,204420
2011-09-19 12:00:00,28.13,28.4,28.13,28.37,217997
2011-09-19 12:15:00,28.37,28.38,28.25,28.29,252247
2011-09-19 12:30:00,28.3,28.38,28.3,28.36,292050
2011-09-19 12:45:00,28.36,28.36,28.14,28.18,316399
2011-09-19 13:00:00,28.2,28.23,28.15,28.21,327199
2011-09-19 13:15:00,28.1902,28.35,28.16,28.35,360421
2011-09-19 13:30:00,28.34,28.5,28.34,28.44,378111
2011-09-19 13:45:00,28.45,28.45,28.29,28.29,389811
2011-09-19 14:00:00,28.3,28.37,28.29,28.36,407611
2011-09-19 14:15:00,28.36,28.46,28.325,28.46,424207
2011-09-19 14:30:00,28.46,28.59,28.46,28.46,437107
2011-09-19 14:45:00,28.46,28.47,28.4,28.41,449007
2011-09-19 15:00:00,28.4,28.4,28.21,28.22,455757
2011-09-19 15:15:00,28.21,28.3,28.13,28.28,465819
2011-09-19 15:30:00,28.28,28.39,28.22,28.35,520314
2011-09-19 15:45:00,28.39,28.49,28.37,28.42,549244
2011-09-19 16:00:00,28.44,28.44,28.23,28.23,601686
2011-09-20 09:45:00,28.28,28.34,28.02,28.11,9369
2011-09-20 10:00:00,28.09,28.1,28.01,28.01,15412
2011-09-20 10:15:00,28.0,28.1,27.8,27.92,70700
2011-09-20 10:30:00,27.95,28.03,27.93,28.02,89687
2011-09-20 10:45:00,28.01,28.03,27.99,27.99,111790
2011-09-20 11:00:00,27.98,27.98,27.77,27.82,120013
2011-09-20 11:15:00,27.87,27.95,27.87,27.91,121313
2011-09-20 11:30:00,27.96,28.0,27.86,27.86,129466
2011-09-20 11:45:00,27.9,28.01,27.9,28.01,152052
2011-09-20 12:00:00,28.0,28.01,27.92,27.94,159196
2011-09-20 12:15:00,27.94,27.94,27.72,27.83,173772
2011-09-20 12:30:00,27.82,27.89,27.82,27.87,178762
2011-09-20 12:45:00,27.87,27.89,27.78,27.81,186564
2011-09-20 13:00:00,27.78,27.93,27.78,27.87,194862
2011-09-20 13:15:00,27.84,27.87,27.72,27.77,221863
2011-09-20 13:30:00,27.79,27.84,27.76,27.83,227173
2011-09-20 13:45:00,27.82,27.86,27.72,27.74,288475
2011-09-20 14:00:00,27.73,27.82,27.73,27.8,303820
2011-09-20 14:15:00,27.8,27.9,27.74,27.88,385826
2011-09-20 14:30:00,27.89,28.0,27.795,27.85,471282
2011-09-20 14:45:00,27.85,27.85,27.74,27.77,486912
2011-09-20 15:00:00,27.76,27.82,27.645,27.645,513696
2011-09-20 15:15:00,27.66,27.69,27.48,27.49,525012
2011-09-20 15:30:00,27.49,27.72,27.48,27.71,651261
2011-09-20 15:45:00,27.72,28.21,27.7,27.96,995435
2011-09-20 16:00:00,27.93,27.98,27.67,27.68,1201161
2011-09-21 09:45:00,27.67,27.76,27.5012,27.65,5957
2011-09-21 10:00:00,27.71,28.36,27.71,28.28,59677
2011-09-21 10:15:00,28.33,28.45,28.31,28.32,108674
2011-09-21 10:30:00,28.31,28.33,28.23,28.245,204849
2011-09-21 10:45:00,28.2301,28.2301,28.07,28.19,242150
2011-09-21 11:00:00,28.195,28.28,28.15,28.28,274050
2011-09-21 11:15:00,28.28,28.32,28.21,28.235,338687
2011-09-21 11:30:00,28.2,28.23,28.11,28.23,368387
2011-09-21 11:45:00,28.24,28.36,28.24,28.34,377937
2011-09-21 12:00:00,28.35,28.35,28.28,28.3,397770
2011-09-21 12:15:00,28.305,28.31,28.2,28.24,441070
2011-09-21 12:30:00,28.24,28.29,28.04,28.15,493597
2011-09-21 12:45:00,28.16,28.31,28.16,28.24,506915
2011-09-21 13:00:00,28.22,28.23,28.06,28.09,533387
2011-09-21 13:15:00,28.11,28.16,27.98,28.04,606716
2011-09-21 13:30:00,28.04,28.15,28.0,28.05,703785
2011-09-21 13:45:00,28.04,28.12,28.0,28.02,766260
2011-09-21 14:00:00,28.03,28.12,28.0,28.12,785602
2011-09-21 14:15:00,28.11,28.22,28.08,28.18,798326
2011-09-21 14:30:00,28.16,28.17,28.03,28.16,886058
2011-09-21 14:45:00,28.16,28.16,27.95,28.07,918108
2011-09-21 15:00:00,28.04,28.11,28.0,28.11,929946
2011-09-21 15:15:00,28.1,28.18,28.08,28.15,980199
2011-09-21 15:30:00,28.15,28.37,28.15,28.34,1028334
2011-09-21 15:45:00,28.335,28.44,28.33,28.43,1065814
2011-09-21 16:00:00,28.43,28.72,28.36,28.6,1240907
2011-09-22 09:45:00,27.86,27.88,27.55,27.8,19222
2011-09-22 10:00:00,27.81,27.82,27.42,27.42,46935
2011-09-22 10:15:00,27.47,27.49,27.32,27.32,75969
2011-09-22 10:30:00,27.3,27.43,27.24,27.3,136915
2011-09-22 10:45:00,27.31,27.45,27.3,27.42,271240
2011-09-22 11:00:00,27.42,27.49,27.34,27.4,349384
2011-09-22 11:15:00,27.4,27.48,27.18,27.22,379386
2011-09-22 11:30:00,27.23,27.265,27.0,27.04,413786
2011-09-22 11:45:00,27.01,27.05,26.78,26.9,457304
2011-09-22 12:00:00,26.9,26.98,26.83,26.96,498931
2011-09-22 12:15:00,26.96,26.96,26.42,26.4232,529546
2011-09-22 12:30:00,26.415,26.47,26.27,26.32,576321
2011-09-22 12:45:00,26.32,26.46,26.22,26.22,622768
2011-09-22 13:00:00,26.22,26.3928,26.2,26.3928,694925
2011-09-22 13:15:00,26.4,26.46,26.3,26.31,790535
2011-09-22 13:30:00,26.31,26.46,26.23,26.46,855126
2011-09-22 13:45:00,26.42,26.64,26.4,26.64,871126
2011-09-22 14:00:00,26.62,26.78,26.58,26.66,892758
2011-09-22 14:15:00,26.65,26.7,26.4,26.51,992022
2011-09-22 14:30:00,26.48,26.52,26.29,26.31,1031475
2011-09-22 14:45:00,26.27,26.32,25.84,26.01,1059077
2011-09-22 15:00:00,26.01,26.12,25.825,25.84,1098641
2011-09-22 15:15:00,25.84,26.21,25.7,26.04,1211164
2011-09-22 15:30:00,26.05,26.97,26.01,26.81,1267170
2011-09-22 15:45:00,26.81,26.88,26.31,26.32,1370465
2011-09-22 16:00:00,26.31,26.31,25.99,26.12,1606664
2011-09-23 09:45:00,25.25,25.69,24.67,25.59,199386
2011-09-23 10:00:00,25.63,26.35,25.63,26.15,310836
2011-09-23 10:15:00,26.1,26.1,25.81,25.83,386826
2011-09-23 10:30:00,25.82,25.93,25.63,25.69,439568
2011-09-23 10:45:00,25.695,25.97,25.57,25.605,495800
2011-09-23 11:00:00,25.61,25.73,25.57,25.59,525403
2011-09-23 11:15:00,25.59,25.97,25.57,25.97,603815
2011-09-23 11:30:00,25.97,26.44,25.97,26.36,629544
2011-09-23 11:45:00,26.36,26.4,26.18,26.31,665445
2011-09-23 12:00:00,26.33,26.42,26.31,26.37,683413
2011-09-23 12:15:00,26.37,26.4,26.35,26.36,693561
2011-09-23 12:30:00,26.37,26.63,26.36,26.44,712726
2011-09-23 12:45:00,26.39,26.5,26.23,26.23,734126
2011-09-23 13:00:00,26.23,26.45,26.23,26.26,740026
2011-09-23 13:15:00,26.26,26.26,26.01,26.04,753626
2011-09-23 13:30:00,26.05,26.06,26.01,26.01,766226
2011-09-23 13:45:00,26.01,26.03,25.93,26.01,848307
2011-09-23 14:00:00,26.02,26.54,26.015,26.47,929602
2011-09-23 14:15:00,26.45,26.69,26.45,26.62,1024648
2011-09-23 14:30:00,26.62,26.65,26.57,26.5701,1038110
2011-09-23 14:45:00,26.58,26.64,26.47,26.47,1059307
2011-09-23 15:00:00,26.46,26.47,26.345,26.35,1072987
2011-09-23 15:15:00,26.34,26.52,26.29,26.515,1091629
2011-09-23 15:30:00,26.52,26.52,26.42,26.5,1110683
2011-09-23 15:45:00,26.5,26.53,26.45,26.5,1147843
2011-09-23 16:00:00,26.51,26.65,26.49,26.64,1221928
2011-09-26 09:45:00,26.47,26.48,25.825,26.3,170032
2011-09-26 10:00:00,26.34,26.54,26.18,26.295,224800
2011-09-26 10:15:00,26.3,26.42,26.21,26.25,247826
2011-09-26 10:30:00,26.26,26.525,26.23,26.5,286145
2011-09-26 10:45:00,26.49,26.5399,26.32,26.5,306509
2011-09-26 11:00:00,26.5,26.7,26.43,26.65,347610
2011-09-26 11:15:00,26.64,26.67,26.491,26.61,360175
2011-09-26 11:30:00,26.61,26.9,26.59,26.86,375531
2011-09-26 11:45:00,26.8894,26.975,26.87,26.96,384695
2011-09-26 12:00:00,26.96,26.965,26.78,26.8,396837
2011-09-26 12:15:00,26.82,26.82,26.41,26.44,436770
2011-09-26 12:30:00,26.43,26.61,26.43,26.555,460020
2011-09-26 12:45:00,26.54,26.54,26.43,26.51,479255
2011-09-26 13:00:00,26.515,26.55,26.44,26.5007,489595
2011-09-26 13:15:00,26.5,26.515,26.48,26.5,507395
2011-09-26 13:30:00,26.51,26.52,26.49,26.5,532880
2011-09-26 13:45:00,26.51,26.57,26.45,26.56,599335
2011-09-26 14:00:00,26.56,26.69,26.56,26.69,606778
2011-09-26 14:15:00,26.64,26.8,26.64,26.67,670258
2011-09-26 14:30:00,26.67,26.67,26.5982,26.61,735427
2011-09-26 14:45:00,26.62,26.72,26.6,26.72,742661
2011-09-26 15:00:00,26.715,26.83,26.715,26.78,753612
2011-09-26 15:15:00,26.78,26.88,26.75,26.81,825552
2011-09-26 15:30:00,26.8,26.95,26.8,26.85,973686
2011-09-26 15:45:00,26.85,26.86,26.71,26.71,1068051
2011-09-26 16:00:00,26.71,26.8,26.6066,26.8,1177406
2011-09-27 09:45:00,27.05,27.72,26.91,26.97,121220
2011-09-27 10:00:00,27.0,27.75,27.0,27.5,211379
2011-09-27 10:15:00,27.48,27.5,27.16,27.225,274397
2011-09-27 10:30:00,27.24,27.27,27.12,27.15,308716
2011-09-27 10:45:00,27.15,27.41,27.0,27.41,442695
2011-09-27 11:00:00,27.42,27.75,27.42,27.75,456123
2011-09-27 11:15:00,27.72,27.81,27.57,27.69,475329
2011-09-27 11:30:00,27.65,27.68,27.53,27.54,486440
2011-09-27 11:45:00,27.54,27.66,27.47,27.57,527900
2011-09-27 12:00:00,27.56,27.57,27.4,27.55,543500
2011-09-27 12:15:00,27.5,27.65,27.5,27.59,556893
2011-09-27 12:30:00,27.6,27.63,27.45,27.47,569669
2011-09-27 12:45:00,27.44,27.54,27.41,27.46,723969
2011-09-27 13:00:00,27.45,27.5,27.3,27.31,778575
2011-09-27 13:15:00,27.31,27.4,27.3,27.4,782525
2011-09-27 13:30:00,27.42,27.47,27.4,27.46,785125
2011-09-27 13:45:00,27.47,27.53,27.42,27.45,813639
2011-09-27 14:00:00,27.46,27.56,27.39,27.53,859830
2011-09-27 14:15:00,27.53,27.53,27.42,27.42,954963
2011-09-27 14:30:00,27.43,27.51,27.38,27.39,984012
2011-09-27 14:45:00,27.41,27.46,27.36,27.385,1014550
2011-09-27 15:00:00,27.385,27.4,27.3,27.35,1146970
2011-09-27 15:15:00,27.345,27.45,27.3,27.4,1346806
2011-09-27 15:30:00,27.39,27.43,27.26,27.33,1432647
2011-09-27 15:45:00,27.34,27.48,27.25,27.37,1601009
2011-09-27 16:00:00,27.35,27.41,27.24,27.395,1728397
2011-09-28 09:45:00,27.5,27.79,27.26,27.62,70304
2011-09-28 10:00:00,27.67,28.31,27.64,28.03,260464
2011-09-28 10:15:00,28.03,28.03,27.85,27.975,328975
2011-09-28 10:30:00,27.98,27.98,27.8,27.86,390518
2011-09-28 10:45:00,27.86,27.93,27.8,27.9,454518
2011-09-28 11:00:00,27.91,28.03,27.86,27.95,480262
2011-09-28 11:15:00,27.89,28.11,27.85,27.94,507610
2011-09-28 11:30:00,27.93,27.94,27.85,27.9,579262
2011-09-28 11:45:00,27.9,27.9,27.73,27.84,612557
2011-09-28 12:00:00,27.82,27.86,27.81,27.83,627185
2011-09-28 12:15:00,27.83,27.83,27.73,27.81,656538
2011-09-28 12:30:00,27.8,27.93,27.77,27.905,728186
2011-09-28 12:45:00,27.91,27.99,27.91,27.91,741256
2011-09-28 13:00:00,27.91,27.97,27.9,27.96,749832
2011-09-28 13:15:00,27.951,27.951,27.81,27.81,759775
2011-09-28 13:30:00,27.82,27.85,27.8,27.85,768945
2011-09-28 13:45:00,27.87,27.96,27.8,27.89,785702
2011-09-28 14:00:00,27.88,27.89,27.81,27.82,802040
2011-09-28 14:15:00,27.82,27.94,27.79,27.94,843656
2011-09-28 14:30:00,27.94,27.96,27.9,27.96,902788
2011-09-28 14:45:00,27.94,27.99,27.93,27.99,925959
2011-09-28 15:00:00,27.99,28.005,27.87,27.95,961091
2011-09-28 15:15:00,27.95,27.98,27.89,27.89,980042
2011-09-28 15:30:00,27.88,27.91,27.79,27.81,1051991
2011-09-28 15:45:00,27.8,27.8,27.59,27.68,1080946
2011-09-28 16:00:00,27.67,27.67,27.3,27.34,1358875
2011-09-29 09:45:00,27.73,27.83,27.48,27.65,18119
2011-09-29 10:00:00,27.73,28.01,27.7,27.85,26119
2011-09-29 10:15:00,27.834,27.93,27.68,27.83,43449
2011-09-29 10:30:00,27.82,27.82,27.53,27.53,50749
2011-09-29 10:45:00,27.56,27.56,27.37,27.37,63549
2011-09-29 11:00:00,27.34,27.45,27.23,27.27,86862
2011-09-29 11:15:00,27.27,27.3,27.0,27.07,128774
2011-09-29 11:30:00,27.06,27.07,26.93,26.95,142947
2011-09-29 11:45:00,26.97,27.02,26.84,27.0,158667
2011-09-29 12:00:00,27.02,27.1,26.97,27.0,178215
2011-09-29 12:15:00,27.0,27.0,26.88,26.9,193415
2011-09-29 12:30:00,26.89,26.9,26.74,26.79,202264
2011-09-29 12:45:00,26.78,26.78,26.46,26.46,219757
2011-09-29 13:00:00,26.465,26.62,26.46,26.5,231482
2011-09-29 13:15:00,26.53,26.55,26.41,26.54,241753
2011-09-29 13:30:00,26.525,26.62,26.51,26.61,254803
2011-09-29 13:45:00,26.61,26.62,26.53,26.53,285657
2011-09-29 14:00:00,26.53,26.54,26.44,26.51,312152
2011-09-29 14:15:00,26.51,26.52,26.4,26.41,363093
2011-09-29 14:30:00,26.411,26.51,26.39,26.445,396579
2011-09-29 14:45:00,26.45,26.47,26.32,26.37,473802
2011-09-29 15:00:00,26.36,26.51,26.35,26.49,502350
2011-09-29 15:15:00,26.5,26.52,26.39,26.45,577594
2011-09-29 15:30:00,26.46,26.57,26.39,26.47,648166
2011-09-29 15:45:00,26.48,26.51,26.36,26.37,711209
2011-09-29 16:00:00,26.38,26.76,26.38,26.72,908843
2011-09-30 09:45:00,26.43,26.89,26.37,26.845,12112
2011-09-30 10:00:00,26.855,26.855,26.08,26.1022,30793
2011-09-30 10:15:00,26.17,26.35,25.9516,26.32,53023
2011-09-30 10:30:00,26.32,26.51,26.28,26.5,59331
2011-09-30 10:45:00,26.48,26.53,26.34,26.345,67531
2011-09-30 11:00:00,26.33,26.36,26.29,26.31,98233
2011-09-30 11:15:00,26.31,26.45,26.31,26.45,102033
2011-09-30 11:30:00,26.46,26.53,26.39,26.39,120844
2011-09-30 11:45:00,26.4,26.5,26.4,26.47,130844
2011-09-30 12:00:00,26.43,26.43,26.2,26.23,136051
2011-09-30 12:15:00,26.23,26.355,26.12,26.15,188714
2011-09-30 12:30:00,26.15,26.24,26.09,26.16,201691
2011-09-30 12:45:00,26.16,26.2,26.16,26.18,210491
2011-09-30 13:00:00,26.23,26.23,26.16,26.16,220531
2011-09-30 13:15:00,26.15,26.195,26.11,26.15,235817
2011-09-30 13:30:00,26.15,26.17,26.11,26.15,242261
2011-09-30 13:45:00,26.13,26.235,26.13,26.16,250390
2011-09-30 14:00:00,26.16,26.25,26.15,26.15,255690
2011-09-30 14:15:00,26.17,26.18,26.08,26.14,273506
2011-09-30 14:30:00,26.13,26.185,26.05,26.07,287127
2011-09-30 14:45:00,26.07,26.14,26.05,26.12,300626
2011-09-30 15:00:00,26.1,26.21,26.05,26.12,332187
2011-09-30 15:15:00,26.12,26.2,26.09,26.09,353561
2011-09-30 15:30:00,26.1,26.19,26.08,26.18,368861
2011-09-30 15:45:00,26.16,26.26,26.09,26.24,392727
2011-09-30 16:00:00,26.24,26.24,26.05,26.06,499013
2011-10-03 09:45:00,25.97,26.26,25.95,26.22,18521
2011-10-03 10:00:00,26.23,26.23,25.77,25.955,47707
2011-10-03 10:15:00,26.01,26.48,26.0,26.45,65404
2011-10-03 10:30:00,26.49,26.53,26.2,26.2,81698
2011-10-03 10:45:00,26.2,26.21,26.03,26.13,88398
2011-10-03 11:00:00,26.14,26.21,26.1,26.15,96390
2011-10-03 11:15:00,26.14,26.225,26.11,26.19,104890
2011-10-03 11:30:00,26.2,26.25,26.13,26.23,115490
2011-10-03 11:45:00,26.2,26.25,26.12,26.15,130713
2011-10-03 12:00:00,26.18,26.24,26.14,26.23,143223
2011-10-03 12:15:00,26.23,26.23,26.0,26.005,154495
2011-10-03 12:30:00,26.01,26.11,26.0,26.05,166832
2011-10-03 12:45:00,26.04,26.04,25.91,26.01,180774
2011-10-03 13:00:00,26.01,26.03,25.76,25.78,196474
2011-10-03 13:15:00,25.76,25.76,25.63,25.71,209873
2011-10-03 13:30:00,25.71,25.715,25.53,25.5925,229363
2011-10-03 13:45:00,25.58,25.61,25.5,25.59,242919
2011-10-03 14:00:00,25.59,25.61,25.27,25.32,269752
2011-10-03 14:15:00,25.28,25.39,25.22,25.34,303234
2011-10-03 14:30:00,25.314,25.35,25.17,25.195,364838
2011-10-03 14:45:00,25.21,25.21,25.1,25.185,395227
2011-10-03 15:00:00,25.19,25.3,25.093,25.27,457701
2011-10-03 15:15:00,25.27,25.41,25.21,25.24,520591
2011-10-03 15:30:00,25.24,25.355,25.23,25.24,569570
2011-10-03 15:45:00,25.24,25.275,25.2,25.235,607802
2011-10-03 16:00:00,25.24,25.25,24.99,25.01,722686
2011-10-04 09:45:00,24.86,24.9795,24.56,24.93,31118
2011-10-04 10:00:00,24.88,24.98,24.8,24.96,47424
2011-10-04 10:15:00,24.91,25.04,24.79,24.91,62826
2011-10-04 10:30:00,24.91,25.05,24.86,24.89,78526
2011-10-04 10:45:00,24.85,25.19,24.85,25.19,103687
2011-10-04 11:00:00,25.185,25.23,25.115,25.2,128882
2011-10-04 11:15:00,25.2,25.33,25.15,25.24,150339
2011-10-04 11:30:00,25.25,25.28,25.115,25.15,187351
2011-10-04 11:45:00,25.1525,25.16,24.96,25.09,205700
2011-10-04 12:00:00,25.09,25.19,25.01,25.16,216967
2011-10-04 12:15:00,25.19,25.51,25.19,25.33,223801
2011-10-04 12:30:00,25.3,25.34,25.08,25.08,231523
2011-10-04 12:45:00,25.07,25.21,25.06,25.195,240858
2011-10-04 13:00:00,25.19,25.21,25.1,25.1,245858
2011-10-04 13:15:00,25.1,25.18,24.99,24.99,254697
2011-10-04 13:30:00,25.0,25.08,24.97,24.9996,260897
2011-10-04 13:45:00,24.99,25.05,24.72,24.73,276590
2011-10-04 14:00:00,24.73,24.91,24.73,24.81,285851
2011-10-04 14:15:00,24.82,24.9,24.68,24.71,300624
2011-10-04 14:30:00,24.72,24.73,24.56,24.66,327877
2011-10-04 14:45:00,24.65,24.85,24.5425,24.59,351422
2011-10-04 15:00:00,24.59,24.6,24.4696,24.56,373093
2011-10-04 15:15:00,24.52,24.66,24.38,24.46,403099
2011-10-04 15:30:00,24.46,24.68,24.39,24.53,443320
2011-10-04 15:45:00,24.54,24.75,24.54,24.73,507146
2011-10-04 16:00:00,24.74,25.1,24.74,25.03,614804
2011-10-05 09:45:00,26.21,26.86,26.21,26.24,69421
2011-10-05 10:00:00,26.25,26.5,26.11,26.26,109898
2011-10-05 10:15:00,26.265,26.29,26.08,26.145,176798
2011-10-05 10:30:00,26.145,26.23,26.05,26.17,204573
2011-10-05 10:45:00,26.18,26.2,26.1,26.16,229873
2011-10-05 11:00:00,26.15,26.24,26.06,26.14,300175
2011-10-05 11:15:00,26.13,26.17,26.07,26.14,321241
2011-10-05 11:30:00,26.13,26.21,26.12,26.17,354867
2011-10-05 11:45:00,26.18,26.48,26.18,26.37,378102
2011-10-05 12:00:00,26.39,26.39,26.34,26.36,396042
2011-10-05 12:15:00,26.36,26.64,26.34,26.615,421330
2011-10-05 12:30:00,26.6,26.6,26.46,26.47,440285
2011-10-05 12:45:00,26.46,26.54,26.4,26.49,459649
2011-10-05 13:00:00,26.48,26.53,26.43,26.51,476205
2011-10-05 13:15:00,26.51,26.52,26.42,26.42,488215
2011-10-05 13:30:00,26.42,26.72,26.42,26.64,518819
2011-10-05 13:45:00,26.645,26.66,26.58,26.64,537994
2011-10-05 14:00:00,26.66,26.86,26.66,26.86,547811
2011-10-05 14:15:00,26.86,26.93,26.75,26.75,567638
2011-10-05 14:30:00,26.77,26.78,26.59,26.59,642021
2011-10-05 14:45:00,26.6,26.61,26.43,26.5,672782
2011-10-05 15:00:00,26.52,26.63,26.48,26.49,695206
2011-10-05 15:15:00,26.53,26.57,26.42,26.55,718496
2011-10-05 15:30:00,26.56,26.6,26.41,26.45,749989
2011-10-05 15:45:00,26.45,26.61,26.44,26.61,795751
2011-10-05 16:00:00,26.61,26.68,26.53,26.54,984709
2011-10-06 09:45:00,26.6,26.6,26.38,26.51,15653
2011-10-06 10:00:00,26.53,26.62,26.4,26.54,20553
2011-10-06 10:15:00,26.51,26.73,26.47,26.7,22553
2011-10-06 10:30:00,26.7,26.71,26.46,26.46,41155
2011-10-06 10:45:00,26.47,26.58,26.39,26.4,49655
2011-10-06 11:00:00,26.42,26.43,26.26,26.35,58378
2011-10-06 11:15:00,26.34,26.54,26.31,26.51,71364
2011-10-06 11:30:00,26.51,26.6,26.48,26.6,79385
2011-10-06 11:45:00,26.61,26.65,26.53,26.54,85885
2011-10-06 12:00:00,26.54,26.57,26.44,26.55,92030
2011-10-06 12:15:00,26.54,26.61,26.54,26.61,100746
2011-10-06 12:30:00,26.6,26.6,26.53,26.57,106210
2011-10-06 12:45:00,26.57,26.67,26.54,26.61,125272
2011-10-06 13:00:00,26.62,26.73,26.62,26.715,284815
2011-10-06 13:15:00,26.7008,26.77,26.7,26.77,293277
2011-10-06 13:30:00,26.77,26.92,26.74,26.885,312838
2011-10-06 13:45:00,26.885,26.94,26.885,26.93,325820
2011-10-06 14:00:00,26.93,27.06,26.93,26.98,357783
2011-10-06 14:15:00,26.99,27.15,26.98,27.1,1028208
2011-10-06 14:30:00,27.07,27.265,27.03,27.18,1154536
2011-10-06 14:45:00,27.18,27.44,27.14,27.37,1364089
2011-10-06 15:00:00,27.35,27.67,27.32,27.56,1393216
2011-10-06 15:15:00,27.57,27.7,27.47,27.47,1456554
2011-10-06 15:30:00,27.47,27.5,27.3,27.33,1486755
2011-10-06 15:45:00,27.3,27.46,27.3,27.3506,1522182
2011-10-06 16:00:00,27.35,27.49,27.32,27.38,1570885
2011-10-07 09:45:00,27.72,27.74,27.04,27.39,26620
2011-10-07 10:00:00,27.31,27.31,27.12,27.26,31310
2011-10-07 10:15:00,27.28,27.3,27.16,27.3,33610
2011-10-07 10:30:00,27.25,27.41,27.25,27.4,35833
2011-10-07 10:45:00,27.39,27.41,27.29,27.33,53164
2011-10-07 11:00:00,27.33,27.335,27.19,27.2598,61764
2011-10-07 11:15:00,27.23,27.31,27.14,27.17,81664
2011-10-07 11:30:00,27.17,27.36,27.16,27.29,94752
2011-10-07 11:45:00,27.3,27.34,27.2,27.34,101862
2011-10-07 12:00:00,27.36,27.47,27.33,27.47,107236
2011-10-07 12:15:00,27.44,27.44,27.22,27.29,115927
2011-10-07 12:30:00,27.26,27.33,27.11,27.15,134486
2011-10-07 12:45:00,27.15,27.25,27.14,27.14,140786
2011-10-07 13:00:00,27.16,27.2,27.12,27.2,147946
2011-10-07 13:15:00,27.22,27.25,27.08,27.14,155509
2011-10-07 13:30:00,27.14,27.34,27.14,27.34,168709
2011-10-07 13:45:00,27.33,27.33,27.17,27.2,178309
2011-10-07 14:00:00,27.17,27.25,27.15,27.25,183856
2011-10-07 14:15:00,27.25,27.27,27.23,27.235,189015
2011-10-07 14:30:00,27.23,27.45,27.2,27.265,201104
2011-10-07 14:45:00,27.24,27.37,27.24,27.28,208570
2011-10-07 15:00:00,27.26,27.38,27.24,27.38,217536
2011-10-07 15:15:00,27.36,27.43,27.28,27.43,229897
2011-10-07 15:30:00,27.4,27.68,27.4,27.64,253949
2011-10-07 15:45:00,27.62,27.64,27.3604,27.52,274261
2011-10-07 16:00:00,27.49,27.5,27.22,27.31,321411
2011-10-10 09:45:00,27.62,27.78,27.23,27.23,12721
2011-10-10 10:00:00,27.25,27.32,27.2,27.24,23621
2011-10-10 10:15:00,27.265,27.42,27.235,27.35,64351
2011-10-10 10:30:00,27.34,27.36,27.27,27.34,88929
2011-10-10 10:45:00,27.3178,27.39,27.26,27.33,105727
2011-10-10 11:00:00,27.3,27.43,27.27,27.31,130399
2011-10-10 11:15:00,27.29,27.35,27.2,27.21,159451
2011-10-10 11:30:00,27.21,27.26,27.16,27.26,167446
2011-10-10 11:45:00,27.26,27.3,27.21,27.23,177744
2011-10-10 12:00:00,27.2235,27.24,27.06,27.06,181626
2011-10-10 12:15:00,27.06,27.18,27.03,27.18,198697
2011-10-10 12:30:00,27.175,27.23,27.12,27.23,210809
2011-10-10 12:45:00,27.23,27.33,27.23,27.295,223479
2011-10-10 13:00:00,27.29,27.36,27.285,27.36,263156
2011-10-10 13:15:00,27.36,27.37,27.33,27.34,267556
2011-10-10 13:30:00,27.34,27.35,27.29,27.29,277001
2011-10-10 13:45:00,27.3,27.35,27.29,27.35,296450
2011-10-10 14:00:00,27.37,27.37,27.25,27.26,308349
2011-10-10 14:15:00,27.25,27.3,27.19,27.29,365466
2011-10-10 14:30:00,27.29,27.4,27.29,27.37,379992
2011-10-10 14:45:00,27.37,27.41,27.345,27.4,404407
2011-10-10 15:00:00,27.4,27.48,27.395,27.4,506244
2011-10-10 15:15:00,27.4,27.43,27.29,27.3352,548305
2011-10-10 15:30:00,27.33,27.37,27.22,27.22,607938
2011-10-10 15:45:00,27.21,27.39,27.105,27.38,654091
2011-10-10 16:00:00,27.38,27.53,27.36,27.53,698137
2011-10-11 09:45:00,27.35,27.47,27.09,27.13,10926
2011-10-11 10:00:00,27.12,27.15,26.9,27.0,65526
2011-10-11 10:15:00,27.02,27.21,26.96,27.16,82655
2011-10-11 10:30:00,27.15,27.33,27.11,27.17,91800
2011-10-11 10:45:00,27.18,27.3,27.14,27.25,103271
2011-10-11 11:00:00,27.27,27.3,27.14,27.29,121473
2011-10-11 11:15:00,27.31,27.37,27.25,27.25,146564
2011-10-11 11:30:00,27.21,27.3,27.1501,27.3,158110
2011-10-11 11:45:00,27.32,27.35,27.27,27.33,162110
2011-10-11 12:00:00,27.34,27.47,27.28,27.4315,172890
2011-10-11 12:15:00,27.42,27.46,27.29,27.46,179890
2011-10-11 12:30:00,27.46,27.48,27.26,27.37,187026
2011-10-11 12:45:00,27.32,27.37,27.27,27.37,197426
2011-10-11 13:00:00,27.37,27.38,27.255,27.3,205184
2011-10-11 13:15:00,27.33,27.35,27.25,27.31,216884
2011-10-11 13:30:00,27.31,27.37,27.28,27.32,229084
2011-10-11 13:45:00,27.35,27.35,27.23,27.28,244077
2011-10-11 14:00:00,27.28,27.41,27.22,27.38,260570
2011-10-11 14:15:00,27.37,27.38,27.24,27.25,310170
2011-10-11 14:30:00,27.24,27.29,27.11,27.19,327059
2011-10-11 14:45:00,27.18,27.26,27.17,27.21,345457
2011-10-11 15:00:00,27.2052,27.25,27.12,27.25,356002
2011-10-11 15:15:00,27.26,27.32,27.24,27.3,387537
2011-10-11 15:30:00,27.31,27.32,27.15,27.15,460991
2011-10-11 15:45:00,27.16,27.24,27.02,27.18,517520
2011-10-11 16:00:00,27.18,27.25,27.07,27.09,616792
2011-10-12 09:45:00,27.29,27.5,27.13,27.5,6060
2011-10-12 10:00:00,27.4592,27.52,27.33,27.44,19140
2011-10-12 10:15:00,27.41,27.51,27.34,27.51,27807
2011-10-12 10:30:00,27.52,27.61,27.46,27.51,31807
2011-10-12 10:45:00,27.48,27.6,27.45,27.46,39129
2011-10-12 11:00:00,27.43,27.44,27.32,27.34,57484
2011-10-12 11:15:00,27.35,27.4407,27.34,27.34,72052
2011-10-12 11:30:00,27.34,27.375,27.275,27.34,80951
2011-10-12 11:45:00,27.33,27.43,27.33,27.38,86959
2011-10-12 12:00:00,27.38,27.43,27.335,27.4,98415
2011-10-12 12:15:00,27.4031,27.59,27.4031,27.59,112353
2011-10-12 12:30:00,27.59,27.62,27.54,27.61,123209
2011-10-12 12:45:00,27.6,27.62,27.58,27.62,124609
2011-10-12 13:00:00,27.63,27.76,27.63,27.7531,129466
2011-10-12 13:15:00,27.76,27.81,27.755,27.805,133719
2011-10-12 13:30:00,27.8,27.8,27.79,27.8,136107
2011-10-12 13:45:00,27.8,27.84,27.78,27.78,149947
2011-10-12 14:00:00,27.78,27.785,27.6501,27.66,421590
2011-10-12 14:15:00,27.68,27.82,27.66,27.8,482790
2011-10-12 14:30:00,27.81,27.84,27.73,27.77,501411
2011-10-12 14:45:00,27.77,27.84,27.76,27.76,514411
2011-10-12 15:00:00,27.745,27.76,27.68,27.7,524160
2011-10-12 15:15:00,27.72,27.77,27.68,27.72,533260
2011-10-12 15:30:00,27.72,27.75,27.63,27.75,548560
2011-10-12 15:45:00,27.768,27.768,27.66,27.67,574923
2011-10-12 16:00:00,27.7,27.72,27.53,27.7,611161
2011-10-13 09:45:00,27.56,27.71,27.45,27.68,46221
2011-10-13 10:00:00,27.67,27.7,27.54,27.64,50042
2011-10-13 10:15:00,27.69,27.74,27.52,27.72,83069
2011-10-13 10:30:00,27.7,27.84,27.64,27.83,115536
2011-10-13 10:45:00,27.8,27.84,27.67,27.84,137236
2011-10-13 11:00:00,27.84,27.84,27.74,27.79,166633
2011-10-13 11:15:00,27.78,27.84,27.71,27.81,171824
2011-10-13 11:30:00,27.8,27.84,27.68,27.8,185324
2011-10-13 11:45:00,27.79,27.84,27.79,27.84,192910
2011-10-13 12:00:00,27.84,27.97,27.82,27.88,231597
2011-10-13 12:15:00,27.88,27.94,27.86,27.87,244616
2011-10-13 12:30:00,27.87,27.87,27.73,27.76,279516
2011-10-13 12:45:00,27.76,27.82,27.75,27.78,294216
2011-10-13 13:00:00,27.77,27.87,27.74,27.85,302316
2011-10-13 13:15:00,27.84,28.0,27.74,27.95,326696
2011-10-13 13:30:00,27.94,27.96,27.89,27.96,333166
2011-10-13 13:45:00,27.95,27.98,27.91,27.98,337966
2011-10-13 14:00:00,27.99,28.01,27.83,27.84,367764
2011-10-13 14:15:00,27.86,27.945,27.79,27.89,385164
2011-10-13 14:30:00,27.9,28.08,27.9,28.04,412464
2011-10-13 14:45:00,28.04,28.04,27.89,27.96,426907
2011-10-13 15:00:00,28.0,28.0,27.92,27.92,434308
2011-10-13 15:15:00,27.92,27.96,27.82,27.94,445672
2011-10-13 15:30:00,27.93,28.04,27.88,27.91,510587
2011-10-13 15:45:00,27.89,27.92,27.79,27.84,540090
2011-10-13 16:00:00,27.84,27.98,27.82,27.96,583773
2011-10-14 09:45:00,28.3,28.44,28.26,28.27,6804
2011-10-14 10:00:00,28.26,28.33,27.93,28.08,54613
2011-10-14 10:15:00,27.99,28.18,27.94,28.17,58854
2011-10-14 10:30:00,28.17,28.25,28.11,28.195,118069
2011-10-14 10:45:00,28.2,28.26,28.11,28.26,124861
2011-10-14 11:00:00,28.26,28.26,28.15,28.25,137143
2011-10-14 11:15:00,28.24,28.27,28.17,28.22,152588
2011-10-14 11:30:00,28.23,28.23,28.18,28.2,167439
2011-10-14 11:45:00,28.15,28.23,28.15,28.19,176439
2011-10-14 12:00:00,28.19,28.21,28.18,28.205,186080
2011-10-14 12:15:00,28.21,28.22,28.18,28.2,197784
2011-10-14 12:30:00,28.2,28.21,28.19,28.19,201038
2011-10-14 12:45:00,28.18,28.2,28.16,28.19,202638
2011-10-14 13:00:00,28.18,28.22,28.16,28.16,207438
2011-10-14 13:15:00,28.18,28.2,28.12,28.12,227819
2011-10-14 13:30:00,28.15,28.15,28.0,28.0,236619
2011-10-14 13:45:00,28.01,28.01,27.9,27.96,280987
2011-10-14 14:00:00,27.97,28.0,27.96,27.98,312960
2011-10-14 14:15:00,27.98,28.0,27.96,27.98,317322
2011-10-14 14:30:00,27.95,28.0,27.95,27.99,329723
2011-10-14 14:45:00,27.99,28.02,27.9,27.95,375388
2011-10-14 15:00:00,27.99,28.105,27.98,28.07,384046
2011-10-14 15:15:00,28.07,28.12,28.02,28.0705,401359
2011-10-14 15:30:00,28.09,28.16,28.06,28.16,408310
2011-10-14 15:45:00,28.16,28.23,28.15,28.19,422245
2011-10-14 16:00:00,28.2,28.24,28.13,28.24,490355
2011-10-17 09:45:00,28.02,28.22,28.02,28.091,2746
2011-10-17 10:00:00,28.02,28.07,27.79,27.79,6864
2011-10-17 10:15:00,27.83,27.84,27.82,27.82,7564
2011-10-17 10:30:00,27.79,27.79,27.66,27.66,8564
2011-10-17 10:45:00,27.65,27.81,27.65,27.75,26366
2011-10-17 11:00:00,27.76,27.89,27.73,27.86,65566
2011-10-17 11:15:00,27.86,27.86,27.84,27.84,66466
2011-10-17 11:30:00,27.83,27.9,27.8,27.9,71666
2011-10-17 11:45:00,27.9,27.94,27.9,27.92,79566
2011-10-17 12:00:00,27.92,27.98,27.87,27.88,92223
2011-10-17 12:15:00,27.87,27.9,27.8,27.8,100870
2011-10-17 12:30:00,27.83,27.85,27.83,27.83,102270
2011-10-17 12:45:00,27.8,27.85,27.8,27.85,106238
2011-10-17 13:00:00,27.85,27.85,27.76,27.8,121703
2011-10-17 13:15:00,27.8,27.84,27.8,27.84,123412
2011-10-17 13:30:00,27.81,27.97,27.81,27.86,130042
2011-10-17 13:45:00,27.85,27.87,27.72,27.75,134142
2011-10-17 14:00:00,27.81,27.87,27.77,27.86,138247
2011-10-17 14:15:00,27.85,27.88,27.76,27.84,143260
2011-10-17 14:30:00,27.83,27.84,27.8,27.8,145960
2011-10-17 14:45:00,27.79,27.79,27.63,27.7,152703
2011-10-17 15:00:00,27.69,27.88,27.69,27.85,159258
2011-10-17 15:15:00,27.82,27.98,27.82,27.96,172078
2011-10-17 15:30:00,27.96,28.02,27.95,27.99,198834
2011-10-17 15:45:00,27.98,28.15,27.89,28.15,223819
2011-10-17 16:00:00,28.16,28.18,28.04,28.07,271289
2011-10-18 09:45:00,27.91,28.09,27.78,27.78,11430
2011-10-18 10:00:00,27.7,27.7,27.36,27.36,14521
2011-10-18 10:15:00,27.34,27.75,27.15,27.6,26554
2011-10-18 10:30:00,27.56,27.67,27.49,27.67,32917
2011-10-18 10:45:00,27.6244,27.79,27.6,27.76,41268
2011-10-18 11:00:00,27.73,27.86,27.7,27.81,59924
2011-10-18 11:15:00,27.76,28.05,27.76,27.95,73148
2011-10-18 11:30:00,27.89,27.905,27.84,27.85,74648
2011-10-18 11:45:00,27.81,27.88,27.8,27.88,80773
2011-10-18 12:00:00,27.87,27.95,27.85,27.91,94881
2011-10-18 12:15:00,27.92,28.08,27.91,28.0,105575
2011-10-18 12:30:00,28.01,28.1,27.97,28.02,153297
2011-10-18 12:45:00,28.02,28.0774,28.0,28.0774,158326
2011-10-18 13:00:00,28.09,28.16,28.09,28.12,159903
2011-10-18 13:15:00,28.11,28.22,28.1,28.22,175345
2011-10-18 13:30:00,28.23,28.4,28.22,28.4,183317
2011-10-18 13:45:00,28.4,28.4,28.23,28.27,191017
2011-10-18 14:00:00,28.27,28.4,28.24,28.33,196721
2011-10-18 14:15:00,28.33,28.33,28.26,28.27,199821
2011-10-18 14:30:00,28.27,28.3999,28.24,28.37,209221
2011-10-18 14:45:00,28.36,28.37,28.2,28.21,224866
2011-10-18 15:00:00,28.21,28.25,28.2,28.2,242565
2011-10-18 15:15:00,28.23,28.69,28.23,28.625,304692
2011-10-18 15:30:00,28.62,28.69,28.5,28.51,342327
2011-10-18 15:45:00,28.51,28.55,28.12,28.26,398063
2011-10-18 16:00:00,28.41,28.45,28.2,28.29,462830
2011-10-19 09:45:00,28.11,28.11,27.86,27.95,8261
2011-10-19 10:00:00,27.95,28.09,27.94,28.09,14193
2011-10-19 10:15:00,28.05,28.16,27.96,28.03,16593
2011-10-19 10:30:00,28.06,28.16,28.03,28.16,18693
2011-10-19 10:45:00,28.15,28.17,28.1,28.17,20755
2011-10-19 11:00:00,28.18,28.19,28.13,28.15,22255
2011-10-19 11:15:00,28.1,28.15,28.07,28.115,24805
2011-10-19 11:30:00,28.1404,28.23,28.14,28.2,34255
2011-10-19 11:45:00,28.2,28.22,28.15,28.19,38055
2011-10-19 12:00:00,28.16,28.19,28.14,28.15,52682
2011-10-19 12:15:00,28.17,28.21,28.15,28.16,75982
2011-10-19 12:30:00,28.16,28.22,28.15,28.2,112282
2011-10-19 12:45:00,28.16,28.32,28.16,28.32,255241
2011-10-19 13:00:00,28.32,28.47,28.27,28.46,304381
2011-10-19 13:15:00,28.43,28.445,28.38,28.4,309781
2011-10-19 13:30:00,28.39,28.42,28.34,28.4,317661
2011-10-19 13:45:00,28.39,28.39,28.29,28.3,323863
2011-10-19 14:00:00,28.3,28.32,28.12,28.14,545320
2011-10-19 14:15:00,28.14,28.16,27.96,27.965,565227
2011-10-19 14:30:00,27.965,28.04,27.96,28.02,614007
2011-10-19 14:45:00,28.0,28.33,28.0,28.25,622107
2011-10-19 15:00:00,28.24,28.29,28.19,28.23,626107
2011-10-19 15:15:00,28.24,28.25,28.09,28.21,634920
2011-10-19 15:30:00,28.29,28.29,28.18,28.18,640897
2011-10-19 15:45:00,28.23,28.31,28.151,28.21,671644
2011-10-19 16:00:00,28.2,28.3,28.14,28.19,762234
2011-10-20 09:45:00,28.08,28.115,27.91,28.07,6938
2011-10-20 10:00:00,28.05,28.22,27.9,27.91,18448
2011-10-20 10:15:00,27.95,28.23,27.91,28.08,37923
2011-10-20 10:30:00,28.05,28.05,27.8,27.81,47509
2011-10-20 10:45:00,27.82,27.9485,27.82,27.85,55609
2011-10-20 11:00:00,27.83,27.86,27.56,27.56,62644
2011-10-20 11:15:00,27.56,27.61,27.51,27.58,68685
2011-10-20 11:30:00,27.58,27.61,27.53,27.56,72415
2011-10-20 11:45:00,27.56,27.67,27.54,27.65,75715
2011-10-20 12:00:00,27.64,27.7,27.53,27.57,79190
2011-10-20 12:15:00,27.58,27.58,27.44,27.4616,81590
2011-10-20 12:30:00,27.46,27.49,27.39,27.43,87777
2011-10-20 12:45:00,27.44,27.55,27.44,27.51,88977
2011-10-20 13:00:00,27.51,27.6,27.5,27.6,94540
2011-10-20 13:15:00,27.6,27.76,27.55,27.65,98440
2011-10-20 13:30:00,27.65,27.89,27.65,27.82,106740
2011-10-20 13:45:00,27.82,27.83,27.54,27.58,111263
2011-10-20 14:00:00,27.54,27.78,27.54,27.73,123641
2011-10-20 14:15:00,27.725,27.84,27.72,27.8,141223
2011-10-20 14:30:00,27.85,27.94,27.82,27.91,146223
2011-10-20 14:45:00,27.96,28.24,27.9103,28.205,154186
2011-10-20 15:00:00,28.23,28.42,28.22,28.35,175035
2011-10-20 15:15:00,28.36,28.48,28.34,28.45,200376
2011-10-20 15:30:00,28.44,28.56,28.4,28.51,239219
2011-10-20 15:45:00,28.5,28.55,28.39,28.495,264966
2011-10-20 16:00:00,28.5,28.82,28.5,28.81,513009
2011-10-21 09:45:00,28.93,29.2,28.85,29.12,92231
2011-10-21 10:00:00,29.1,29.2,29.085,29.12,135788
2011-10-21 10:15:00,29.14,29.16,29.1,29.16,144388
2011-10-21 10:30:00,29.17,29.25,29.17,29.2,167899
2011-10-21 10:45:00,29.21,29.25,29.21,29.24,178119
2011-10-21 11:00:00,29.23,29.23,29.15,29.1792,189997
2011-10-21 11:15:00,29.18,29.21,29.15,29.18,200308
2011-10-21 11:30:00,29.18,29.205,29.16,29.18,206459
2011-10-21 11:45:00,29.17,29.18,29.16,29.17,212525
2011-10-21 12:00:00,29.17,29.17,29.1,29.1,220762
2011-10-21 12:15:00,29.1,29.11,29.0,29.0,239399
2011-10-21 12:30:00,29.01,29.12,29.0,29.12,248388
2011-10-21 12:45:00,29.12,29.14,29.05,29.12,264401
2011-10-21 13:00:00,29.1,29.12,29.05,29.1,271451
2011-10-21 13:15:00,29.09,29.1,29.05,29.06,375958
2011-10-21 13:30:00,29.05,29.17,29.04,29.1,414075
2011-10-21 13:45:00,29.1,29.1,28.97,28.99,434508
2011-10-21 14:00:00,28.99,29.01,28.92,28.94,456058
2011-10-21 14:15:00,28.95,29.02,28.95,28.99,489733
2011-10-21 14:30:00,29.0,29.01,28.95,28.99,501737
2011-10-21 14:45:00,28.96,29.01,28.92,28.97,519520
2011-10-21 15:00:00,28.97,29.01,28.94,29.0,537873
2011-10-21 15:15:00,28.98,29.0001,28.95,28.95,549326
2011-10-21 15:30:00,28.95,29.01,28.9,28.94,570248
2011-10-21 15:45:00,28.92,29.01,28.83,28.86,606807
2011-10-21 16:00:00,28.86,29.0,28.84,28.99,663635
2011-10-24 09:45:00,28.99,29.0994,28.85,28.97,7912
2011-10-24 10:00:00,28.97,29.08,28.97,29.0,12112
2011-10-24 10:15:00,29.01,29.03,28.96,29.0002,20050
2011-10-24 10:30:00,29.0002,29.04,28.94,28.97,31575
2011-10-24 10:45:00,28.97,29.04,28.85,28.98,41783
2011-10-24 11:00:00,29.01,29.03,28.97,29.03,47658
2011-10-24 11:15:00,28.98,29.01,28.95,28.98,50326
2011-10-24 11:30:00,28.99,29.04,28.95,29.0,72210
2011-10-24 11:45:00,28.98,29.03,28.97,29.01,80727
2011-10-24 12:00:00,29.01,29.04,28.97,29.0074,89085
2011-10-24 12:15:00,29.02,29.04,28.98,29.02,105346
2011-10-24 12:30:00,29.02,29.06,29.0,29.04,118381
2011-10-24 12:45:00,29.05,29.05,28.97,28.97,125281
2011-10-24 13:00:00,28.99,29.06,28.97,29.06,128414
2011-10-24 13:15:00,29.06,29.09,29.03,29.09,131814
2011-10-24 13:30:00,29.099,29.12,28.94,28.99,161086
2011-10-24 13:45:00,28.99,28.99,28.89,28.89,175494
2011-10-24 14:00:00,28.93,28.95,28.89,28.92,189330
2011-10-24 14:15:00,28.87,28.9,28.81,28.81,193432
2011-10-24 14:30:00,28.81,28.81,28.72,28.8,198632
2011-10-24 14:45:00,28.8,28.86,28.8,28.85,202746
2011-10-24 15:00:00,28.85,28.91,28.84,28.89,207848
2011-10-24 15:15:00,28.9,28.93,28.78,28.78,218267
2011-10-24 15:30:00,28.76,28.775,28.72,28.7325,225716
2011-10-24 15:45:00,28.74,28.82,28.68,28.82,240379
2011-10-24 16:00:00,28.81,28.82,28.7,28.78,269102
2011-10-25 09:45:00,28.68,28.8,28.29,28.53,5543
2011-10-25 10:00:00,28.5,28.67,28.43,28.67,13225
2011-10-25 10:15:00,28.59,28.68,28.44,28.53,23728
2011-10-25 10:30:00,28.53,28.85,28.48,28.85,256432
2011-10-25 10:45:00,28.85,28.92,28.67,28.73,280489
2011-10-25 11:00:00,28.71,28.74,28.64,28.74,304055
2011-10-25 11:15:00,28.72,28.74,28.67,28.73,314655
2011-10-25 11:30:00,28.73,28.73,28.57,28.61,328517
2011-10-25 11:45:00,28.62,28.75,28.62,28.69,338330
2011-10-25 12:00:00,28.7,28.72,28.69,28.69,343697
2011-10-25 12:15:00,28.72,28.72,28.6,28.7,344797
2011-10-25 12:30:00,28.7,28.72,28.62,28.69,350642
2011-10-25 12:45:00,28.7,28.7,28.52,28.52,356491
2011-10-25 13:00:00,28.52,28.69,28.52,28.64,360836
2011-10-25 13:15:00,28.63,28.73,28.63,28.63,363436
2011-10-25 13:30:00,28.61,28.61,28.53,28.53,377199
2011-10-25 13:45:00,28.52,28.61,28.51,28.6,387015
2011-10-25 14:00:00,28.6,28.7,28.56,28.63,398435
2011-10-25 14:15:00,28.64,28.66,28.48,28.48,410962
2011-10-25 14:30:00,28.49,28.51,28.4,28.47,429389
2011-10-25 14:45:00,28.47,28.47,28.28,28.3,449310
2011-10-25 15:00:00,28.305,28.305,28.14,28.27,489619
2011-10-25 15:15:00,28.275,28.37,28.25,28.3,524306
2011-10-25 15:30:00,28.31,28.37,28.22,28.27,546819
2011-10-25 15:45:00,28.28,28.31,28.17,28.18,569420
2011-10-25 16:00:00,28.175,28.2,28.06,28.16,601282
2011-10-26 09:45:00,28.38,28.56,28.14,28.21,9819
2011-10-26 10:00:00,28.24,28.46,28.21,28.42,19719
2011-10-26 10:15:00,28.44,28.445,28.02,28.03,35319
2011-10-26 10:30:00,28.02,28.06,27.98,28.02,43550
2011-10-26 10:45:00,28.04,28.04,27.79,27.825,57874
2011-10-26 11:00:00,27.825,27.86,27.73,27.775,69752
2011-10-26 11:15:00,27.78,27.87,27.74,27.74,78589
2011-10-26 11:30:00,27.75,27.75,27.55,27.605,89597
2011-10-26 11:45:00,27.6,27.76,27.56,27.76,99418
2011-10-26 12:00:00,27.77,27.94,27.77,27.89,106104
2011-10-26 12:15:00,27.87,27.96,27.84,27.96,110626
2011-10-26 12:30:00,27.96,27.96,27.88,27.88,116670
2011-10-26 12:45:00,27.92,28.08,27.91,28.05,119048
2011-10-26 13:00:00,28.03,28.07,28.01,28.02,122099
2011-10-26 13:15:00,28.02,28.06,27.95,27.997,129168
2011-10-26 13:30:00,28.0,28.2,28.0,28.2,137263
2011-10-26 13:45:00,28.2,28.33,28.171,28.171,144839
2011-10-26 14:00:00,28.19,28.25,27.99,28.01,157793
2011-10-26 14:15:00,28.01,28.19,27.94,28.175,173107
2011-10-26 14:30:00,28.17,28.2,28.09,28.19,185806
2011-10-26 14:45:00,28.19,28.19,28.02,28.09,193842
2011-10-26 15:00:00,28.07,28.11,27.84,27.87,206742
2011-10-26 15:15:00,27.88,28.0,27.82,27.985,220566
2011-10-26 15:30:00,27.99,28.04,27.72,27.82,260650
2011-10-26 15:45:00,27.83,27.84,27.55,27.58,306927
2011-10-26 16:00:00,27.56,27.57,27.25,27.4,404955
2011-10-27 09:45:00,28.78,29.55,28.0,29.075,120834
2011-10-27 10:00:00,29.1,30.34,28.95,29.58,235726
2011-10-27 10:15:00,29.61,29.74,29.54,29.61,269884
2011-10-27 10:30:00,29.62,29.88,29.45,29.83,298481
2011-10-27 10:45:00,29.86,29.99,29.72,29.77,350805
2011-10-27 11:00:00,29.81,29.99,29.8,29.95,368021
2011-10-27 11:15:00,29.96,29.99,29.71,29.755,409615
2011-10-27 11:30:00,29.75,29.77,29.59,29.69,447236
2011-10-27 11:45:00,29.7,29.8,29.69,29.6936,468236
2011-10-27 12:00:00,29.7,29.96,29.57,29.66,543951
2011-10-27 12:15:00,29.67,29.76,29.63,29.67,611951
2011-10-27 12:30:00,29.66,29.74,29.56,29.6,643459
2011-10-27 12:45:00,29.62,29.86,29.59,29.77,683160
2011-10-27 13:00:00,29.775,29.8,29.74,29.75,692860
2011-10-27 13:15:00,29.75,29.77,29.59,29.64,708122
2011-10-27 13:30:00,29.61,29.69,29.45,29.54,754681
2011-10-27 13:45:00,29.55,29.65,29.49,29.65,766881
2011-10-27 14:00:00,29.645,29.65,29.5,29.53,788647
2011-10-27 14:15:00,29.52,29.57,29.451,29.48,802946
2011-10-27 14:30:00,29.4732,29.58,29.41,29.55,817780
2011-10-27 14:45:00,29.54,29.7,29.48,29.69,863263
2011-10-27 15:00:00,29.7,29.98,29.62,29.95,888330
2011-10-27 15:15:00,29.94,30.0,29.86,29.92,925677
2011-10-27 15:30:00,29.91,29.97,29.78,29.83,944868
2011-10-27 15:45:00,29.83,29.99,29.82,29.99,970130
2011-10-27 16:00:00,29.97,29.99,29.8,29.9,1021233
2011-10-28 09:45:00,29.07,29.82,28.97,29.82,26054
2011-10-28 10:00:00,29.86,29.91,29.69,29.91,52184
2011-10-28 10:15:00,29.95,29.99,29.9,29.96,95334
2011-10-28 10:30:00,29.96,29.99,29.91,29.93,114950
2011-10-28 10:45:00,29.95,30.03,29.83,29.83,134189
2011-10-28 11:00:00,29.8,29.88,29.73,29.82,182025
2011-10-28 11:15:00,29.83,29.96,29.83,29.95,204723
2011-10-28 11:30:00,29.95,30.0,29.882,30.0,257968
2011-10-28 11:45:00,29.99,30.26,29.99,30.26,319162
2011-10-28 12:00:00,30.26,30.26,29.995,30.045,337294
2011-10-28 12:15:00,30.04,30.18,30.03,30.07,484844
2011-10-28 12:30:00,30.04,30.05,29.87,29.93,492904
2011-10-28 12:45:00,29.92,29.99,29.9,29.98,505154
2011-10-28 13:00:00,29.98,30.0,29.891,29.96,531357
2011-10-28 13:15:00,29.96,29.96,29.9025,29.93,539823
2011-10-28 13:30:00,29.92,30.0,29.86,29.93,582921
2011-10-28 13:45:00,29.92,29.92,29.47,29.61,608137
2011-10-28 14:00:00,29.61,29.61,29.28,29.29,674737
2011-10-28 14:15:00,29.28,29.46,29.28,29.42,681885
2011-10-28 14:30:00,29.42,29.43,29.31,29.35,692979
2011-10-28 14:45:00,29.34,29.4,29.33,29.38,698379
2011-10-28 15:00:00,29.35,29.45,29.28,29.45,704284
2011-10-28 15:15:00,29.47,29.51,29.35,29.36,717514
2011-10-28 15:30:00,29.36,29.43,29.3,29.36,740622
2011-10-28 15:45:00,29.355,29.6,29.33,29.6,785140
2011-10-28 16:00:00,29.59,29.59,29.43,29.45,824932
2011-10-31 09:45:00,29.11,29.37,28.46,28.61,47422
2011-10-31 10:00:00,28.61,28.91,28.6,28.91,80332
2011-10-31 10:15:00,28.97,29.13,28.94,29.03,110877
2011-10-31 10:30:00,29.047,29.14,29.02,29.14,113377
2011-10-31 10:45:00,29.14,29.55,29.13,29.49,141921
2011-10-31 11:00:00,29.47,29.6,29.33,29.46,162628
2011-10-31 11:15:00,29.47,29.55,29.38,29.38,202782
2011-10-31 11:30:00,29.38,29.38,29.2,29.33,224905
2011-10-31 11:45:00,29.35,29.35,29.14,29.27,382313
2011-10-31 12:00:00,29.25,29.3,29.25,29.27,418101
2011-10-31 12:15:00,29.27,29.38,29.25,29.33,433254
2011-10-31 12:30:00,29.34,29.35,29.3,29.34,444211
2011-10-31 12:45:00,29.33,29.4,29.28,29.4,458888
2011-10-31 13:00:00,29.4,29.4,29.32,29.36,476775
2011-10-31 13:15:00,29.36,29.5,29.3,29.5,495826
2011-10-31 13:30:00,29.5,29.59,29.46,29.58,507405
2011-10-31 13:45:00,29.58,29.74,29.58,29.65,530744
2011-10-31 14:00:00,29.645,29.67,29.5,29.53,541895
2011-10-31 14:15:00,29.53,29.53,29.31,29.32,571250
2011-10-31 14:30:00,29.31,29.42,29.28,29.39,579176
2011-10-31 14:45:00,29.44,29.47,29.39,29.4,589951
2011-10-31 15:00:00,29.38,29.49,29.38,29.44,631918
2011-10-31 15:15:00,29.44,29.53,29.41,29.48,647936
2011-10-31 15:30:00,29.46,29.46,29.23,29.41,710555
2011-10-31 15:45:00,29.41,29.601,29.34,29.44,751435
2011-10-31 16:00:00,29.44,29.58,29.34,29.34,826009
2011-11-01 09:45:00,28.61,28.9,28.37,28.55,6382
2011-11-01 10:00:00,28.55,28.58,28.43,28.54,14226
2011-11-01 10:15:00,28.55,28.62,28.51,28.6,30996
2011-11-01 10:30:00,28.61,28.87,28.55,28.78,45096
2011-11-01 10:45:00,28.8,28.82,28.73,28.73,49296
2011-11-01 11:00:00,28.73,28.73,28.645,28.67,54693
2011-11-01 11:15:00,28.66,28.71,28.56,28.68,60093
2011-11-01 11:30:00,28.66,28.74,28.63,28.64,73566
2011-11-01 11:45:00,28.63,28.66,28.38,28.38,90871
2011-11-01 12:00:00,28.39,28.53,28.39,28.47,102222
2011-11-01 12:15:00,28.47,28.69,28.42,28.67,117927
2011-11-01 12:30:00,28.63,28.72,28.61,28.63,123527
2011-11-01 12:45:00,28.63,28.81,28.63,28.67,133507
2011-11-01 13:00:00,28.65,28.65,28.53,28.53,139607
2011-11-01 13:15:00,28.53,28.59,28.47,28.51,157975
2011-11-01 13:30:00,28.52,28.73,28.51,28.72,208834
2011-11-01 13:45:00,28.74,28.84,28.7,28.8,229875
2011-11-01 14:00:00,28.79,28.86,28.69,28.74,262930
2011-11-01 14:15:00,28.74,28.81,28.74,28.79,275853
2011-11-01 14:30:00,28.76,28.81,28.73,28.78,281453
2011-11-01 14:45:00,28.79,28.86,28.75,28.86,303674
2011-11-01 15:00:00,28.86,28.89,28.75,28.815,321393
2011-11-01 15:15:00,28.82,28.89,28.8,28.858,342942
2011-11-01 15:30:00,28.85,28.85,28.73,28.77,355167
2011-11-01 15:45:00,28.8,28.9,28.73,28.76,406764
2011-11-01 16:00:00,28.786,28.8,28.66,28.71,452011
2011-11-02 09:45:00,28.79,28.93,28.73,28.83,12795
2011-11-02 10:00:00,28.77,28.78,28.56,28.72,27291
2011-11-02 10:15:00,28.69,28.73,28.56,28.65,35291
2011-11-02 10:30:00,28.645,28.69,28.6,28.67,44891
2011-11-02 10:45:00,28.67,28.99,28.62,28.99,68672
2011-11-02 11:00:00,28.99,29.15,28.89,28.95,88321
2011-11-02 11:15:00,28.95,29.04,28.95,29.0,97795
2011-11-02 11:30:00,28.98,28.98,28.91,28.95,101963
2011-11-02 11:45:00,28.95,29.01,28.93,29.01,110108
2011-11-02 12:00:00,29.0,29.0,28.86,28.92,123808
2011-11-02 12:15:00,28.93,28.93,28.88,28.91,131209
2011-11-02 12:30:00,28.91,28.91,28.78,28.85,139215
2011-11-02 12:45:00,28.875,28.91,28.74,28.84,147537
2011-11-02 13:00:00,28.83,28.83,28.78,28.8,155078
2011-11-02 13:15:00,28.8,28.86,28.7,28.7,161716
2011-11-02 13:30:00,28.7,28.71,28.57,28.61,169671
2011-11-02 13:45:00,28.62,28.66,28.61,28.63,173161
2011-11-02 14:00:00,28.62,28.67,28.57,28.61,177289
2011-11-02 14:15:00,28.59,28.67,28.5,28.53,185656
2011-11-02 14:30:00,28.55,28.61,28.55,28.56,194655
2011-11-02 14:45:00,28.55,28.69,28.54,28.62,200895
2011-11-02 15:00:00,28.64,28.76,28.64,28.74,207330
2011-11-02 15:15:00,28.73,28.74,28.65,28.73,219864
2011-11-02 15:30:00,28.72,28.74,28.57,28.57,234199
2011-11-02 15:45:00,28.57,28.605,28.41,28.58,269146
2011-11-02 16:00:00,28.6,28.74,28.57,28.72,318024
2011-11-03 09:45:00,28.83,29.0,28.82,28.99,5125
2011-11-03 10:00:00,28.91,28.91,28.6315,28.7,7317
2011-11-03 10:15:00,28.66,28.74,28.51,28.74,11721
2011-11-03 10:30:00,28.77,28.78,28.7227,28.78,14865
2011-11-03 10:45:00,28.8,28.93,28.78,28.9,19303
2011-11-03 11:00:00,28.9,28.9107,28.81,28.81,22441
2011-11-03 11:15:00,28.78,28.82,28.77,28.82,24557
2011-11-03 11:30:00,28.81,28.89,28.81,28.85,29343
2011-11-03 11:45:00,28.86,28.91,28.86,28.9,30493
2011-11-03 12:00:00,28.89,28.91,28.874,28.88,32967
2011-11-03 12:15:00,28.82,28.92,28.82,28.88,36991
2011-11-03 12:30:00,28.87,28.96,28.87,28.96,40191
2011-11-03 12:45:00,28.989,28.99,28.92,28.93,42491
2011-11-03 13:00:00,28.95,29.0,28.95,28.99,49916
2011-11-03 13:15:00,29.0,29.01,28.8966,29.0,55978
2011-11-03 13:30:00,29.0,29.0204,28.9692,28.9692,58099
2011-11-03 13:45:00,28.95,28.99,28.94,28.98,61799
2011-11-03 14:00:00,28.97,29.0,28.94,28.94,71054
2011-11-03 14:15:00,28.96,29.03,28.9494,28.97,75154
2011-11-03 14:30:00,29.02,29.03,28.92,28.96,79376
2011-11-03 14:45:00,28.954,29.01,28.9412,28.9412,82968
2011-11-03 15:00:00,28.95,28.96,28.9,28.95,86399
2011-11-03 15:15:00,28.96,29.0,28.92,28.92,93954
2011-11-03 15:30:00,28.94,28.99,28.9,28.95,102830
2011-11-03 15:45:00,28.96,28.97,28.83,28.89,113103
2011-11-03 16:00:00,28.9,28.96,28.85,28.92,137217
2011-11-04 09:45:00,28.69,28.87,28.55,28.69,3784
2011-11-04 10:00:00,28.7,28.9,28.7,28.76,15884
2011-11-04 10:15:00,28.775,28.96,28.76,28.94,28766
2011-11-04 10:30:00,28.94,29.01,28.9,28.98,42277
2011-11-04 10:45:00,28.98,29.1101,28.97,29.07,50252
2011-11-04 11:00:00,29.07,29.12,29.01,29.0272,52598
2011-11-04 11:15:00,29.02,29.09,28.98,29.07,57933
2011-11-04 11:30:00,29.08,29.1492,29.06,29.1492,61911
2011-11-04 11:45:00,29.15,29.2,29.09,29.14,86184
2011-11-04 12:00:00,29.15,29.19,29.07,29.16,97698
2011-11-04 12:15:00,29.15,29.24,29.14,29.2,107924
2011-11-04 12:30:00,29.2,29.29,29.17,29.285,114927
2011-11-04 12:45:00,29.285,29.3183,29.26,29.26,119490
2011-11-04 13:00:00,29.22,29.2405,29.14,29.17,123731
2011-11-04 13:15:00,29.15,29.3,29.15,29.28,129592
2011-11-04 13:30:00,29.33,29.33,29.25,29.31,134517
2011-11-04 13:45:00,29.28,29.34,29.23,29.34,152736
2011-11-04 14:00:00,29.31,29.41,29.28,29.28,156722
2011-11-04 14:15:00,29.27,29.37,29.25,29.36,161830
2011-11-04 14:30:00,29.38,29.41,29.34,29.38,172892
2011-11-04 14:45:00,29.38,29.4,29.32,29.39,180940
2011-11-04 15:00:00,29.38,29.39,29.32,29.36,187947
2011-11-04 15:15:00,29.37,29.42,29.29,29.2908,205814
2011-11-04 15:30:00,29.3088,29.395,29.3088,29.335,277049
2011-11-04 15:45:00,29.34,29.46,29.31,29.46,315511
2011-11-04 16:00:00,29.45,29.5,29.33,29.48,368692
2011-11-07 09:45:00,29.42,29.85,29.3217,29.82,15831
2011-11-07 10:00:00,29.83,30.46,29.83,30.16,81441
2011-11-07 10:15:00,30.16,30.18,29.94,29.98,86233
2011-11-07 10:30:00,29.99,30.0,29.8,29.89,91733
2011-11-07 10:45:00,29.88,30.0,29.71,29.81,108285
2011-11-07 11:00:00,29.79,29.81,29.64,29.735,127595
2011-11-07 11:15:00,29.75,29.89,29.72,29.86,142114
2011-11-07 11:30:00,29.86,29.93,29.86,29.92,152528
2011-11-07 11:45:00,29.91,29.94,29.82,29.88,165189
2011-11-07 12:00:00,29.93,29.94,29.89,29.9,168589
2011-11-07 12:15:00,29.89,29.96,29.84,29.91,179189
2011-11-07 12:30:00,29.89,29.95,29.78,29.78,187848
2011-11-07 12:45:00,29.78,29.78,29.67,29.7,193208
2011-11-07 13:00:00,29.69,29.78,29.69,29.71,199693
2011-11-07 13:15:00,29.7,29.79,29.66,29.79,205881
2011-11-07 13:30:00,29.75,29.85,29.75,29.76,218074
2011-11-07 13:45:00,29.76,29.77,29.74,29.755,222174
2011-11-07 14:00:00,29.74,29.89,29.72,29.85,229551
2011-11-07 14:15:00,29.93,29.97,29.81,29.92,236003
2011-11-07 14:30:00,29.92,30.05,29.92,29.96,278926
2011-11-07 14:45:00,29.95,29.95,29.86,29.88,284091
2011-11-07 15:00:00,29.87,30.01,29.87,29.95,292391
2011-11-07 15:15:00,29.96,30.03,29.9301,29.98,308392
2011-11-07 15:30:00,29.99,29.99,29.86,29.86,321057
2011-11-07 15:45:00,29.85,29.95,29.84,29.91,341884
2011-11-07 16:00:00,29.93,30.1,29.92,30.04,393329
2011-11-08 09:45:00,30.19,30.43,30.18,30.37,11973
2011-11-08 10:00:00,30.37,30.44,30.13,30.2,23473
2011-11-08 10:15:00,30.2788,30.33,30.21,30.315,118530
2011-11-08 10:30:00,30.3,30.33,30.16,30.28,132649
2011-11-08 10:45:00,30.3001,30.3496,30.27,30.31,139869
2011-11-08 11:00:00,30.2605,30.31,30.2,30.26,164947
2011-11-08 11:15:00,30.26,30.31,29.925,29.925,172547
2011-11-08 11:30:00,29.93,30.08,29.8,30.08,198831
2011-11-08 11:45:00,30.08,30.1,29.86,29.95,201831
2011-11-08 12:00:00,29.95,30.05,29.95,29.995,219615
2011-11-08 12:15:00,29.97,30.1,29.918,30.1,232533
2011-11-08 12:30:00,30.1,30.13,30.1,30.1,236136
2011-11-08 12:45:00,30.1,30.23,30.1,30.23,245171
2011-11-08 13:00:00,30.12,30.17,30.12,30.17,246053
2011-11-08 13:15:00,30.17,30.3,30.17,30.3,255875
2011-11-08 13:30:00,30.28,30.29,30.2,30.2,300307
2011-11-08 13:45:00,30.2,30.32,30.18,30.3,310483
2011-11-08 14:00:00,30.3,30.36,30.255,30.3,337430
2011-11-08 14:15:00,30.31,30.33,30.25,30.315,391222
2011-11-08 14:30:00,30.315,30.33,30.3,30.315,405297
2011-11-08 14:45:00,30.315,30.34,30.21,30.21,430043
2011-11-08 15:00:00,30.22,30.23,30.19,30.21,445178
2011-11-08 15:15:00,30.26,30.32,30.22,30.293,454650
2011-11-08 15:30:00,30.31,30.37,30.2,30.21,467482
2011-11-08 15:45:00,30.22,30.24,30.16,30.235,492215
2011-11-08 16:00:00,30.25,30.29,30.21,30.26,543972
2011-11-09 09:45:00,29.73,29.92,29.73,29.85,12368
2011-11-09 10:00:00,29.86,29.98,29.85,29.98,51588
2011-11-09 10:15:00,29.92,29.95,29.85,29.88,64740
2011-11-09 10:30:00,29.87,29.87,29.61,29.61,67847
2011-11-09 10:45:00,29.61,29.62,29.49,29.51,78547
2011-11-09 11:00:00,29.54,29.67,29.54,29.65,90999
2011-11-09 11:15:00,29.65,29.68,29.63,29.66,99021
2011-11-09 11:30:00,29.66,29.69,29.65,29.65,103213
2011-11-09 11:45:00,29.65,29.73,29.61,29.72,111164
2011-11-09 12:00:00,29.75,29.9,29.74,29.89,119167
2011-11-09 12:15:00,29.89,30.0,29.88,30.0,125567
2011-11-09 12:30:00,29.99,29.99,29.9,29.9006,132988
2011-11-09 12:45:00,29.9,29.97,29.9,29.94,136167
2011-11-09 13:00:00,29.92,29.96,29.9,29.96,140892
2011-11-09 13:15:00,29.96,29.99,29.93,29.94,144492
2011-11-09 13:30:00,29.94,29.94,29.83,29.84,147294
2011-11-09 13:45:00,29.83,29.83,29.71,29.73,154222
2011-11-09 14:00:00,29.75,29.76,29.69,29.7,183929
2011-11-09 14:15:00,29.69,29.79,29.64,29.78,209207
2011-11-09 14:30:00,29.78,29.78,29.64,29.66,224340
2011-11-09 14:45:00,29.64,29.64,29.5,29.525,246720
2011-11-09 15:00:00,29.532,29.57,29.5,29.53,268462
2011-11-09 15:15:00,29.53,29.57,29.5,29.52,315897
2011-11-09 15:30:00,29.52,29.56,29.49,29.51,352395
2011-11-09 15:45:00,29.51,29.53,29.39,29.44,394072
2011-11-09 16:00:00,29.45,29.58,29.43,29.5,444736
2011-11-10 09:45:00,29.76,29.89,29.73,29.87,16399
2011-11-10 10:00:00,29.87,29.89,29.76,29.8,33875
2011-11-10 10:15:00,29.8,29.89,29.73,29.88,45609
2011-11-10 10:30:00,29.86,29.88,29.65,29.82,57190
2011-11-10 10:45:00,29.81,29.83,29.7,29.7498,74658
2011-11-10 11:00:00,29.71,29.8,29.67,29.78,83003
2011-11-10 11:15:00,29.85,29.89,29.77,29.77,91879
2011-11-10 11:30:00,29.78,29.88,29.74,29.78,107291
2011-11-10 11:45:00,29.77,29.83,29.74,29.8,123610
2011-11-10 12:00:00,29.81,29.88,29.7,29.72,130623
2011-11-10 12:15:00,29.7,29.86,29.69,29.85,137208
2011-11-10 12:30:00,29.81,29.86,29.67,29.68,153227
2011-11-10 12:45:00,29.68,29.79,29.67,29.79,158508
2011-11-10 13:00:00,29.79,29.88,29.79,29.855,166247
2011-11-10 13:15:00,29.89,29.89,29.8483,29.89,177232
2011-11-10 13:30:00,29.89,29.92,29.84,29.87,197113
2011-11-10 13:45:00,29.85,29.91,29.81,29.87,206584
2011-11-10 14:00:00,29.84,29.84,29.79,29.82,211453
2011-11-10 14:15:00,29.79,29.79,29.69,29.75,222918
2011-11-10 14:30:00,29.79,29.8,29.73,29.73,230218
2011-11-10 14:45:00,29.7,29.78,29.7,29.78,237912
2011-11-10 15:00:00,29.77,29.78,29.62,29.63,250950
2011-11-10 15:15:00,29.62,29.74,29.62,29.74,259520
2011-11-10 15:30:00,29.73,29.79,29.67,29.75,280915
2011-11-10 15:45:00,29.76,29.79,29.611,29.75,313746
2011-11-10 16:00:00,29.75,30.02,29.75,30.01,416043
2011-11-11 09:45:00,30.17,30.17,29.92,30.03,5954
2011-11-11 10:00:00,30.025,30.16,29.95,29.95,16554
2011-11-11 10:15:00,29.99,30.14,29.99,30.08,21154
2011-11-11 10:30:00,30.07,30.18,30.06,30.14,35554
2011-11-11 10:45:00,30.14,30.21,30.1,30.14,50154
2011-11-11 11:00:00,30.13,30.22,30.03,30.21,70017
2011-11-11 11:15:00,30.205,30.28,30.14,30.215,79551
2011-11-11 11:30:00,30.232,30.27,30.19,30.22,84146
2011-11-11 11:45:00,30.22,30.27,30.19,30.225,88410
2011-11-11 12:00:00,30.22,30.34,30.22,30.31,95010
2011-11-11 12:15:00,30.29,30.37,30.22,30.22,104739
2011-11-11 12:30:00,30.2,30.25,30.1982,30.23,106174
2011-11-11 12:45:00,30.23,30.27,30.19,30.22,110591
2011-11-11 13:00:00,30.22,30.25,30.21,30.24,114691
2011-11-11 13:15:00,30.23,30.33,30.211,30.28,121904
2011-11-11 13:30:00,30.2656,30.28,30.18,30.26,136050
2011-11-11 13:45:00,30.24,30.28,30.24,30.25,137450
2011-11-11 14:00:00,30.26,30.27,30.2,30.21,143748
2011-11-11 14:15:00,30.225,30.24,30.19,30.24,152154
2011-11-11 14:30:00,30.24,30.24,30.17,30.21,156903
2011-11-11 14:45:00,30.21,30.23,30.16,30.19,161503
2011-11-11 15:00:00,30.19,30.26,30.19,30.24,177772
2011-11-11 15:15:00,30.24,30.28,30.22,30.26,185667
2011-11-11 15:30:00,30.25,30.26,30.17,30.23,193985
2011-11-11 15:45:00,30.23,30.23,30.03,30.1,203685
2011-11-11 16:00:00,30.11,30.32,30.09,30.3,231320
2011-11-14 09:45:00,30.15,30.36,29.8548,30.3,4921
2011-11-14 10:00:00,30.3,30.34,30.01,30.34,15753
2011-11-14 10:15:00,30.36,30.47,30.24,30.45,37760
2011-11-14 10:30:00,30.43,30.46,30.34,30.45,44674
2011-11-14 10:45:00,30.45,30.49,30.44,30.45,51760
2011-11-14 11:00:00,30.45,30.49,30.4399,30.485,67579
2011-11-14 11:15:00,30.49,30.5,30.451,30.47,91829
2011-11-14 11:30:00,30.48,30.5,30.47,30.47,108223
2011-11-14 11:45:00,30.47,30.49,30.43,30.43,114023
2011-11-14 12:00:00,30.43,30.48,30.43,30.48,118505
2011-11-14 12:15:00,30.46,30.48,30.43,30.45,124387
2011-11-14 12:30:00,30.44,30.46,30.3734,30.38,128277
2011-11-14 12:45:00,30.39,30.48,30.35,30.48,146076
2011-11-14 13:00:00,30.47,30.5,30.47,30.49,158183
2011-11-14 13:15:00,30.49,30.53,30.42,30.51,192412
2011-11-14 13:30:00,30.51,30.61,30.49,30.495,252971
2011-11-14 13:45:00,30.53,30.75,30.52,30.73,302260
2011-11-14 14:00:00,30.73,30.73,30.65,30.73,311609
2011-11-14 14:15:00,30.74,30.82,30.7,30.77,335548
2011-11-14 14:30:00,30.77,30.8,30.73,30.75,344048
2011-11-14 14:45:00,30.74,30.76,30.68,30.68,355231
2011-11-14 15:00:00,30.68,30.72,30.68,30.685,364645
2011-11-14 15:15:00,30.68,30.7,30.66,30.66,380805
2011-11-14 15:30:00,30.65,30.78,30.65,30.77,405001
2011-11-14 15:45:00,30.76,30.83,30.76,30.79,446084
2011-11-14 16:00:00,30.78,30.96,30.77,30.96,519021
2011-11-15 09:45:00,30.92,30.93,30.76,30.84,18225
2011-11-15 10:00:00,30.87,30.95,30.87,30.89,37007
2011-11-15 10:15:00,30.895,30.895,30.72,30.72,92084
2011-11-15 10:30:00,30.74,30.8,30.74,30.79,98684
2011-11-15 10:45:00,30.79,30.79,30.71,30.76,112502
2011-11-15 11:00:00,30.77,30.81,30.71,30.77,207482
2011-11-15 11:15:00,30.75,30.75,30.63,30.67,216775
2011-11-15 11:30:00,30.68,30.72,30.53,30.61,239828
2011-11-15 11:45:00,30.6,30.61,30.46,30.569,245990
2011-11-15 12:00:00,30.5688,30.92,30.53,30.87,266590
2011-11-15 12:15:00,30.84,30.86,30.75,30.79,292183
2011-11-15 12:30:00,30.78,30.85,30.74,30.85,323695
2011-11-15 12:45:00,30.82,30.95,30.78,30.94,376336
2011-11-15 13:00:00,30.93,30.98,30.93,30.95,387183
2011-11-15 13:15:00,30.98,31.02,30.94,30.95,437373
2011-11-15 13:30:00,30.95,31.2,30.93,31.18,461880
2011-11-15 13:45:00,31.17,31.35,31.17,31.23,479063
2011-11-15 14:00:00,31.23,31.27,31.18,31.24,490090
2011-11-15 14:15:00,31.2598,31.33,31.17,31.31,502999
2011-11-15 14:30:00,31.29,31.3492,31.19,31.31,520291
2011-11-15 14:45:00,31.29,31.32,31.26,31.27,527243
2011-11-15 15:00:00,31.26,31.26,31.2,31.26,544425
2011-11-15 15:15:00,31.2535,31.36,31.25,31.34,561796
2011-11-15 15:30:00,31.35,31.44,31.33,31.44,660861
2011-11-15 15:45:00,31.41,31.45,31.21,31.215,770875
2011-11-15 16:00:00,31.21,31.21,30.9,31.01,928622
2011-11-16 09:45:00,30.7,30.7,30.43,30.44,36465
2011-11-16 10:00:00,30.44,30.45,30.22,30.4,93141
2011-11-16 10:15:00,30.42,30.475,30.2,30.3895,176270
2011-11-16 10:30:00,30.37,30.47,30.2935,30.2935,182170
2011-11-16 10:45:00,30.29,30.4,30.25,30.38,197370
2011-11-16 11:00:00,30.38,30.54,30.38,30.515,214705
2011-11-16 11:15:00,30.515,30.52,30.43,30.52,238293
2011-11-16 11:30:00,30.52,30.55,30.43,30.54,247324
2011-11-16 11:45:00,30.51,30.52,30.43,30.46,255166
2011-11-16 12:00:00,30.44,30.45,30.41,30.44,258866
2011-11-16 12:15:00,30.455,30.48,30.41,30.43,262766
2011-11-16 12:30:00,30.41,30.47,30.39,30.46,300166
2011-11-16 12:45:00,30.46,30.55,30.45,30.45,314932
2011-11-16 13:00:00,30.47,30.475,30.38,30.43,316832
2011-11-16 13:15:00,30.42,30.5299,30.42,30.46,326597
2011-11-16 13:30:00,30.46,30.5,30.44,30.47,333751
2011-11-16 13:45:00,30.47,30.53,30.44,30.52,344885
2011-11-16 14:00:00,30.54,30.57,30.515,30.55,354285
2011-11-16 14:15:00,30.55,30.57,30.5,30.54,364315
2011-11-16 14:30:00,30.54,30.5706,30.52,30.55,375048
2011-11-16 14:45:00,30.55,30.55,30.5,30.5,383498
2011-11-16 15:00:00,30.5,30.5,30.35,30.36,388338
2011-11-16 15:15:00,30.4,30.43,30.29,30.29,402177
2011-11-16 15:30:00,30.29,30.29,30.1,30.11,424322
2011-11-16 15:45:00,30.12,30.15,29.9,30.11,453237
2011-11-16 16:00:00,30.14,30.17,30.0,30.08,494355
2011-11-17 09:45:00,30.07,30.11,29.95,29.98,4156
2011-11-17 10:00:00,29.98,29.98,29.79,29.83,7179
2011-11-17 10:15:00,29.83,29.98,29.81,29.97,13392
2011-11-17 10:30:00,29.94,29.96,29.902,29.95,17015
2011-11-17 10:45:00,29.94,29.96,29.85,29.86,27188
2011-11-17 11:00:00,29.86,29.95,29.86,29.94,29861
2011-11-17 11:15:00,29.93,29.93,29.83,29.85,32861
2011-11-17 11:30:00,29.83,29.95,29.83,29.93,35369
2011-11-17 11:45:00,29.94,30.03,29.94,30.03,38269
2011-11-17 12:00:00,30.03,30.04,29.85,29.86,52144
2011-11-17 12:15:00,29.85,29.89,29.81,29.89,57405
2011-11-17 12:30:00,29.92,29.96,29.88,29.88,58805
2011-11-17 12:45:00,29.88,29.88,29.49,29.535,130247
2011-11-17 13:00:00,29.53,29.53,29.4,29.45,137434
2011-11-17 13:15:00,29.48,29.52,29.48,29.51,145386
2011-11-17 13:30:00,29.52,29.55,29.435,29.51,156740
2011-11-17 13:45:00,29.54,29.58,29.44,29.47,165351
2011-11-17 14:00:00,29.47,29.49,29.33,29.49,175180
2011-11-17 14:15:00,29.45,29.48,29.33,29.355,184582
2011-11-17 14:30:00,29.35,29.4,29.33,29.4,196972
2011-11-17 14:45:00,29.4,29.48,29.4,29.47,211649
2011-11-17 15:00:00,29.47,29.49,29.27,29.35,223224
2011-11-17 15:15:00,29.34,29.42,29.18,29.18,279713
2011-11-17 15:30:00,29.18,29.18,28.975,29.0,308381
2011-11-17 15:45:00,29.0,29.01,28.87,28.89,331367
2011-11-17 16:00:00,28.89,28.95,28.81,28.86,371524
2011-11-18 09:45:00,28.94,29.0,28.86,28.89,5401
2011-11-18 10:00:00,28.88,28.88,28.65,28.7,21442
2011-11-18 10:15:00,28.71,28.76,28.65,28.71,32592
2011-11-18 10:30:00,28.7,28.7,28.64,28.65,35592
2011-11-18 10:45:00,28.66,28.8,28.66,28.71,52983
2011-11-18 11:00:00,28.73,28.84,28.73,28.77,57787
2011-11-18 11:15:00,28.76,28.82,28.75,28.81,62035
2011-11-18 11:30:00,28.815,28.84,28.77,28.84,66385
2011-11-18 11:45:00,28.85,28.94,28.77,28.9,74983
2011-11-18 12:00:00,28.87,28.96,28.87,28.89,80410
2011-11-18 12:15:00,28.9,28.95,28.8,28.92,90498
2011-11-18 12:30:00,28.9,28.92,28.85,28.88,92825
2011-11-18 12:45:00,28.93,28.98,28.9,28.93,95742
2011-11-18 13:00:00,28.93,28.94,28.86,28.87,99242
2011-11-18 13:15:00,28.9,28.92,28.89,28.89,102666
2011-11-18 13:30:00,28.91,28.97,28.84,28.84,105995
2011-11-18 13:45:00,28.85,28.92,28.85,28.86,111005
2011-11-18 14:00:00,28.86,28.9,28.81,28.8619,113994
2011-11-18 14:15:00,28.85,28.89,28.75,28.89,119583
2011-11-18 14:30:00,28.9188,28.9188,28.8,28.8698,128342
2011-11-18 14:45:00,28.87,28.9,28.85,28.875,145875
2011-11-18 15:00:00,28.89,28.91,28.775,28.775,154445
2011-11-18 15:15:00,28.765,28.84,28.745,28.77,172651
2011-11-18 15:30:00,28.78,28.82,28.76,28.77,182465
2011-11-18 15:45:00,28.76,28.77,28.67,28.73,200037
2011-11-18 16:00:00,28.73,28.73,28.55,28.565,249952
2011-11-21 09:45:00,28.26,28.44,28.14,28.38,7410
2011-11-21 10:00:00,28.43,28.64,28.41,28.64,15218
2011-11-21 10:15:00,28.67,28.85,28.62,28.81,24277
2011-11-21 10:30:00,28.85,28.85,28.65,28.66,35856
2011-11-21 10:45:00,28.64,28.7,28.5,28.5,70557
2011-11-21 11:00:00,28.525,28.525,28.34,28.37,73902
2011-11-21 11:15:00,28.39,28.69,28.39,28.69,125663
2011-11-21 11:30:00,28.67,28.716,28.66,28.67,128163
2011-11-21 11:45:00,28.69,28.7,28.6,28.67,134420
2011-11-21 12:00:00,28.65,28.75,28.64,28.7499,137520
2011-11-21 12:15:00,28.72,28.7595,28.71,28.71,138920
2011-11-21 12:30:00,28.71,28.72,28.68,28.68,141212
2011-11-21 12:45:00,28.67,28.695,28.62,28.68,142712
2011-11-21 13:00:00,28.67,28.72,28.66,28.66,147533
2011-11-21 13:15:00,28.66,28.72,28.66,28.71,149333
2011-11-21 13:30:00,28.7,28.72,28.6698,28.71,151809
2011-11-21 13:45:00,28.69,28.71,28.69,28.71,154718
2011-11-21 14:00:00,28.71,28.72,28.67,28.69,160451
2011-11-21 14:15:00,28.69,28.75,28.68,28.74,165476
2011-11-21 14:30:00,28.73,28.9044,28.73,28.89,196374
2011-11-21 14:45:00,28.911,28.911,28.85,28.858,215799
2011-11-21 15:00:00,28.85,28.87,28.67,28.67,224078
2011-11-21 15:15:00,28.6,28.6,28.45,28.51,239371
2011-11-21 15:30:00,28.49,28.71,28.4613,28.67,259079
2011-11-21 15:45:00,28.67,28.92,28.67,28.9,338913
2011-11-21 16:00:00,28.89,28.94,28.65,28.66,417628
2011-11-22 09:45:00,28.69,28.82,28.54,28.8,6600
2011-11-22 10:00:00,28.79,28.89,28.73,28.8,14203
2011-11-22 10:15:00,28.82,28.88,28.75,28.855,21024
2011-11-22 10:30:00,28.85,29.105,28.82,29.09,30424
2011-11-22 10:45:00,29.09,29.16,29.05,29.0686,52551
2011-11-22 11:00:00,29.08,29.0995,29.0,29.02,68101
2011-11-22 11:15:00,29.02,29.09,28.99,29.09,75922
2011-11-22 11:30:00,29.11,29.1628,29.045,29.14,84652
2011-11-22 11:45:00,29.11,29.11,28.95,29.005,95894
2011-11-22 12:00:00,29.015,29.16,29.015,29.13,104848
2011-11-22 12:15:00,29.15,29.4699,29.14,29.34,117276
2011-11-22 12:30:00,29.35,29.43,29.33,29.36,131076
2011-11-22 12:45:00,29.355,29.41,29.31,29.38,146788
2011-11-22 13:00:00,29.4,29.447,29.36,29.447,154588
2011-11-22 13:15:00,29.46,29.5,29.41,29.43,157582
2011-11-22 13:30:00,29.43,29.55,29.41,29.49,184133
2011-11-22 13:45:00,29.5,29.51,29.42,29.47,195942
2011-11-22 14:00:00,29.45,29.49,29.35,29.45,233842
2011-11-22 14:15:00,29.46,29.475,29.4,29.47,250799
2011-11-22 14:30:00,29.45,29.455,29.4,29.42,261814
2011-11-22 14:45:00,29.42,29.485,29.4,29.46,271328
2011-11-22 15:00:00,29.48,29.5,29.37,29.4,284763
2011-11-22 15:15:00,29.4,29.45,29.365,29.37,300441
2011-11-22 15:30:00,29.37,29.39,29.25,29.255,319397
2011-11-22 15:45:00,29.2548,29.315,29.1,29.11,340976
2011-11-22 16:00:00,29.1,29.24,29.1,29.2,371396
2011-11-23 09:45:00,29.08,29.08,28.55,28.76,10990
2011-11-23 10:00:00,28.76,28.76,28.39,28.39,15428
2011-11-23 10:15:00,28.33,28.33,28.24,28.28,22428
2011-11-23 10:30:00,28.28,28.4,28.27,28.36,46471
2011-11-23 10:45:00,28.365,28.63,28.365,28.55,76061
2011-11-23 11:00:00,28.54,28.55,28.51,28.53,78686
2011-11-23 11:15:00,28.53,28.57,28.44,28.5,86382
2011-11-23 11:30:00,28.5,28.53,28.46,28.5,88982
2011-11-23 11:45:00,28.52,28.52,28.465,28.51,96730
2011-11-23 12:00:00,28.5,28.54,28.49,28.54,101029
2011-11-23 12:15:00,28.55,28.58,28.545,28.55,103429
2011-11-23 12:30:00,28.54,28.65,28.53,28.57,114756
2011-11-23 12:45:00,28.56,28.56,28.46,28.54,118956
2011-11-23 13:00:00,28.54,28.7,28.54,28.67,121568
2011-11-23 13:15:00,28.66,28.67,28.64,28.66,123568
2011-11-23 13:30:00,28.63,28.65,28.62,28.63,126291
2011-11-23 13:45:00,28.64,28.64,28.61,28.62,126791
2011-11-23 14:00:00,28.55,28.58,28.5,28.5,128835
2011-11-23 14:15:00,28.48,28.55,28.48,28.55,133424
2011-11-23 14:30:00,28.53,28.59,28.52,28.59,140887
2011-11-23 14:45:00,28.59,28.67,28.59,28.65,146689
2011-11-23 15:00:00,28.64,28.67,28.61,28.64,151124
2011-11-23 15:15:00,28.59,28.69,28.59,28.68,158972
2011-11-23 15:30:00,28.685,28.685,28.56,28.58,163491
2011-11-23 15:45:00,28.56,28.69,28.56,28.68,169091
2011-11-23 16:00:00,28.68,28.68,28.45,28.47,206404
2011-11-25 09:45:00,28.39,28.39,28.055,28.2,23078
2011-11-25 10:00:00,28.19,28.45,28.18,28.42,37451
2011-11-25 10:15:00,28.42,28.515,28.41,28.51,42962
2011-11-25 10:30:00,28.51,28.63,28.51,28.58,48433
2011-11-25 10:45:00,28.57,28.68,28.57,28.65,54932
2011-11-25 11:00:00,28.67,28.71,28.56,28.56,65743
2011-11-25 11:15:00,28.52,28.58,28.4826,28.58,70981
2011-11-25 11:30:00,28.58,28.69,28.56,28.66,77824
2011-11-25 11:45:00,28.64,28.76,28.6,28.64,82264
2011-11-25 12:00:00,28.63,28.63,28.54,28.57,85274
2011-11-25 12:15:00,28.59,28.62,28.53,28.6,95800
2011-11-25 12:30:00,28.58,28.7,28.56,28.64,102368
2011-11-25 12:45:00,28.645,28.68,28.46,28.48,116716
2011-11-25 13:00:00,28.48,28.61,28.48,28.52,135296
2011-11-25 13:15:00,28.51,28.51,28.51,28.51,138810
2011-11-28 09:45:00,29.1,29.32,29.08,29.27,15593
2011-11-28 10:00:00,29.26,29.3,29.22,29.3,52210
2011-11-28 10:15:00,29.3,29.3,29.18,29.27,63110
2011-11-28 10:30:00,29.26,29.29,29.22,29.25,68210
2011-11-28 10:45:00,29.24,29.28,29.23,29.24,72108
2011-11-28 11:00:00,29.24,29.28,29.18,29.26,87800
2011-11-28 11:15:00,29.27,29.28,29.24,29.26,92487
2011-11-28 11:30:00,29.26,29.28,29.22,29.28,101787
2011-11-28 11:45:00,29.28,29.32,29.26,29.28,107587
2011-11-28 12:00:00,29.25,29.28,29.211,29.25,113855
2011-11-28 12:15:00,29.26,29.29,29.24,29.2502,122510
2011-11-28 12:30:00,29.29,29.3,29.24,29.26,128557
2011-11-28 12:45:00,29.25,29.27,29.2,29.25,143905
2011-11-28 13:00:00,29.24,29.26,29.225,29.25,150745
2011-11-28 13:15:00,29.25,29.25,29.22,29.22,155545
2011-11-28 13:30:00,29.23,29.235,29.21,29.21,163175
2011-11-28 13:45:00,29.22,29.225,29.19,29.225,187471
2011-11-28 14:00:00,29.22,29.23,29.12,29.12,195035
2011-11-28 14:15:00,29.15,29.17,29.13,29.17,199922
2011-11-28 14:30:00,29.166,29.22,29.13,29.22,214219
2011-11-28 14:45:00,29.21,29.24,29.15,29.23,222866
2011-11-28 15:00:00,29.24,29.24,29.12,29.15,230538
2011-11-28 15:15:00,29.14,29.205,29.04,29.0554,249516
2011-11-28 15:30:00,29.06,29.135,29.0,29.095,262875
2011-11-28 15:45:00,29.09,29.15,29.03,29.15,280593
2011-11-28 16:00:00,29.12,29.125,28.9,29.05,322572
2011-11-29 09:45:00,29.06,29.1699,28.91,29.0,5301
2011-11-29 10:00:00,28.99,29.04,28.93,28.96,17501
2011-11-29 10:15:00,28.98,29.02,28.59,28.7,52260
2011-11-29 10:30:00,28.77,28.8,28.61,28.66,60475
2011-11-29 10:45:00,28.69,28.71,28.34,28.34,88094
2011-11-29 11:00:00,28.34,28.54,28.27,28.54,110833
2011-11-29 11:15:00,28.54,28.61,28.5,28.52,152016
2011-11-29 11:30:00,28.52,28.6,28.49,28.53,160711
2011-11-29 11:45:00,28.51,28.57,28.51,28.54,165611
2011-11-29 12:00:00,28.51,28.56,28.46,28.49,186560
2011-11-29 12:15:00,28.4607,28.56,28.44,28.55,216149
2011-11-29 12:30:00,28.67,28.69,28.57,28.605,235788
2011-11-29 12:45:00,28.6,28.615,28.58,28.6,257714
2011-11-29 13:00:00,28.6,28.64,28.6,28.64,260814
2011-11-29 13:15:00,28.65,28.66,28.58,28.62,271801
2011-11-29 13:30:00,28.64,28.8,28.63,28.8,275301
2011-11-29 13:45:00,28.8,28.82,28.65,28.7,284634
2011-11-29 14:00:00,28.69,28.695,28.6,28.6,298485
2011-11-29 14:15:00,28.6,28.69,28.6,28.605,307882
2011-11-29 14:30:00,28.605,28.67,28.605,28.65,315482
2011-11-29 14:45:00,28.65,28.71,28.64,28.71,320980
2011-11-29 15:00:00,28.71,28.72,28.62,28.62,339802
2011-11-29 15:15:00,28.62,28.73,28.6,28.7,349337
2011-11-29 15:30:00,28.7,28.74,28.61,28.61,358248
2011-11-29 15:45:00,28.61,28.79,28.6,28.65,381556
2011-11-29 16:00:00,28.65,28.7,28.59,28.64,427517
2011-11-30 09:45:00,29.45,29.45,29.03,29.07,86942
2011-11-30 10:00:00,29.05,29.2,28.77,29.1701,124040
2011-11-30 10:15:00,29.2,29.2,28.94,28.965,154661
2011-11-30 10:30:00,28.96,29.08,28.96,29.0101,161661
2011-11-30 10:45:00,28.99,29.0401,28.95,28.99,176961
2011-11-30 11:00:00,28.9901,29.02,28.885,28.94,190129
2011-11-30 11:15:00,28.94,28.945,28.79,28.94,225278
2011-11-30 11:30:00,28.98,29.17,28.97,29.01,248577
2011-11-30 11:45:00,29.0397,29.04,28.95,28.95,262689
2011-11-30 12:00:00,28.94,28.94,28.73,28.88,287272
2011-11-30 12:15:00,28.845,28.89,28.69,28.69,300572
2011-11-30 12:30:00,28.75,28.9,28.73,28.79,313464
2011-11-30 12:45:00,28.8,28.8,28.71,28.73,326067
2011-11-30 13:00:00,28.77,28.88,28.73,28.85,329767
2011-11-30 13:15:00,28.87,28.93,28.7992,28.8,342824
2011-11-30 13:30:00,28.8,28.86,28.75,28.83,355826
2011-11-30 13:45:00,28.85,28.92,28.84,28.9,362305
2011-11-30 14:00:00,28.92,28.95,28.81,28.86,370705
2011-11-30 14:15:00,28.87,29.01,28.8,28.97,385997
2011-11-30 14:30:00,28.99,28.99,28.89,28.92,397436
2011-11-30 14:45:00,28.9,28.9,28.8425,28.85,451872
2011-11-30 15:00:00,28.86,28.87,28.75,28.8,482601
2011-11-30 15:15:00,28.805,28.92,28.8,28.92,548401
2011-11-30 15:30:00,28.9,28.91,28.86,28.89,724593
2011-11-30 15:45:00,28.9,28.97,28.89,28.97,932053
2011-11-30 16:00:00,28.97,29.07,28.96,29.05,1129559
2011-12-01 09:45:00,28.91,29.43,28.91,29.32,18666
2011-12-01 10:00:00,29.35,29.61,29.35,29.46,28632
2011-12-01 10:15:00,29.49,29.63,29.49,29.51,48283
2011-12-01 10:30:00,29.49,29.49,29.36,29.37,57950
2011-12-01 10:45:00,29.38,29.395,29.12,29.31,81580
2011-12-01 11:00:00,29.34,29.42,29.33,29.405,94131
2011-12-01 11:15:00,29.39,29.485,29.39,29.39,106781
2011-12-01 11:30:00,29.4,29.41,29.34,29.36,113181
2011-12-01 11:45:00,29.35,29.37,29.3368,29.36,119654
2011-12-01 12:00:00,29.36,29.43,29.35,29.39,127587
2011-12-01 12:15:00,29.42,29.42,29.34,29.35,137884
2011-12-01 12:30:00,29.34,29.37,29.34,29.36,148237
2011-12-01 12:45:00,29.37,29.37,29.33,29.36,159167
2011-12-01 13:00:00,29.36,29.37,29.27,29.27,167588
2011-12-01 13:15:00,29.31,29.37,29.29,29.37,175698
2011-12-01 13:30:00,29.37,29.5,29.37,29.5,182332
2011-12-01 13:45:00,29.5,29.65,29.49,29.64,189890
2011-12-01 14:00:00,29.65,29.65,29.55,29.58,209991
2011-12-01 14:15:00,29.58,29.58,29.34,29.35,227209
2011-12-01 14:30:00,29.37,29.44,29.35,29.39,236486
2011-12-01 14:45:00,29.41,29.46,29.405,29.46,243933
2011-12-01 15:00:00,29.45,29.525,29.44,29.45,254283
2011-12-01 15:15:00,29.46,29.49,29.38,29.48,263052
2011-12-01 15:30:00,29.5,29.53,29.4,29.48,288297
2011-12-01 15:45:00,29.475,29.48,29.34,29.38,320590
2011-12-01 16:00:00,29.38,29.43,29.34,29.39,354530
2011-12-02 09:45:00,29.53,29.68,29.24,29.24,16627
2011-12-02 10:00:00,29.28,29.3,29.2,29.29,24777
2011-12-02 10:15:00,29.29,29.39,29.27,29.38,40372
2011-12-02 10:30:00,29.37,29.39,29.31,29.36,57853
2011-12-02 10:45:00,29.35,29.39,29.35,29.38,73228
2011-12-02 11:00:00,29.39,29.39,29.34,29.34,86383
2011-12-02 11:15:00,29.34,29.39,29.28,29.38,102886
2011-12-02 11:30:00,29.37,29.39,29.37,29.39,110682
2011-12-02 11:45:00,29.38,29.39,29.35,29.38,129327
2011-12-02 12:00:00,29.38,29.51,29.37,29.51,139689
2011-12-02 12:15:00,29.52,29.6,29.48,29.59,150136
2011-12-02 12:30:00,29.59,29.62,29.55,29.62,157275
2011-12-02 12:45:00,29.6,29.64,29.6,29.61,163475
2011-12-02 13:00:00,29.61,29.67,29.61,29.63,168503
2011-12-02 13:15:00,29.63,29.63,29.59,29.59,174513
2011-12-02 13:30:00,29.56,29.65,29.56,29.6,182035
2011-12-02 13:45:00,29.62,29.78,29.59,29.77,199735
2011-12-02 14:00:00,29.78,29.89,29.73,29.77,219160
2011-12-02 14:15:00,29.8,29.86,29.77,29.86,229460
2011-12-02 14:30:00,29.86,29.89,29.85,29.89,242243
2011-12-02 14:45:00,29.89,29.95,29.83,29.94,270875
2011-12-02 15:00:00,29.95,29.98,29.89,29.92,292915
2011-12-02 15:15:00,29.92,29.96,29.92,29.94,317859
2011-12-02 15:30:00,29.95,29.95,29.9,29.92,338725
2011-12-02 15:45:00,29.92,29.95,29.91,29.92,386386
2011-12-02 16:00:00,29.91,29.92,29.78,29.83,456116
2011-12-05 09:45:00,30.05,30.05,29.77,29.9296,54774
2011-12-05 10:00:00,29.96,29.99,29.93,29.99,75575
2011-12-05 10:15:00,29.98,30.03,29.94,30.02,116171
2011-12-05 10:30:00,30.0,30.25,29.99,30.23,128171
2011-12-05 10:45:00,30.25,30.45,30.23,30.35,158520
2011-12-05 11:00:00,30.35,30.36,30.29,30.31,174156
2011-12-05 11:15:00,30.32,30.35,30.29,30.31,183425
2011-12-05 11:30:00,30.305,30.305,30.15,30.24,191078
2011-12-05 11:45:00,30.24,30.26,30.19,30.19,208510
2011-12-05 12:00:00,30.2,30.25,30.16,30.18,216249
2011-12-05 12:15:00,30.19,30.21,30.1,30.11,225827
2011-12-05 12:30:00,30.11,30.19,30.09,30.09,242948
2011-12-05 12:45:00,30.08,30.13,30.07,30.09,248348
2011-12-05 13:00:00,30.07,30.1,30.035,30.04,254819
2011-12-05 13:15:00,30.05,30.05,29.99,30.0,263549
2011-12-05 13:30:00,30.01,30.06,29.98,30.04,270149
2011-12-05 13:45:00,30.07,30.07,29.91,29.91,283747
2011-12-05 14:00:00,29.93,29.97,29.75,29.83,295580
2011-12-05 14:15:00,29.82,29.83,29.72,29.73,305870
2011-12-05 14:30:00,29.72,29.81,29.7,29.75,314277
2011-12-05 14:45:00,29.754,29.79,29.71,29.74,320562
2011-12-05 15:00:00,29.75,29.88,29.7,29.83,332569
2011-12-05 15:15:00,29.82,29.865,29.65,29.68,347344
2011-12-05 15:30:00,29.6,29.74,29.56,29.6,365689
2011-12-05 15:45:00,29.57,29.78,29.57,29.68,384787
2011-12-05 16:00:00,29.7,29.73,29.59,29.7,418871
2011-12-06 09:45:00,29.7,29.7973,29.6,29.61,3202
2011-12-06 10:00:00,29.55,29.57,29.43,29.5,6284
2011-12-06 10:15:00,29.5,29.54,29.44,29.44,11984
2011-12-06 10:30:00,29.46,29.51,29.38,29.44,18276
2011-12-06 10:45:00,29.44,29.48,29.31,29.31,26822
2011-12-06 11:00:00,29.32,29.37,29.3,29.35,29890
2011-12-06 11:15:00,29.34,29.4,29.28,29.29,35801
2011-12-06 11:30:00,29.28,29.31,29.09,29.09,44063
2011-12-06 11:45:00,29.09,29.22,29.06,29.15,59859
2011-12-06 12:00:00,29.17,29.22,29.15,29.2,64259
2011-12-06 12:15:00,29.21,29.2313,29.14,29.23,70506
2011-12-06 12:30:00,29.23,29.25,29.13,29.15,76061
2011-12-06 12:45:00,29.15,29.22,29.145,29.16,82176
2011-12-06 13:00:00,29.18,29.18,29.14,29.15,84876
2011-12-06 13:15:00,29.15,29.19,29.03,29.06,108055
2011-12-06 13:30:00,29.06,29.08,28.96,28.96,125560
2011-12-06 13:45:00,28.98,29.05,28.97,29.04,133165
2011-12-06 14:00:00,29.02,29.13,28.96,28.97,195765
2011-12-06 14:15:00,28.97,29.03,28.96,29.03,205895
2011-12-06 14:30:00,29.03,29.09,28.965,29.07,211785
2011-12-06 14:45:00,29.06,29.1825,29.05,29.11,255463
2011-12-06 15:00:00,29.11,29.125,29.03,29.03,274918
2011-12-06 15:15:00,29.05,29.11,28.97,29.03,324091
2011-12-06 15:30:00,29.06,29.13,28.86,28.96,347456
2011-12-06 15:45:00,28.95,29.0,28.89,28.97,381151
2011-12-06 16:00:00,28.98,29.01,28.82,28.89,435376
2011-12-07 09:45:00,28.71,28.76,28.36,28.36,22997
2011-12-07 10:00:00,28.43,28.62,28.43,28.554,27457
2011-12-07 10:15:00,28.56,28.64,28.56,28.58,60057
2011-12-07 10:30:00,28.57,28.61,28.54,28.59,66056
2011-12-07 10:45:00,28.59,28.71,28.59,28.685,70628
2011-12-07 11:00:00,28.68,28.7,28.635,28.69,75231
2011-12-07 11:15:00,28.69,28.71,28.66,28.69,91363
2011-12-07 11:30:00,28.69,28.7,28.64,28.69,97366
2011-12-07 11:45:00,28.685,28.76,28.68,28.74,108671
2011-12-07 12:00:00,28.725,28.75,28.63,28.7,115840
2011-12-07 12:15:00,28.72,28.72,28.61,28.62,124000
2011-12-07 12:30:00,28.625,28.73,28.62,28.71,129800
2011-12-07 12:45:00,28.73,28.74,28.56,28.6,137459
2011-12-07 13:00:00,28.65,28.74,28.63,28.66,146659
2011-12-07 13:15:00,28.64,28.72,28.52,28.52,166364
2011-12-07 13:30:00,28.53,28.7,28.525,28.68,171885
2011-12-07 13:45:00,28.68,28.68,28.5,28.52,185267
2011-12-07 14:00:00,28.53,28.57,28.47,28.56,207941
2011-12-07 14:15:00,28.55,28.57,28.48,28.5112,215079
2011-12-07 14:30:00,28.51,28.55,28.5,28.53,224786
2011-12-07 14:45:00,28.53,28.55,28.49,28.52,237994
2011-12-07 15:00:00,28.52,28.535,28.35,28.44,256546
2011-12-07 15:15:00,28.45,28.6,28.45,28.6,262871
2011-12-07 15:30:00,28.6,28.74,28.6,28.71,289342
2011-12-07 15:45:00,28.71,28.95,28.6525,28.83,316010
2011-12-07 16:00:00,28.81,28.95,28.79,28.84,383843
2011-12-08 09:45:00,28.66,28.94,28.52,28.56,5872
2011-12-08 10:00:00,28.54,28.63,28.5206,28.63,7637
2011-12-08 10:15:00,28.6,28.6,28.37,28.45,34134
2011-12-08 10:30:00,28.45,28.49,28.44,28.46,38734
2011-12-08 10:45:00,28.45,28.48,28.4,28.4,42834
2011-12-08 11:00:00,28.4,28.43,28.36,28.36,49734
2011-12-08 11:15:00,28.42,28.42,27.96,27.96,64211
2011-12-08 11:30:00,28.02,28.21,27.98,28.1607,68511
2011-12-08 11:45:00,28.21,28.22,28.1,28.16,71811
2011-12-08 12:00:00,28.23,28.3,28.17,28.3,91511
2011-12-08 12:15:00,28.27,28.27,28.0613,28.27,145417
2011-12-08 12:30:00,28.3,28.35,28.1509,28.1509,149715
2011-12-08 12:45:00,28.19,28.29,28.19,28.26,152715
2011-12-08 13:00:00,28.26,28.29,28.2,28.265,158027
2011-12-08 13:15:00,28.29,28.29,28.13,28.13,163434
2011-12-08 13:30:00,28.125,28.21,28.11,28.19,170199
2011-12-08 13:45:00,28.18,28.29,28.17,28.29,178607
2011-12-08 14:00:00,28.29,28.3,28.25,28.26,181007
2011-12-08 14:15:00,28.27,28.29,28.19,28.29,194391
2011-12-08 14:30:00,28.29,28.33,28.18,28.21,203447
2011-12-08 14:45:00,28.21,28.27,28.18,28.21,209915
2011-12-08 15:00:00,28.21,28.28,28.21,28.23,214926
2011-12-08 15:15:00,28.25,28.26,28.13,28.25,223334
2011-12-08 15:30:00,28.26,28.3,28.18,28.29,233292
2011-12-08 15:45:00,28.29,28.31,28.1,28.18,252831
2011-12-08 16:00:00,28.17,28.17,28.09,28.11,279250
2011-12-09 09:45:00,28.15,28.4,27.96,28.01,71360
2011-12-09 10:00:00,28.01,28.25,28.01,28.25,103660
2011-12-09 10:15:00,28.23,28.28,28.07,28.07,125560
2011-12-09 10:30:00,28.07,28.09,27.74,27.81,150829
2011-12-09 10:45:00,27.85,28.08,27.78,28.06,170447
2011-12-09 11:00:00,28.06,28.12,27.96,28.01,198799
2011-12-09 11:15:00,28.02,28.1,27.98,28.08,212703
2011-12-09 11:30:00,28.075,28.21,28.07,28.14,234082
2011-12-09 11:45:00,28.14,28.19,28.06,28.18,247994
2011-12-09 12:00:00,28.17,28.17,27.94,27.99,327694
2011-12-09 12:15:00,28.02,28.16,28.01,28.13,342208
2011-12-09 12:30:00,28.14,28.24,28.13,28.2323,358408
2011-12-09 12:45:00,28.22,28.26,28.15,28.25,396759
2011-12-09 13:00:00,28.25,28.31,28.24,28.28,417100
2011-12-09 13:15:00,28.29,28.31,28.285,28.29,436014
2011-12-09 13:30:00,28.29,28.31,28.23,28.29,463751
2011-12-09 13:45:00,28.3,28.31,28.29,28.31,487521
2011-12-09 14:00:00,28.31,28.36,28.27,28.36,519941
2011-12-09 14:15:00,28.36,28.47,28.35,28.38,546550
2011-12-09 14:30:00,28.38,28.5,28.38,28.44,612752
2011-12-09 14:45:00,28.44,28.49,28.44,28.45,635005
2011-12-09 15:00:00,28.45,28.51,28.44,28.5,662650
2011-12-09 15:15:00,28.5,28.51,28.475,28.51,711351
2011-12-09 15:30:00,28.5,28.56,28.5,28.56,761317
2011-12-09 15:45:00,28.56,28.61,28.55,28.605,849596
2011-12-09 16:00:00,28.6,28.79,28.57,28.72,989411
2011-12-12 09:45:00,28.39,28.63,28.26,28.26,9894
2011-12-12 10:00:00,28.26,28.37,28.21,28.21,13788
2011-12-12 10:15:00,28.21,28.28,28.19,28.23,18175
2011-12-12 10:30:00,28.25,28.26,28.12,28.155,20811
2011-12-12 10:45:00,28.2,28.28,28.18,28.25,27111
2011-12-12 11:00:00,28.26,28.395,28.26,28.395,34324
2011-12-12 11:15:00,28.395,28.44,28.39,28.4,38513
2011-12-12 11:30:00,28.4,28.5,28.38,28.44,43225
2011-12-12 11:45:00,28.44,28.45,28.36,28.36,46325
2011-12-12 12:00:00,28.35,28.38,28.225,28.225,49922
2011-12-12 12:15:00,28.24,28.37,28.21,28.37,54783
2011-12-12 12:30:00,28.37,28.37,28.28,28.28,57763
2011-12-12 12:45:00,28.29,28.36,28.29,28.36,60763
2011-12-12 13:00:00,28.36,28.38,28.36,28.37,64466
2011-12-12 13:15:00,28.355,28.37,28.28,28.29,68848
2011-12-12 13:30:00,28.3,28.38,28.29,28.37,77473
2011-12-12 13:45:00,28.38,28.46,28.37,28.46,87672
2011-12-12 14:00:00,28.46,28.47,28.39,28.4,92709
2011-12-12 14:15:00,28.41,28.41,28.35,28.35,94720
2011-12-12 14:30:00,28.36,28.43,28.3082,28.3082,100765
2011-12-12 14:45:00,28.33,28.34,28.24,28.25,104933
2011-12-12 15:00:00,28.26,28.4,28.25,28.39,113416
2011-12-12 15:15:00,28.39,28.44,28.37,28.4,125973
2011-12-12 15:30:00,28.44,28.65,28.36,28.6,158502
2011-12-12 15:45:00,28.57,28.72,28.55,28.67,179942
2011-12-12 16:00:00,28.64,28.84,28.59,28.735,219286
2011-12-13 09:45:00,28.84,28.9,28.71,28.85,5748
2011-12-13 10:00:00,28.86,28.87,28.74,28.76,9174
2011-12-13 10:15:00,28.75,28.78,28.64,28.7045,13056
2011-12-13 10:30:00,28.72,28.85,28.71,28.76,30540
2011-12-13 10:45:00,28.77,28.78,28.73,28.76,35040
2011-12-13 11:00:00,28.76,28.765,28.64,28.68,39960
2011-12-13 11:15:00,28.64,28.74,28.6,28.73,49611
2011-12-13 11:30:00,28.7,28.75,28.7,28.73,58804
2011-12-13 11:45:00,28.75,28.9,28.75,28.89,66893
2011-12-13 12:00:00,28.9,29.0,28.89,29.0,74332
2011-12-13 12:15:00,28.99,29.02,28.97,28.99,79073
2011-12-13 12:30:00,28.98,28.985,28.9,28.95,92601
2011-12-13 12:45:00,28.96,28.99,28.81,28.81,103344
2011-12-13 13:00:00,28.8,28.96,28.8,28.95,108150
2011-12-13 13:15:00,28.95,28.955,28.84,28.91,137101
2011-12-13 13:30:00,28.9,28.96,28.79,28.8,164261
2011-12-13 13:45:00,28.8,28.89,28.75,28.81,178495
2011-12-13 14:00:00,28.81,28.91,28.81,28.9,186463
2011-12-13 14:15:00,28.9,29.03,28.9,28.93,194864
2011-12-13 14:30:00,28.94,28.98,28.79,28.8,205066
2011-12-13 14:45:00,28.81,28.81,28.5,28.54,279766
2011-12-13 15:00:00,28.54,28.79,28.52,28.65,305673
2011-12-13 15:15:00,28.66,28.8,28.64,28.7,322755
2011-12-13 15:30:00,28.69,28.72,28.45,28.46,343059
2011-12-13 15:45:00,28.46,28.58,28.44,28.48,358452
2011-12-13 16:00:00,28.48,28.54,28.38,28.5,413718
2011-12-14 09:45:00,28.22,28.46,28.1,28.42,22025
2011-12-14 10:00:00,28.4,28.42,27.95,28.0,26325
2011-12-14 10:15:00,28.01,28.05,27.82,27.871,47159
2011-12-14 10:30:00,27.88,27.93,27.66,27.66,64954
2011-12-14 10:45:00,27.67,27.92,27.66,27.85,75154
2011-12-14 11:00:00,27.88,27.94,27.8,27.85,87314
2011-12-14 11:15:00,27.86,27.96,27.86,27.95,92703
2011-12-14 11:30:00,27.94,27.94,27.71,27.78,102584
2011-12-14 11:45:00,27.76,27.83,27.6577,27.81,121232
2011-12-14 12:00:00,27.77,27.77,27.71,27.74,127432
2011-12-14 12:15:00,27.74,27.8,27.71,27.76,140583
2011-12-14 12:30:00,27.76,27.7784,27.7,27.7784,158600
2011-12-14 12:45:00,27.75,27.76,27.71,27.73,169212
2011-12-14 13:00:00,27.73,27.77,27.7,27.73,186976
2011-12-14 13:15:00,27.73,27.73,27.68,27.705,199064
2011-12-14 13:30:00,27.69,27.83,27.69,27.83,212352
2011-12-14 13:45:00,27.83,27.97,27.74,27.94,284043
2011-12-14 14:00:00,27.96,28.0,27.8,27.82,305567
2011-12-14 14:15:00,27.82,27.85,27.73,27.84,318209
2011-12-14 14:30:00,27.83,28.12,27.8,28.1,335119
2011-12-14 14:45:00,28.06,28.1,27.94,28.07,349258
2011-12-14 15:00:00,28.06,28.15,28.055,28.09,358628
2011-12-14 15:15:00,28.07,28.15,27.975,28.15,407388
2011-12-14 15:30:00,28.16,28.21,27.94,28.03,429415
2011-12-14 15:45:00,28.03,28.06,27.835,27.87,466588
2011-12-14 16:00:00,27.9,27.94,27.81,27.88,561653
2011-12-15 09:45:00,28.05,28.05,27.76,27.87,20307
2011-12-15 10:00:00,27.86,27.9,27.77,27.77,46850
2011-12-15 10:15:00,27.78,27.84,27.66,27.735,85511
2011-12-15 10:30:00,27.735,27.77,27.63,27.63,99411
2011-12-15 10:45:00,27.64,27.645,27.49,27.5925,118606
2011-12-15 11:00:00,27.585,27.61,27.55,27.55,154718
2011-12-15 11:15:00,27.57,27.6,27.51,27.6,176896
2011-12-15 11:30:00,27.6,27.67,27.5,27.67,212741
2011-12-15 11:45:00,27.7,27.8,27.59,27.59,246341
2011-12-15 12:00:00,27.59,27.6525,27.47,27.65,267735
2011-12-15 12:15:00,27.65,27.76,27.61,27.66,302986
2011-12-15 12:30:00,27.66,27.78,27.62,27.72,372530
2011-12-15 12:45:00,27.73,27.94,27.71,27.93,389673
2011-12-15 13:00:00,27.93,27.97,27.74,27.9,420179
2011-12-15 13:15:00,27.91,27.98,27.86,27.95,437110
2011-12-15 13:30:00,27.96,28.06,27.89,27.9,456285
2011-12-15 13:45:00,27.9,27.96,27.78,27.96,475611
2011-12-15 14:00:00,27.96,28.045,27.78,27.78,640365
2011-12-15 14:15:00,27.8,27.89,27.76,27.86,660370
2011-12-15 14:30:00,27.86,27.9,27.74,27.76,690187
2011-12-15 14:45:00,27.75,27.81,27.72,27.8,723187
2011-12-15 15:00:00,27.8,27.8,27.73,27.78,754476
2011-12-15 15:15:00,27.78,27.9,27.76,27.86,786971
2011-12-15 15:30:00,27.87,28.07,27.865,28.03,827108
2011-12-15 15:45:00,28.03,28.05,27.77,27.77,1111279
2011-12-15 16:00:00,27.78,27.89,27.68,27.83,1444450
2011-12-16 09:45:00,27.9,28.17,27.61,27.98,34958
2011-12-16 10:00:00,28.03,28.19,27.99,28.19,57334
2011-12-16 10:15:00,28.21,28.39,28.21,28.245,78983
2011-12-16 10:30:00,28.245,28.3,28.15,28.175,98585
2011-12-16 10:45:00,28.18,28.3,28.18,28.27,118398
2011-12-16 11:00:00,28.28,28.28,28.2,28.2,131199
2011-12-16 11:15:00,28.205,28.21,28.1,28.12,150177
2011-12-16 11:30:00,28.11,28.16,27.93,27.95,178705
2011-12-16 11:45:00,27.93,28.04,27.91,27.95,192349
2011-12-16 12:00:00,27.94,27.97,27.71,27.71,209188
2011-12-16 12:15:00,27.71,27.91,27.67,27.91,258588
2011-12-16 12:30:00,27.92,27.98,27.75,27.87,270686
2011-12-16 12:45:00,27.88,27.88,27.69,27.75,285069
2011-12-16 13:00:00,27.73,27.8,27.64,27.75,297921
2011-12-16 13:15:00,27.75,27.99,27.75,27.9,309526
2011-12-16 13:30:00,27.91,28.06,27.87,28.01,330830
2011-12-16 13:45:00,28.0,28.01,27.89,27.91,350035
2011-12-16 14:00:00,27.91,27.99,27.91,27.98,376588
2011-12-16 14:15:00,27.99,28.0,27.89,27.89,417942
2011-12-16 14:30:00,27.89,27.93,27.82,27.89,444998
2011-12-16 14:45:00,27.86,27.96,27.8,27.86,483479
2011-12-16 15:00:00,27.86,27.87,27.82,27.82,507924
2011-12-16 15:15:00,27.82,27.85,27.68,27.68,549187
2011-12-16 15:30:00,27.68,27.71,27.551,27.56,618731
2011-12-16 15:45:00,27.5797,28.15,27.56,28.14,749456
2011-12-16 16:00:00,28.1,28.15,27.74,27.8,1073830
2011-12-19 09:45:00,27.98,28.46,27.09,28.16,85920
2011-12-19 10:00:00,28.22,28.71,28.22,28.605,110571
2011-12-19 10:15:00,28.605,28.605,27.88,27.925,146255
2011-12-19 10:30:00,27.95,27.95,27.16,27.75,283789
2011-12-19 10:45:00,27.79,28.18,27.79,28.04,303037
2011-12-19 11:00:00,28.06,28.18,28.01,28.11,314629
2011-12-19 11:15:00,28.1,28.1,27.9,27.94,323922
2011-12-19 11:30:00,27.93,28.06,27.8,28.04,332036
2011-12-19 11:45:00,28.06,28.08,27.9,27.92,342567
2011-12-19 12:00:00,27.92,28.07,27.86,27.96,353923
2011-12-19 12:15:00,27.94,28.02,27.94,27.97,360982
2011-12-19 12:30:00,27.96,28.02,27.96,28.02,368232
2011-12-19 12:45:00,28.005,28.02,27.79,27.79,380146
2011-12-19 13:00:00,27.82,27.87,27.8,27.83,388063
2011-12-19 13:15:00,27.86,27.93,27.85,27.91,393403
2011-12-19 13:30:00,27.89,28.0,27.88,27.975,403556
2011-12-19 13:45:00,27.98,27.99,27.87,27.99,415436
2011-12-19 14:00:00,28.0188,28.2,27.92,28.08,438197
2011-12-19 14:15:00,28.082,28.13,28.06,28.09,447795
2011-12-19 14:30:00,28.09,28.275,28.09,28.225,471287
2011-12-19 14:45:00,28.22,28.45,28.21,28.44,496006
2011-12-19 15:00:00,28.44,28.57,28.39,28.41,522185
2011-12-19 15:15:00,28.42,28.5,28.27,28.36,561383
2011-12-19 15:30:00,28.37,28.51,28.28,28.3,593496
2011-12-19 15:45:00,28.2725,28.46,28.27,28.385,642700
2011-12-19 16:00:00,28.4,28.49,28.26,28.38,792028
2011-12-20 09:45:00,28.73,29.05,28.56,28.92,15366
2011-12-20 10:00:00,28.92,29.1,28.91,29.08,27266
2011-12-20 10:15:00,29.08,29.15,28.99,29.14,70820
2011-12-20 10:30:00,29.15,29.19,29.01,29.06,96682
2011-12-20 10:45:00,29.07,29.1,28.93,28.99,130294
2011-12-20 11:00:00,28.94,29.03,28.94,29.01,136697
2011-12-20 11:15:00,28.99,29.12,28.99,29.06,149934
2011-12-20 11:30:00,29.08,29.3,29.08,29.17,165007
2011-12-20 11:45:00,29.16,29.31,29.16,29.31,174056
2011-12-20 12:00:00,29.32,29.38,29.19,29.19,185245
2011-12-20 12:15:00,29.2,29.3,29.102,29.22,195902
2011-12-20 12:30:00,29.27,29.3,29.25,29.3,203832
2011-12-20 12:45:00,29.3,29.3,29.28,29.29,210569
2011-12-20 13:00:00,29.2913,29.3,29.22,29.27,232419
2011-12-20 13:15:00,29.28,29.3,29.24,29.25,246620
2011-12-20 13:30:00,29.25,29.3,29.24,29.3,252484
2011-12-20 13:45:00,29.3,29.3,29.24,29.3,263531
2011-12-20 14:00:00,29.28,29.28,29.18,29.24,277334
2011-12-20 14:15:00,29.24,29.28,29.175,29.175,295827
2011-12-20 14:30:00,29.18,29.21,29.09,29.13,346182
2011-12-20 14:45:00,29.13,29.46,29.13,29.4,391238
2011-12-20 15:00:00,29.4,29.4,29.24,29.25,441425
2011-12-20 15:15:00,29.25,29.25,29.15,29.22,463938
2011-12-20 15:30:00,29.23,29.3,29.17,29.29,482834
2011-12-20 15:45:00,29.28,29.46,29.22,29.38,574019
2011-12-20 16:00:00,29.38,29.485,29.38,29.46,640318
2011-12-21 09:45:00,29.35,29.48,29.24,29.25,19940
2011-12-21 10:00:00,29.25,29.42,29.22,29.42,34445
2011-12-21 10:15:00,29.41,29.42,29.3,29.3499,46390
2011-12-21 10:30:00,29.3499,29.48,29.321,29.38,62110
2011-12-21 10:45:00,29.38,29.5,29.37,29.47,72710
2011-12-21 11:00:00,29.49,29.55,29.45,29.45,112942
2011-12-21 11:15:00,29.42,29.42,29.27,29.27,123843
2011-12-21 11:30:00,29.26,29.28,29.2,29.21,137077
2011-12-21 11:45:00,29.23,29.42,29.23,29.41,161583
2011-12-21 12:00:00,29.43,29.55,29.39,29.39,167061
2011-12-21 12:15:00,29.41,29.41,29.25,29.32,175572
2011-12-21 12:30:00,29.34,29.45,29.33,29.36,184870
2011-12-21 12:45:00,29.36,29.54,29.36,29.5,191924
2011-12-21 13:00:00,29.5,29.56,29.48,29.56,198037
2011-12-21 13:15:00,29.56,29.68,29.56,29.62,208423
2011-12-21 13:30:00,29.62,29.74,29.58,29.7,216655
2011-12-21 13:45:00,29.69,29.75,29.63,29.73,231054
2011-12-21 14:00:00,29.71,29.97,29.71,29.76,249280
2011-12-21 14:15:00,29.75,29.81,29.67,29.68,291504
2011-12-21 14:30:00,29.69,29.79,29.68,29.79,300875
2011-12-21 14:45:00,29.78,29.84,29.763,29.8,332102
2011-12-21 15:00:00,29.8,29.86,29.51,29.51,483477
2011-12-21 15:15:00,29.5026,29.71,29.43,29.71,524334
2011-12-21 15:30:00,29.71,29.7348,29.6,29.63,555399
2011-12-21 15:45:00,29.63,29.81,29.63,29.72,591857
2011-12-21 16:00:00,29.74,29.78,29.63,29.74,648135
2011-12-22 09:45:00,29.75,29.939,29.54,29.64,8596
2011-12-22 10:00:00,29.55,29.67,29.5,29.53,16616
2011-12-22 10:15:00,29.59,29.59,29.5,29.54,19462
2011-12-22 10:30:00,29.57,29.7,29.53,29.53,32083
2011-12-22 10:45:00,29.5101,29.58,29.46,29.46,37073
2011-12-22 11:00:00,29.45,29.45,29.1505,29.19,50472
2011-12-22 11:15:00,29.19,29.25,29.04,29.22,64195
2011-12-22 11:30:00,29.25,29.34,29.18,29.31,73986
2011-12-22 11:45:00,29.34,29.52,29.34,29.48,82750
2011-12-22 12:00:00,29.47,29.52,29.41,29.41,91343
2011-12-22 12:15:00,29.38,29.46,29.38,29.455,95797
2011-12-22 12:30:00,29.46,29.53,29.45,29.475,113274
2011-12-22 12:45:00,29.48,29.5,29.43,29.44,118764
2011-12-22 13:00:00,29.44,29.5,29.4,29.45,125844
2011-12-22 13:15:00,29.45,29.45,29.33,29.35,130550
2011-12-22 13:30:00,29.3112,29.34,29.3,29.31,136747
2011-12-22 13:45:00,29.3,29.3,29.18,29.19,142635
2011-12-22 14:00:00,29.17,29.31,29.17,29.2,150741
2011-12-22 14:15:00,29.2,29.34,29.18,29.34,164025
2011-12-22 14:30:00,29.34,29.34,29.25,29.26,171331
2011-12-22 14:45:00,29.27,29.38,29.2014,29.38,184687
2011-12-22 15:00:00,29.38,29.63,29.38,29.6,221846
2011-12-22 15:15:00,29.61,29.76,29.61,29.74,260748
2011-12-22 15:30:00,29.75,29.86,29.7,29.85,316134
2011-12-22 15:45:00,29.87,29.94,29.775,29.84,421987
2011-12-22 16:00:00,29.84,29.91,29.76,29.84,498619
2011-12-23 09:45:00,29.81,29.91,29.6,29.67,35904
2011-12-23 10:00:00,29.59,29.65,29.51,29.65,40292
2011-12-23 10:15:00,29.59,29.6,29.58,29.58,42592
2011-12-23 10:30:00,29.59,29.61,29.58,29.6,45829
2011-12-23 10:45:00,29.59,29.7454,29.59,29.73,57043
2011-12-23 11:00:00,29.74,29.89,29.66,29.89,69543
2011-12-23 11:15:00,29.94,30.0,29.93,29.95,75228
2011-12-23 11:30:00,29.94,29.99,29.9,29.954,78084
2011-12-23 11:45:00,29.95,30.02,29.95,29.97,101904
2011-12-23 12:00:00,29.99,30.04,29.99,30.02,108400
2011-12-23 12:15:00,30.03,30.03,29.9,29.91,114786
2011-12-23 12:30:00,29.91,29.98,29.91,29.98,121186
2011-12-23 12:45:00,29.98,30.02,29.97,30.0,124044
2011-12-23 13:00:00,30.001,30.02,30.0,30.005,129247
2011-12-23 13:15:00,30.01,30.02,30.0,30.0,132455
2011-12-23 13:30:00,30.0,30.01,30.0,30.0,137119
2011-12-23 13:45:00,30.01,30.11,29.99,30.08,151509
2011-12-23 14:00:00,30.0847,30.11,30.08,30.095,159398
2011-12-23 14:15:00,30.095,30.1,30.0,30.0,165798
2011-12-23 14:30:00,30.0,30.035,30.0,30.0,171498
2011-12-23 14:45:00,30.01,30.04,30.0,30.0,176298
2011-12-23 15:00:00,30.0,30.03,30.0,30.01,188975
2011-12-23 15:15:00,30.01,30.02,30.0,30.01,199274
2011-12-23 15:30:00,30.0187,30.0187,29.97,29.97,212533
2011-12-23 15:45:00,29.95,29.95,29.84,29.88,227490
2011-12-23 16:00:00,29.88,29.88,29.8,29.8723,239524
2011-12-27 09:45:00,29.69,29.69,29.46,29.66,6134
2011-12-27 10:00:00,29.64,29.66,29.23,29.46,13115
2011-12-27 10:15:00,29.37,29.69,29.37,29.6,20605
2011-12-27 10:30:00,29.6,29.6,29.39,29.42,27158
2011-12-27 10:45:00,29.43,29.44,29.36,29.39,32745
2011-12-27 11:00:00,29.39,29.39,29.1,29.12,39589
2011-12-27 11:15:00,29.11,29.23,29.11,29.22,48077
2011-12-27 11:30:00,29.22,29.25,29.2,29.24,54349
2011-12-27 11:45:00,29.24,29.26,29.2,29.23,58180
2011-12-27 12:00:00,29.23,29.25,29.16,29.16,63562
2011-12-27 12:15:00,29.16,29.3,29.16,29.2,83260
2011-12-27 12:30:00,29.2,29.2,29.1,29.12,92860
2011-12-27 12:45:00,29.11,29.26,29.07,29.25,102509
2011-12-27 13:00:00,29.24,29.26,29.16,29.16,108976
2011-12-27 13:15:00,29.15,29.27,29.13,29.26,118248
2011-12-27 13:30:00,29.25,29.2985,29.25,29.295,126963
2011-12-27 13:45:00,29.29,29.48,29.29,29.47,138494
2011-12-27 14:00:00,29.4799,29.4799,29.37,29.44,155058
2011-12-27 14:15:00,29.44,29.48,29.41,29.47,162837
2011-12-27 14:30:00,29.47,29.49,29.44,29.47,165274
2011-12-27 14:45:00,29.475,29.61,29.47,29.58,177001
2011-12-27 15:00:00,29.6,29.76,29.6,29.67,187201
2011-12-27 15:15:00,29.69,29.73,29.66,29.68,192201
2011-12-27 15:30:00,29.71,29.7799,29.67,29.7,215147
2011-12-27 15:45:00,29.72,29.76,29.69,29.76,228795
2011-12-27 16:00:00,29.77,29.8,29.72,29.78,259480
2011-12-28 09:45:00,29.7,29.87,29.48,29.52,3958
2011-12-28 10:00:00,29.56,29.73,29.53,29.73,9658
2011-12-28 10:15:00,29.68,29.71,29.6,29.63,14559
2011-12-28 10:30:00,29.64,29.64,29.41,29.47,19301
2011-12-28 10:45:00,29.467,29.5798,29.41,29.41,70621
2011-12-28 11:00:00,29.38,29.77,29.38,29.71,82161
2011-12-28 11:15:00,29.7,29.85,29.67,29.85,88526
2011-12-28 11:30:00,29.82,29.82,29.69,29.71,92981
2011-12-28 11:45:00,29.71,29.71,29.53,29.53,98985
2011-12-28 12:00:00,29.534,29.545,29.47,29.54,104258
2011-12-28 12:15:00,29.56,29.6,29.53,29.58,107458
2011-12-28 12:30:00,29.6,29.69,29.6,29.61,110558
2011-12-28 12:45:00,29.58,29.58,29.5,29.51,111758
2011-12-28 13:00:00,29.51,29.55,29.495,29.54,117558
2011-12-28 13:15:00,29.55,29.57,29.5,29.53,118680
2011-12-28 13:30:00,29.52,29.63,29.52,29.6,123238
2011-12-28 13:45:00,29.58,29.62,29.54,29.54,127594
2011-12-28 14:00:00,29.53,29.55,29.49,29.5,131359
2011-12-28 14:15:00,29.5,29.58,29.5,29.51,136755
2011-12-28 14:30:00,29.52,29.54,29.5,29.53,140855
2011-12-28 14:45:00,29.51,29.59,29.5,29.5,149756
2011-12-28 15:00:00,29.52,29.54,29.5,29.52,155456
2011-12-28 15:15:00,29.52,29.53,29.51,29.52,166556
2011-12-28 15:30:00,29.52,29.6,29.5,29.53,189566
2011-12-28 15:45:00,29.55,29.57,29.5,29.51,212067
2011-12-28 16:00:00,29.52,29.54,29.47,29.54,275952
2011-12-29 09:45:00,29.52,29.74,29.4,29.7,27908
2011-12-29 10:00:00,29.71,29.78,29.66,29.71,38651
2011-12-29 10:15:00,29.69,29.8,29.66,29.78,47951
2011-12-29 10:30:00,29.79,29.945,29.79,29.93,57751
2011-12-29 10:45:00,29.96,29.99,29.89,29.92,78393
2011-12-29 11:00:00,29.92,30.0,29.9,29.99,88701
2011-12-29 11:15:00,29.99,29.99,29.81,29.81,96934
2011-12-29 11:30:00,29.82,29.91,29.8102,29.9,105273
2011-12-29 11:45:00,29.9002,30.06,29.9,29.9,151147
2011-12-29 12:00:00,29.9,29.96,29.88,29.91,178247
2011-12-29 12:15:00,29.91,29.97,29.895,29.95,189209
2011-12-29 12:30:00,29.96,29.98,29.89,29.93,203789
2011-12-29 12:45:00,29.93,29.95,29.89,29.95,211322
2011-12-29 13:00:00,29.96,29.96,29.88,29.88,220251
2011-12-29 13:15:00,29.89,29.93,29.76,29.76,225701
2011-12-29 13:30:00,29.76,29.76,29.67,29.76,231786
2011-12-29 13:45:00,29.76,29.83,29.75,29.78,236090
2011-12-29 14:00:00,29.79,29.91,29.79,29.9,252924
2011-12-29 14:15:00,29.9,29.9,29.76,29.76,259214
2011-12-29 14:30:00,29.77,29.78,29.63,29.63,266380
2011-12-29 14:45:00,29.63,29.63,29.49,29.58,280223
2011-12-29 15:00:00,29.56,29.56,29.49,29.49,288921
2011-12-29 15:15:00,29.5,29.65,29.44,29.64,301434
2011-12-29 15:30:00,29.66,29.86,29.66,29.84,326818
2011-12-29 15:45:00,29.84,29.84,29.7,29.75,348197
2011-12-29 16:00:00,29.75,29.75,29.61,29.63,385052
2011-12-30 09:45:00,29.7,29.99,29.58,29.82,21727
2011-12-30 10:00:00,29.8897,29.99,29.82,29.94,38287
2011-12-30 10:15:00,29.92,29.95,29.78,29.82,44782
2011-12-30 10:30:00,29.8346,29.84,29.75,29.82,52186
2011-12-30 10:45:00,29.81,29.83,29.77,29.77,58137
2011-12-30 11:00:00,29.76,29.82,29.75,29.81,62173
2011-12-30 11:15:00,29.81,29.84,29.81,29.84,66555
2011-12-30 11:30:00,29.84,29.94,29.84,29.85,78636
2011-12-30 11:45:00,29.91,29.91,29.85,29.9,86724
2011-12-30 12:00:00,29.9,29.91,29.78,29.8,98052
2011-12-30 12:15:00,29.79,29.86,29.78,29.83,104572
2011-12-30 12:30:00,29.85,29.9,29.85,29.88,107769
2011-12-30 12:45:00,29.87,29.9,29.85,29.89,115993
2011-12-30 13:00:00,29.9,29.91,29.86,29.9,124393
2011-12-30 13:15:00,29.89,29.9,29.89,29.9,128886
2011-12-30 13:30:00,29.9,29.9,29.89,29.9,132586
2011-12-30 13:45:00,29.9,29.9,29.86,29.898,142883
2011-12-30 14:00:00,29.9,29.9,29.89,29.89,149793
2011-12-30 14:15:00,29.9,29.9,29.81,29.82,160293
2011-12-30 14:30:00,29.82,29.83,29.72,29.75,167597
2011-12-30 14:45:00,29.75,29.79,29.74,29.78,175124
2011-12-30 15:00:00,29.7807,29.79,29.78,29.78,179119
2011-12-30 15:15:00,29.79,29.81,29.78,29.81,186477
2011-12-30 15:30:00,29.8,29.86,29.74,29.75,218304
2011-12-30 15:45:00,29.75,29.771,29.72,29.73,230711
2011-12-30 16:00:00,29.74,29.74,29.66,29.67,245777
2012-01-03 09:45:00,29.99,30.5,29.99,30.32,74728
2012-01-03 10:00:00,30.29,30.29,30.04,30.04,129000
2012-01-03 10:15:00,30.05,30.07,29.78,29.85,187680
2012-01-03 10:30:00,29.84,30.07,29.84,29.89,210725
2012-01-03 10:45:00,29.89,29.92,29.87,29.87,247267
2012-01-03 11:00:00,29.89,29.98,29.83,29.98,257071
2012-01-03 11:15:00,29.98,29.99,29.905,29.91,285400
2012-01-03 11:30:00,29.91,29.93,29.89,29.89,365021
2012-01-03 11:45:00,29.89,29.89,29.66,29.67,466521
2012-01-03 12:00:00,29.69,29.82,29.68,29.82,487438
2012-01-03 12:15:00,29.83,29.99,29.83,29.99,506445
2012-01-03 12:30:00,29.99,30.0,29.9463,29.98,516444
2012-01-03 12:45:00,29.98,29.99,29.95,29.99,524209
2012-01-03 13:00:00,29.99,29.99,29.89,29.94,542412
2012-01-03 13:15:00,29.94,29.96,29.9,29.94,549212
2012-01-03 13:30:00,29.96,29.98,29.89,29.92,557276
2012-01-03 13:45:00,29.91,29.91,29.87,29.88,570184
2012-01-03 14:00:00,29.88,30.0,29.88,30.0,584806
2012-01-03 14:15:00,30.0,30.0,29.9,29.91,593101
2012-01-03 14:30:00,29.9,29.97,29.87,29.95,605703
2012-01-03 14:45:00,29.95,29.96,29.88,29.94,624492
2012-01-03 15:00:00,29.93,29.97,29.9006,29.91,639195
2012-01-03 15:15:00,29.91,29.96,29.9,29.95,702233
2012-01-03 15:30:00,29.96,29.98,29.92,29.95,749649
2012-01-03 15:45:00,29.935,29.99,29.935,29.955,767752
2012-01-03 16:00:00,29.98,29.99,29.88,29.93,810185
2012-01-04 09:45:00,28.76,29.5,28.58,29.44,83111
2012-01-04 10:00:00,29.42,29.42,29.07,29.09,97724
2012-01-04 10:15:00,29.09,29.46,29.09,29.42,127377
2012-01-04 10:30:00,29.41,29.63,29.365,29.365,184739
2012-01-04 10:45:00,29.38,29.38,29.17,29.2,202672
2012-01-04 11:00:00,29.2,29.36,29.12,29.28,221926
2012-01-04 11:15:00,29.27,29.27,29.11,29.12,229626
2012-01-04 11:30:00,29.15,29.21,29.11,29.21,237552
2012-01-04 11:45:00,29.19,29.21,29.15,29.18,249252
2012-01-04 12:00:00,29.16,29.21,29.14,29.16,260015
2012-01-04 12:15:00,29.16,29.32,29.16,29.3,273432
2012-01-04 12:30:00,29.3,29.31,29.25,29.25,280811
2012-01-04 12:45:00,29.25,29.28,29.18,29.27,290512
2012-01-04 13:00:00,29.29,29.29,29.2,29.2,295239
2012-01-04 13:15:00,29.2,29.28,29.16,29.27,311076
2012-01-04 13:30:00,29.27,29.27,29.16,29.16,323794
2012-01-04 13:45:00,29.18,29.21,29.15,29.2,336135
2012-01-04 14:00:00,29.2,29.29,29.18,29.29,354362
2012-01-04 14:15:00,29.27,29.28,29.18,29.24,362584
2012-01-04 14:30:00,29.2392,29.29,29.22,29.28,371484
2012-01-04 14:45:00,29.28,29.29,29.2,29.21,380984
2012-01-04 15:00:00,29.2001,29.29,29.19,29.26,391594
2012-01-04 15:15:00,29.251,29.34,29.25,29.29,403398
2012-01-04 15:30:00,29.28,29.3,29.25,29.3,417597
2012-01-04 15:45:00,29.3,29.33,29.28,29.31,436012
2012-01-04 16:00:00,29.31,29.34,29.26,29.3,494606
2012-01-05 09:45:00,28.75,29.12,28.75,28.85,64570
2012-01-05 10:00:00,28.84,29.0601,28.82,29.05,72070
2012-01-05 10:15:00,29.06,29.06,28.865,28.9,80362
2012-01-05 10:30:00,28.91,29.09,28.91,29.05,89195
2012-01-05 10:45:00,29.06,29.08,29.01,29.05,94550
2012-01-05 11:00:00,29.07,29.15,29.03,29.14,99373
2012-01-05 11:15:00,29.17,29.23,29.13,29.15,108849
2012-01-05 11:30:00,29.15,29.19,29.15,29.19,113954
2012-01-05 11:45:00,29.19,29.19,29.14,29.14,118861
2012-01-05 12:00:00,29.14,29.14,28.98,28.98,128398
2012-01-05 12:15:00,28.99,28.99,28.94,28.95,137193
2012-01-05 12:30:00,28.95,28.97,28.92,28.92,143279
2012-01-05 12:45:00,28.93,29.12,28.92,29.12,153706
2012-01-05 13:00:00,29.13,29.25,29.09,29.22,162589
2012-01-05 13:15:00,29.22,29.32,29.13,29.32,219810
2012-01-05 13:30:00,29.35,29.445,29.34,29.44,228251
2012-01-05 13:45:00,29.44,29.44,29.31,29.33,238241
2012-01-05 14:00:00,29.34,29.35,29.32,29.33,250450
2012-01-05 14:15:00,29.34,29.45,29.335,29.4057,260750
2012-01-05 14:30:00,29.4,29.41,29.34,29.34,267296
2012-01-05 14:45:00,29.36,29.43,29.355,29.41,275577
2012-01-05 15:00:00,29.41,29.4895,29.41,29.45,283664
2012-01-05 15:15:00,29.45,29.46,29.43,29.43,293684
2012-01-05 15:30:00,29.44,29.48,29.33,29.3343,310705
2012-01-05 15:45:00,29.34,29.38,29.34,29.35,331364
2012-01-05 16:00:00,29.36,29.37,29.28,29.31,357833
2012-01-06 09:45:00,29.26,29.37,29.01,29.03,16391
2012-01-06 10:00:00,29.03,29.28,28.96,29.28,41161
2012-01-06 10:15:00,29.27,29.27,29.14,29.26,53402
2012-01-06 10:30:00,29.27,29.35,29.22,29.23,124423
2012-01-06 10:45:00,29.191,29.24,29.16,29.23,196049
2012-01-06 11:00:00,29.24,29.28,29.2,29.2,206076
2012-01-06 11:15:00,29.21,29.38,29.21,29.34,216370
2012-01-06 11:30:00,29.39,29.51,29.3389,29.5,225630
2012-01-06 11:45:00,29.51,29.6,29.48,29.56,229997
2012-01-06 12:00:00,29.5407,29.55,29.46,29.46,240881
2012-01-06 12:15:00,29.46,29.48,29.44,29.46,243281
2012-01-06 12:30:00,29.46,29.48,29.46,29.47,244751
2012-01-06 12:45:00,29.47,29.48,29.36,29.36,248660
2012-01-06 13:00:00,29.36,29.36,29.29,29.31,252066
2012-01-06 13:15:00,29.31,29.37,29.2927,29.3,260253
2012-01-06 13:30:00,29.31,29.32,29.21,29.21,263013
2012-01-06 13:45:00,29.18,29.2,29.12,29.2,270581
2012-01-06 14:00:00,29.2,29.31,29.17,29.23,287713
2012-01-06 14:15:00,29.28,29.37,29.24,29.3,297478
2012-01-06 14:30:00,29.34,29.44,29.28,29.44,309873
2012-01-06 14:45:00,29.44,29.49,29.42,29.47,316326
2012-01-06 15:00:00,29.43,29.47,29.27,29.325,324886
2012-01-06 15:15:00,29.325,29.34,29.31,29.32,330286
2012-01-06 15:30:00,29.3175,29.35,29.27,29.305,341251
2012-01-06 15:45:00,29.3,29.33,29.29,29.3,348101
2012-01-06 16:00:00,29.3,29.33,29.26,29.32,401532
2012-01-09 09:45:00,29.4,29.44,29.08,29.19,4633
2012-01-09 10:00:00,29.17,29.19,29.09,29.17,7585
2012-01-09 10:15:00,29.17,29.24,29.17,29.24,9511
2012-01-09 10:30:00,29.225,29.25,29.21,29.22,12587
2012-01-09 10:45:00,29.22,29.23,29.21,29.23,14119
2012-01-09 11:00:00,29.2,29.22,29.19,29.19,17951
2012-01-09 11:15:00,29.2,29.2,29.03,29.03,25238
2012-01-09 11:30:00,29.03,29.035,28.95,29.0,36398
2012-01-09 11:45:00,29.0,29.02,28.99,29.0175,41198
2012-01-09 12:00:00,29.02,29.04,29.0,29.03,52898
2012-01-09 12:15:00,29.03,29.11,29.0208,29.075,62872
2012-01-09 12:30:00,29.08,29.08,29.02,29.03,69272
2012-01-09 12:45:00,29.045,29.08,28.99,29.0,79713
2012-01-09 13:00:00,29.0,29.01,29.0,29.0,84213
2012-01-09 13:15:00,29.0,29.015,28.97,28.999,103399
2012-01-09 13:30:00,28.99,29.0,28.98,29.0,107945
2012-01-09 13:45:00,28.99,29.03,28.98,29.03,124089
2012-01-09 14:00:00,29.03,29.12,29.03,29.11,130189
2012-01-09 14:15:00,29.1,29.11,29.03,29.03,136981
2012-01-09 14:30:00,29.035,29.07,29.035,29.06,149686
2012-01-09 14:45:00,29.06,29.18,29.06,29.18,169484
2012-01-09 15:00:00,29.175,29.19,29.09,29.17,183760
2012-01-09 15:15:00,29.17,29.21,29.16,29.18,196744
2012-01-09 15:30:00,29.1701,29.19,29.14,29.16,207938
2012-01-09 15:45:00,29.17,29.2,29.16,29.16,219934
2012-01-09 16:00:00,29.17,29.25,29.13,29.22,283512
2012-01-10 09:45:00,29.8,29.88,29.65,29.708,52068
2012-01-10 10:00:00,29.7,29.73,29.6,29.715,65468
2012-01-10 10:15:00,29.76,29.85,29.76,29.85,70532
2012-01-10 10:30:00,29.85,29.94,29.83,29.91,87832
2012-01-10 10:45:00,29.9,29.93,29.9,29.923,92628
2012-01-10 11:00:00,29.925,30.02,29.92,29.995,130930
2012-01-10 11:15:00,30.01,30.04,29.82,29.86,201863
2012-01-10 11:30:00,29.86,29.86,29.85,29.85,209663
2012-01-10 11:45:00,29.85,29.93,29.82,29.885,245002
2012-01-10 12:00:00,29.88,29.9,29.85,29.86,252915
2012-01-10 12:15:00,29.86,29.92,29.86,29.92,276561
2012-01-10 12:30:00,29.92,29.94,29.88,29.88,281761
2012-01-10 12:45:00,29.88,29.88,29.83,29.835,286961
2012-01-10 13:00:00,29.83,29.835,29.82,29.82,290161
2012-01-10 13:15:00,29.82,29.827,29.76,29.76,292913
2012-01-10 13:30:00,29.75,29.75,29.7,29.705,298896
2012-01-10 13:45:00,29.7,29.71,29.65,29.65,310996
2012-01-10 14:00:00,29.64,29.65,29.55,29.55,335403
2012-01-10 14:15:00,29.555,29.61,29.52,29.57,350052
2012-01-10 14:30:00,29.57,29.6,29.57,29.58,358608
2012-01-10 14:45:00,29.59,29.59,29.56,29.57,370327
2012-01-10 15:00:00,29.57,29.57,29.51,29.51,379220
2012-01-10 15:15:00,29.5,29.51,29.48,29.5,393288
2012-01-10 15:30:00,29.51,29.53,29.5,29.52,399790
2012-01-10 15:45:00,29.53,29.57,29.51,29.54,434059
2012-01-10 16:00:00,29.55,29.59,29.55,29.59,463020
2012-01-11 09:45:00,29.44,29.6585,29.44,29.51,8287
2012-01-11 10:00:00,29.51,29.74,29.51,29.6577,15159
2012-01-11 10:15:00,29.57,29.63,29.52,29.56,27097
2012-01-11 10:30:00,29.59,29.64,29.57,29.6093,30999
2012-01-11 10:45:00,29.6,29.63,29.6,29.6,35701
2012-01-11 11:00:00,29.59,29.59,29.54,29.56,41827
2012-01-11 11:15:00,29.56,29.57,29.56,29.57,46227
2012-01-11 11:30:00,29.57,29.64,29.56,29.62,66960
2012-01-11 11:45:00,29.62,29.68,29.6006,29.64,93760
2012-01-11 12:00:00,29.64,29.66,29.63,29.65,99108
2012-01-11 12:15:00,29.65,29.66,29.57,29.59,110819
2012-01-11 12:30:00,29.58,29.6,29.58,29.58,113129
2012-01-11 12:45:00,29.57,29.61,29.57,29.61,119083
2012-01-11 13:00:00,29.6,29.6298,29.6,29.6,125876
2012-01-11 13:15:00,29.6,29.64,29.59,29.6091,131976
2012-01-11 13:30:00,29.5886,29.6,29.58,29.6,133076
2012-01-11 13:45:00,29.59,29.6092,29.59,29.59,140667
2012-01-11 14:00:00,29.59,29.61,29.58,29.5992,145329
2012-01-11 14:15:00,29.6,29.63,29.59,29.6201,152580
2012-01-11 14:30:00,29.63,29.65,29.61,29.628,159118
2012-01-11 14:45:00,29.6281,29.6281,29.59,29.62,167292
2012-01-11 15:00:00,29.6014,29.62,29.5606,29.58,177623
2012-01-11 15:15:00,29.58,29.61,29.5704,29.59,189606
2012-01-11 15:30:00,29.6,29.69,29.56,29.62,259363
2012-01-11 15:45:00,29.625,29.64,29.615,29.62,279840
2012-01-11 16:00:00,29.62,29.62,29.59,29.59,305748
2012-01-12 09:45:00,29.6,29.73,29.5228,29.62,17074
2012-01-12 10:00:00,29.6,29.67,29.57,29.65,21674
2012-01-12 10:15:00,29.65,29.75,29.57,29.61,35174
2012-01-12 10:30:00,29.585,29.63,29.51,29.6004,41586
2012-01-12 10:45:00,29.65,29.7,29.6,29.6,47889
2012-01-12 11:00:00,29.56,29.67,29.56,29.64,54889
2012-01-12 11:15:00,29.63,29.66,29.55,29.5511,63305
2012-01-12 11:30:00,29.58,29.636,29.54,29.57,75676
2012-01-12 11:45:00,29.56,29.57,29.54,29.555,78227
2012-01-12 12:00:00,29.55,29.57,29.54,29.54,83816
2012-01-12 12:15:00,29.55,29.565,29.38,29.43,106517
2012-01-12 12:30:00,29.43,29.49,29.4107,29.48,118154
2012-01-12 12:45:00,29.49,29.6,29.49,29.4918,124454
2012-01-12 13:00:00,29.53,29.53,29.37,29.41,140162
2012-01-12 13:15:00,29.41,29.45,29.4,29.45,142962
2012-01-12 13:30:00,29.45,29.48,29.33,29.36,155672
2012-01-12 13:45:00,29.37,29.4,29.36,29.39,163972
2012-01-12 14:00:00,29.39,29.41,29.35,29.36,183463
2012-01-12 14:15:00,29.38,29.39,29.36,29.37,187993
2012-01-12 14:30:00,29.37,29.41,29.33,29.35,205701
2012-01-12 14:45:00,29.34,29.45,29.32,29.4102,241055
2012-01-12 15:00:00,29.42,29.42,29.32,29.36,250742
2012-01-12 15:15:00,29.3575,29.36,29.22,29.23,270807
2012-01-12 15:30:00,29.25,29.31,29.25,29.26,289323
2012-01-12 15:45:00,29.26,29.26,29.23,29.2375,304429
2012-01-12 16:00:00,29.24,29.31,29.23,29.25,367639
2012-01-13 09:45:00,29.11,29.12,29.05,29.12,1953
2012-01-13 10:00:00,29.06,29.06,29.01,29.05,3588
2012-01-13 10:15:00,29.05,29.17,29.02,29.17,5335
2012-01-13 10:30:00,29.11,29.1399,28.89,28.89,16638
2012-01-13 10:45:00,28.86,28.91,28.75,28.79,30376
2012-01-13 11:00:00,28.78,28.78,28.63,28.71,42415
2012-01-13 11:15:00,28.7999,28.9,28.74,28.9,53515
2012-01-13 11:30:00,28.93,29.005,28.92,28.98,59515
2012-01-13 11:45:00,29.03,29.07,29.0075,29.06,65015
2012-01-13 12:00:00,29.06,29.06,28.99,28.99,109159
2012-01-13 12:15:00,28.99,29.03,28.98,29.0,115515
2012-01-13 12:30:00,29.0,29.05,28.97,29.03,125964
2012-01-13 12:45:00,29.03,29.035,28.91,28.91,133264
2012-01-13 13:00:00,28.91,28.92,28.85,28.87,141424
2012-01-13 13:15:00,28.88,28.94,28.85,28.86,155462
2012-01-13 13:30:00,28.865,28.88,28.86,28.87,163071
2012-01-13 13:45:00,28.88,28.88,28.86,28.87,172943
2012-01-13 14:00:00,28.87,28.88,28.78,28.79,183543
2012-01-13 14:15:00,28.8,28.8,28.72,28.72,197474
2012-01-13 14:30:00,28.72,28.72,28.66,28.66,206478
2012-01-13 14:45:00,28.67,28.67,28.6,28.61,218083
2012-01-13 15:00:00,28.61,28.62,28.4,28.5625,283231
2012-01-13 15:15:00,28.56,28.63,28.415,28.425,354841
2012-01-13 15:30:00,28.41,28.76,28.41,28.75,424845
2012-01-13 15:45:00,28.75,28.76,28.63,28.68,481425
2012-01-13 16:00:00,28.68,28.68,28.43,28.46,594174
2012-01-17 09:45:00,28.75,29.27,28.67,29.21,32545
2012-01-17 10:00:00,29.21,29.47,29.0,29.0,52389
2012-01-17 10:15:00,29.02,29.4,28.94,29.4,68889
2012-01-17 10:30:00,29.4,29.56,29.31,29.56,134554
2012-01-17 10:45:00,29.53,29.56,29.42,29.53,143558
2012-01-17 11:00:00,29.55,29.585,29.49,29.51,166021
2012-01-17 11:15:00,29.51,29.58,29.5,29.57,244685
2012-01-17 11:30:00,29.58,29.73,29.57,29.63,275390
2012-01-17 11:45:00,29.63,29.8,29.63,29.68,292474
2012-01-17 12:00:00,29.69,29.7,29.57,29.61,353196
2012-01-17 12:15:00,29.65,29.65,29.48,29.5,383890
2012-01-17 12:30:00,29.5,29.54,29.499,29.51,400959
2012-01-17 12:45:00,29.52,29.52,29.45,29.5,492463
2012-01-17 13:00:00,29.498,29.52,29.44,29.5,517777
2012-01-17 13:15:00,29.49,29.5,29.48,29.5,527179
2012-01-17 13:30:00,29.5,29.51,29.49,29.5,540627
2012-01-17 13:45:00,29.5,29.51,29.44,29.45,557606
2012-01-17 14:00:00,29.44,29.44,29.37,29.4,595572
2012-01-17 14:15:00,29.4,29.42,29.39,29.41,607831
2012-01-17 14:30:00,29.38,29.4,29.32,29.39,618065
2012-01-17 14:45:00,29.39,29.39,29.33,29.35,629204
2012-01-17 15:00:00,29.34,29.375,29.34,29.37,640958
2012-01-17 15:15:00,29.37,29.38,29.35,29.37,654235
2012-01-17 15:30:00,29.37,29.41,29.36,29.39,671748
2012-01-17 15:45:00,29.38,29.41,29.35,29.36,717256
2012-01-17 16:00:00,29.36,29.41,29.33,29.34,765206
2012-01-18 09:45:00,29.33,29.34,29.18,29.26,3443
2012-01-18 10:00:00,29.27,29.33,29.25,29.33,5263
2012-01-18 10:15:00,29.325,29.38,29.32,29.37,10009
2012-01-18 10:30:00,29.39,29.47,29.38,29.47,12709
2012-01-18 10:45:00,29.41,29.425,29.31,29.31,26551
2012-01-18 11:00:00,29.31,29.35,29.27,29.35,32851
2012-01-18 11:15:00,29.35,29.405,29.29,29.31,59702
2012-01-18 11:30:00,29.31,29.35,29.31,29.35,61367
2012-01-18 11:45:00,29.35,29.36,29.31,29.34,70467
2012-01-18 12:00:00,29.35,29.35,29.28,29.28,70976
2012-01-18 12:15:00,29.27,29.33,29.27,29.33,71476
2012-01-18 12:30:00,29.35,29.4,29.35,29.4,72877
2012-01-18 12:45:00,29.46,29.46,29.46,29.46,72977
2012-01-18 13:00:00,29.4324,29.44,29.3713,29.4017,76331
2012-01-18 13:15:00,29.41,29.41,29.33,29.33,78531
2012-01-18 13:30:00,29.34,29.35,29.3215,29.35,79631
2012-01-18 13:45:00,29.35,29.35,29.27,29.3,82931
2012-01-18 14:00:00,29.29,29.29,29.25,29.26,84131
2012-01-18 14:15:00,29.28,29.29,29.24,29.28,85777
2012-01-18 14:30:00,29.25,29.31,29.25,29.3,88627
2012-01-18 14:45:00,29.3,29.31,29.29,29.3,93496
2012-01-18 15:00:00,29.31,29.36,29.29,29.3,107245
2012-01-18 15:15:00,29.3,29.36,29.3,29.35,117870
2012-01-18 15:30:00,29.34,29.35,29.29,29.31,141226
2012-01-18 15:45:00,29.3,29.32,29.22,29.27,160171
2012-01-18 16:00:00,29.27,29.36,29.27,29.35,199873
2012-01-19 09:45:00,29.35,29.46,29.09,29.135,43913
2012-01-19 10:00:00,29.13,29.35,29.13,29.33,50240
2012-01-19 10:15:00,29.32,29.43,29.24,29.43,55705
2012-01-19 10:30:00,29.42,29.53,29.4125,29.5,87513
2012-01-19 10:45:00,29.49,29.62,29.49,29.55,121816
2012-01-19 11:00:00,29.54,29.59,29.52,29.555,139269
2012-01-19 11:15:00,29.555,29.65,29.55,29.61,149081
2012-01-19 11:30:00,29.625,29.635,29.51,29.58,156781
2012-01-19 11:45:00,29.54,29.6,29.35,29.35,164735
2012-01-19 12:00:00,29.35,29.38,29.29,29.34,170971
2012-01-19 12:15:00,29.35,29.36,29.28,29.28,176771
2012-01-19 12:30:00,29.28,29.28,29.17,29.21,180871
2012-01-19 12:45:00,29.22,29.26,29.21,29.22,187525
2012-01-19 13:00:00,29.22,29.23,29.14,29.14,194526
2012-01-19 13:15:00,29.155,29.224,29.14,29.224,198540
2012-01-19 13:30:00,29.2,29.23,29.2,29.21,203140
2012-01-19 13:45:00,29.21,29.22,29.16,29.16,211161
2012-01-19 14:00:00,29.17,29.17,29.01,29.03,219295
2012-01-19 14:15:00,29.05,29.13,29.01,29.015,231071
2012-01-19 14:30:00,29.02,29.03,28.97,28.97,238416
2012-01-19 14:45:00,28.97,28.995,28.93,28.93,244685
2012-01-19 15:00:00,28.94,28.94,28.86,28.93,255219
2012-01-19 15:15:00,28.93,28.97,28.78,28.83,279794
2012-01-19 15:30:00,28.83,28.9,28.83,28.85,292408
2012-01-19 15:45:00,28.8698,28.89,28.75,28.8,337495
2012-01-19 16:00:00,28.8,28.8,28.66,28.7,388230
2012-01-20 09:45:00,28.52,28.66,28.5,28.62,4717
2012-01-20 10:00:00,28.64,28.64,28.51,28.53,8351
2012-01-20 10:15:00,28.51,28.53,28.5,28.51,16953
2012-01-20 10:30:00,28.51,28.54,28.5003,28.535,28920
2012-01-20 10:45:00,28.54,28.54,28.51,28.51,40919
2012-01-20 11:00:00,28.51,28.52,28.43,28.5,109942
2012-01-20 11:15:00,28.51,28.53,28.45,28.46,130385
2012-01-20 11:30:00,28.46,28.51,28.44,28.51,139428
2012-01-20 11:45:00,28.53,28.54,28.33,28.34,147854
2012-01-20 12:00:00,28.29,28.32,28.22,28.25,159446
2012-01-20 12:15:00,28.28,28.31,28.25,28.28,164832
2012-01-20 12:30:00,28.26,28.28,28.25,28.26,171228
2012-01-20 12:45:00,28.25,28.31,28.25,28.25,177113
2012-01-20 13:00:00,28.25,28.34,28.25,28.28,187032
2012-01-20 13:15:00,28.29,28.3,28.25,28.25,195792
2012-01-20 13:30:00,28.25,28.259,28.07,28.11,210782
2012-01-20 13:45:00,28.11,28.11,28.01,28.065,221936
2012-01-20 14:00:00,28.09,28.1,28.01,28.02,231063
2012-01-20 14:15:00,28.03,28.09,28.01,28.08,243041
2012-01-20 14:30:00,28.05,28.05,27.93,27.93,264242
2012-01-20 14:45:00,27.93,27.98,27.9,27.965,278080
2012-01-20 15:00:00,27.97,27.98,27.74,27.76,298358
2012-01-20 15:15:00,27.77,27.87,27.77,27.85,316855
2012-01-20 15:30:00,27.86,27.98,27.86,27.95,335788
2012-01-20 15:45:00,27.955,28.2,27.953,28.12,365154
2012-01-20 16:00:00,28.125,28.125,28.01,28.1,436205
2012-01-23 09:45:00,28.14,28.4,28.12,28.39,4496
2012-01-23 10:00:00,28.37,28.95,28.37,28.91,32805
2012-01-23 10:15:00,28.96,28.99,28.71,28.71,54334
2012-01-23 10:30:00,28.73,29.03,28.73,29.02,65805
2012-01-23 10:45:00,29.02,29.02,28.85,28.94,83057
2012-01-23 11:00:00,28.94,29.0,28.89,28.95,91928
2012-01-23 11:15:00,28.96,29.02,28.95,28.99,100989
2012-01-23 11:30:00,28.99,29.01,28.99,29.0,107727
2012-01-23 11:45:00,29.0,29.01,28.97,28.97,116618
2012-01-23 12:00:00,28.97,29.02,28.97,29.0,123901
2012-01-23 12:15:00,28.992,29.0,28.89,28.91,135839
2012-01-23 12:30:00,28.91,29.04,28.9,29.035,145040
2012-01-23 12:45:00,29.03,29.035,28.97,28.98,152519
2012-01-23 13:00:00,28.99,29.01,28.99,29.005,155419
2012-01-23 13:15:00,29.005,29.01,28.985,28.985,163776
2012-01-23 13:30:00,28.99,28.99,28.91,28.92,171351
2012-01-23 13:45:00,28.93,28.99,28.92,28.99,183807
2012-01-23 14:00:00,28.99,29.015,28.97,29.01,199392
2012-01-23 14:15:00,29.012,29.02,28.91,28.91,219028
2012-01-23 14:30:00,28.9,28.91,28.84,28.841,225976
2012-01-23 14:45:00,28.85,28.92,28.85,28.9,231290
2012-01-23 15:00:00,28.91,29.0,28.9,28.98,245383
2012-01-23 15:15:00,28.99,29.03,28.99,29.025,259555
2012-01-23 15:30:00,29.03,29.04,28.95,28.95,277167
2012-01-23 15:45:00,28.97,29.0,28.94,29.0,289481
2012-01-23 16:00:00,29.0,29.0,28.94,28.97,319841
2012-01-24 09:45:00,28.86,28.97,28.64,28.92,23587
2012-01-24 10:00:00,28.95,28.95,28.78,28.82,33608
2012-01-24 10:15:00,28.77,28.77,28.63,28.73,37229
2012-01-24 10:30:00,28.67,28.67,28.51,28.51,40029
2012-01-24 10:45:00,28.44,28.49,28.4,28.47,47229
2012-01-24 11:00:00,28.47,28.62,28.47,28.62,51091
2012-01-24 11:15:00,28.62,28.71,28.62,28.62,57150
2012-01-24 11:30:00,28.63,28.74,28.595,28.74,70250
2012-01-24 11:45:00,28.71,28.71,28.65,28.65,77850
2012-01-24 12:00:00,28.65,28.69,28.64,28.67,83937
2012-01-24 12:15:00,28.67,28.68,28.65,28.66,87737
2012-01-24 12:30:00,28.66,28.66,28.59,28.6302,110804
2012-01-24 12:45:00,28.63,28.64,28.61,28.62,114430
2012-01-24 13:00:00,28.61,28.7,28.61,28.7,128287
2012-01-24 13:15:00,28.67,28.7,28.65,28.69,132287
2012-01-24 13:30:00,28.7,28.73,28.69,28.71,142987
2012-01-24 13:45:00,28.7,28.75,28.65,28.66,149687
2012-01-24 14:00:00,28.65,28.75,28.65,28.7,156992
2012-01-24 14:15:00,28.7,28.71,28.65,28.7,162514
2012-01-24 14:30:00,28.7,28.78,28.7,28.76,168960
2012-01-24 14:45:00,28.76,28.79,28.68,28.75,184864
2012-01-24 15:00:00,28.7542,28.78,28.74,28.77,192480
2012-01-24 15:15:00,28.77,28.78,28.73,28.7425,210189
2012-01-24 15:30:00,28.745,28.76,28.73,28.73,227808
2012-01-24 15:45:00,28.73,28.74,28.62,28.63,245112
2012-01-24 16:00:00,28.62,28.685,28.61,28.63,298261
2012-01-25 09:45:00,28.7,28.7,28.51,28.58,2759
2012-01-25 10:00:00,28.58,28.71,28.49,28.6999,6659
2012-01-25 10:15:00,28.7,28.86,28.7,28.8,8881
2012-01-25 10:30:00,28.83,28.85,28.71,28.71,12325
2012-01-25 10:45:00,28.72,28.72,28.5405,28.5405,21213
2012-01-25 11:00:00,28.56,28.63,28.42,28.6,61936
2012-01-25 11:15:00,28.6,28.66,28.57,28.64,66566
2012-01-25 11:30:00,28.62,28.62,28.56,28.59,67963
2012-01-25 11:45:00,28.57,28.62,28.56,28.605,72183
2012-01-25 12:00:00,28.605,28.62,28.59,28.6,75183
2012-01-25 12:15:00,28.6,28.61,28.54,28.55,78847
2012-01-25 12:30:00,28.56,28.71,28.56,28.64,83214
2012-01-25 12:45:00,28.6,28.69,28.59,28.6,87214
2012-01-25 13:00:00,28.6,28.68,28.5999,28.61,89814
2012-01-25 13:15:00,28.61,28.65,28.6,28.605,93514
2012-01-25 13:30:00,28.6,28.65,28.6,28.65,97245
2012-01-25 13:45:00,28.67,28.73,28.64,28.69,104462
2012-01-25 14:00:00,28.7,28.82,28.68,28.8,111131
2012-01-25 14:15:00,28.81,28.83,28.77,28.795,115038
2012-01-25 14:30:00,28.79,28.8,28.64,28.6419,121009
2012-01-25 14:45:00,28.67,28.76,28.66,28.74,128509
2012-01-25 15:00:00,28.76,28.82,28.49,28.51,181117
2012-01-25 15:15:00,28.51,28.6,28.49,28.49,199667
2012-01-25 15:30:00,28.48,28.64,28.45,28.619,213016
2012-01-25 15:45:00,28.62,28.66,28.58,28.62,254888
2012-01-25 16:00:00,28.61,28.65,28.575,28.64,291886
2012-01-26 09:45:00,28.66,29.12,28.62,29.12,9740
2012-01-26 10:00:00,29.18,29.33,29.08,29.18,28840
2012-01-26 10:15:00,29.15,29.18,29.06,29.075,42640
2012-01-26 10:30:00,29.075,29.25,29.075,29.17,59040
2012-01-26 10:45:00,29.19,29.27,29.14,29.23,76640
2012-01-26 11:00:00,29.24,29.43,29.22,29.43,91518
2012-01-26 11:15:00,29.425,29.4797,29.35,29.4564,161810
2012-01-26 11:30:00,29.47,29.47,29.33,29.34,171189
2012-01-26 11:45:00,29.35,29.36,29.13,29.14,186077
2012-01-26 12:00:00,29.13,29.16,29.12,29.16,193109
2012-01-26 12:15:00,29.15,29.21,29.145,29.2,214917
2012-01-26 12:30:00,29.18,29.18,29.12,29.18,218326
2012-01-26 12:45:00,29.165,29.19,29.14,29.145,224326
2012-01-26 13:00:00,29.145,29.26,29.14,29.19,236322
2012-01-26 13:15:00,29.18,29.24,29.16,29.21,241422
2012-01-26 13:30:00,29.225,29.225,29.08,29.08,261356
2012-01-26 13:45:00,29.1,29.11,28.99,29.01,273862
2012-01-26 14:00:00,28.99,29.17,28.99,29.16,298767
2012-01-26 14:15:00,29.16,29.17,29.0103,29.05,316188
2012-01-26 14:30:00,29.05,29.1,29.03,29.06,339556
2012-01-26 14:45:00,29.05,29.06,29.02,29.025,353442
2012-01-26 15:00:00,29.025,29.07,29.02,29.03,366446
2012-01-26 15:15:00,29.03,29.05,29.0,29.04,408437
2012-01-26 15:30:00,29.04,29.07,29.03,29.04,422387
2012-01-26 15:45:00,29.025,29.11,29.025,29.1,439467
2012-01-26 16:00:00,29.12,29.12,29.05,29.08,471922
2012-01-27 09:45:00,28.89,29.17,28.84,29.17,5200
2012-01-27 10:00:00,29.1115,29.41,29.1115,29.27,13356
2012-01-27 10:15:00,29.23,29.23,29.12,29.16,15556
2012-01-27 10:30:00,29.17,29.19,29.08,29.13,27952
2012-01-27 10:45:00,29.13,29.14,28.99,28.99,31032
2012-01-27 11:00:00,28.97,28.97,28.9,28.94,32332
2012-01-27 11:15:00,28.95,29.044,28.93,29.04,34941
2012-01-27 11:30:00,29.04,29.041,28.94,28.95,39241
2012-01-27 11:45:00,28.95,28.95,28.88,28.9,41832
2012-01-27 12:00:00,28.89,28.93,28.88,28.93,42732
2012-01-27 12:15:00,28.95,28.95,28.9,28.91,46517
2012-01-27 12:30:00,28.91,28.99,28.91,28.99,47663
2012-01-27 12:45:00,29.0,29.0,28.962,28.985,50047
2012-01-27 13:00:00,28.98,28.985,28.9586,28.96,56371
2012-01-27 13:15:00,28.961,29.09,28.961,29.08,65835
2012-01-27 13:30:00,29.09,29.13,29.06,29.1,120749
2012-01-27 13:45:00,29.1,29.16,29.09,29.16,125031
2012-01-27 14:00:00,29.1596,29.26,29.1596,29.26,184889
2012-01-27 14:15:00,29.26,29.27,29.22,29.225,190568
2012-01-27 14:30:00,29.23,29.28,29.22,29.27,209355
2012-01-27 14:45:00,29.28,29.3,29.23,29.28,234122
2012-01-27 15:00:00,29.29,29.3798,29.29,29.36,243561
2012-01-27 15:15:00,29.36,29.39,29.33,29.34,281380
2012-01-27 15:30:00,29.33,29.34,29.2,29.2,404052
2012-01-27 15:45:00,29.2,29.25,29.2,29.24,439773
2012-01-27 16:00:00,29.24,29.26,29.19,29.22,521908
2012-01-30 09:45:00,28.94,29.0576,28.85,29.015,6582
2012-01-30 10:00:00,28.88,28.92,28.86,28.89,8382
2012-01-30 10:15:00,28.87,29.08,28.87,29.06,24160
2012-01-30 10:30:00,29.05,29.18,29.03,29.12,94941
2012-01-30 10:45:00,29.12,29.12,29.0,29.03,108740
2012-01-30 11:00:00,29.03,29.07,28.98,29.03,115408
2012-01-30 11:15:00,29.03,29.04,28.97,29.0,191047
2012-01-30 11:30:00,28.99,29.02,28.99,29.015,201362
2012-01-30 11:45:00,29.01,29.015,29.0,29.01,206579
2012-01-30 12:00:00,29.0,29.02,29.0,29.02,213065
2012-01-30 12:15:00,29.01,29.02,29.0,29.01,217965
2012-01-30 12:30:00,29.0,29.01,28.99,29.0,222772
2012-01-30 12:45:00,29.0,29.03,28.99,29.02,233746
2012-01-30 13:00:00,29.02,29.02,29.0,29.0,237506
2012-01-30 13:15:00,29.0,29.01,28.975,28.99,241617
2012-01-30 13:30:00,28.98,28.99,28.95,28.9525,247763
2012-01-30 13:45:00,28.97,29.08,28.95,29.06,277510
2012-01-30 14:00:00,29.03,29.05,29.0,29.02,288294
2012-01-30 14:15:00,29.05,29.05,28.99,29.0,299633
2012-01-30 14:30:00,29.0,29.03,29.0,29.02,309032
2012-01-30 14:45:00,29.01,29.11,29.01,29.11,325536
2012-01-30 15:00:00,29.104,29.14,29.1,29.11,354925
2012-01-30 15:15:00,29.11,29.14,29.1,29.12,380573
2012-01-30 15:30:00,29.12,29.12,29.06,29.06,400473
2012-01-30 15:45:00,29.06,29.07,29.0,29.0494,423950
2012-01-30 16:00:00,29.04,29.06,29.0,29.03,484013
2012-01-31 09:45:00,29.11,29.32,29.07,29.195,10020
2012-01-31 10:00:00,29.2,29.32,29.128,29.27,77655
2012-01-31 10:15:00,29.25,29.27,28.96,29.04,90875
2012-01-31 10:30:00,29.04,29.14,29.04,29.05,102765
2012-01-31 10:45:00,29.05,29.05,28.84,28.845,106565
2012-01-31 11:00:00,28.84,28.85,28.73,28.79,119664
2012-01-31 11:15:00,28.81,28.81,28.73,28.73,126568
2012-01-31 11:30:00,28.73,28.88,28.71,28.88,138635
2012-01-31 11:45:00,28.86,28.92,28.83,28.83,146569
2012-01-31 12:00:00,28.83,28.85,28.74,28.85,156321
2012-01-31 12:15:00,28.84,28.84,28.77,28.77,158716
2012-01-31 12:30:00,28.77,28.82,28.77,28.82,168456
2012-01-31 12:45:00,28.83,28.92,28.83,28.87,174394
2012-01-31 13:00:00,28.87,28.87,28.86,28.87,178289
2012-01-31 13:15:00,28.86,29.02,28.86,29.0,185626
2012-01-31 13:30:00,29.01,29.12,29.0,29.12,201580
2012-01-31 13:45:00,29.11,29.11,29.01,29.04,215409
2012-01-31 14:00:00,29.05,29.09,29.01,29.08,229079
2012-01-31 14:15:00,29.045,29.1,29.02,29.1,244479
2012-01-31 14:30:00,29.08,29.189,29.03,29.189,264050
2012-01-31 14:45:00,29.19,29.21,29.145,29.195,283675
2012-01-31 15:00:00,29.18,29.25,29.15,29.15,292547
2012-01-31 15:15:00,29.15,29.35,29.15,29.34,386757
2012-01-31 15:30:00,29.31,29.31,29.22,29.25,414749
2012-01-31 15:45:00,29.25,29.26,29.05,29.05,447044
2012-01-31 16:00:00,29.06,29.1,28.93,28.95,546118
2012-02-01 09:45:00,29.0,29.25,29.0,29.11,29848
2012-02-01 10:00:00,29.15,29.26,29.15,29.25,96149
2012-02-01 10:15:00,29.27,29.37,29.2,29.24,129054
2012-02-01 10:30:00,29.25,29.26,29.245,29.26,137920
2012-02-01 10:45:00,29.25,29.26,29.195,29.255,154283
2012-02-01 11:00:00,29.27,29.31,29.21,29.24,180951
2012-02-01 11:15:00,29.245,29.25,29.24,29.25,184424
2012-02-01 11:30:00,29.24,29.245,29.12,29.12,214304
2012-02-01 11:45:00,29.12,29.16,29.06,29.13,252347
2012-02-01 12:00:00,29.13,29.18,29.1,29.1,276494
2012-02-01 12:15:00,29.1,29.1,28.96,29.0,320915
2012-02-01 12:30:00,29.0085,29.13,28.98,29.1277,349640
2012-02-01 12:45:00,29.13,29.24,29.13,29.21,367557
2012-02-01 13:00:00,29.2,29.23,29.19,29.21,385379
2012-02-01 13:15:00,29.21,29.25,29.2,29.22,409718
2012-02-01 13:30:00,29.23,29.27,29.2,29.25,428175
2012-02-01 13:45:00,29.24,29.24,29.2,29.22,484597
2012-02-01 14:00:00,29.22,29.37,29.21,29.31,685314
2012-02-01 14:15:00,29.31,29.36,29.2,29.25,832904
2012-02-01 14:30:00,29.245,29.25,29.1,29.18,1201418
2012-02-01 14:45:00,29.19,29.33,29.19,29.31,1371897
2012-02-01 15:00:00,29.3,29.36,29.28,29.28,1381797
2012-02-01 15:15:00,29.28,29.29,29.2,29.2,1452471
2012-02-01 15:30:00,29.2,29.25,29.14,29.15,1478629
2012-02-01 15:45:00,29.14,29.14,29.06,29.06,1501764
2012-02-01 16:00:00,29.07,29.09,28.88,29.03,1885663
2012-02-02 09:45:00,29.17,29.35,28.83,28.85,31130
2012-02-02 10:00:00,28.84,28.87,28.7269,28.76,95416
2012-02-02 10:15:00,28.79,28.79,28.73,28.745,101331
2012-02-02 10:30:00,28.75,28.77,28.715,28.73,123111
2012-02-02 10:45:00,28.73,28.75,28.72,28.73,127740
2012-02-02 11:00:00,28.73,28.77,28.66,28.66,135608
2012-02-02 11:15:00,28.66,28.66,28.61,28.61,144786
2012-02-02 11:30:00,28.6,28.74,28.58,28.74,159893
2012-02-02 11:45:00,28.75,28.79,28.72,28.78,177351
2012-02-02 12:00:00,28.79,28.93,28.78,28.86,194725
2012-02-02 12:15:00,28.87,28.87,28.8,28.8,203544
2012-02-02 12:30:00,28.79,28.89,28.76,28.85,231866
2012-02-02 12:45:00,28.85,28.9,28.81,28.89,256325
2012-02-02 13:00:00,28.9,29.06,28.9,29.04,279842
2012-02-02 13:15:00,29.07,29.07,29.0,29.01,285885
2012-02-02 13:30:00,29.0,29.04,29.0,29.02,292822
2012-02-02 13:45:00,29.025,29.13,29.02,29.11,307772
2012-02-02 14:00:00,29.11,29.13,29.01,29.03,325926
2012-02-02 14:15:00,29.03,29.11,29.025,29.08,339292
2012-02-02 14:30:00,29.08,29.1588,29.065,29.12,409917
2012-02-02 14:45:00,29.12,29.135,29.08,29.12,430474
2012-02-02 15:00:00,29.12,29.16,29.07,29.07,445003
2012-02-02 15:15:00,29.08,29.08,28.955,29.03,469260
2012-02-02 15:30:00,29.01,29.03,28.89,28.89,483983
2012-02-02 15:45:00,28.89,28.89,28.74,28.75,505435
2012-02-02 16:00:00,28.74,28.79,28.585,28.79,578396
2012-02-03 09:45:00,29.0,29.24,29.0,29.2,2422
2012-02-03 10:00:00,29.2,29.38,29.2,29.38,16389
2012-02-03 10:15:00,29.38,29.58,29.32,29.53,34398
2012-02-03 10:30:00,29.53,29.68,29.53,29.66,49007
2012-02-03 10:45:00,29.68,29.88,29.63,29.76,61062
2012-02-03 11:00:00,29.82,30.23,29.8,30.03,161164
2012-02-03 11:15:00,30.05,30.13,29.95,30.03,197123
2012-02-03 11:30:00,30.03,30.14,29.97,30.06,237828
2012-02-03 11:45:00,30.07,30.1,30.0,30.03,283903
2012-02-03 12:00:00,30.03,30.08,29.96,30.05,336624
2012-02-03 12:15:00,30.03,30.055,29.94,30.0,350924
2012-02-03 12:30:00,30.01,30.03,30.01,30.02,353437
2012-02-03 12:45:00,30.02,30.02,30.01,30.01,356067
2012-02-03 13:00:00,30.01,30.02,29.98,30.0,368913
2012-02-03 13:15:00,30.0,30.03,29.99,30.0,396768
2012-02-03 13:30:00,30.02,30.11,29.99,30.02,415923
2012-02-03 13:45:00,30.0,30.1,30.0,30.08,418988
2012-02-03 14:00:00,30.06,30.1,29.99,30.0105,461950
2012-02-03 14:15:00,30.01,30.03,29.99,29.99,490968
2012-02-03 14:30:00,29.99,30.01,29.99,30.0,497298
2012-02-03 14:45:00,30.01,30.01,29.97,30.0,522478
2012-02-03 15:00:00,29.999,30.01,29.99,30.0,538785
2012-02-03 15:15:00,30.0,30.18,29.99,30.15,575460
2012-02-03 15:30:00,30.15,30.15,30.07,30.1,600407
2012-02-03 15:45:00,30.11,30.24,30.1,30.22,647906
2012-02-03 16:00:00,30.24,30.2698,30.1437,30.2,716266
2012-02-06 09:45:00,29.24,29.95,28.0,29.24,106470
2012-02-06 10:00:00,29.22,29.47,29.22,29.32,165970
2012-02-06 10:15:00,29.365,29.57,29.26,29.35,261580
2012-02-06 10:30:00,29.36,29.36,28.89,29.03,409759
2012-02-06 10:45:00,29.05,29.1,28.91,29.0,486336
2012-02-06 11:00:00,29.01,29.03,28.77,28.89,517271
2012-02-06 11:15:00,28.87,29.11,28.78,29.09,619533
2012-02-06 11:30:00,29.03,29.08,28.9506,29.05,647680
2012-02-06 11:45:00,29.05,29.11,29.0,29.02,739230
2012-02-06 12:00:00,29.04,29.07,28.84,28.86,754053
2012-02-06 12:15:00,28.86,28.91,28.78,28.88,787252
2012-02-06 12:30:00,28.9,28.93,28.84,28.865,813331
2012-02-06 12:45:00,28.88,28.98,28.86,28.92,832645
2012-02-06 13:00:00,28.96,29.0,28.91,28.98,843718
2012-02-06 13:15:00,28.98,28.99,28.8998,28.98,854167
2012-02-06 13:30:00,28.97,28.99,28.95,28.99,860899
2012-02-06 13:45:00,28.98,29.0,28.97,28.995,931585
2012-02-06 14:00:00,28.99,29.0,28.99,29.0,947047
2012-02-06 14:15:00,29.0,29.0,28.94,28.95,962580
2012-02-06 14:30:00,28.95,29.0,28.93,28.98,982056
2012-02-06 14:45:00,28.98,29.0,28.945,28.96,1057056
2012-02-06 15:00:00,28.97,28.97,28.88,28.9,1081287
2012-02-06 15:15:00,28.9,28.93,28.89,28.92,1147112
2012-02-06 15:30:00,28.92,28.98,28.89,28.91,1227637
2012-02-06 15:45:00,28.91,28.93,28.89,28.9,1267342
2012-02-06 16:00:00,28.895,28.915,28.85,28.85,1411735
2012-02-07 09:45:00,28.55,28.73,28.39,28.635,52293
2012-02-07 10:00:00,28.6,28.6,28.2,28.26,96349
2012-02-07 10:15:00,28.18,28.365,28.18,28.26,127259
2012-02-07 10:30:00,28.27,28.28,27.95,28.0,201268
2012-02-07 10:45:00,28.0,28.11,28.0,28.0988,237768
2012-02-07 11:00:00,28.08,28.2,28.06,28.2,349642
2012-02-07 11:15:00,28.2,28.21,28.16,28.17,476819
2012-02-07 11:30:00,28.186,28.25,28.16,28.21,526061
2012-02-07 11:45:00,28.23,28.27,28.21,28.225,646608
2012-02-07 12:00:00,28.21,28.25,28.21,28.21,665396
2012-02-07 12:15:00,28.23,28.25,28.22,28.2432,698298
2012-02-07 12:30:00,28.24,28.26,28.23,28.23,782534
2012-02-07 12:45:00,28.23,28.25,28.17,28.19,796738
2012-02-07 13:00:00,28.1795,28.21,28.17,28.18,804738
2012-02-07 13:15:00,28.18,28.22,28.18,28.215,831082
2012-02-07 13:30:00,28.21,28.22,28.15,28.205,862892
2012-02-07 13:45:00,28.205,28.21,28.18,28.19,872617
2012-02-07 14:00:00,28.2,28.2,28.05,28.15,901897
2012-02-07 14:15:00,28.155,28.155,28.03,28.08,960413
2012-02-07 14:30:00,28.09,28.1,28.0,28.06,1036149
2012-02-07 14:45:00,28.0503,28.07,28.0,28.0,1054148
2012-02-07 15:00:00,28.01,28.2,28.01,28.05,1107187
2012-02-07 15:15:00,28.04,28.11,28.03,28.11,1153628
2012-02-07 15:30:00,28.11,28.15,28.08,28.14,1171946
2012-02-07 15:45:00,28.13,28.13,28.04,28.05,1211041
2012-02-07 16:00:00,28.05,28.1,28.03,28.05,1254466
2012-02-08 09:45:00,28.2,28.54,28.2,28.54,9529
2012-02-08 10:00:00,28.47,28.63,28.38,28.55,285429
2012-02-08 10:15:00,28.515,28.67,28.48,28.5,301335
2012-02-08 10:30:00,28.5,28.54,28.45,28.455,320332
2012-02-08 10:45:00,28.45,28.47,28.4,28.455,590065
2012-02-08 11:00:00,28.455,28.46,28.35,28.375,634589
2012-02-08 11:15:00,28.36,28.36,28.28,28.35,650846
2012-02-08 11:30:00,28.34,28.45,28.34,28.42,668318
2012-02-08 11:45:00,28.4,28.455,28.36,28.39,692279
2012-02-08 12:00:00,28.4,28.46,28.37,28.43,712856
2012-02-08 12:15:00,28.44,28.48,28.4,28.43,745722
2012-02-08 12:30:00,28.42,28.43,28.26,28.26,763572
2012-02-08 12:45:00,28.27,28.36,28.25,28.31,836629
2012-02-08 13:00:00,28.31,28.4,28.3,28.395,895319
2012-02-08 13:15:00,28.39,28.475,28.32,28.45,918938
2012-02-08 13:30:00,28.44,28.48,28.39,28.39,947424
2012-02-08 13:45:00,28.39,28.43,28.34,28.39,963774
2012-02-08 14:00:00,28.4,28.4,28.3,28.3,972654
2012-02-08 14:15:00,28.3,28.33,28.21,28.23,1056192
2012-02-08 14:30:00,28.235,28.32,28.18,28.22,1091623
2012-02-08 14:45:00,28.21,28.323,28.2,28.3,1140837
2012-02-08 15:00:00,28.3,28.37,28.28,28.31,1157395
2012-02-08 15:15:00,28.31,28.32,28.26,28.27,1288683
2012-02-08 15:30:00,28.27,28.36,28.27,28.32,1346575
2012-02-08 15:45:00,28.32,28.3725,28.3,28.355,1375194
2012-02-08 16:00:00,28.36,28.53,28.32,28.48,1456310
2012-02-09 09:45:00,28.6,28.62,28.43,28.6,10383
2012-02-09 10:00:00,28.63,28.66,28.45,28.6408,17582
2012-02-09 10:15:00,28.64,28.66,28.52,28.52,31695
2012-02-09 10:30:00,28.52,28.63,28.47,28.49,38376
2012-02-09 10:45:00,28.46,28.51,28.46,28.5,43585
2012-02-09 11:00:00,28.49,28.49,28.31,28.4,54775
2012-02-09 11:15:00,28.4,28.46,28.36,28.42,102175
2012-02-09 11:30:00,28.4,28.4,28.12,28.14,120194
2012-02-09 11:45:00,28.16,28.33,28.15,28.22,136660
2012-02-09 12:00:00,28.22,28.3,28.22,28.27,148122
2012-02-09 12:15:00,28.27,28.29,28.27,28.2701,154083
2012-02-09 12:30:00,28.28,28.28,28.25,28.28,158983
2012-02-09 12:45:00,28.28,28.29,28.26,28.28,162333
2012-02-09 13:00:00,28.2745,28.3,28.2745,28.3,169689
2012-02-09 13:15:00,28.3,28.33,28.28,28.31,179920
2012-02-09 13:30:00,28.31,28.37,28.27,28.37,219913
2012-02-09 13:45:00,28.35,28.5,28.35,28.42,227084
2012-02-09 14:00:00,28.42,28.42,28.27,28.34,246000
2012-02-09 14:15:00,28.3215,28.4,28.32,28.35,252684
2012-02-09 14:30:00,28.345,28.39,28.33,28.33,258184
2012-02-09 14:45:00,28.33,28.37,28.19,28.355,286006
2012-02-09 15:00:00,28.37,28.42,28.32,28.38,303124
2012-02-09 15:15:00,28.41,28.45,28.354,28.39,327834
2012-02-09 15:30:00,28.37,28.4,28.29,28.31,340874
2012-02-09 15:45:00,28.31,28.44,28.31,28.33,370068
2012-02-09 16:00:00,28.34,28.42,28.325,28.36,440941
2012-02-10 09:45:00,28.26,28.27,28.05,28.145,51183
2012-02-10 10:00:00,28.16,28.2,28.12,28.2,95233
2012-02-10 10:15:00,28.2,28.23,28.18,28.23,122052
2012-02-10 10:30:00,28.23,28.28,28.185,28.235,157659
2012-02-10 10:45:00,28.25,28.41,28.235,28.32,183424
2012-02-10 11:00:00,28.33,28.41,28.325,28.39,217489
2012-02-10 11:15:00,28.39,28.5,28.38,28.43,287944
2012-02-10 11:30:00,28.42,28.44,28.36,28.42,321542
2012-02-10 11:45:00,28.42,28.44,28.4,28.4,381834
2012-02-10 12:00:00,28.39,28.44,28.36,28.43,390943
2012-02-10 12:15:00,28.42,28.47,28.42,28.47,409031
2012-02-10 12:30:00,28.47,28.54,28.46,28.52,415701
2012-02-10 12:45:00,28.52,28.52,28.47,28.52,424961
2012-02-10 13:00:00,28.52,28.54,28.48,28.5225,432070
2012-02-10 13:15:00,28.53,28.53,28.48,28.5,441643
2012-02-10 13:30:00,28.49,28.53,28.49,28.53,445743
2012-02-10 13:45:00,28.51,28.51,28.46,28.5,458843
2012-02-10 14:00:00,28.5,28.54,28.46,28.47,501046
2012-02-10 14:15:00,28.46,28.53,28.46,28.513,517701
2012-02-10 14:30:00,28.52,28.62,28.48,28.58,550703
2012-02-10 14:45:00,28.58,28.61,28.52,28.5485,595583
2012-02-10 15:00:00,28.52,28.55,28.46,28.485,726395
2012-02-10 15:15:00,28.49,28.5,28.4,28.46,760497
2012-02-10 15:30:00,28.46,28.52,28.44,28.5,783766
2012-02-10 15:45:00,28.5,28.51,28.45,28.47,803968
2012-02-10 16:00:00,28.48,28.52,28.44,28.47,891637
2012-02-13 09:45:00,28.52,28.6797,28.2,28.2,18438
2012-02-13 10:00:00,28.23,28.24,28.03,28.054,57671
2012-02-13 10:15:00,28.02,28.15,27.97,28.0,136558
2012-02-13 10:30:00,28.04,28.1597,28.04,28.05,183132
2012-02-13 10:45:00,28.04,28.11,27.98,28.1,245683
2012-02-13 11:00:00,28.085,28.13,28.02,28.1,271285
2012-02-13 11:15:00,28.1,28.1,27.53,27.53,474204
2012-02-13 11:30:00,27.5499,28.0,27.52,27.98,627446
2012-02-13 11:45:00,27.97,28.0,27.8,27.83,710934
2012-02-13 12:00:00,27.83,27.92,27.75,27.92,735982
2012-02-13 12:15:00,27.92,28.0,27.89,27.99,779939
2012-02-13 12:30:00,27.99,28.0,27.9,27.96,891053
2012-02-13 12:45:00,27.96,27.96,27.88,27.89,911111
2012-02-13 13:00:00,27.89,27.91,27.85,27.88,919956
2012-02-13 13:15:00,27.88,27.88,27.8,27.85,996191
2012-02-13 13:30:00,27.85,27.86,27.79,27.85,1019751
2012-02-13 13:45:00,27.86,27.98,27.85,27.9,1083153
2012-02-13 14:00:00,27.91,28.0,27.9,27.99,1139273
2012-02-13 14:15:00,27.98,28.03,27.94,27.95,1265018
2012-02-13 14:30:00,27.95,27.97,27.82,27.82,1289016
2012-02-13 14:45:00,27.82,27.85,27.69,27.71,1325691
2012-02-13 15:00:00,27.71,27.81,27.68,27.76,1368685
2012-02-13 15:15:00,27.7604,27.79,27.74,27.76,1420629
2012-02-13 15:30:00,27.765,27.79,27.67,27.69,1502479
2012-02-13 15:45:00,27.688,27.735,27.59,27.67,1606788
2012-02-13 16:00:00,27.67,27.7,27.33,27.44,1903398
2012-02-14 09:45:00,27.16,27.38,27.03,27.305,195214
2012-02-14 10:00:00,27.32,27.57,27.26,27.29,246083
2012-02-14 10:15:00,27.28,27.3,27.16,27.21,277316
2012-02-14 10:30:00,27.2,27.21,26.92,27.02,502587
2012-02-14 10:45:00,27.02,27.03,26.95,26.995,696340
2012-02-14 11:00:00,27.0,27.01,26.9,26.95,819364
2012-02-14 11:15:00,26.94,26.95,26.77,26.8518,1066028
2012-02-14 11:30:00,26.85,26.89,26.72,26.8,1340787
2012-02-14 11:45:00,26.8,26.85,26.72,26.79,1667757
2012-02-14 12:00:00,26.79,26.83,26.67,26.72,1940070
2012-02-14 12:15:00,26.73,26.77,26.57,26.615,2163879
2012-02-14 12:30:00,26.615,26.84,26.6,26.75,2375971
2012-02-14 12:45:00,26.74,26.84,26.73,26.74,2471268
2012-02-14 13:00:00,26.765,26.81,26.69,26.7,2541638
2012-02-14 13:15:00,26.7,26.785,26.69,26.75,2634643
2012-02-14 13:30:00,26.76,26.83,26.74,26.76,2730379
2012-02-14 13:45:00,26.74,26.87,26.7,26.75,2776809
2012-02-14 14:00:00,26.77,26.78,26.73,26.74,2834812
2012-02-14 14:15:00,26.7488,26.83,26.74,26.7906,3018611
2012-02-14 14:30:00,26.805,26.97,26.79,26.94,3126854
2012-02-14 14:45:00,26.93,27.05,26.86,27.02,3249950
2012-02-14 15:00:00,27.02,27.12,26.975,27.11,3331715
2012-02-14 15:15:00,27.13,27.29,27.02,27.21,3448397
2012-02-14 15:30:00,27.2,27.4,27.18,27.342,3517315
2012-02-14 15:45:00,27.34,27.4,27.17,27.2423,3581661
2012-02-14 16:00:00,27.25,27.34,27.16,27.32,3708172
2012-02-15 09:45:00,27.5,27.62,27.48,27.5,105473
2012-02-15 10:00:00,27.5,27.59,27.49,27.56,257754
2012-02-15 10:15:00,27.55,27.67,27.5,27.59,290984
2012-02-15 10:30:00,27.57,27.57,27.5,27.56,449465
2012-02-15 10:45:00,27.54,27.61,27.5201,27.55,516756
2012-02-15 11:00:00,27.56,27.57,27.53,27.56,568935
2012-02-15 11:15:00,27.55,27.58,27.52,27.53,613715
2012-02-15 11:30:00,27.52,27.66,27.51,27.61,676913
2012-02-15 11:45:00,27.62,28.22,27.62,28.22,772660
2012-02-15 12:00:00,28.2,28.3699,28.15,28.31,839904
2012-02-15 12:15:00,28.32,28.33,28.13,28.165,895620
2012-02-15 12:30:00,28.16,28.2,27.9,27.91,953233
2012-02-15 12:45:00,27.91,28.02,27.83,27.88,983421
2012-02-15 13:00:00,27.88,27.92,27.81,27.81,990992
2012-02-15 13:15:00,27.78,27.84,27.76,27.8,1001794
2012-02-15 13:30:00,27.79,27.85,27.77,27.82,1009604
2012-02-15 13:45:00,27.82,27.82,27.75,27.77,1019414
2012-02-15 14:00:00,27.77,27.81,27.76,27.8,1027917
2012-02-15 14:15:00,27.8,27.802,27.75,27.76,1049186
2012-02-15 14:30:00,27.76,27.81,27.75,27.81,1117321
2012-02-15 14:45:00,27.8,27.89,27.79,27.85,1160867
2012-02-15 15:00:00,27.85,27.94,27.8,27.8,1174067
2012-02-15 15:15:00,27.81,27.81,27.75,27.78,1227213
2012-02-15 15:30:00,27.78,27.83,27.75,27.76,1265920
2012-02-15 15:45:00,27.77,27.85,27.76,27.84,1293406
2012-02-15 16:00:00,27.85,27.9,27.73,27.81,1400940
2012-02-16 09:45:00,27.96,28.05,27.52,27.75,19086
2012-02-16 10:00:00,27.76,27.76,27.57,27.625,29696
2012-02-16 10:15:00,27.64,27.71,27.615,27.63,43402
2012-02-16 10:30:00,27.64,27.88,27.61,27.86,56402
2012-02-16 10:45:00,27.87,27.91,27.79,27.79,71747
2012-02-16 11:00:00,27.805,27.82,27.701,27.73,81725
2012-02-16 11:15:00,27.7499,27.86,27.7499,27.79,91305
2012-02-16 11:30:00,27.8,27.8,27.78,27.79,97658
2012-02-16 11:45:00,27.8,27.88,27.79,27.8,115817
2012-02-16 12:00:00,27.8,27.95,27.8,27.9479,129590
2012-02-16 12:15:00,27.93,28.2,27.92,28.15,251519
2012-02-16 12:30:00,28.16,28.25,28.04,28.17,274429
2012-02-16 12:45:00,28.17,28.18,28.085,28.14,345029
2012-02-16 13:00:00,28.14,28.24,28.14,28.22,396676
2012-02-16 13:15:00,28.21,28.23,28.01,28.04,432555
2012-02-16 13:30:00,28.04,28.11,28.02,28.08,464643
2012-02-16 13:45:00,28.09,28.19,28.08,28.18,525043
2012-02-16 14:00:00,28.17,28.22,28.17,28.18,543390
2012-02-16 14:15:00,28.165,28.21,28.16,28.17,552691
2012-02-16 14:30:00,28.17,28.22,28.14,28.21,575495
2012-02-16 14:45:00,28.23,28.3,28.23,28.29,584423
2012-02-16 15:00:00,28.28,28.49,28.2499,28.4548,624846
2012-02-16 15:15:00,28.45,28.45,28.24,28.27,645265
2012-02-16 15:30:00,28.26,28.46,28.26,28.46,667862
2012-02-16 15:45:00,28.46,28.47,28.33,28.41,700848
2012-02-16 16:00:00,28.4,28.44,28.38,28.42,748192
2012-02-17 09:45:00,28.45,28.46,28.351,28.39,4856
2012-02-17 10:00:00,28.32,28.45,28.25,28.45,10488
2012-02-17 10:15:00,28.39,28.39,28.16,28.17,20986
2012-02-17 10:30:00,28.21,28.29,28.21,28.27,23686
2012-02-17 10:45:00,28.2499,28.29,28.2098,28.24,27230
2012-02-17 11:00:00,28.2,28.36,28.2,28.36,30548
2012-02-17 11:15:00,28.34,28.35,28.17,28.1803,35701
2012-02-17 11:30:00,28.21,28.26,28.18,28.25,40401
2012-02-17 11:45:00,28.25,28.4,28.25,28.4,51022
2012-02-17 12:00:00,28.4,28.4,28.32,28.35,60263
2012-02-17 12:15:00,28.35,28.44,28.345,28.43,78896
2012-02-17 12:30:00,28.41,28.42,28.35,28.42,91009
2012-02-17 12:45:00,28.41,28.43,28.41,28.42,94318
2012-02-17 13:00:00,28.41,28.46,28.41,28.43,102321
2012-02-17 13:15:00,28.43,28.5,28.42,28.48,116570
2012-02-17 13:30:00,28.47,28.47,28.45,28.46,123532
2012-02-17 13:45:00,28.46,28.51,28.432,28.432,133172
2012-02-17 14:00:00,28.45,28.47,28.42,28.43,149174
2012-02-17 14:15:00,28.43,28.46,28.42,28.455,159935
2012-02-17 14:30:00,28.45,28.47,28.41,28.46,173732
2012-02-17 14:45:00,28.46,28.47,28.43,28.43,185273
2012-02-17 15:00:00,28.45,28.47,28.41,28.41,201179
2012-02-17 15:15:00,28.42,28.51,28.415,28.49,235899
2012-02-17 15:30:00,28.49,28.52,28.49,28.49,263064
2012-02-17 15:45:00,28.49,28.5,28.4,28.4,305272
2012-02-17 16:00:00,28.4,28.4,28.22,28.26,349682
2012-02-21 09:45:00,28.3,28.55,28.23,28.31,16700
2012-02-21 10:00:00,28.3,28.4898,28.07,28.46,50529
2012-02-21 10:15:00,28.46,28.46,28.14,28.27,78656
2012-02-21 10:30:00,28.27,28.27,28.1,28.2,99056
2012-02-21 10:45:00,28.2,28.37,28.11,28.27,117204
2012-02-21 11:00:00,28.34,28.34,28.2404,28.27,132662
2012-02-21 11:15:00,28.27,28.28,28.1,28.13,150983
2012-02-21 11:30:00,28.13,28.14,28.1,28.14,169685
2012-02-21 11:45:00,28.14,28.21,28.11,28.16,177377
2012-02-21 12:00:00,28.15,28.22,28.14,28.18,185578
2012-02-21 12:15:00,28.17,28.2,28.135,28.135,249244
2012-02-21 12:30:00,28.14,28.22,28.12,28.165,258934
2012-02-21 12:45:00,28.16,28.16,28.11,28.14,263913
2012-02-21 13:00:00,28.13,28.13,28.09,28.11,274415
2012-02-21 13:15:00,28.115,28.12,28.09,28.1,305246
2012-02-21 13:30:00,28.1,28.13,28.07,28.1,329828
2012-02-21 13:45:00,28.11,28.1297,28.07,28.09,352528
2012-02-21 14:00:00,28.1,28.1285,28.0801,28.1,394889
2012-02-21 14:15:00,28.1,28.11,28.07,28.075,413093
2012-02-21 14:30:00,28.1,28.1,28.03,28.03,427796
2012-02-21 14:45:00,28.03,28.1,28.02,28.04,491450
2012-02-21 15:00:00,28.07,28.09,28.02,28.03,502473
2012-02-21 15:15:00,28.03,28.035,27.965,28.0,540220
2012-02-21 15:30:00,28.01,28.05,27.98,28.0,558243
2012-02-21 15:45:00,28.0,28.06,27.95,28.0,587745
2012-02-21 16:00:00,27.99,28.05,27.98,28.03,616375
2012-02-22 09:45:00,28.04,28.28,27.8,27.83,34072
2012-02-22 10:00:00,27.85,27.9,27.65,27.69,93897
2012-02-22 10:15:00,27.68,27.74,27.51,27.58,133790
2012-02-22 10:30:00,27.58,27.64,27.44,27.49,216202
2012-02-22 10:45:00,27.49,27.74,27.41,27.73,364592
2012-02-22 11:00:00,27.73,27.78,27.56,27.56,458283
2012-02-22 11:15:00,27.55,27.79,27.53,27.75,557625
2012-02-22 11:30:00,27.75,27.75,27.68,27.68,570183
2012-02-22 11:45:00,27.685,27.7225,27.685,27.69,580711
2012-02-22 12:00:00,27.7,27.73,27.68,27.72,588431
2012-02-22 12:15:00,27.72,27.76,27.72,27.74,621721
2012-02-22 12:30:00,27.75,27.75,27.71,27.73,631529
2012-02-22 12:45:00,27.73,27.76,27.73,27.7501,643751
2012-02-22 13:00:00,27.75,27.8098,27.74,27.8,653613
2012-02-22 13:15:00,27.8,27.82,27.8,27.805,667313
2012-02-22 13:30:00,27.8,27.81,27.76,27.79,683109
2012-02-22 13:45:00,27.781,27.8498,27.78,27.795,699769
2012-02-22 14:00:00,27.8,27.9001,27.791,27.89,717929
2012-02-22 14:15:00,27.88,27.88,27.77,27.8,738379
2012-02-22 14:30:00,27.8,27.81,27.78,27.8,757559
2012-02-22 14:45:00,27.79,27.81,27.78,27.81,777079
2012-02-22 15:00:00,27.8,27.81,27.79,27.8,794879
2012-02-22 15:15:00,27.79,27.82,27.79,27.8,895616
2012-02-22 15:30:00,27.805,27.835,27.8,27.8,947644
2012-02-22 15:45:00,27.8,27.82,27.8,27.81,988608
2012-02-22 16:00:00,27.82,27.83,27.795,27.81,1072266
2012-02-23 09:45:00,27.78,27.87,27.65,27.795,30650
2012-02-23 10:00:00,27.79,27.88,27.79,27.81,38967
2012-02-23 10:15:00,27.81,27.93,27.8,27.87,45381
2012-02-23 10:30:00,27.92,27.95,27.88,27.925,50938
2012-02-23 10:45:00,27.93,27.96,27.89,27.96,55343
2012-02-23 11:00:00,27.96,27.99,27.94,27.97,59059
2012-02-23 11:15:00,27.97,27.99,27.91,27.97,63359
2012-02-23 11:30:00,28.0,28.0,27.93,27.94,66759
2012-02-23 11:45:00,27.93,27.93,27.82,27.84,75816
2012-02-23 12:00:00,27.82,27.86,27.81,27.86,80216
2012-02-23 12:15:00,27.85,27.88,27.81,27.87,86405
2012-02-23 12:30:00,27.86,27.93,27.855,27.93,89705
2012-02-23 12:45:00,27.93,27.93,27.88,27.88,93705
2012-02-23 13:00:00,27.8958,27.8998,27.86,27.88,99155
2012-02-23 13:15:00,27.89,27.93,27.86,27.9,144502
2012-02-23 13:30:00,27.92,27.92,27.83,27.845,152228
2012-02-23 13:45:00,27.84,27.85,27.82,27.85,173287
2012-02-23 14:00:00,27.84,27.85,27.81,27.82,210592
2012-02-23 14:15:00,27.83,27.86,27.8,27.83,339218
2012-02-23 14:30:00,27.83,27.87,27.82,27.87,396458
2012-02-23 14:45:00,27.859,27.95,27.859,27.905,403368
2012-02-23 15:00:00,27.89,27.905,27.852,27.875,407694
2012-02-23 15:15:00,27.875,27.88,27.84,27.86,457144
2012-02-23 15:30:00,27.8829,27.91,27.86,27.88,467270
2012-02-23 15:45:00,27.88,27.89,27.86,27.86,489186
2012-02-23 16:00:00,27.88,27.9427,27.88,27.93,514522
2012-02-24 09:45:00,27.86,27.86,27.09,27.48,287576
2012-02-24 10:00:00,27.47,27.68,27.27,27.62,341641
2012-02-24 10:15:00,27.65,27.76,27.58,27.72,347777
2012-02-24 10:30:00,27.72,27.78,27.63,27.76,356384
2012-02-24 10:45:00,27.8,27.81,27.72,27.76,369357
2012-02-24 11:00:00,27.78,27.8,27.7,27.71,384957
2012-02-24 11:15:00,27.7,27.74,27.62,27.65,399917
2012-02-24 11:30:00,27.65,27.66,27.59,27.59,406736
2012-02-24 11:45:00,27.59,27.62,27.53,27.6,416936
2012-02-24 12:00:00,27.59,27.6,27.58,27.59,422436
2012-02-24 12:15:00,27.59,27.69,27.59,27.68,429836
2012-02-24 12:30:00,27.69,27.74,27.67,27.74,435095
2012-02-24 12:45:00,27.72,27.74,27.69,27.6952,438551
2012-02-24 13:00:00,27.68,27.73,27.67,27.68,442972
2012-02-24 13:15:00,27.68,27.71,27.67,27.68,446346
2012-02-24 13:30:00,27.67,27.83,27.64,27.8,457611
2012-02-24 13:45:00,27.8,27.84,27.8,27.83,472926
2012-02-24 14:00:00,27.83,27.87,27.8,27.87,488721
2012-02-24 14:15:00,27.86,27.9,27.79,27.8,503056
2012-02-24 14:30:00,27.8,27.83,27.78,27.8,523836
2012-02-24 14:45:00,27.8,27.81,27.77,27.8,552689
2012-02-24 15:00:00,27.808,27.82,27.78,27.81,559081
2012-02-24 15:15:00,27.805,27.84,27.8,27.8,568702
2012-02-24 15:30:00,27.8,27.86,27.8,27.85,578219
2012-02-24 15:45:00,27.84,27.92,27.81,27.82,633243
2012-02-24 16:00:00,27.83,27.89,27.82,27.89,656890
2012-02-27 09:45:00,27.68,27.82,27.62,27.72,37832
2012-02-27 10:00:00,27.72,27.82,27.69,27.72,127206
2012-02-27 10:15:00,27.73,27.8,27.68,27.75,320809
2012-02-27 10:30:00,27.69,27.94,27.69,27.87,334467
2012-02-27 10:45:00,27.87,27.9,27.87,27.87,342439
2012-02-27 11:00:00,27.88,27.99,27.87,27.97,361243
2012-02-27 11:15:00,27.97,27.98,27.95,27.97,491265
2012-02-27 11:30:00,27.98,28.23,27.97,28.23,567128
2012-02-27 11:45:00,28.23,28.37,28.2,28.3,607802
2012-02-27 12:00:00,28.31,28.57,28.16,28.175,762622
2012-02-27 12:15:00,28.19,28.39,28.19,28.32,858673
2012-02-27 12:30:00,28.32,28.33,28.29,28.33,898598
2012-02-27 12:45:00,28.34,28.54,28.34,28.42,934572
2012-02-27 13:00:00,28.42,28.53,28.39,28.45,1003354
2012-02-27 13:15:00,28.46,28.61,28.38,28.58,1043942
2012-02-27 13:30:00,28.59,28.63,28.51,28.515,1061291
2012-02-27 13:45:00,28.51,28.54,28.44,28.54,1102768
2012-02-27 14:00:00,28.56,28.56,28.49,28.5,1122413
2012-02-27 14:15:00,28.5,28.52,28.49,28.51,1141499
2012-02-27 14:30:00,28.51,28.57,28.5,28.57,1157507
2012-02-27 14:45:00,28.57,28.6,28.52,28.58,1173061
2012-02-27 15:00:00,28.57,28.91,28.57,28.77,1250622
2012-02-27 15:15:00,28.77,28.85,28.64,28.71,1298251
2012-02-27 15:30:00,28.71,28.77,28.62,28.7299,1354355
2012-02-27 15:45:00,28.72,28.87,28.72,28.82,1417404
2012-02-27 16:00:00,28.81,28.89,28.74,28.85,1543196
2012-02-28 09:45:00,28.88,28.88,28.56,28.65,28096
2012-02-28 10:00:00,28.67,28.93,28.61,28.85,46468
2012-02-28 10:15:00,28.9,28.95,28.75,28.86,119516
2012-02-28 10:30:00,28.83,28.89,28.83,28.86,132060
2012-02-28 10:45:00,28.88,28.96,28.84,28.84,147582
2012-02-28 11:00:00,28.83,28.9,28.79,28.86,155515
2012-02-28 11:15:00,28.87,28.87,28.79,28.79,172525
2012-02-28 11:30:00,28.8,28.87,28.78,28.85,188926
2012-02-28 11:45:00,28.85,28.88,28.85,28.85,195033
2012-02-28 12:00:00,28.85,28.88,28.85,28.87,207227
2012-02-28 12:15:00,28.87,28.9,28.86,28.9,213127
2012-02-28 12:30:00,28.9,29.14,28.9,29.12,280029
2012-02-28 12:45:00,29.13,29.13,28.94,28.98,373506
2012-02-28 13:00:00,28.98,29.0,28.97,28.99,402330
2012-02-28 13:15:00,28.9805,29.09,28.98,29.0,457567
2012-02-28 13:30:00,29.0,29.12,29.0,29.11,544374
2012-02-28 13:45:00,29.11,29.14,29.08,29.11,571899
2012-02-28 14:00:00,29.11,29.16,29.1,29.14,599415
2012-02-28 14:15:00,29.13,29.23,29.11,29.15,629444
2012-02-28 14:30:00,29.15,29.15,29.09,29.125,653732
2012-02-28 14:45:00,29.1222,29.19,29.09,29.13,709387
2012-02-28 15:00:00,29.13,29.22,29.13,29.2,732330
2012-02-28 15:15:00,29.2,29.32,29.18,29.31,777863
2012-02-28 15:30:00,29.32,29.39,29.23,29.2999,869675
2012-02-28 15:45:00,29.3,29.32,29.18,29.31,953969
2012-02-28 16:00:00,29.3,29.42,29.2361,29.3,1079368
2012-02-29 09:45:00,29.39,29.47,29.1,29.43,26354
2012-02-29 10:00:00,29.43,29.43,29.18,29.29,123582
2012-02-29 10:15:00,29.3594,29.485,29.25,29.39,148703
2012-02-29 10:30:00,29.39,29.5,29.28,29.28,245972
2012-02-29 10:45:00,29.27,29.36,29.21,29.3,290589
2012-02-29 11:00:00,29.3,29.31,29.16,29.25,385423
2012-02-29 11:15:00,29.24,29.24,29.1,29.15,446733
2012-02-29 11:30:00,29.13,29.46,29.12,29.25,529032
2012-02-29 11:45:00,29.225,29.36,29.19,29.36,547673
2012-02-29 12:00:00,29.36,29.55,29.36,29.41,572167
2012-02-29 12:15:00,29.43,29.44,29.38,29.38,586608
2012-02-29 12:30:00,29.39,29.47,29.39,29.42,616924
2012-02-29 12:45:00,29.42,29.48,29.3698,29.41,631054
2012-02-29 13:00:00,29.41,29.45,29.35,29.37,641676
2012-02-29 13:15:00,29.39,29.44,29.24,29.25,725831
2012-02-29 13:30:00,29.25,29.45,29.25,29.25,764362
2012-02-29 13:45:00,29.2787,29.3,29.23,29.27,782662
2012-02-29 14:00:00,29.27,29.32,29.25,29.32,803469
2012-02-29 14:15:00,29.33,29.37,29.245,29.25,848578
2012-02-29 14:30:00,29.25,29.32,29.24,29.26,869423
2012-02-29 14:45:00,29.28,29.3,29.26,29.29,876637
2012-02-29 15:00:00,29.28,29.3701,29.27,29.29,895856
2012-02-29 15:15:00,29.3,29.36,29.28,29.3546,928648
2012-02-29 15:30:00,29.35,29.51,29.34,29.51,993776
2012-02-29 15:45:00,29.49,29.52,29.42,29.46,1092318
2012-02-29 16:00:00,29.46,29.57,29.43,29.47,1177258
2012-03-01 09:45:00,29.63,29.63,29.41,29.48,27696
2012-03-01 10:00:00,29.465,29.55,29.465,29.52,35084
2012-03-01 10:15:00,29.51,29.56,29.475,29.5,73061
2012-03-01 10:30:00,29.5,29.55,29.49,29.52,94181
2012-03-01 10:45:00,29.51,29.54,29.49,29.52,102351
2012-03-01 11:00:00,29.52,29.53,29.49,29.5,132825
2012-03-01 11:15:00,29.5,29.53,29.45,29.45,227170
2012-03-01 11:30:00,29.45,29.47,29.43,29.45,280774
2012-03-01 11:45:00,29.45,29.465,29.43,29.46,373833
2012-03-01 12:00:00,29.455,29.48,29.45,29.46,404507
2012-03-01 12:15:00,29.46,29.51,29.46,29.51,411117
2012-03-01 12:30:00,29.5,29.51,29.44,29.445,433500
2012-03-01 12:45:00,29.45,29.495,29.44,29.485,480046
2012-03-01 13:00:00,29.485,29.53,29.45,29.5,531815
2012-03-01 13:15:00,29.5,29.53,29.49,29.52,540654
2012-03-01 13:30:00,29.51,29.52,29.49,29.52,554083
2012-03-01 13:45:00,29.52,29.52,29.45,29.46,563669
2012-03-01 14:00:00,29.47,29.48,29.46,29.48,567269
2012-03-01 14:15:00,29.475,29.49,29.47,29.48,575448
2012-03-01 14:30:00,29.49,29.53,29.48,29.51,595361
2012-03-01 14:45:00,29.495,29.51,29.49,29.5,616599
2012-03-01 15:00:00,29.495,29.5,29.47,29.485,626648
2012-03-01 15:15:00,29.485,29.49,29.47,29.485,647350
2012-03-01 15:30:00,29.485,29.49,29.455,29.47,674278
2012-03-01 15:45:00,29.465,29.47,29.44,29.45,694263
2012-03-01 16:00:00,29.45,29.55,29.44,29.53,781972
2012-03-02 09:45:00,29.45,29.52,29.31,29.38,14373
2012-03-02 10:00:00,29.3977,29.3977,29.3,29.3,19970
2012-03-02 10:15:00,29.3,29.51,29.27,29.46,28120
2012-03-02 10:30:00,29.5,29.5,29.35,29.35,30120
2012-03-02 10:45:00,29.35,29.37,29.3,29.32,36519
2012-03-02 11:00:00,29.32,29.32,29.27,29.27,40519
2012-03-02 11:15:00,29.275,29.3,29.26,29.28,50567
2012-03-02 11:30:00,29.26,29.3,29.25,29.2607,95570
2012-03-02 11:45:00,29.28,29.3,29.26,29.28,104915
2012-03-02 12:00:00,29.28,29.31,29.28,29.3,112797
2012-03-02 12:15:00,29.29,29.31,29.29,29.31,116797
2012-03-02 12:30:00,29.3,29.3,29.28,29.2802,144851
2012-03-02 12:45:00,29.28,29.29,29.27,29.275,149051
2012-03-02 13:00:00,29.27,29.32,29.27,29.3,158258
2012-03-02 13:15:00,29.29,29.29,29.22,29.235,164128
2012-03-02 13:30:00,29.23,29.27,29.23,29.25,184715
2012-03-02 13:45:00,29.24,29.25,29.17,29.23,484193
2012-03-02 14:00:00,29.23,29.3197,29.22,29.3197,505217
2012-03-02 14:15:00,29.32,29.47,29.32,29.4,527527
2012-03-02 14:30:00,29.405,29.43,29.39,29.41,538834
2012-03-02 14:45:00,29.41,29.46,29.4,29.45,567431
2012-03-02 15:00:00,29.45,29.5785,29.45,29.51,596620
2012-03-02 15:15:00,29.51,29.51,29.45,29.495,644470
2012-03-02 15:30:00,29.49,29.55,29.48,29.495,676399
2012-03-02 15:45:00,29.495,29.58,29.46,29.4804,718811
2012-03-02 16:00:00,29.48,29.52,29.48,29.5,782973
2012-03-05 09:45:00,29.5,29.6,29.33,29.455,20352
2012-03-05 10:00:00,29.46,29.55,29.445,29.55,29483
2012-03-05 10:15:00,29.55,29.58,29.455,29.49,107187
2012-03-05 10:30:00,29.5,29.52,29.45,29.47,130406
2012-03-05 10:45:00,29.485,29.51,29.48,29.51,137706
2012-03-05 11:00:00,29.495,29.51,29.47,29.5,157069
2012-03-05 11:15:00,29.505,29.63,29.49,29.55,174591
2012-03-05 11:30:00,29.57,29.59,29.51,29.58,205222
2012-03-05 11:45:00,29.58,29.61,29.54,29.61,221681
2012-03-05 12:00:00,29.61,29.61,29.56,29.56,233739
2012-03-05 12:15:00,29.57,29.61,29.52,29.555,245146
2012-03-05 12:30:00,29.55,29.58,29.53,29.58,305450
2012-03-05 12:45:00,29.57,29.61,29.535,29.59,333659
2012-03-05 13:00:00,29.6,29.62,29.56,29.62,366839
2012-03-05 13:15:00,29.61,29.67,29.57,29.57,584200
2012-03-05 13:30:00,29.59,29.59,29.44,29.51,608437
2012-03-05 13:45:00,29.51,29.52,29.47,29.51,631774
2012-03-05 14:00:00,29.51,29.52,29.49,29.495,659897
2012-03-05 14:15:00,29.49,29.53,29.48,29.5,677328
2012-03-05 14:30:00,29.5,29.52,29.49,29.49,690893
2012-03-05 14:45:00,29.495,29.5,29.45,29.49,715714
2012-03-05 15:00:00,29.5,29.54,29.48,29.53,744245
2012-03-05 15:15:00,29.53,29.54,29.49,29.495,754425
2012-03-05 15:30:00,29.495,29.54,29.47,29.53,792566
2012-03-05 15:45:00,29.52,29.54,29.49,29.5,832783
2012-03-05 16:00:00,29.51,29.54,29.49,29.53,873638
2012-03-06 09:45:00,29.25,29.42,29.04,29.25,18212
2012-03-06 10:00:00,29.26,29.26,28.96,28.96,27533
2012-03-06 10:15:00,28.97,29.02,28.92,28.92,38033
2012-03-06 10:30:00,28.91,28.92,28.86,28.9,48508
2012-03-06 10:45:00,28.9,28.91,28.86,28.881,56822
2012-03-06 11:00:00,28.89,28.895,28.86,28.88,64822
2012-03-06 11:15:00,28.87,29.0,28.86,29.0,78747
2012-03-06 11:30:00,29.0,29.05,29.0,29.04,88057
2012-03-06 11:45:00,29.03,29.04,28.98,29.0,95007
2012-03-06 12:00:00,29.005,29.01,28.97,28.99,102740
2012-03-06 12:15:00,28.995,29.01,28.93,28.93,108674
2012-03-06 12:30:00,28.93,29.03,28.93,29.01,117006
2012-03-06 12:45:00,28.99,29.01,28.99,28.99,124522
2012-03-06 13:00:00,28.99,29.0,28.94,28.96,130828
2012-03-06 13:15:00,28.96,29.02,28.95,29.0034,149405
2012-03-06 13:30:00,29.02,29.02,28.96,28.98,159499
2012-03-06 13:45:00,28.97,29.02,28.96,29.0,180494
2012-03-06 14:00:00,29.02,29.07,29.0,29.06,211687
2012-03-06 14:15:00,29.05,29.06,29.05,29.055,236325
2012-03-06 14:30:00,29.05,29.07,28.98,29.0,275520
2012-03-06 14:45:00,29.01,29.07,29.0,29.05,293306
2012-03-06 15:00:00,29.04,29.06,29.04,29.05,301806
2012-03-06 15:15:00,29.05,29.06,29.04,29.04,312486
2012-03-06 15:30:00,29.04,29.09,29.035,29.05,338707
2012-03-06 15:45:00,29.04,29.13,29.01,29.13,373880
2012-03-06 16:00:00,29.12,29.24,29.12,29.24,492183
2012-03-07 09:45:00,29.17,29.48,29.06,29.47,23965
2012-03-07 10:00:00,29.47,29.57,29.46,29.5049,45706
2012-03-07 10:15:00,29.5,29.52,29.47,29.5002,107487
2012-03-07 10:30:00,29.5,29.505,29.49,29.495,120887
2012-03-07 10:45:00,29.5,29.53,29.46,29.46,174988
2012-03-07 11:00:00,29.46,29.46,29.25,29.25,189428
2012-03-07 11:15:00,29.25,29.33,29.21,29.27,206196
2012-03-07 11:30:00,29.26,29.26,29.11,29.11,220044
2012-03-07 11:45:00,29.12,29.2,29.1,29.17,255475
2012-03-07 12:00:00,29.17,29.19,29.13,29.19,271175
2012-03-07 12:15:00,29.17,29.2,29.13,29.17,283295
2012-03-07 12:30:00,29.17,29.17,29.12,29.16,296322
2012-03-07 12:45:00,29.15,29.15,29.12,29.125,305641
2012-03-07 13:00:00,29.12,29.13,29.11,29.115,329374
2012-03-07 13:15:00,29.115,29.15,29.1,29.15,347464
2012-03-07 13:30:00,29.15,29.19,29.1305,29.19,364957
2012-03-07 13:45:00,29.185,29.23,29.18,29.225,382660
2012-03-07 14:00:00,29.225,29.23,29.1702,29.175,404220
2012-03-07 14:15:00,29.175,29.28,29.17,29.28,425992
2012-03-07 14:30:00,29.28,29.29,29.26,29.26,445035
2012-03-07 14:45:00,29.25,29.28,29.23,29.245,472176
2012-03-07 15:00:00,29.245,29.27,29.24,29.245,491476
2012-03-07 15:15:00,29.245,29.245,29.21,29.215,523989
2012-03-07 15:30:00,29.21,29.22,29.17,29.18,562751
2012-03-07 15:45:00,29.18,29.23,29.17,29.23,617198
2012-03-07 16:00:00,29.22,29.27,29.18,29.19,727231
2012-03-08 09:45:00,29.5,29.73,29.33,29.69,49795
2012-03-08 10:00:00,29.74,29.75,29.65,29.67,57423
2012-03-08 10:15:00,29.65,29.66,29.5,29.56,66429
2012-03-08 10:30:00,29.53,29.6,29.49,29.49,77795
2012-03-08 10:45:00,29.5,29.55,29.49,29.52,93565
2012-03-08 11:00:00,29.52,29.58,29.51,29.54,102022
2012-03-08 11:15:00,29.54,29.62,29.46,29.46,117318
2012-03-08 11:30:00,29.47,29.56,29.47,29.545,122985
2012-03-08 11:45:00,29.54,29.56,29.53,29.55,126085
2012-03-08 12:00:00,29.55,29.58,29.52,29.58,131185
2012-03-08 12:15:00,29.57,29.61,29.57,29.605,135133
2012-03-08 12:30:00,29.6,29.605,29.54,29.56,142198
2012-03-08 12:45:00,29.57,29.58,29.54,29.57,149098
2012-03-08 13:00:00,29.57,29.57,29.53,29.53,159337
2012-03-08 13:15:00,29.56,29.63,29.5,29.63,612111
2012-03-08 13:30:00,29.63,29.66,29.6,29.65,626281
2012-03-08 13:45:00,29.64,29.65,29.63,29.64,634507
2012-03-08 14:00:00,29.62,29.6498,29.55,29.6498,690230
2012-03-08 14:15:00,29.63,29.67,29.63,29.64,706491
2012-03-08 14:30:00,29.63,29.68,29.61,29.65,714561
2012-03-08 14:45:00,29.63,29.66,29.63,29.655,720553
2012-03-08 15:00:00,29.66,29.69,29.65,29.66,729557
2012-03-08 15:15:00,29.66,29.72,29.65,29.72,737042
2012-03-08 15:30:00,29.71,29.71,29.65,29.65,760990
2012-03-08 15:45:00,29.65,29.68,29.65,29.67,784094
2012-03-08 16:00:00,29.67,29.73,29.65,29.65,808323
2012-03-09 09:45:00,29.73,29.73,29.45,29.66,4957
2012-03-09 10:00:00,29.71,29.75,29.68,29.71,8257
2012-03-09 10:15:00,29.7,29.74,29.65,29.72,22481
2012-03-09 10:30:00,29.71,29.74,29.69,29.705,26827
2012-03-09 10:45:00,29.7097,29.73,29.7097,29.73,27942
2012-03-09 11:00:00,29.73,29.73,29.65,29.66,39300
2012-03-09 11:15:00,29.65,29.67,29.65,29.66,41839
2012-03-09 11:30:00,29.67,29.67,29.6232,29.63,45655
2012-03-09 11:45:00,29.635,29.66,29.63,29.65,51643
2012-03-09 12:00:00,29.66,29.69,29.66,29.69,54543
2012-03-09 12:15:00,29.69,29.7,29.68,29.6804,57478
2012-03-09 12:30:00,29.69,29.7,29.67,29.67,66394
2012-03-09 12:45:00,29.66,29.66,29.61,29.65,72628
2012-03-09 13:00:00,29.65,29.65,29.64,29.65,75328
2012-03-09 13:15:00,29.64,29.69,29.64,29.68,77616
2012-03-09 13:30:00,29.68,29.68,29.62,29.62,83828
2012-03-09 13:45:00,29.63,29.63,29.61,29.63,84828
2012-03-09 14:00:00,29.64,29.65,29.61,29.61,100308
2012-03-09 14:15:00,29.61,29.62,29.55,29.59,110360
2012-03-09 14:30:00,29.59,29.62,29.57,29.59,153860
2012-03-09 14:45:00,29.59,29.6,29.58,29.59,166114
2012-03-09 15:00:00,29.58,29.59,29.49,29.5,183348
2012-03-09 15:15:00,29.5,29.595,29.5,29.59,189522
2012-03-09 15:30:00,29.58,29.58,29.5,29.51,207556
2012-03-09 15:45:00,29.5,29.52,29.48,29.49,229607
2012-03-09 16:00:00,29.49,29.51,29.49,29.5,291368
2012-03-12 09:45:00,29.49,29.5,29.38,29.46,5453
2012-03-12 10:00:00,29.44,29.45,29.33,29.41,13298
2012-03-12 10:15:00,29.4001,29.435,29.39,29.39,20865
2012-03-12 10:30:00,29.41,29.49,29.41,29.46,25665
2012-03-12 10:45:00,29.44,29.45,29.41,29.44,30765
2012-03-12 11:00:00,29.47,29.52,29.47,29.5,36827
2012-03-12 11:15:00,29.51,29.53,29.48,29.51,41945
2012-03-12 11:30:00,29.51,29.53,29.44,29.53,47595
2012-03-12 11:45:00,29.51,29.55,29.49,29.54,56267
2012-03-12 12:00:00,29.53,29.58,29.5105,29.5105,63326
2012-03-12 12:15:00,29.52,29.54,29.49,29.54,66868
2012-03-12 12:30:00,29.5602,29.5602,29.53,29.54,69670
2012-03-12 12:45:00,29.5203,29.53,29.482,29.5,72470
2012-03-12 13:00:00,29.5,29.5,29.48,29.5,79582
2012-03-12 13:15:00,29.5,29.5,29.48,29.49,81682
2012-03-12 13:30:00,29.49,29.5,29.48,29.4871,85211
2012-03-12 13:45:00,29.48,29.53,29.48,29.5203,89149
2012-03-12 14:00:00,29.53,29.53,29.49,29.51,92454
2012-03-12 14:15:00,29.51,29.51,29.46,29.5,107610
2012-03-12 14:30:00,29.5,29.51,29.48,29.4902,183555
2012-03-12 14:45:00,29.49,29.51,29.49,29.5,207380
2012-03-12 15:00:00,29.51,29.52,29.5,29.52,217216
2012-03-12 15:15:00,29.52,29.53,29.5,29.53,222822
2012-03-12 15:30:00,29.52,29.6,29.49,29.5396,265183
2012-03-12 15:45:00,29.52,29.52,29.44,29.5,296367
2012-03-12 16:00:00,29.49,29.54,29.49,29.5,313635
2012-03-13 09:45:00,29.56,29.74,29.48,29.65,5981
2012-03-13 10:00:00,29.65,29.73,29.63,29.63,14566
2012-03-13 10:15:00,29.5,29.59,29.49,29.56,26444
2012-03-13 10:30:00,29.59,29.59,29.52,29.56,32544
2012-03-13 10:45:00,29.59,29.62,29.5,29.56,65871
2012-03-13 11:00:00,29.55,29.6,29.53,29.55,123035
2012-03-13 11:15:00,29.55,29.6,29.52,29.5306,154711
2012-03-13 11:30:00,29.5312,29.5734,29.5,29.56,190681
2012-03-13 11:45:00,29.565,29.58,29.52,29.56,252390
2012-03-13 12:00:00,29.57,29.63,29.56,29.58,293896
2012-03-13 12:15:00,29.58,29.58,29.56,29.57,296007
2012-03-13 12:30:00,29.58,29.6,29.57,29.59,300230
2012-03-13 12:45:00,29.5801,29.6,29.55,29.594,309830
2012-03-13 13:00:00,29.57,29.64,29.57,29.58,319100
2012-03-13 13:15:00,29.6,29.61,29.59,29.6,324384
2012-03-13 13:30:00,29.6,29.63,29.6,29.63,328591
2012-03-13 13:45:00,29.64,29.65,29.62,29.635,332891
2012-03-13 14:00:00,29.64,29.685,29.64,29.67,358308
2012-03-13 14:15:00,29.67,29.69,29.66,29.66,368708
2012-03-13 14:30:00,29.68,29.71,29.65,29.69,395408
2012-03-13 14:45:00,29.68,29.71,29.63,29.68,415574
2012-03-13 15:00:00,29.66,29.71,29.63,29.69,430462
2012-03-13 15:15:00,29.69,29.82,29.67,29.73,449081
2012-03-13 15:30:00,29.74,29.8,29.7,29.73,488563
2012-03-13 15:45:00,29.73,29.75,29.67,29.73,548360
2012-03-13 16:00:00,29.74,29.78,29.73,29.77,610382
2012-03-14 09:45:00,29.82,29.85,29.54,29.66,37648
2012-03-14 10:00:00,29.675,29.82,29.675,29.82,43548
2012-03-14 10:15:00,29.8034,29.81,29.73,29.79,54048
2012-03-14 10:30:00,29.79,29.825,29.79,29.8,61451
2012-03-14 10:45:00,29.81,29.85,29.8,29.85,84730
2012-03-14 11:00:00,29.85,29.97,29.85,29.95,135540
2012-03-14 11:15:00,29.95,29.98,29.94,29.975,203509
2012-03-14 11:30:00,29.975,29.99,29.96,29.97,222848
2012-03-14 11:45:00,29.98,29.98,29.95,29.95,247236
2012-03-14 12:00:00,29.95,29.95,29.93,29.94,269437
2012-03-14 12:15:00,29.93,29.94,29.86,29.9,293984
2012-03-14 12:30:00,29.88,29.9,29.87,29.88,302252
2012-03-14 12:45:00,29.87,29.88,29.82,29.82,317251
2012-03-14 13:00:00,29.83,29.86,29.82,29.84,376550
2012-03-14 13:15:00,29.86,29.95,29.84,29.89,473231
2012-03-14 13:30:00,29.89,29.95,29.88,29.95,513714
2012-03-14 13:45:00,29.95,29.95,29.9,29.91,529607
2012-03-14 14:00:00,29.91,29.91,29.82,29.82,537768
2012-03-14 14:15:00,29.82,29.83,29.81,29.825,559680
2012-03-14 14:30:00,29.825,29.86,29.82,29.84,604722
2012-03-14 14:45:00,29.84,29.85,29.81,29.83,624138
2012-03-14 15:00:00,29.825,29.84,29.82,29.83,635803
2012-03-14 15:15:00,29.83,29.85,29.83,29.83,656903
2012-03-14 15:30:00,29.83,29.89,29.82,29.88,676403
2012-03-14 15:45:00,29.89,29.92,29.86,29.86,728931
2012-03-14 16:00:00,29.85,29.86,29.81,29.82,773323
2012-03-15 09:45:00,29.77,30.0,29.71,29.95,84706
2012-03-15 10:00:00,29.93,30.05,29.91,29.92,153513
2012-03-15 10:15:00,29.92,30.0,29.9,29.98,188296
2012-03-15 10:30:00,29.98,30.04,29.98,30.01,242946
2012-03-15 10:45:00,30.0,30.02,30.0,30.0,267693
2012-03-15 11:00:00,30.005,30.02,30.0,30.005,285730
2012-03-15 11:15:00,30.0,30.03,29.99,30.01,304130
2012-03-15 11:30:00,30.0,30.04,30.0,30.02,318715
2012-03-15 11:45:00,30.03,30.03,30.0,30.01,344780
2012-03-15 12:00:00,30.01,30.02,30.0,30.0,352980
2012-03-15 12:15:00,30.0,30.015,30.0,30.01,363250
2012-03-15 12:30:00,30.0,30.02,30.0,30.005,369050
2012-03-15 12:45:00,30.01,30.02,30.0,30.02,374500
2012-03-15 13:00:00,30.01,30.01,29.97,30.0,397142
2012-03-15 13:15:00,30.0,30.03,30.0,30.02,405562
2012-03-15 13:30:00,30.015,30.03,30.0,30.02,413812
2012-03-15 13:45:00,30.01,30.01,30.0,30.005,419624
2012-03-15 14:00:00,30.01,30.01,30.0,30.005,436874
2012-03-15 14:15:00,30.0,30.02,30.0,30.01,453296
2012-03-15 14:30:00,30.0,30.01,30.0,30.0,488218
2012-03-15 14:45:00,30.0,30.01,29.955,30.0,546292
2012-03-15 15:00:00,30.01,30.06,30.01,30.06,556526
2012-03-15 15:15:00,30.06,30.07,30.03,30.07,566301
2012-03-15 15:30:00,30.08,30.15,30.07,30.13,581386
2012-03-15 15:45:00,30.13,30.2,30.11,30.2,609079
2012-03-15 16:00:00,30.19,30.2,30.15,30.15,660010
2012-03-16 09:45:00,30.14,30.23,30.14,30.16,11219
2012-03-16 10:00:00,30.19,30.23,30.19,30.23,13519
2012-03-16 10:15:00,30.24,30.25,30.23,30.25,21185
2012-03-16 10:30:00,30.24,30.24,30.12,30.123,29098
2012-03-16 10:45:00,30.13,30.17,30.05,30.16,83523
2012-03-16 11:00:00,30.122,30.16,30.09,30.1,102262
2012-03-16 11:15:00,30.13,30.18,30.12,30.14,107502
2012-03-16 11:30:00,30.13,30.21,30.12,30.18,115602
2012-03-16 11:45:00,30.18,30.18,30.12,30.13,119602
2012-03-16 12:00:00,30.12,30.15,30.12,30.15,124667
2012-03-16 12:15:00,30.15,30.19,30.14,30.145,128867
2012-03-16 12:30:00,30.145,30.23,30.14,30.22,143967
2012-03-16 12:45:00,30.21,30.23,30.2,30.23,148967
2012-03-16 13:00:00,30.23,30.23,30.22,30.22,150679
2012-03-16 13:15:00,30.22,30.25,30.22,30.25,153851
2012-03-16 13:30:00,30.25,30.29,30.25,30.285,160768
2012-03-16 13:45:00,30.29,30.4,30.28,30.385,179844
2012-03-16 14:00:00,30.3897,30.44,30.37,30.43,190165
2012-03-16 14:15:00,30.44,30.45,30.35,30.375,197265
2012-03-16 14:30:00,30.38,30.4,30.36,30.36,203851
2012-03-16 14:45:00,30.36,30.42,30.36,30.39,214151
2012-03-16 15:00:00,30.4,30.42,30.38,30.39,226158
2012-03-16 15:15:00,30.39,30.41,30.3899,30.39,236656
2012-03-16 15:30:00,30.39,30.39,30.35,30.39,252984
2012-03-16 15:45:00,30.38,30.39,30.31,30.36,282061
2012-03-16 16:00:00,30.37,30.41,30.36,30.4,327944
2012-03-19 09:45:00,29.25,29.89,29.14,29.735,107719
2012-03-19 10:00:00,29.77,29.81,29.58,29.62,205630
2012-03-19 10:15:00,29.62,29.78,29.5675,29.73,249598
2012-03-19 10:30:00,29.7293,29.85,29.72,29.75,365828
2012-03-19 10:45:00,29.75,29.81,29.72,29.8,433676
2012-03-19 11:00:00,29.8,29.93,29.8,29.81,464442
2012-03-19 11:15:00,29.82,29.97,29.82,29.97,494849
2012-03-19 11:30:00,29.97,30.07,29.89,30.01,569267
2012-03-19 11:45:00,30.0,30.05,29.98,30.03,599137
2012-03-19 12:00:00,30.05,30.06,29.98,30.0,626082
2012-03-19 12:15:00,30.0,30.3,29.99,30.14,685924
2012-03-19 12:30:00,30.15,30.32,30.15,30.25,727818
2012-03-19 12:45:00,30.25,30.49,30.24,30.435,773090
2012-03-19 13:00:00,30.43,30.43,30.285,30.29,799368
2012-03-19 13:15:00,30.29,30.415,30.26,30.39,840734
2012-03-19 13:30:00,30.395,30.5,30.39,30.43,874457
2012-03-19 13:45:00,30.425,30.5,30.38,30.38,912236
2012-03-19 14:00:00,30.385,30.41,30.33,30.35,946622
2012-03-19 14:15:00,30.34,30.49,30.28,30.43,1008854
2012-03-19 14:30:00,30.43,30.455,30.28,30.28,1055807
2012-03-19 14:45:00,30.2896,30.3,30.03,30.07,1111597
2012-03-19 15:00:00,30.08,30.26,30.05,30.14,1144815
2012-03-19 15:15:00,30.14,30.27,30.06,30.27,1195388
2012-03-19 15:30:00,30.27,30.45,30.27,30.315,1257465
2012-03-19 15:45:00,30.31,30.32,30.1619,30.21,1326128
2012-03-19 16:00:00,30.22,30.3,30.21,30.26,1453935
2012-03-20 09:45:00,30.07,30.48,29.95,30.3876,101518
2012-03-20 10:00:00,30.34,30.46,30.33,30.44,121179
2012-03-20 10:15:00,30.43,30.49,30.31,30.49,168041
2012-03-20 10:30:00,30.48,30.61,30.43,30.49,259464
2012-03-20 10:45:00,30.48,30.51,30.44,30.45,282564
2012-03-20 11:00:00,30.44,30.59,30.44,30.55,305475
2012-03-20 11:15:00,30.55,30.71,30.55,30.67,345185
2012-03-20 11:30:00,30.69,30.88,30.67,30.88,423743
2012-03-20 11:45:00,30.855,30.95,30.84,30.85,453975
2012-03-20 12:00:00,30.86,30.95,30.83,30.85,492353
2012-03-20 12:15:00,30.86,30.9,30.74,30.78,523823
2012-03-20 12:30:00,30.79,30.81,30.75,30.75,540485
2012-03-20 12:45:00,30.76,30.88,30.75,30.88,577069
2012-03-20 13:00:00,30.88,30.95,30.85,30.949,606984
2012-03-20 13:15:00,30.9498,31.1,30.9498,31.021,755575
2012-03-20 13:30:00,31.02,31.08,30.97,31.01,860202
2012-03-20 13:45:00,31.0,31.04,30.99,31.0,895602
2012-03-20 14:00:00,31.005,31.04,30.97,31.005,952536
2012-03-20 14:15:00,31.005,31.04,30.9,31.01,1058226
2012-03-20 14:30:00,31.0,31.1,30.97,31.03,1130150
2012-03-20 14:45:00,31.03,31.07,31.0,31.03,1275537
2012-03-20 15:00:00,31.03,31.06,30.88,30.89,1390312
2012-03-20 15:15:00,30.9,30.91,30.61,30.69,1496919
2012-03-20 15:30:00,30.69,30.73,30.6,30.68,1580456
2012-03-20 15:45:00,30.68,30.74,30.68,30.74,1636616
2012-03-20 16:00:00,30.73,30.74,30.59,30.64,1885108
2012-03-21 09:45:00,30.55,30.7,30.51,30.6,5151576
2012-03-21 10:00:00,30.6,30.82,30.56,30.61,6958343
2012-03-21 10:15:00,30.61,30.62,30.25,30.3301,8464239
2012-03-21 10:30:00,30.34,30.38,30.25,30.27,9059795
2012-03-21 10:45:00,30.26,30.3,30.26,30.27,9309440
2012-03-21 11:00:00,30.27,30.28,30.06,30.25,10461273
2012-03-21 11:15:00,30.25,30.37,30.23,30.32,10823116
2012-03-21 11:30:00,30.32,30.35,30.25,30.29,11122296
2012-03-21 11:45:00,30.29,30.34,30.26,30.31,11225012
2012-03-21 12:00:00,30.3,30.325,30.27,30.31,11442892
2012-03-21 12:15:00,30.31,30.5,30.31,30.45,11969036
2012-03-21 12:30:00,30.45,30.45,30.3,30.3,12064016
2012-03-21 12:45:00,30.3,30.36,30.3,30.33,12131926
2012-03-21 13:00:00,30.33,30.35,30.3,30.3,12257955
2012-03-21 13:15:00,30.3,30.33,30.3,30.3,12354208
2012-03-21 13:30:00,30.31,30.37,30.3,30.36,12645179
2012-03-21 13:45:00,30.36,30.42,30.35,30.41,12864616
2012-03-21 14:00:00,30.42,30.49,30.39,30.44,13323939
2012-03-21 14:15:00,30.435,30.49,30.41,30.455,13575197
2012-03-21 14:30:00,30.455,30.5,30.385,30.44,14101374
2012-03-21 14:45:00,30.44,30.46,30.39,30.39,14339790
2012-03-21 15:00:00,30.3925,30.43,30.35,30.4,14632227
2012-03-21 15:15:00,30.39,30.42,30.39,30.41,14842405
2012-03-21 15:30:00,30.4,30.42,30.33,30.38,15474408
2012-03-21 15:45:00,30.38,30.39,30.3,30.34,16374369
2012-03-21 16:00:00,30.33,30.44,30.31,30.4,20270628
2012-03-22 09:45:00,30.36,30.5,30.29,30.46,107577
2012-03-22 10:00:00,30.46,30.5,30.4,30.46,204655
2012-03-22 10:15:00,30.46,30.47,30.35,30.3538,280559
2012-03-22 10:30:00,30.355,30.37,30.3,30.355,377756
2012-03-22 10:45:00,30.345,30.36,30.33,30.36,434404
2012-03-22 11:00:00,30.35,30.43,30.33,30.38,521041
2012-03-22 11:15:00,30.38,30.4,30.17,30.24,673351
2012-03-22 11:30:00,30.245,30.27,30.19,30.26,732862
2012-03-22 11:45:00,30.26,30.3,30.25,30.3,750888
2012-03-22 12:00:00,30.27,30.3,30.251,30.3,792811
2012-03-22 12:15:00,30.3,30.31,30.28,30.29,824348
2012-03-22 12:30:00,30.285,30.305,30.27,30.28,846544
2012-03-22 12:45:00,30.28,30.29,30.26,30.26,855344
2012-03-22 13:00:00,30.26,30.28,30.25,30.25,871064
2012-03-22 13:15:00,30.25,30.275,30.25,30.27,908764
2012-03-22 13:30:00,30.27,30.32,30.26,30.26,923316
2012-03-22 13:45:00,30.26,30.28,30.26,30.28,943715
2012-03-22 14:00:00,30.27,30.32,30.26,30.275,965664
2012-03-22 14:15:00,30.27,30.27,30.24,30.27,1008910
2012-03-22 14:30:00,30.27,30.33,30.27,30.31,1040089
2012-03-22 14:45:00,30.3,30.35,30.28,30.32,1085802
2012-03-22 15:00:00,30.32,30.32,30.27,30.27,1104802
2012-03-22 15:15:00,30.27,30.3,30.25,30.3,1144873
2012-03-22 15:30:00,30.29,30.3,30.2433,30.28,1201790
2012-03-22 15:45:00,30.27,30.28,30.23,30.24,1310988
2012-03-22 16:00:00,30.23,30.24,30.09,30.11,1644964
2012-03-23 09:45:00,30.06,30.25,30.002,30.21,43607
2012-03-23 10:00:00,30.225,30.24,29.96,30.0,81676
2012-03-23 10:15:00,30.0,30.03,29.7,29.9,259702
2012-03-23 10:30:00,29.9,29.9299,29.76,29.81,360539
2012-03-23 10:45:00,29.8,30.07,29.7733,30.05,496934
2012-03-23 11:00:00,30.07,30.16,30.03,30.12,676335
2012-03-23 11:15:00,30.115,30.25,30.1101,30.19,723549
2012-03-23 11:30:00,30.1834,30.28,30.15,30.25,782730
2012-03-23 11:45:00,30.2535,30.28,30.23,30.25,811190
2012-03-23 12:00:00,30.25,30.28,30.2191,30.245,851062
2012-03-23 12:15:00,30.25,30.26,30.2302,30.25,865037
2012-03-23 12:30:00,30.2529,30.26,30.24,30.24,890987
2012-03-23 12:45:00,30.25,30.26,30.24,30.26,915670
2012-03-23 13:00:00,30.25,30.26,30.24,30.25,929170
2012-03-23 13:15:00,30.25,30.28,30.24,30.2502,1022409
2012-03-23 13:30:00,30.253,30.32,30.25,30.28,1084220
2012-03-23 13:45:00,30.28,30.31,30.2775,30.3001,1187350
2012-03-23 14:00:00,30.3,30.3306,30.3,30.3,1221016
2012-03-23 14:15:00,30.3023,30.4,30.3,30.4,1280417
2012-03-23 14:30:00,30.4,30.45,30.38,30.39,1322665
2012-03-23 14:45:00,30.4,30.41,30.37,30.39,1377995
2012-03-23 15:00:00,30.38,30.4,30.38,30.39,1412567
2012-03-23 15:15:00,30.38,30.4,30.29,30.395,1482879
2012-03-23 15:30:00,30.4,30.43,30.38,30.41,1567373
2012-03-23 15:45:00,30.42,30.45,30.38,30.39,1678208
2012-03-23 16:00:00,30.39,30.43,30.33,30.43,2075696
2012-03-26 09:45:00,30.51,30.6199,30.42,30.43,43889
2012-03-26 10:00:00,30.4305,30.48,30.36,30.39,60813
2012-03-26 10:15:00,30.38,30.46,30.37,30.44,81882
2012-03-26 10:30:00,30.46,30.53,30.44,30.48,110588
2012-03-26 10:45:00,30.48,30.48,30.44,30.47,127576
2012-03-26 11:00:00,30.47,30.53,30.465,30.51,154082
2012-03-26 11:15:00,30.5,30.56,30.49,30.56,172197
2012-03-26 11:30:00,30.56,30.6,30.51,30.52,247961
2012-03-26 11:45:00,30.53,30.535,30.48,30.5,279155
2012-03-26 12:00:00,30.5,30.51,30.46,30.46,293711
2012-03-26 12:15:00,30.47,30.5134,30.45,30.5,320831
2012-03-26 12:30:00,30.49,30.49,30.38,30.39,341467
2012-03-26 12:45:00,30.38,30.44,30.35,30.42,384107
2012-03-26 13:00:00,30.42,30.43,30.38,30.39,397307
2012-03-26 13:15:00,30.38,30.39,30.35,30.35,414567
2012-03-26 13:30:00,30.34,30.34,30.29,30.3,448843
2012-03-26 13:45:00,30.3021,30.335,30.3,30.31,478643
2012-03-26 14:00:00,30.31,30.34,30.31,30.33,493683
2012-03-26 14:15:00,30.33,30.4,30.3195,30.39,531419
2012-03-26 14:30:00,30.3872,30.42,30.38,30.4,558744
2012-03-26 14:45:00,30.41,30.44,30.39,30.41,575337
2012-03-26 15:00:00,30.41,30.44,30.34,30.41,626655
2012-03-26 15:15:00,30.4135,30.42,30.38,30.39,645800
2012-03-26 15:30:00,30.39,30.41,30.37,30.4,680955
2012-03-26 15:45:00,30.39,30.4,30.35,30.38,708290
2012-03-26 16:00:00,30.39,30.41,30.38,30.4,775236
2012-03-27 09:45:00,30.32,30.3798,30.23,30.25,28268
2012-03-27 10:00:00,30.252,30.26,30.16,30.19,83472
2012-03-27 10:15:00,30.19,30.23,30.09,30.2,111092
2012-03-27 10:30:00,30.21,30.35,30.2,30.32,143829
2012-03-27 10:45:00,30.32,30.51,30.26,30.45,191947
2012-03-27 11:00:00,30.45,30.51,30.41,30.41,661263
2012-03-27 11:15:00,30.44,30.45,30.31,30.4,714083
2012-03-27 11:30:00,30.4,30.4,30.33,30.35,728233
2012-03-27 11:45:00,30.34,30.39,30.255,30.39,813769
2012-03-27 12:00:00,30.39,30.4,30.275,30.29,847289
2012-03-27 12:15:00,30.29,30.29,30.17,30.2,941386
2012-03-27 12:30:00,30.19,30.23,29.92,29.99,1036411
2012-03-27 12:45:00,29.9898,30.0514,29.9898,29.995,1103428
2012-03-27 13:00:00,30.0,30.19,29.995,30.06,1149750
2012-03-27 13:15:00,30.05,30.17,30.045,30.11,1175857
2012-03-27 13:30:00,30.1,30.15,30.09,30.11,1254530
2012-03-27 13:45:00,30.1,30.13,29.98,30.1,1379133
2012-03-27 14:00:00,30.1,30.11,30.0,30.015,1668289
2012-03-27 14:15:00,30.02,30.06,29.89,29.89,1876602
2012-03-27 14:30:00,29.89,30.01,29.785,30.01,2131787
2012-03-27 14:45:00,30.01,30.34,30.0,30.1,2408010
2012-03-27 15:00:00,30.09,30.15,30.02,30.055,2458492
2012-03-27 15:15:00,30.06,30.11,29.995,30.05,2518818
2012-03-27 15:30:00,30.055,30.16,30.055,30.09,2578027
2012-03-27 15:45:00,30.09,30.12,30.0617,30.11,2626904
2012-03-27 16:00:00,30.12,30.3,30.1,30.3,2924712
2012-03-28 09:45:00,30.2,30.25,30.11,30.11,14095
2012-03-28 10:00:00,30.14,30.16,30.07,30.15,84792
2012-03-28 10:15:00,30.17,30.25,30.14,30.2172,117423
2012-03-28 10:30:00,30.18,30.19,30.11,30.11,125623
2012-03-28 10:45:00,30.11,30.11,29.98,30.06,148158
2012-03-28 11:00:00,30.06,30.21,30.04,30.2095,192193
2012-03-28 11:15:00,30.2,30.2,30.13,30.16,222504
2012-03-28 11:30:00,30.16,30.24,30.15,30.21,247663
2012-03-28 11:45:00,30.21,30.29,30.21,30.22,308133
2012-03-28 12:00:00,30.22,30.22,29.94,29.95,417685
2012-03-28 12:15:00,29.96,29.96,29.82,29.93,457586
2012-03-28 12:30:00,29.9321,29.99,29.84,29.9,515546
2012-03-28 12:45:00,29.9,29.94,29.85,29.89,625486
2012-03-28 13:00:00,29.89,29.935,29.89,29.93,635986
2012-03-28 13:15:00,29.93,29.95,29.9,29.915,676271
2012-03-28 13:30:00,29.91,29.93,29.87,29.88,810562
2012-03-28 13:45:00,29.87,29.9,29.67,29.68,912340
2012-03-28 14:00:00,29.69,29.69,29.56,29.64,967028
2012-03-28 14:15:00,29.64,29.72,29.63,29.66,1014503
2012-03-28 14:30:00,29.67,29.7899,29.62,29.67,1217043
2012-03-28 14:45:00,29.66,29.7,29.58,29.64,1317356
2012-03-28 15:00:00,29.64,29.7,29.6,29.63,1367199
2012-03-28 15:15:00,29.63,29.63,29.51,29.57,1398837
2012-03-28 15:30:00,29.56,29.74,29.55,29.71,1828104
2012-03-28 15:45:00,29.71,29.84,29.67,29.76,2134975
2012-03-28 16:00:00,29.78,29.82,29.75,29.8,2330311
2012-03-29 09:45:00,29.65,29.75,29.32,29.32,48555
2012-03-29 10:00:00,29.32,29.41,29.27,29.38,86654
2012-03-29 10:15:00,29.38,29.42,29.28,29.3,228353
2012-03-29 10:30:00,29.33,29.38,29.31,29.3219,264892
2012-03-29 10:45:00,29.32,29.36,29.29,29.34,289855
2012-03-29 11:00:00,29.33,29.35,29.3,29.33,410309
2012-03-29 11:15:00,29.32,29.42,29.32,29.4,613456
2012-03-29 11:30:00,29.4,29.405,29.34,29.4,643279
2012-03-29 11:45:00,29.4,29.41,29.39,29.4,651479
2012-03-29 12:00:00,29.41,29.43,29.3496,29.425,690065
2012-03-29 12:15:00,29.415,29.45,29.41,29.43,705666
2012-03-29 12:30:00,29.4101,29.46,29.4,29.41,719913
2012-03-29 12:45:00,29.41,29.47,29.4,29.465,740636
2012-03-29 13:00:00,29.46,29.4899,29.44,29.45,806691
2012-03-29 13:15:00,29.45,29.47,29.35,29.36,847107
2012-03-29 13:30:00,29.36,29.42,29.36,29.4099,879857
2012-03-29 13:45:00,29.4,29.4,29.38,29.4,974357
2012-03-29 14:00:00,29.4,29.41,29.38,29.41,1013079
2012-03-29 14:15:00,29.41,29.46,29.39,29.4,1075359
2012-03-29 14:30:00,29.4,29.4192,29.38,29.4,1116093
2012-03-29 14:45:00,29.4,29.41,29.39,29.41,1152096
2012-03-29 15:00:00,29.4,29.44,29.39,29.4,1215883
2012-03-29 15:15:00,29.4,29.45,29.4,29.44,1255908
2012-03-29 15:30:00,29.445,29.51,29.445,29.51,1414325
2012-03-29 15:45:00,29.5,29.51,29.49,29.5,1449571
2012-03-29 16:00:00,29.51,29.53,29.49,29.53,1538808
2012-03-30 09:45:00,29.75,29.97,29.59,29.97,100814
2012-03-30 10:00:00,29.97,30.02,29.8,29.8,139488
2012-03-30 10:15:00,29.81,29.93,29.75,29.88,211882
2012-03-30 10:30:00,29.88,29.88,29.83,29.85,243438
2012-03-30 10:45:00,29.86,29.9,29.78,29.81,302238
2012-03-30 11:00:00,29.81,29.89,29.8,29.855,335133
2012-03-30 11:15:00,29.8575,29.87,29.85,29.85,358133
2012-03-30 11:30:00,29.8599,29.88,29.85,29.88,376660
2012-03-30 11:45:00,29.88,29.92,29.85,29.9,394360
2012-03-30 12:00:00,29.9,29.93,29.89,29.91,435560
2012-03-30 12:15:00,29.92,30.01,29.91,30.0,599787
2012-03-30 12:30:00,30.01,30.02,30.0,30.0,622315
2012-03-30 12:45:00,30.0,30.09,30.0,30.05,668815
2012-03-30 13:00:00,30.04,30.045,30.0,30.012,692515
2012-03-30 13:15:00,30.01,30.02,30.0,30.01,714135
2012-03-30 13:30:00,30.0,30.08,30.0,30.05,778458
2012-03-30 13:45:00,30.04,30.19,30.03,30.125,890425
2012-03-30 14:00:00,30.13,30.13,30.1,30.1,907308
2012-03-30 14:15:00,30.1,30.16,30.06,30.1,1168580
2012-03-30 14:30:00,30.11,30.11,30.06,30.07,1197216
2012-03-30 14:45:00,30.06,30.09,30.0,30.015,1278780
2012-03-30 15:00:00,30.01,30.11,30.01,30.1,1334572
2012-03-30 15:15:00,30.09,30.15,29.99,30.02,1601855
2012-03-30 15:30:00,30.02,30.17,30.01,30.17,1652191
2012-03-30 15:45:00,30.17,30.19,30.12,30.15,1900892
2012-03-30 16:00:00,30.15,30.22,30.1,30.17,2164609
2012-04-02 09:45:00,30.07,30.25,29.96,30.0,65376
2012-04-02 10:00:00,30.01,30.08,29.9913,30.02,103007
2012-04-02 10:15:00,30.02,30.155,30.01,30.12,157481
2012-04-02 10:30:00,30.12,30.19,30.05,30.15,183879
2012-04-02 10:45:00,30.145,30.15,30.02,30.025,205004
2012-04-02 11:00:00,30.03,30.04,30.0,30.01,267166
2012-04-02 11:15:00,30.01,30.02,30.0,30.0,317533
2012-04-02 11:30:00,30.005,30.03,30.0,30.03,400596
2012-04-02 11:45:00,30.025,30.05,30.0,30.01,425395
2012-04-02 12:00:00,30.01,30.06,29.995,30.06,522240
2012-04-02 12:15:00,30.05,30.09,30.05,30.09,572953
2012-04-02 12:30:00,30.09,30.14,30.08,30.14,657922
2012-04-02 12:45:00,30.14,30.14,30.06,30.06,745021
2012-04-02 13:00:00,30.06,30.07,30.05,30.05,770021
2012-04-02 13:15:00,30.05,30.055,30.04,30.045,788921
2012-04-02 13:30:00,30.045,30.14,30.045,30.12,836286
2012-04-02 13:45:00,30.12,30.13,30.11,30.12,843464
2012-04-02 14:00:00,30.114,30.16,30.11,30.16,860672
2012-04-02 14:15:00,30.1515,30.17,30.14,30.145,884775
2012-04-02 14:30:00,30.145,30.175,30.145,30.15,902903
2012-04-02 14:45:00,30.15,30.185,30.14,30.175,914535
2012-04-02 15:00:00,30.1707,30.21,30.17,30.195,937935
2012-04-02 15:15:00,30.19,30.21,30.15,30.2075,964034
2012-04-02 15:30:00,30.2,30.21,30.2,30.21,985296
2012-04-02 15:45:00,30.2,30.21,30.18,30.18,1017772
2012-04-02 16:00:00,30.18,30.18,30.13,30.13,1078235
2012-04-03 09:45:00,30.06,30.19,30.0,30.1,167090
2012-04-03 10:00:00,30.13,30.13,30.02,30.06,207703
2012-04-03 10:15:00,30.06,30.07,29.98,30.01,247388
2012-04-03 10:30:00,30.0,30.01,29.89,29.95,271156
2012-04-03 10:45:00,29.95,30.025,29.95,30.01,294285
2012-04-03 11:00:00,30.03,30.11,29.98,30.11,425986
2012-04-03 11:15:00,30.12,30.12,30.06,30.08,451813
2012-04-03 11:30:00,30.08,30.09,30.07,30.08,469236
2012-04-03 11:45:00,30.08,30.08,30.046,30.06,477073
2012-04-03 12:00:00,30.07,30.08,30.05,30.07,483673
2012-04-03 12:15:00,30.065,30.1,30.05,30.05,577942
2012-04-03 12:30:00,30.06,30.12,30.05,30.07,876748
2012-04-03 12:45:00,30.08,30.085,30.0548,30.06,898508
2012-04-03 13:00:00,30.06,30.08,30.05,30.06,907408
2012-04-03 13:15:00,30.06,30.135,30.06,30.135,935172
2012-04-03 13:30:00,30.13,30.14,30.04,30.09,1036105
2012-04-03 13:45:00,30.09,30.11,30.06,30.11,1075243
2012-04-03 14:00:00,30.11,30.16,30.1,30.13,1107016
2012-04-03 14:15:00,30.12,30.14,30.05,30.07,1176421
2012-04-03 14:30:00,30.06,30.1,30.05,30.08,1376022
2012-04-03 14:45:00,30.0651,30.08,30.0,30.07,1453371
2012-04-03 15:00:00,30.06,30.11,30.05,30.1,1467848
2012-04-03 15:15:00,30.1,30.11,30.08,30.09,1481176
2012-04-03 15:30:00,30.09,30.11,30.08,30.11,1540887
2012-04-03 15:45:00,30.1,30.14,30.1,30.14,1571611
2012-04-03 16:00:00,30.14,30.27,30.14,30.26,1702287
2012-04-04 09:45:00,30.1,30.12,29.92,29.92,91502
2012-04-04 10:00:00,29.9,29.95,29.76,29.95,142314
2012-04-04 10:15:00,29.94,30.0,29.815,29.84,208046
2012-04-04 10:30:00,29.84,29.84,29.57,29.575,242873
2012-04-04 10:45:00,29.58,29.78,29.565,29.74,294515
2012-04-04 11:00:00,29.72,29.73,29.66,29.7,337403
2012-04-04 11:15:00,29.7,29.75,29.7,29.72,349803
2012-04-04 11:30:00,29.71,29.73,29.68,29.7,375553
2012-04-04 11:45:00,29.69,29.75,29.67,29.74,422650
2012-04-04 12:00:00,29.74,29.74,29.66,29.66,487272
2012-04-04 12:15:00,29.66,29.7,29.65,29.7,511529
2012-04-04 12:30:00,29.7,29.8597,29.7,29.855,563809
2012-04-04 12:45:00,29.855,29.86,29.77,29.78,589908
2012-04-04 13:00:00,29.775,29.865,29.775,29.865,639969
2012-04-04 13:15:00,29.87,29.98,29.87,29.96,713642
2012-04-04 13:30:00,29.96,30.07,29.95,30.01,758796
2012-04-04 13:45:00,30.01,30.05,29.95,30.025,894520
2012-04-04 14:00:00,30.02,30.1,30.0,30.07,918832
2012-04-04 14:15:00,30.06,30.11,30.04,30.06,985702
2012-04-04 14:30:00,30.06,30.12,30.01,30.01,1021904
2012-04-04 14:45:00,30.02,30.09,30.01,30.08,1076977
2012-04-04 15:00:00,30.09,30.09,30.07,30.08,1105721
2012-04-04 15:15:00,30.08,30.09,29.97,29.97,1142746
2012-04-04 15:30:00,29.97,29.98,29.93,29.97,1172217
2012-04-04 15:45:00,29.96,30.04,29.95,30.0,1289676
2012-04-04 16:00:00,29.99,30.02,29.95,29.97,1413850
2012-04-05 09:45:00,29.9,29.95,29.66,29.7,77253
2012-04-05 10:00:00,29.71,29.79,29.7,29.75,102405
2012-04-05 10:15:00,29.7501,29.76,29.75,29.75,138291
2012-04-05 10:30:00,29.75,29.79,29.73,29.76,174104
2012-04-05 10:45:00,29.76,29.76,29.74,29.74,190204
2012-04-05 11:00:00,29.75,29.75,29.7,29.7,204504
2012-04-05 11:15:00,29.7091,29.75,29.7,29.75,223577
2012-04-05 11:30:00,29.75,29.77,29.69,29.69,249762
2012-04-05 11:45:00,29.7,29.7,29.65,29.66,261683
2012-04-05 12:00:00,29.6598,29.68,29.65,29.66,287047
2012-04-05 12:15:00,29.67,29.6798,29.65,29.65,297907
2012-04-05 12:30:00,29.65,29.71,29.65,29.69,322882
2012-04-05 12:45:00,29.7,29.75,29.69,29.75,356592
2012-04-05 13:00:00,29.75,29.77,29.74,29.75,387563
2012-04-05 13:15:00,29.75,29.7501,29.68,29.68,404596
2012-04-05 13:30:00,29.68,29.71,29.63,29.63,428365
2012-04-05 13:45:00,29.63,29.63,29.54,29.54,453309
2012-04-05 14:00:00,29.54,29.58,29.4,29.58,514914
2012-04-05 14:15:00,29.58,29.59,29.5,29.5207,537204
2012-04-05 14:30:00,29.55,29.6,29.53,29.6,553839
2012-04-05 14:45:00,29.61,29.63,29.56,29.63,575889
2012-04-05 15:00:00,29.63,29.66,29.61,29.66,593389
2012-04-05 15:15:00,29.66,29.67,29.61,29.63,620416
2012-04-05 15:30:00,29.62,29.6801,29.62,29.68,646816
2012-04-05 15:45:00,29.68,29.75,29.68,29.75,712499
2012-04-05 16:00:00,29.74,29.78,29.72,29.74,851006
2012-04-09 09:45:00,29.41,29.41,29.11,29.41,11481
2012-04-09 10:00:00,29.39,29.43,29.3,29.42,23841
2012-04-09 10:15:00,29.41,29.47,29.39,29.42,37691
2012-04-09 10:30:00,29.45,29.47,29.42,29.45,48119
2012-04-09 10:45:00,29.45,29.45,29.38,29.39,59325
2012-04-09 11:00:00,29.4,29.44,29.36,29.42,68425
2012-04-09 11:15:00,29.43,29.46,29.39,29.42,84958
2012-04-09 11:30:00,29.42,29.46,29.4,29.435,100108
2012-04-09 11:45:00,29.43,29.47,29.405,29.44,117718
2012-04-09 12:00:00,29.43,29.505,29.423,29.47,139420
2012-04-09 12:15:00,29.47,29.47,29.39,29.39,145620
2012-04-09 12:30:00,29.39,29.42,29.38,29.4,154220
2012-04-09 12:45:00,29.4,29.445,29.4,29.4425,165620
2012-04-09 13:00:00,29.45,29.51,29.44,29.49,237493
2012-04-09 13:15:00,29.49,29.49,29.46,29.4601,259993
2012-04-09 13:30:00,29.47,29.49,29.46,29.46,284385
2012-04-09 13:45:00,29.465,29.49,29.3999,29.45,382168
2012-04-09 14:00:00,29.44,29.51,29.44,29.51,394469
2012-04-09 14:15:00,29.5,29.54,29.49,29.53,411459
2012-04-09 14:30:00,29.52,29.53,29.5,29.5,425678
2012-04-09 14:45:00,29.5,29.55,29.497,29.55,445453
2012-04-09 15:00:00,29.548,29.56,29.49,29.51,460206
2012-04-09 15:15:00,29.51,29.57,29.5,29.57,479690
2012-04-09 15:30:00,29.565,29.59,29.55,29.58,538546
2012-04-09 15:45:00,29.57,29.62,29.56,29.6,611632
2012-04-09 16:00:00,29.6,29.66,29.55,29.63,760525
2012-04-10 09:45:00,29.65,29.79,29.61,29.63,28086
2012-04-10 10:00:00,29.63,29.81,29.62,29.76,109740
2012-04-10 10:15:00,29.77,29.81,29.6396,29.71,134918
2012-04-10 10:30:00,29.71,29.72,29.6,29.71,346444
2012-04-10 10:45:00,29.71,29.849,29.7,29.849,361834
2012-04-10 11:00:00,29.8499,29.86,29.75,29.83,388960
2012-04-10 11:15:00,29.815,29.88,29.8,29.82,402435
2012-04-10 11:30:00,29.812,29.83,29.64,29.64,478758
2012-04-10 11:45:00,29.64,29.64,29.56,29.56,491364
2012-04-10 12:00:00,29.57,29.57,29.49,29.55,567688
2012-04-10 12:15:00,29.55,29.56,29.42,29.42,618261
2012-04-10 12:30:00,29.42,29.42,29.24,29.3,689255
2012-04-10 12:45:00,29.3,29.36,29.2901,29.34,708229
2012-04-10 13:00:00,29.34,29.35,29.3,29.33,731891
2012-04-10 13:15:00,29.33,29.3398,29.3,29.32,756546
2012-04-10 13:30:00,29.32,29.33,29.3,29.31,784200
2012-04-10 13:45:00,29.3,29.31,29.22,29.25,824501
2012-04-10 14:00:00,29.25,29.29,29.24,29.25,845301
2012-04-10 14:15:00,29.25,29.27,29.23,29.235,886407
2012-04-10 14:30:00,29.23,29.24,29.14,29.14,938339
2012-04-10 14:45:00,29.15,29.24,29.11,29.21,1002393
2012-04-10 15:00:00,29.21,29.31,29.2,29.3,1033922
2012-04-10 15:15:00,29.3,29.3,29.25,29.25,1089351
2012-04-10 15:30:00,29.25,29.26,29.19,29.2,1247178
2012-04-10 15:45:00,29.21,29.22,29.17,29.18,1325037
2012-04-10 16:00:00,29.18,29.19,29.16,29.18,1418206
2012-04-11 09:45:00,29.38,29.53,29.2,29.51,46315
2012-04-11 10:00:00,29.5,29.5,29.36,29.45,110262
2012-04-11 10:15:00,29.46,29.46,29.395,29.44,138122
2012-04-11 10:30:00,29.42,29.63,29.41,29.63,248762
2012-04-11 10:45:00,29.63,29.64,29.6,29.605,274262
2012-04-11 11:00:00,29.6,29.635,29.51,29.55,315576
2012-04-11 11:15:00,29.55,29.58,29.46,29.57,363423
2012-04-11 11:30:00,29.59,29.59,29.46,29.46,392803
2012-04-11 11:45:00,29.46,29.51,29.375,29.38,422482
2012-04-11 12:00:00,29.38,29.39,29.27,29.27,446772
2012-04-11 12:15:00,29.27,29.29,29.12,29.12,527831
2012-04-11 12:30:00,29.12,29.32,29.07,29.29,683577
2012-04-11 12:45:00,29.29,29.35,29.29,29.3375,718257
2012-04-11 13:00:00,29.34,29.35,29.27,29.32,753612
2012-04-11 13:15:00,29.31,29.34,29.3,29.31,777103
2012-04-11 13:30:00,29.31,29.36,29.3,29.3393,796803
2012-04-11 13:45:00,29.33,29.35,29.31,29.35,813303
2012-04-11 14:00:00,29.35,29.35,29.29,29.3,835968
2012-04-11 14:15:00,29.3,29.33,29.24,29.24,876172
2012-04-11 14:30:00,29.24,29.28,29.22,29.26,907303
2012-04-11 14:45:00,29.26,29.28,29.24,29.24,968123
2012-04-11 15:00:00,29.24,29.26,29.2,29.22,1026455
2012-04-11 15:15:00,29.22,29.26,29.21,29.22,1051581
2012-04-11 15:30:00,29.21,29.25,29.2,29.21,1095246
2012-04-11 15:45:00,29.22,29.25,29.19,29.21,1187729
2012-04-11 16:00:00,29.23,29.24,29.16,29.19,1295853
2012-04-12 09:45:00,29.16,29.28,29.15,29.26,12029
2012-04-12 10:00:00,29.26,29.33,29.2,29.26,24694
2012-04-12 10:15:00,29.28,29.31,29.24,29.29,35120
2012-04-12 10:30:00,29.3,29.31,29.23,29.255,54432
2012-04-12 10:45:00,29.255,29.32,29.25,29.31,86982
2012-04-12 11:00:00,29.32,29.44,29.31,29.44,123870
2012-04-12 11:15:00,29.45,29.55,29.44,29.55,143590
2012-04-12 11:30:00,29.56,29.68,29.53,29.53,222532
2012-04-12 11:45:00,29.54,29.62,29.54,29.58,256199
2012-04-12 12:00:00,29.56,29.56,29.49,29.49,262999
2012-04-12 12:15:00,29.49,29.53,29.48,29.5,274049
2012-04-12 12:30:00,29.5,29.5,29.49,29.5,318749
2012-04-12 12:45:00,29.49,29.5,29.46,29.49,338931
2012-04-12 13:00:00,29.49,29.5,29.49,29.5,342402
2012-04-12 13:15:00,29.49,29.5,29.48,29.49,355204
2012-04-12 13:30:00,29.5,29.5,29.48,29.48,360616
2012-04-12 13:45:00,29.48,29.53,29.48,29.52,366976
2012-04-12 14:00:00,29.53,29.55,29.5,29.51,377191
2012-04-12 14:15:00,29.5,29.5,29.46,29.46,382028
2012-04-12 14:30:00,29.47,29.48,29.46,29.46,395112
2012-04-12 14:45:00,29.46,29.47,29.43,29.45,401724
2012-04-12 15:00:00,29.46,29.52,29.41,29.45,449156
2012-04-12 15:15:00,29.45,29.45,29.43,29.4495,460443
2012-04-12 15:30:00,29.44,29.48,29.44,29.48,475618
2012-04-12 15:45:00,29.475,29.48,29.45,29.455,496943
2012-04-12 16:00:00,29.45,29.47,29.43,29.46,566829
2012-04-13 09:45:00,29.27,29.42,29.26,29.39,10501
2012-04-13 10:00:00,29.34,29.35,29.2,29.2,17401
2012-04-13 10:15:00,29.22,29.31,29.17,29.2801,33116
2012-04-13 10:30:00,29.2892,29.29,29.04,29.04,53872
2012-04-13 10:45:00,29.04,29.07,28.92,28.94,128646
2012-04-13 11:00:00,28.94,28.96,28.9,28.92,220596
2012-04-13 11:15:00,28.92,29.0,28.915,28.95,290459
2012-04-13 11:30:00,28.96,29.07,28.96,29.04,326841
2012-04-13 11:45:00,29.04,29.19,29.04,29.19,343662
2012-04-13 12:00:00,29.2,29.2,29.15,29.16,356260
2012-04-13 12:15:00,29.17,29.17,29.15,29.16,367560
2012-04-13 12:30:00,29.16,29.19,29.14,29.15,379825
2012-04-13 12:45:00,29.15,29.195,29.14,29.1501,394325
2012-04-13 13:00:00,29.16,29.19,29.16,29.18,404057
2012-04-13 13:15:00,29.19,29.19,29.17,29.1701,413264
2012-04-13 13:30:00,29.17,29.18,29.13,29.145,544449
2012-04-13 13:45:00,29.14,29.23,29.11,29.23,689839
2012-04-13 14:00:00,29.22,29.225,29.11,29.11,699339
2012-04-13 14:15:00,29.11,29.12,29.06,29.09,720968
2012-04-13 14:30:00,29.09,29.13,29.09,29.12,735618
2012-04-13 14:45:00,29.13,29.21,29.12,29.21,750764
2012-04-13 15:00:00,29.21,29.26,29.2,29.22,772484
2012-04-13 15:15:00,29.22,29.31,29.22,29.31,788694
2012-04-13 15:30:00,29.31,29.32,29.24,29.25,847727
2012-04-13 15:45:00,29.26,29.27,29.15,29.21,875412
2012-04-13 16:00:00,29.21,29.22,29.15,29.17,949641
2012-04-16 09:45:00,29.24,29.37,29.15,29.16,10586
2012-04-16 10:00:00,29.16,29.17,28.96,28.97,41558
2012-04-16 10:15:00,28.94,29.005,28.925,28.93,67085
2012-04-16 10:30:00,28.93,29.0,28.88,28.89,95384
2012-04-16 10:45:00,28.88,28.91,28.88,28.895,138746
2012-04-16 11:00:00,28.9,29.1,28.84,29.09,208713
2012-04-16 11:15:00,29.1,29.14,29.07,29.1,220994
2012-04-16 11:30:00,29.09,29.105,29.01,29.01,240860
2012-04-16 11:45:00,29.0,29.01,28.96,28.99,269770
2012-04-16 12:00:00,28.98,29.0,28.95,28.96,295585
2012-04-16 12:15:00,28.96,29.005,28.95,28.995,313907
2012-04-16 12:30:00,28.995,29.01,28.99,29.0,333107
2012-04-16 12:45:00,29.0,29.02,28.99,29.0,346471
2012-04-16 13:00:00,29.01,29.04,28.99,29.03,368277
2012-04-16 13:15:00,29.03,29.04,28.99,28.99,460758
2012-04-16 13:30:00,29.0,29.0,28.99,29.0,474058
2012-04-16 13:45:00,29.0,29.08,29.0,29.08,486874
2012-04-16 14:00:00,29.07,29.13,29.05,29.05,515943
2012-04-16 14:15:00,29.05,29.07,28.99,28.99,564074
2012-04-16 14:30:00,28.9997,29.0,28.99,28.99,586954
2012-04-16 14:45:00,29.0,29.01,28.9589,28.97,623715
2012-04-16 15:00:00,28.97,29.0,28.96,28.99,642415
2012-04-16 15:15:00,28.99,29.0,28.96,28.98,671492
2012-04-16 15:30:00,28.9815,29.0,28.96,28.98,709723
2012-04-16 15:45:00,28.98,29.0,28.96,28.99,756369
2012-04-16 16:00:00,28.99,29.0,28.93,28.94,945587
2012-04-17 09:45:00,29.15,29.18,29.1,29.12,18948
2012-04-17 10:00:00,29.13,29.18,29.07,29.16,33814
2012-04-17 10:15:00,29.16,29.18,29.14,29.18,55800
2012-04-17 10:30:00,29.16,29.19,29.14,29.16,64644
2012-04-17 10:45:00,29.17,29.22,29.16,29.22,72728
2012-04-17 11:00:00,29.23,29.35,29.2,29.3,119120
2012-04-17 11:15:00,29.31,29.44,29.3,29.34,142676
2012-04-17 11:30:00,29.355,29.37,29.29,29.29,151917
2012-04-17 11:45:00,29.3,29.33,29.26,29.28,164877
2012-04-17 12:00:00,29.28,29.3,29.24,29.3,179483
2012-04-17 12:15:00,29.29,29.3,29.26,29.3,198883
2012-04-17 12:30:00,29.3,29.3,29.24,29.27,215474
2012-04-17 12:45:00,29.27,29.27,29.21,29.22,243055
2012-04-17 13:00:00,29.22,29.22,29.19,29.21,252325
2012-04-17 13:15:00,29.21,29.21,29.18,29.2,265625
2012-04-17 13:30:00,29.2,29.2,29.17,29.18,273540
2012-04-17 13:45:00,29.2,29.21,29.16,29.1999,291549
2012-04-17 14:00:00,29.19,29.19,29.15,29.16,302904
2012-04-17 14:15:00,29.16,29.16,29.14,29.15,360457
2012-04-17 14:30:00,29.15,29.15,29.14,29.15,375257
2012-04-17 14:45:00,29.1437,29.15,29.14,29.145,418201
2012-04-17 15:00:00,29.14,29.15,29.13,29.15,433926
2012-04-17 15:15:00,29.15,29.18,29.14,29.17,446818
2012-04-17 15:30:00,29.18,29.2,29.14,29.16,488473
2012-04-17 15:45:00,29.17,29.17,29.15,29.15,509227
2012-04-17 16:00:00,29.15,29.17,29.09,29.11,573305
2012-04-18 09:45:00,29.04,29.09,28.91,28.94,19214
2012-04-18 10:00:00,28.9348,28.97,28.85,28.85,48686
2012-04-18 10:15:00,28.85,28.93,28.78,28.92,79066
2012-04-18 10:30:00,28.92,28.94,28.82,28.825,196624
2012-04-18 10:45:00,28.82,28.825,28.65,28.69,387827
2012-04-18 11:00:00,28.7,28.71,28.56,28.64,461556
2012-04-18 11:15:00,28.6401,28.78,28.64,28.7,503810
2012-04-18 11:30:00,28.7,28.74,28.67,28.73,531760
2012-04-18 11:45:00,28.74,28.75,28.7,28.7,562793
2012-04-18 12:00:00,28.71,28.73,28.67,28.72,620367
2012-04-18 12:15:00,28.71,28.71,28.61,28.62,694638
2012-04-18 12:30:00,28.61,28.61,28.54,28.565,738830
2012-04-18 12:45:00,28.58,28.69,28.57,28.69,761830
2012-04-18 13:00:00,28.69,28.71,28.69,28.6904,796500
2012-04-18 13:15:00,28.7,28.7,28.63,28.63,824001
2012-04-18 13:30:00,28.63,28.64,28.57,28.57,865437
2012-04-18 13:45:00,28.58,28.6,28.57,28.6,906870
2012-04-18 14:00:00,28.61,28.62,28.56,28.62,1002278
2012-04-18 14:15:00,28.62,28.6797,28.61,28.61,1032414
2012-04-18 14:30:00,28.615,28.62,28.57,28.59,1094170
2012-04-18 14:45:00,28.59,28.63,28.575,28.58,1161681
2012-04-18 15:00:00,28.58,28.6,28.09,28.1732,1539131
2012-04-18 15:15:00,28.18,28.6,28.16,28.6,1704269
2012-04-18 15:30:00,28.6,28.7,28.6,28.63,1791036
2012-04-18 15:45:00,28.64,28.79,28.64,28.77,2008322
2012-04-18 16:00:00,28.78,28.91,28.78,28.9,2365365
2012-04-19 09:45:00,28.77,28.87,28.7,28.7,80648
2012-04-19 10:00:00,28.705,28.85,28.7,28.79,145002
2012-04-19 10:15:00,28.78,28.82,28.7,28.77,172728
2012-04-19 10:30:00,28.77,28.85,28.77,28.8,272631
2012-04-19 10:45:00,28.8,28.94,28.8,28.8,358755
2012-04-19 11:00:00,28.8,28.85,28.61,28.64,474320
2012-04-19 11:15:00,28.64,28.89,28.64,28.72,660046
2012-04-19 11:30:00,28.73,28.79,28.72,28.78,695155
2012-04-19 11:45:00,28.78,28.88,28.77,28.86,737780
2012-04-19 12:00:00,28.86,28.95,28.86,28.92,760942
2012-04-19 12:15:00,28.91,28.95,28.88,28.88,836612
2012-04-19 12:30:00,28.88,28.89,28.78,28.84,877353
2012-04-19 12:45:00,28.84,28.9,28.8,28.88,904276
2012-04-19 13:00:00,28.87,28.89,28.8506,28.8575,928269
2012-04-19 13:15:00,28.85,28.875,28.81,28.825,1057999
2012-04-19 13:30:00,28.82,28.85,28.8,28.84,1104866
2012-04-19 13:45:00,28.84,28.86,28.81,28.85,1152347
2012-04-19 14:00:00,28.86,28.86,28.68,28.7,1230749
2012-04-19 14:15:00,28.69,28.79,28.69,28.74,1273725
2012-04-19 14:30:00,28.76,28.76,28.65,28.73,1443573
2012-04-19 14:45:00,28.73,28.73,28.65,28.7,1482742
2012-04-19 15:00:00,28.69,28.69,28.65,28.67,1509987
2012-04-19 15:15:00,28.67,28.715,28.66,28.7,1544524
2012-04-19 15:30:00,28.69,28.7,28.64,28.68,1588150
2012-04-19 15:45:00,28.67,28.69,28.65,28.67,1654326
2012-04-19 16:00:00,28.67,28.74,28.66,28.68,1736790
2012-04-20 09:45:00,28.88,29.39,28.85,29.32,91024
2012-04-20 10:00:00,29.3103,29.62,29.23,29.5,246589
2012-04-20 10:15:00,29.5,29.55,29.36,29.47,354021
2012-04-20 10:30:00,29.47,29.59,29.41,29.58,485502
2012-04-20 10:45:00,29.58,29.59,29.435,29.44,574830
2012-04-20 11:00:00,29.4374,29.65,29.43,29.57,688786
2012-04-20 11:15:00,29.57,29.57,29.48,29.48,751683
2012-04-20 11:30:00,29.48,29.53,29.47,29.5,781509
2012-04-20 11:45:00,29.49,29.5,29.47,29.48,814218
2012-04-20 12:00:00,29.49,29.53,29.48,29.52,841903
2012-04-20 12:15:00,29.51,29.55,29.48,29.48,869603
2012-04-20 12:30:00,29.48,29.58,29.48,29.55,917413
2012-04-20 12:45:00,29.555,29.56,29.53,29.53,944562
2012-04-20 13:00:00,29.54,29.54,29.51,29.51,965794
2012-04-20 13:15:00,29.51,29.52,29.48,29.5,993418
2012-04-20 13:30:00,29.5,29.53,29.405,29.41,1032896
2012-04-20 13:45:00,29.41,29.44,29.39,29.39,1073755
2012-04-20 14:00:00,29.4,29.44,29.36,29.36,1104454
2012-04-20 14:15:00,29.36,29.37,29.24,29.31,1215304
2012-04-20 14:30:00,29.32,29.32,29.28,29.31,1256108
2012-04-20 14:45:00,29.3,29.32,29.26,29.27,1319830
2012-04-20 15:00:00,29.27,29.27,29.24,29.26,1346625
2012-04-20 15:15:00,29.26,29.28,29.18,29.2,1399685
2012-04-20 15:30:00,29.2,29.21,29.14,29.16,1475931
2012-04-20 15:45:00,29.16,29.24,29.16,29.17,1520304
2012-04-20 16:00:00,29.16,29.24,29.16,29.23,1594564
2012-04-23 09:45:00,28.84,29.02,28.81,28.99,38045
2012-04-23 10:00:00,29.0,29.05,28.96,29.01,64444
2012-04-23 10:15:00,29.0,29.02,28.92,28.97,88187
2012-04-23 10:30:00,28.965,29.01,28.91,28.96,135493
2012-04-23 10:45:00,28.96,28.96,28.92,28.945,183502
2012-04-23 11:00:00,28.95,28.99,28.92,28.93,220798
2012-04-23 11:15:00,28.92,28.93,28.9,28.92,239782
2012-04-23 11:30:00,28.92,28.93,28.9,28.91,267382
2012-04-23 11:45:00,28.92,29.04,28.91,29.02,315600
2012-04-23 12:00:00,29.03,29.03,28.98,29.01,326742
2012-04-23 12:15:00,29.02,29.06,29.0,29.05,342052
2012-04-23 12:30:00,29.05,29.1,29.04,29.08,354166
2012-04-23 12:45:00,29.06,29.11,29.05,29.09,409937
2012-04-23 13:00:00,29.09,29.1,29.04,29.07,459278
2012-04-23 13:15:00,29.07,29.09,29.04,29.05,489144
2012-04-23 13:30:00,29.05,29.09,29.03,29.05,535074
2012-04-23 13:45:00,29.04,29.07,29.03,29.05,583566
2012-04-23 14:00:00,29.04,29.05,28.91,28.92,658283
2012-04-23 14:15:00,28.92,28.98,28.9,28.98,724198
2012-04-23 14:30:00,28.98,29.01,28.95,28.97,757573
2012-04-23 14:45:00,28.98,29.02,28.98,29.0,774821
2012-04-23 15:00:00,29.01,29.02,28.96,29.0,800601
2012-04-23 15:15:00,28.99,29.07,28.99,29.03,882487
2012-04-23 15:30:00,29.03,29.045,28.92,28.92,1009449
2012-04-23 15:45:00,28.91,28.98,28.9,28.96,1093382
2012-04-23 16:00:00,28.95,28.955,28.9,28.93,1241840
2012-04-24 09:45:00,28.97,29.03,28.85,28.94,10887
2012-04-24 10:00:00,28.92,28.92,28.79,28.9,18767
2012-04-24 10:15:00,28.91,28.93,28.84,28.925,103483
2012-04-24 10:30:00,28.92,28.925,28.74,28.875,265032
2012-04-24 10:45:00,28.88,28.99,28.84,28.95,439596
2012-04-24 11:00:00,28.95,28.98,28.93,28.96,520998
2012-04-24 11:15:00,28.96,29.0,28.92,28.95,584113
2012-04-24 11:30:00,28.95,29.04,28.94,28.98,752206
2012-04-24 11:45:00,28.98,29.13,28.95,29.13,814522
2012-04-24 12:00:00,29.14,29.16,29.01,29.07,865622
2012-04-24 12:15:00,29.07,29.13,29.07,29.11,903754
2012-04-24 12:30:00,29.12,29.13,29.01,29.08,962021
2012-04-24 12:45:00,29.0707,29.11,29.06,29.11,1012147
2012-04-24 13:00:00,29.105,29.13,29.1,29.11,1047693
2012-04-24 13:15:00,29.11,29.12,29.09,29.115,1074406
2012-04-24 13:30:00,29.12,29.12,29.1,29.1,1097567
2012-04-24 13:45:00,29.1001,29.14,28.99,29.05,1141690
2012-04-24 14:00:00,29.05,29.06,28.99,29.0,1176728
2012-04-24 14:15:00,29.0,29.055,28.9,28.9125,1223295
2012-04-24 14:30:00,28.91,29.18,28.91,29.17,1299845
2012-04-24 14:45:00,29.16,29.17,29.05,29.1275,1340773
2012-04-24 15:00:00,29.1235,29.2,29.1235,29.2,1389918
2012-04-24 15:15:00,29.19,29.24,29.19,29.21,1508409
2012-04-24 15:30:00,29.21,29.245,29.185,29.225,1578671
2012-04-24 15:45:00,29.23,29.28,29.16,29.175,1686449
2012-04-24 16:00:00,29.175,29.32,29.01,29.31,1941543
2012-04-25 09:45:00,29.68,30.27,29.27,29.5,255313
2012-04-25 10:00:00,29.49,30.07,29.49,29.53,427948
2012-04-25 10:15:00,29.52,29.78,29.4,29.78,537980
2012-04-25 10:30:00,29.76,29.76,29.5,29.61,583685
2012-04-25 10:45:00,29.59,29.78,29.59,29.7,624350
2012-04-25 11:00:00,29.68,29.83,29.68,29.79,661488
2012-04-25 11:15:00,29.76,29.86,29.72,29.72,685332
2012-04-25 11:30:00,29.72,29.8,29.72,29.72,708132
2012-04-25 11:45:00,29.73,29.73,29.45,29.49,772844
2012-04-25 12:00:00,29.48,29.5,29.41,29.41,796640
2012-04-25 12:15:00,29.4,29.45,29.29,29.39,838752
2012-04-25 12:30:00,29.39,29.51,29.35,29.38,869476
2012-04-25 12:45:00,29.37,29.5,29.35,29.47,906885
2012-04-25 13:00:00,29.47,29.47,29.35,29.39,952727
2012-04-25 13:15:00,29.39,29.44,29.35,29.39,994768
2012-04-25 13:30:00,29.38,29.38,29.26,29.31,1072222
2012-04-25 13:45:00,29.31,29.4,29.31,29.31,1116270
2012-04-25 14:00:00,29.31,29.41,29.31,29.33,1202544
2012-04-25 14:15:00,29.33,29.38,29.3,29.33,1247899
2012-04-25 14:30:00,29.32,29.32,29.21,29.21,1445863
2012-04-25 14:45:00,29.21,29.25,29.01,29.04,1499347
2012-04-25 15:00:00,29.04,29.2,28.95,29.04,1589412
2012-04-25 15:15:00,29.04,29.04,28.89,28.97,1712653
2012-04-25 15:30:00,28.97,29.05,28.85,28.95,1806479
2012-04-25 15:45:00,28.97,29.04,28.89,29.03,1900570
2012-04-25 16:00:00,29.04,29.3201,29.02,29.19,2142967
2012-04-26 09:45:00,29.23,29.44,29.05,29.39,23555
2012-04-26 10:00:00,29.44,29.5,29.25,29.5,75198
2012-04-26 10:15:00,29.5,29.64,29.46,29.56,122280
2012-04-26 10:30:00,29.57,29.61,29.41,29.54,149985
2012-04-26 10:45:00,29.57,29.64,29.42,29.635,176417
2012-04-26 11:00:00,29.64,29.64,29.55,29.62,199804
2012-04-26 11:15:00,29.62,29.69,29.55,29.55,224049
2012-04-26 11:30:00,29.54,29.61,29.54,29.6088,237549
2012-04-26 11:45:00,29.61,29.68,29.59,29.59,255599
2012-04-26 12:00:00,29.6,29.64,29.57,29.6,426739
2012-04-26 12:15:00,29.62,29.71,29.62,29.63,449115
2012-04-26 12:30:00,29.66,29.71,29.63,29.7,470115
2012-04-26 12:45:00,29.7,29.73,29.65,29.7,483747
2012-04-26 13:00:00,29.7,29.7,29.64,29.69,510047
2012-04-26 13:15:00,29.69,29.74,29.67,29.67,540087
2012-04-26 13:30:00,29.68,29.68,29.59,29.6,575087
2012-04-26 13:45:00,29.61,29.72,29.61,29.68,601241
2012-04-26 14:00:00,29.69,29.86,29.69,29.81,622175
2012-04-26 14:15:00,29.82,29.87,29.77,29.8,662763
2012-04-26 14:30:00,29.8,29.92,29.77,29.77,716283
2012-04-26 14:45:00,29.76,29.93,29.75,29.892,773663
2012-04-26 15:00:00,29.89,29.91,29.76,29.76,802288
2012-04-26 15:15:00,29.76,29.76,29.62,29.64,857272
2012-04-26 15:30:00,29.63,29.66,29.59,29.6,909199
2012-04-26 15:45:00,29.6,29.62,29.54,29.61,1008542
2012-04-26 16:00:00,29.62,29.65,29.57,29.58,1181587
2012-04-27 09:45:00,29.65,29.85,29.63,29.67,9163
2012-04-27 10:00:00,29.66,29.72,29.66,29.71,16693
2012-04-27 10:15:00,29.73,29.74,29.56,29.57,27823
2012-04-27 10:30:00,29.56,29.56,29.42,29.43,58603
2012-04-27 10:45:00,29.44,29.505,29.43,29.47,73517
2012-04-27 11:00:00,29.47,29.49,29.41,29.41,86467
2012-04-27 11:15:00,29.41,29.5,29.395,29.49,112759
2012-04-27 11:30:00,29.49,29.5,29.37,29.43,165317
2012-04-27 11:45:00,29.43,29.47,29.415,29.43,189170
2012-04-27 12:00:00,29.45,29.53,29.45,29.53,195446
2012-04-27 12:15:00,29.53,29.54,29.49,29.53,205794
2012-04-27 12:30:00,29.53,29.57,29.53,29.5625,209894
2012-04-27 12:45:00,29.57,29.57,29.49,29.5,233812
2012-04-27 13:00:00,29.5,29.51,29.43,29.44,252512
2012-04-27 13:15:00,29.44,29.46,29.41,29.43,281709
2012-04-27 13:30:00,29.43,29.49,29.42,29.49,290717
2012-04-27 13:45:00,29.5,29.58,29.5,29.57,297860
2012-04-27 14:00:00,29.57,29.57,29.47,29.48,310621
2012-04-27 14:15:00,29.48,29.53,29.48,29.52,329857
2012-04-27 14:30:00,29.53,29.61,29.505,29.505,358125
2012-04-27 14:45:00,29.49,29.49,29.44,29.46,372481
2012-04-27 15:00:00,29.46,29.49,29.45,29.49,384158
2012-04-27 15:15:00,29.5,29.51,29.48,29.4901,398331
2012-04-27 15:30:00,29.5,29.5,29.44,29.45,416982
2012-04-27 15:45:00,29.45,29.45,29.38,29.39,467075
2012-04-27 16:00:00,29.4,29.41,29.34,29.34,611920
2012-04-30 09:45:00,29.26,29.41,29.12,29.13,20547
2012-04-30 10:00:00,29.13,29.13,28.9353,28.95,116431
2012-04-30 10:15:00,28.94,29.11,28.93,29.08,154635
2012-04-30 10:30:00,29.08,29.2,29.04,29.13,206977
2012-04-30 10:45:00,29.1225,29.17,29.11,29.13,261504
2012-04-30 11:00:00,29.13,29.13,28.99,29.0,289837
2012-04-30 11:15:00,29.0,29.08,28.98,28.98,326765
2012-04-30 11:30:00,28.98,28.98,28.884,28.884,356007
2012-04-30 11:45:00,28.89,28.9,28.82,28.82,379054
2012-04-30 12:00:00,28.825,28.83,28.7,28.75,425538
2012-04-30 12:15:00,28.74,28.81,28.71,28.78,454596
2012-04-30 12:30:00,28.78,28.91,28.7738,28.9,477559
2012-04-30 12:45:00,28.9,29.01,28.9,28.94,549637
2012-04-30 13:00:00,28.95,28.95,28.86,28.88,565294
2012-04-30 13:15:00,28.8825,28.95,28.88,28.93,589499
2012-04-30 13:30:00,28.91,28.95,28.8938,28.95,607729
2012-04-30 13:45:00,28.95,28.99,28.93,28.94,632702
2012-04-30 14:00:00,28.94,29.02,28.93,29.02,643893
2012-04-30 14:15:00,29.02,29.06,29.02,29.0238,654626
2012-04-30 14:30:00,29.03,29.03,28.97,28.99,665880
2012-04-30 14:45:00,28.99,29.04,28.99,29.03,680325
2012-04-30 15:00:00,29.04,29.08,29.03,29.08,688924
2012-04-30 15:15:00,29.09,29.09,29.035,29.05,704875
2012-04-30 15:30:00,29.05,29.11,29.04,29.11,722218
2012-04-30 15:45:00,29.11,29.16,29.1,29.15,753280
2012-04-30 16:00:00,29.16,29.22,29.16,29.21,837587
2012-05-01 09:45:00,29.19,29.58,29.16,29.45,20796
2012-05-01 10:00:00,29.45,29.52,29.41,29.41,37585
2012-05-01 10:15:00,29.41,29.75,29.41,29.72,71283
2012-05-01 10:30:00,29.7201,29.86,29.72,29.86,87126
2012-05-01 10:45:00,29.86,29.87,29.63,29.6429,111401
2012-05-01 11:00:00,29.64,29.8,29.64,29.73,230901
2012-05-01 11:15:00,29.72,29.76,29.68,29.71,250223
2012-05-01 11:30:00,29.73,29.75,29.68,29.69,272028
2012-05-01 11:45:00,29.69,29.69,29.64,29.66,285146
2012-05-01 12:00:00,29.665,29.69,29.66,29.69,295350
2012-05-01 12:15:00,29.69,29.69,29.6,29.62,310503
2012-05-01 12:30:00,29.62,29.62,29.57,29.58,321713
2012-05-01 12:45:00,29.58,29.62,29.58,29.6,331713
2012-05-01 13:00:00,29.59,29.6,29.59,29.595,339064
2012-05-01 13:15:00,29.6,29.61,29.54,29.54,355159
2012-05-01 13:30:00,29.54,29.56,29.45,29.48,379244
2012-05-01 13:45:00,29.475,29.48,29.47,29.47,387656
2012-05-01 14:00:00,29.48,29.48,29.4,29.47,422477
2012-05-01 14:15:00,29.47,29.47,29.36,29.36,485829
2012-05-01 14:30:00,29.35,29.365,29.3,29.31,515731
2012-05-01 14:45:00,29.31,29.33,29.3,29.32,538690
2012-05-01 15:00:00,29.33,29.35,29.31,29.34,568614
2012-05-01 15:15:00,29.34,29.34,29.3,29.32,606880
2012-05-01 15:30:00,29.33,29.33,29.26,29.2605,634792
2012-05-01 15:45:00,29.26,29.26,29.13,29.18,736947
2012-05-01 16:00:00,29.185,29.2,29.08,29.11,917487
2012-05-02 09:45:00,29.1,29.2,28.975,29.19,73788
2012-05-02 10:00:00,29.19,29.27,29.19,29.24,90915
2012-05-02 10:15:00,29.24,29.24,29.05,29.06,106345
2012-05-02 10:30:00,29.05,29.06,28.94,28.95,132645
2012-05-02 10:45:00,28.95,29.03,28.95,29.02,154374
2012-05-02 11:00:00,29.02,29.1,29.02,29.1,192182
2012-05-02 11:15:00,29.1,29.125,29.085,29.12,227868
2012-05-02 11:30:00,29.115,29.17,29.095,29.1,249826
2012-05-02 11:45:00,29.1,29.11,29.09,29.1,266526
2012-05-02 12:00:00,29.1,29.11,29.09,29.1,274830
2012-05-02 12:15:00,29.1,29.11,29.1,29.1035,285430
2012-05-02 12:30:00,29.11,29.14,29.1,29.13,309262
2012-05-02 12:45:00,29.14,29.18,29.13,29.18,327661
2012-05-02 13:00:00,29.18,29.2,29.16,29.185,343299
2012-05-02 13:15:00,29.18,29.19,29.1,29.1,359694
2012-05-02 13:30:00,29.1,29.11,29.06,29.09,375881
2012-05-02 13:45:00,29.09,29.17,29.08,29.09,391587
2012-05-02 14:00:00,29.09,29.15,29.09,29.14,410393
2012-05-02 14:15:00,29.13,29.17,29.13,29.17,423701
2012-05-02 14:30:00,29.17,29.22,29.15,29.22,452634
2012-05-02 14:45:00,29.22,29.23,29.17,29.19,473406
2012-05-02 15:00:00,29.19,29.2,29.1425,29.15,498563
2012-05-02 15:15:00,29.15,29.16,29.14,29.16,522843
2012-05-02 15:30:00,29.16,29.17,29.08,29.08,559380
2012-05-02 15:45:00,29.08,29.09,29.0,29.06,634416
2012-05-02 16:00:00,29.06,29.15,29.06,29.13,715435
2012-05-03 09:45:00,29.12,29.3,29.12,29.265,16454
2012-05-03 10:00:00,29.25,29.34,29.25,29.32,30776
2012-05-03 10:15:00,29.3,29.37,29.25,29.29,52778
2012-05-03 10:30:00,29.3,29.3,29.16,29.23,81257
2012-05-03 10:45:00,29.22,29.22,29.16,29.16,102538
2012-05-03 11:00:00,29.16,29.24,29.16,29.2,123147
2012-05-03 11:15:00,29.2,29.2,29.09,29.1,161373
2012-05-03 11:30:00,29.1,29.2,29.09,29.17,175612
2012-05-03 11:45:00,29.17,29.22,29.13,29.22,190401
2012-05-03 12:00:00,29.22,29.22,29.14,29.2,210679
2012-05-03 12:15:00,29.21,29.24,29.16,29.175,248079
2012-05-03 12:30:00,29.175,29.22,29.175,29.21,268016
2012-05-03 12:45:00,29.21,29.21,29.04,29.04,280288
2012-05-03 13:00:00,29.03,29.12,29.01,29.08,291278
2012-05-03 13:15:00,29.06,29.11,29.05,29.095,310252
2012-05-03 13:30:00,29.07,29.1,29.04,29.0992,331159
2012-05-03 13:45:00,29.1,29.115,29.04,29.041,358984
2012-05-03 14:00:00,29.04,29.04,28.95,29.0,374384
2012-05-03 14:15:00,28.99,29.04,28.98,29.02,402926
2012-05-03 14:30:00,29.02,29.06,29.02,29.05,414515
2012-05-03 14:45:00,29.045,29.06,28.99,29.02,433672
2012-05-03 15:00:00,29.03,29.03,28.99,29.0,446618
2012-05-03 15:15:00,29.01,29.065,29.0,29.065,462006
2012-05-03 15:30:00,29.06,29.11,29.06,29.1,481987
2012-05-03 15:45:00,29.11,29.19,29.09,29.19,541612
2012-05-03 16:00:00,29.18,29.28,29.17,29.25,704208
2012-05-04 09:45:00,29.24,29.97,29.24,29.65,181153
2012-05-04 10:00:00,29.65,29.98,29.64,29.98,270811
2012-05-04 10:15:00,29.99,30.03,29.9,30.02,427087
2012-05-04 10:30:00,30.015,30.015,29.8,29.95,469748
2012-05-04 10:45:00,29.95,30.02,29.93,29.95,499861
2012-05-04 11:00:00,29.95,30.15,29.95,30.11,559150
2012-05-04 11:15:00,30.1,30.35,30.08,30.2,853565
2012-05-04 11:30:00,30.21,30.21,30.06,30.16,906368
2012-05-04 11:45:00,30.16,30.2,30.05,30.06,951554
2012-05-04 12:00:00,30.07,30.08,30.02,30.08,979889
2012-05-04 12:15:00,30.07,30.07,30.02,30.05,1003490
2012-05-04 12:30:00,30.05,30.07,30.01,30.025,1039360
2012-05-04 12:45:00,30.02,30.02,29.86,29.86,1072433
2012-05-04 13:00:00,29.86,29.87,29.782,29.79,1091810
2012-05-04 13:15:00,29.78,29.78,29.68,29.76,1152560
2012-05-04 13:30:00,29.76,29.7993,29.74,29.7899,1179627
2012-05-04 13:45:00,29.77,29.81,29.75,29.8,1190689
2012-05-04 14:00:00,29.81,29.83,29.74,29.81,1223015
2012-05-04 14:15:00,29.81,29.83,29.79,29.8,1248892
2012-05-04 14:30:00,29.81,29.81,29.71,29.71,1292074
2012-05-04 14:45:00,29.71,29.72,29.67,29.67,1347521
2012-05-04 15:00:00,29.67,29.69,29.58,29.6,1406300
2012-05-04 15:15:00,29.61,29.63,29.54,29.54,1439751
2012-05-04 15:30:00,29.54,29.56,29.47,29.49,1495245
2012-05-04 15:45:00,29.49,29.61,29.49,29.61,1557657
2012-05-04 16:00:00,29.62,29.66,29.59,29.59,2001997
2012-05-07 09:45:00,29.63,29.7,29.37,29.4,23656
2012-05-07 10:00:00,29.39,29.47,29.225,29.27,57557
2012-05-07 10:15:00,29.29,29.29,29.12,29.14,95068
2012-05-07 10:30:00,29.14,29.15,29.0,29.03,157641
2012-05-07 10:45:00,29.02,29.05,28.9995,29.02,184155
2012-05-07 11:00:00,29.0184,29.16,29.01,29.1,254883
2012-05-07 11:15:00,29.11,29.12,29.02,29.1,297410
2012-05-07 11:30:00,29.1,29.18,29.05,29.095,394995
2012-05-07 11:45:00,29.1,29.14,29.0,29.03,506163
2012-05-07 12:00:00,29.03,29.07,29.01,29.04,553050
2012-05-07 12:15:00,29.02,29.05,28.95,28.99,602749
2012-05-07 12:30:00,28.99,29.02,28.98,28.99,622317
2012-05-07 12:45:00,29.01,29.075,28.99,29.05,674360
2012-05-07 13:00:00,29.04,29.12,29.03,29.12,688160
2012-05-07 13:15:00,29.11,29.18,29.06,29.07,809582
2012-05-07 13:30:00,29.07,29.09,29.0,29.0,871677
2012-05-07 13:45:00,29.0,29.05,29.0,29.03,895310
2012-05-07 14:00:00,29.03,29.04,29.0,29.01,914358
2012-05-07 14:15:00,29.02,29.11,29.0,29.07,935584
2012-05-07 14:30:00,29.07,29.17,29.02,29.17,1008270
2012-05-07 14:45:00,29.19,29.23,29.1707,29.21,1031937
2012-05-07 15:00:00,29.21,29.26,29.18,29.18,1053432
2012-05-07 15:15:00,29.19,29.27,29.19,29.21,1085979
2012-05-07 15:30:00,29.2,29.22,29.16,29.1725,1113259
2012-05-07 15:45:00,29.18,29.24,29.16,29.17,1170149
2012-05-07 16:00:00,29.17,29.18,29.03,29.06,1260650
2012-05-08 09:45:00,29.0,29.0675,28.84,29.0,45380
2012-05-08 10:00:00,28.98,29.03,28.97,29.01,77908
2012-05-08 10:15:00,29.01,29.03,28.94,28.95,196606
2012-05-08 10:30:00,28.94,28.945,28.87,28.885,229149
2012-05-08 10:45:00,28.885,28.89,28.66,28.7,324577
2012-05-08 11:00:00,28.69,28.77,28.65,28.76,381080
2012-05-08 11:15:00,28.77,28.79,28.5,28.51,452035
2012-05-08 11:30:00,28.51,28.68,28.505,28.675,494193
2012-05-08 11:45:00,28.67,28.7,28.66,28.69,514890
2012-05-08 12:00:00,28.69,28.77,28.645,28.73,555376
2012-05-08 12:15:00,28.73,28.75,28.675,28.73,581552
2012-05-08 12:30:00,28.75,28.76,28.73,28.73,593452
2012-05-08 12:45:00,28.73,28.74,28.69,28.74,604558
2012-05-08 13:00:00,28.73,28.75,28.71,28.73,615719
2012-05-08 13:15:00,28.73,28.75,28.65,28.71,645140
2012-05-08 13:30:00,28.71,28.73,28.6821,28.725,708911
2012-05-08 13:45:00,28.73,28.735,28.69,28.72,730045
2012-05-08 14:00:00,28.76,28.94,28.73,28.93,760645
2012-05-08 14:15:00,28.93,29.005,28.9,29.0,796563
2012-05-08 14:30:00,29.0,29.025,28.98,29.01,814402
2012-05-08 14:45:00,29.02,29.02,28.94,28.94,837806
2012-05-08 15:00:00,28.94,29.0,28.88,28.92,902149
2012-05-08 15:15:00,28.92,29.04,28.91,29.02,923247
2012-05-08 15:30:00,29.02,29.08,29.01,29.02,972154
2012-05-08 15:45:00,29.03,29.09,29.0,29.09,1007083
2012-05-08 16:00:00,29.085,29.25,29.085,29.22,1172728
2012-05-09 09:45:00,29.0,29.03,28.81,28.89,33193
2012-05-09 10:00:00,28.91,29.025,28.89,28.905,62037
2012-05-09 10:15:00,28.87,29.02,28.83,28.86,95635
2012-05-09 10:30:00,28.85,28.88,28.73,28.79,119260
2012-05-09 10:45:00,28.79,29.005,28.79,29.0,142750
2012-05-09 11:00:00,29.005,29.03,28.97,28.97,174519
2012-05-09 11:15:00,28.96,29.06,28.94,29.05,219036
2012-05-09 11:30:00,29.02,29.06,28.99,29.03,237236
2012-05-09 11:45:00,29.01,29.02,29.0,29.0,259975
2012-05-09 12:00:00,29.01,29.05,29.0,29.01,292703
2012-05-09 12:15:00,29.0,29.02,28.97,29.0,312248
2012-05-09 12:30:00,29.0,29.01,28.95,29.0,333079
2012-05-09 12:45:00,28.99,29.0,28.94,28.995,354279
2012-05-09 13:00:00,29.0,29.03,28.97,29.015,386495
2012-05-09 13:15:00,29.01,29.04,28.99,29.0,432644
2012-05-09 13:30:00,29.0,29.01,28.89,28.89,465413
2012-05-09 13:45:00,28.9,28.94,28.86,28.895,488247
2012-05-09 14:00:00,28.9,28.99,28.89,28.91,513438
2012-05-09 14:15:00,28.91,28.94,28.86,28.86,542932
2012-05-09 14:30:00,28.865,28.9,28.84,28.89,560098
2012-05-09 14:45:00,28.89,28.89,28.79,28.88,766089
2012-05-09 15:00:00,28.88,28.91,28.865,28.87,786227
2012-05-09 15:15:00,28.87,28.94,28.86,28.9,825463
2012-05-09 15:30:00,28.9,28.93,28.9,28.905,860198
2012-05-09 15:45:00,28.91,29.0,28.89,28.96,903636
2012-05-09 16:00:00,28.96,28.98,28.85,28.93,989299
2012-05-10 09:45:00,29.07,29.18,29.03,29.09,37754
2012-05-10 10:00:00,29.13,29.29,29.1,29.2,75255
2012-05-10 10:15:00,29.21,29.21,29.12,29.125,108033
2012-05-10 10:30:00,29.13,29.16,29.11,29.13,142232
2012-05-10 10:45:00,29.125,29.22,29.1,29.21,174007
2012-05-10 11:00:00,29.21,29.26,29.15,29.15,230007
2012-05-10 11:15:00,29.15,29.17,28.98,29.015,298259
2012-05-10 11:30:00,29.02,29.19,29.015,29.13,337072
2012-05-10 11:45:00,29.13,29.15,29.1,29.1,362075
2012-05-10 12:00:00,29.11,29.11,29.05,29.06,382705
2012-05-10 12:15:00,29.06,29.15,29.04,29.09,445128
2012-05-10 12:30:00,29.09,29.17,29.09,29.14,466915
2012-05-10 12:45:00,29.13,29.16,29.08,29.15,519515
2012-05-10 13:00:00,29.14,29.19,29.13,29.15,549904
2012-05-10 13:15:00,29.16,29.16,29.09,29.14,578530
2012-05-10 13:30:00,29.132,29.14,29.08,29.1,598800
2012-05-10 13:45:00,29.1,29.11,28.98,28.98,719200
2012-05-10 14:00:00,28.98,29.02,28.95,28.99,744458
2012-05-10 14:15:00,29.0,29.0,28.97,28.9899,833916
2012-05-10 14:30:00,28.99,29.0,28.95,28.96,868318
2012-05-10 14:45:00,28.965,28.99,28.95,28.96,907716
2012-05-10 15:00:00,28.96,29.0,28.93,28.99,944602
2012-05-10 15:15:00,28.99,28.99,28.88,28.89,1317785
2012-05-10 15:30:00,28.9,28.9,28.805,28.82,1345954
2012-05-10 15:45:00,28.83,28.85,28.66,28.67,1444127
2012-05-10 16:00:00,28.68,28.73,28.66,28.69,1773889
2012-05-11 09:45:00,28.61,28.91,28.585,28.88,27094
2012-05-11 10:00:00,28.85,29.0,28.85,28.97,51051
2012-05-11 10:15:00,28.97,28.98,28.72,28.73,125371
2012-05-11 10:30:00,28.74,28.85,28.73,28.82,155860
2012-05-11 10:45:00,28.82,28.85,28.79,28.79,183168
2012-05-11 11:00:00,28.79,28.83,28.77,28.78,206390
2012-05-11 11:15:00,28.77,28.85,28.76,28.78,236596
2012-05-11 11:30:00,28.78,28.82,28.71,28.71,251796
2012-05-11 11:45:00,28.7162,28.72,28.68,28.69,307297
2012-05-11 12:00:00,28.687,28.72,28.67,28.7,329821
2012-05-11 12:15:00,28.71,28.77,28.7,28.77,356837
2012-05-11 12:30:00,28.77,28.85,28.71,28.72,387982
2012-05-11 12:45:00,28.72,28.75,28.68,28.69,411558
2012-05-11 13:00:00,28.69,28.73,28.69,28.7,427054
2012-05-11 13:15:00,28.705,28.73,28.67,28.7,442673
2012-05-11 13:30:00,28.7,28.7,28.68,28.685,456790
2012-05-11 13:45:00,28.69,28.69,28.61,28.61,504047
2012-05-11 14:00:00,28.62,28.62,28.555,28.61,551750
2012-05-11 14:15:00,28.61,28.62,28.57,28.58,581846
2012-05-11 14:30:00,28.58,28.6,28.58,28.59,603046
2012-05-11 14:45:00,28.59,28.59,28.51,28.51,643618
2012-05-11 15:00:00,28.51,28.55,28.42,28.43,684196
2012-05-11 15:15:00,28.44,28.46,28.41,28.42,720625
2012-05-11 15:30:00,28.42,28.51,28.41,28.5025,768374
2012-05-11 15:45:00,28.51,28.51,28.46,28.49,827598
2012-05-11 16:00:00,28.49,28.57,28.49,28.57,979669
2012-05-14 09:45:00,28.41,28.49,28.395,28.395,14610
2012-05-14 10:00:00,28.39,28.41,28.19,28.2,29118
2012-05-14 10:15:00,28.22,28.24,28.09,28.09,45325
2012-05-14 10:30:00,28.1005,28.15,28.03,28.15,79364
2012-05-14 10:45:00,28.16,28.18,28.04,28.13,155540
2012-05-14 11:00:00,28.11,28.19,28.1,28.165,220552
2012-05-14 11:15:00,28.15,28.21,28.01,28.13,316076
2012-05-14 11:30:00,28.16,28.3,28.16,28.26,331990
2012-05-14 11:45:00,28.25,28.3,28.22,28.27,348682
2012-05-14 12:00:00,28.27,28.29,28.22,28.25,359751
2012-05-14 12:15:00,28.26,28.275,28.22,28.26,367731
2012-05-14 12:30:00,28.26,28.275,28.19,28.2,380001
2012-05-14 12:45:00,28.21,28.25,28.18,28.21,392014
2012-05-14 13:00:00,28.2,28.2,28.15,28.16,460525
2012-05-14 13:15:00,28.16,28.22,28.14,28.19,499339
2012-05-14 13:30:00,28.19,28.2,28.14,28.16,568439
2012-05-14 13:45:00,28.158,28.19,28.12,28.17,590912
2012-05-14 14:00:00,28.17,28.17,28.14,28.15,600648
2012-05-14 14:15:00,28.15,28.16,28.1,28.1,649204
2012-05-14 14:30:00,28.11,28.15,28.08,28.14,682545
2012-05-14 14:45:00,28.14,28.17,28.13,28.15,705574
2012-05-14 15:00:00,28.15,28.16,28.1,28.1,722981
2012-05-14 15:15:00,28.1,28.12,28.08,28.11,788698
2012-05-14 15:30:00,28.11,28.16,28.1,28.105,815987
2012-05-14 15:45:00,28.11,28.125,28.085,28.09,861222
2012-05-14 16:00:00,28.09,28.11,28.0,28.02,952141
2012-05-15 09:45:00,28.09,28.09,27.87,28.0,40412
2012-05-15 10:00:00,28.03,28.03,27.95,27.99,122272
2012-05-15 10:15:00,28.0,28.03,27.98,28.0,197297
2012-05-15 10:30:00,27.99,28.13,27.99,28.12,250908
2012-05-15 10:45:00,28.13,28.13,27.99,28.05,417669
2012-05-15 11:00:00,28.05,28.07,28.01,28.02,471311
2012-05-15 11:15:00,28.03,28.05,27.99,27.99,546971
2012-05-15 11:30:00,27.992,28.03,27.99,28.02,624231
2012-05-15 11:45:00,28.03,28.06,28.02,28.04,666440
2012-05-15 12:00:00,28.03,28.07,28.0,28.04,706150
2012-05-15 12:15:00,28.05,28.09,28.03,28.05,741404
2012-05-15 12:30:00,28.05,28.06,28.04,28.05,755564
2012-05-15 12:45:00,28.05,28.06,28.04,28.05,764977
2012-05-15 13:00:00,28.05,28.05,28.0,28.0,780576
2012-05-15 13:15:00,28.0,28.04,27.95,27.99,1127169
2012-05-15 13:30:00,27.99,28.055,27.98,28.015,1179288
2012-05-15 13:45:00,28.01,28.06,27.9837,28.0,1242386
2012-05-15 14:00:00,28.0,28.05,28.0,28.0,1283892
2012-05-15 14:15:00,28.01,28.08,28.0,28.08,1328105
2012-05-15 14:30:00,28.08,28.08,27.99,27.99,1445829
2012-05-15 14:45:00,28.0,28.0,27.92,27.99,1501144
2012-05-15 15:00:00,28.0,28.0,27.91,27.93,1549956
2012-05-15 15:15:00,27.93,27.93,27.72,27.72,1647553
2012-05-15 15:30:00,27.71,27.84,27.63,27.8,1722049
2012-05-15 15:45:00,27.8,28.0,27.8,27.93,1918125
2012-05-15 16:00:00,27.93,28.06,27.91,28.06,2133772
2012-05-16 09:45:00,28.06,28.31,28.02,28.28,150027
2012-05-16 10:00:00,28.27,28.41,28.27,28.41,231024
2012-05-16 10:15:00,28.38,28.42,28.29,28.37,279423
2012-05-16 10:30:00,28.37,28.62,28.36,28.53,307266
2012-05-16 10:45:00,28.53,28.56,28.43,28.48,347213
2012-05-16 11:00:00,28.46,28.525,28.43,28.47,383209
2012-05-16 11:15:00,28.465,28.48,28.33,28.4,424623
2012-05-16 11:30:00,28.41,28.43,28.39,28.4,484429
2012-05-16 11:45:00,28.4,28.5,28.4,28.5,531005
2012-05-16 12:00:00,28.5,28.57,28.49,28.51,567205
2012-05-16 12:15:00,28.51,28.53,28.43,28.45,592305
2012-05-16 12:30:00,28.46,28.56,28.45,28.52,656974
2012-05-16 12:45:00,28.525,28.55,28.48,28.52,681589
2012-05-16 13:00:00,28.52,28.55,28.48,28.55,709621
2012-05-16 13:15:00,28.55,28.55,28.43,28.445,789097
2012-05-16 13:30:00,28.45,28.55,28.44,28.52,809837
2012-05-16 13:45:00,28.53,28.53,28.43,28.45,884984
2012-05-16 14:00:00,28.45,28.51,28.44,28.51,913769
2012-05-16 14:15:00,28.51,28.52,28.41,28.42,949750
2012-05-16 14:30:00,28.42,28.52,28.42,28.43,984631
2012-05-16 14:45:00,28.425,28.47,28.3101,28.32,1051499
2012-05-16 15:00:00,28.31,28.41,28.31,28.4,1080181
2012-05-16 15:15:00,28.41,28.435,28.36,28.3938,1133417
2012-05-16 15:30:00,28.39,28.4,28.34,28.36,1181423
2012-05-16 15:45:00,28.36,28.5,28.34,28.39,1270253
2012-05-16 16:00:00,28.39,28.395,28.16,28.18,1528515
2012-05-17 09:45:00,28.29,28.44,28.24,28.35,26302
2012-05-17 10:00:00,28.31,28.31,28.18,28.27,38261
2012-05-17 10:15:00,28.27,28.27,28.13,28.2,73997
2012-05-17 10:30:00,28.195,28.22,28.03,28.04,95758
2012-05-17 10:45:00,28.03,28.03,27.91,27.93,116624
2012-05-17 11:00:00,27.94,27.95,27.84,27.9,137920
2012-05-17 11:15:00,27.91,27.915,27.78,27.87,162869
2012-05-17 11:30:00,27.86,27.89,27.72,27.73,180367
2012-05-17 11:45:00,27.74,27.74,27.594,27.65,205834
2012-05-17 12:00:00,27.64,27.69,27.63,27.67,231203
2012-05-17 12:15:00,27.67,27.68,27.55,27.56,258102
2012-05-17 12:30:00,27.56,27.8,27.56,27.78,296772
2012-05-17 12:45:00,27.78,27.78,27.6,27.69,323399
2012-05-17 13:00:00,27.69,27.71,27.68,27.685,345128
2012-05-17 13:15:00,27.68,27.705,27.61,27.61,366907
2012-05-17 13:30:00,27.61,27.61,27.49,27.51,454598
2012-05-17 13:45:00,27.51,27.57,27.5,27.505,468000
2012-05-17 14:00:00,27.5,27.57,27.5,27.57,482900
2012-05-17 14:15:00,27.57,27.58,27.5,27.51,511042
2012-05-17 14:30:00,27.5,27.518,27.5,27.51,523124
2012-05-17 14:45:00,27.51,27.515,27.41,27.44,589474
2012-05-17 15:00:00,27.4315,27.51,27.41,27.5,666291
2012-05-17 15:15:00,27.52,27.57,27.49,27.5,688202
2012-05-17 15:30:00,27.5,27.51,27.43,27.45,724042
2012-05-17 15:45:00,27.45,27.45,27.28,27.29,880457
2012-05-17 16:00:00,27.29,27.295,27.07,27.16,1298912
2012-05-18 09:45:00,27.21,27.51,27.18,27.51,43924
2012-05-18 10:00:00,27.53,27.87,27.48,27.78,116628
2012-05-18 10:15:00,27.77,27.8999,27.77,27.83,155104
2012-05-18 10:30:00,27.83,27.89,27.65,27.68,184915
2012-05-18 10:45:00,27.68,27.85,27.64,27.85,235046
2012-05-18 11:00:00,27.85,27.93,27.81,27.89,272146
2012-05-18 11:15:00,27.89,27.91,27.65,27.69,304807
2012-05-18 11:30:00,27.71,27.89,27.71,27.78,331677
2012-05-18 11:45:00,27.8,27.82,27.49,27.65,374491
2012-05-18 12:00:00,27.65,27.68,27.53,27.58,417647
2012-05-18 12:15:00,27.61,27.82,27.6,27.77,440420
2012-05-18 12:30:00,27.78,27.92,27.77,27.85,487993
2012-05-18 12:45:00,27.85,27.93,27.82,27.83,508571
2012-05-18 13:00:00,27.83,27.89,27.77,27.82,550508
2012-05-18 13:15:00,27.84,27.91,27.771,27.8,598199
2012-05-18 13:30:00,27.81,27.86,27.77,27.78,616599
2012-05-18 13:45:00,27.78,27.78,27.65,27.68,631006
2012-05-18 14:00:00,27.69,27.695,27.57,27.57,653466
2012-05-18 14:15:00,27.56,27.645,27.56,27.64,675259
2012-05-18 14:30:00,27.64,27.66,27.58,27.59,693516
2012-05-18 14:45:00,27.59,27.595,27.5,27.53,717913
2012-05-18 15:00:00,27.53,27.64,27.51,27.6,756785
2012-05-18 15:15:00,27.6,27.635,27.54,27.63,781078
2012-05-18 15:30:00,27.63,27.66,27.54,27.57,811246
2012-05-18 15:45:00,27.58,27.58,27.38,27.41,839713
2012-05-18 16:00:00,27.41,27.5,27.22,27.5,1015379
2012-05-21 09:45:00,27.65,27.72,27.53,27.61,46349
2012-05-21 10:00:00,27.615,27.65,27.49,27.65,78831
2012-05-21 10:15:00,27.65,27.69,27.64,27.68,104381
2012-05-21 10:30:00,27.68,27.8,27.67,27.75,134416
2012-05-21 10:45:00,27.75,27.87,27.74,27.82,156079
2012-05-21 11:00:00,27.82,27.87,27.82,27.85,182685
2012-05-21 11:15:00,27.84,27.85,27.72,27.74,200624
2012-05-21 11:30:00,27.74,27.75,27.65,27.65,209765
2012-05-21 11:45:00,27.66,27.66,27.6,27.61,223922
2012-05-21 12:00:00,27.61,27.68,27.61,27.66,239411
2012-05-21 12:15:00,27.66,27.71,27.59,27.61,258429
2012-05-21 12:30:00,27.59,27.62,27.58,27.6144,288091
2012-05-21 12:45:00,27.61,27.66,27.605,27.65,306063
2012-05-21 13:00:00,27.645,27.66,27.6,27.6248,341025
2012-05-21 13:15:00,27.64,27.76,27.62,27.74,351956
2012-05-21 13:30:00,27.75,27.9,27.75,27.81,378550
2012-05-21 13:45:00,27.82,27.82,27.66,27.67,392561
2012-05-21 14:00:00,27.67,27.7091,27.63,27.66,406703
2012-05-21 14:15:00,27.65,27.7,27.65,27.67,427968
2012-05-21 14:30:00,27.68,27.74,27.67,27.73,448618
2012-05-21 14:45:00,27.73,27.74,27.64,27.65,471563
2012-05-21 15:00:00,27.64,27.65,27.605,27.63,491666
2012-05-21 15:15:00,27.63,27.84,27.62,27.76,639445
2012-05-21 15:30:00,27.79,27.84,27.78,27.83,678228
2012-05-21 15:45:00,27.81,27.84,27.75,27.78,759005
2012-05-21 16:00:00,27.77,27.85,27.75,27.78,885996
2012-05-22 09:45:00,27.83,28.08,27.774,27.93,41297
2012-05-22 10:00:00,27.94,27.94,27.83,27.87,63457
2012-05-22 10:15:00,27.86,27.98,27.86,27.93,99706
2012-05-22 10:30:00,27.94,27.96,27.94,27.96,125963
2012-05-22 10:45:00,27.96,28.04,27.95,28.0,151736
2012-05-22 11:00:00,28.01,28.055,27.99,28.05,175364
2012-05-22 11:15:00,28.06,28.125,28.03,28.06,204552
2012-05-22 11:30:00,28.06,28.13,28.05,28.13,217295
2012-05-22 11:45:00,28.125,28.14,28.05,28.05,233417
2012-05-22 12:00:00,28.03,28.03,27.99,28.0,244444
2012-05-22 12:15:00,28.0,28.01,27.85,27.96,268354
2012-05-22 12:30:00,27.95,28.05,27.94,28.045,297754
2012-05-22 12:45:00,28.04,28.045,27.86,27.9,323892
2012-05-22 13:00:00,27.9,27.93,27.9,27.9,334336
2012-05-22 13:15:00,27.91,27.92,27.89,27.9,344444
2012-05-22 13:30:00,27.9,27.94,27.89,27.9,369785
2012-05-22 13:45:00,27.9,27.95,27.89,27.89,387207
2012-05-22 14:00:00,27.89,27.94,27.86,27.93,408845
2012-05-22 14:15:00,27.94,27.95,27.87,27.8999,431826
2012-05-22 14:30:00,27.9,27.93,27.89,27.91,445522
2012-05-22 14:45:00,27.92,27.93,27.8999,27.93,477804
2012-05-22 15:00:00,27.93,27.94,27.89,27.915,513926
2012-05-22 15:15:00,27.92,27.92,27.8,27.82,558727
2012-05-22 15:30:00,27.82,27.85,27.79,27.8,713838
2012-05-22 15:45:00,27.79,27.805,27.74,27.757,830326
2012-05-22 16:00:00,27.76,27.81,27.67,27.81,1047724
2012-05-23 09:45:00,27.51,27.71,27.22,27.3,32927
2012-05-23 10:00:00,27.23,27.54,27.23,27.54,54390
2012-05-23 10:15:00,27.53,27.56,27.37,27.38,109890
2012-05-23 10:30:00,27.4,27.42,27.37,27.42,118147
2012-05-23 10:45:00,27.42,27.44,27.4,27.44,129582
2012-05-23 11:00:00,27.44,27.44,27.36,27.36,140544
2012-05-23 11:15:00,27.35,27.38,27.32,27.36,155452
2012-05-23 11:30:00,27.363,27.38,27.289,27.289,166198
2012-05-23 11:45:00,27.2885,27.32,27.235,27.31,202293
2012-05-23 12:00:00,27.31,27.32,27.3,27.3,208875
2012-05-23 12:15:00,27.3,27.31,27.28,27.28,220075
2012-05-23 12:30:00,27.28,27.31,27.26,27.28,223075
2012-05-23 12:45:00,27.26,27.27,27.23,27.27,229556
2012-05-23 13:00:00,27.25,27.27,27.23,27.24,236056
2012-05-23 13:15:00,27.26,27.27,27.23,27.26,241056
2012-05-23 13:30:00,27.27,27.29,27.24,27.27,246600
2012-05-23 13:45:00,27.29,27.32,27.27,27.32,250700
2012-05-23 14:00:00,27.31,27.33,27.27,27.29,267094
2012-05-23 14:15:00,27.28,27.29,27.22,27.22,275594
2012-05-23 14:30:00,27.21,27.3,27.18,27.295,324404
2012-05-23 14:45:00,27.2925,27.31,27.29,27.3,368383
2012-05-23 15:00:00,27.3,27.355,27.26,27.34,428681
2012-05-23 15:15:00,27.34,27.35,27.3,27.35,458170
2012-05-23 15:30:00,27.35,27.43,27.32,27.4,597398
2012-05-23 15:45:00,27.4,27.54,27.38,27.48,702225
2012-05-23 16:00:00,27.48,27.49,27.33,27.37,938014
2012-05-24 09:45:00,27.48,27.65,27.38,27.62,14024
2012-05-24 10:00:00,27.61,27.63,27.46,27.55,42924
2012-05-24 10:15:00,27.58,27.68,27.58,27.64,52883
2012-05-24 10:30:00,27.64,27.81,27.64,27.81,64470
2012-05-24 10:45:00,27.82,27.89,27.76,27.84,77535
2012-05-24 11:00:00,27.86,27.86,27.71,27.75,89338
2012-05-24 11:15:00,27.74,27.74,27.68,27.72,99726
2012-05-24 11:30:00,27.73,27.73,27.66,27.67,113578
2012-05-24 11:45:00,27.68,27.72,27.655,27.68,126018
2012-05-24 12:00:00,27.66,27.67,27.55,27.5748,131635
2012-05-24 12:15:00,27.57,27.57,27.51,27.54,136238
2012-05-24 12:30:00,27.54,27.58,27.5,27.51,159720
2012-05-24 12:45:00,27.5,27.56,27.5,27.52,166921
2012-05-24 13:00:00,27.51,27.55,27.5,27.51,170449
2012-05-24 13:15:00,27.55,27.63,27.52,27.63,179966
2012-05-24 13:30:00,27.6,27.65,27.58,27.59,192433
2012-05-24 13:45:00,27.57,27.645,27.5021,27.63,212394
2012-05-24 14:00:00,27.63,27.64,27.56,27.575,228893
2012-05-24 14:15:00,27.55,27.64,27.55,27.6,254904
2012-05-24 14:30:00,27.6,27.64,27.58,27.6399,267004
2012-05-24 14:45:00,27.62,27.71,27.62,27.64,284904
2012-05-24 15:00:00,27.63,27.66,27.57,27.64,307494
2012-05-24 15:15:00,27.64,27.66,27.6,27.61,324460
2012-05-24 15:30:00,27.6125,27.68,27.57,27.645,346121
2012-05-24 15:45:00,27.63,27.69,27.54,27.56,367561
2012-05-24 16:00:00,27.57,27.71,27.56,27.68,485349
2012-05-25 09:45:00,27.54,27.69,27.54,27.61,13054
2012-05-25 10:00:00,27.62,27.65,27.58,27.58,25654
2012-05-25 10:15:00,27.59,27.62,27.58,27.61,36953
2012-05-25 10:30:00,27.6,27.61,27.59,27.61,43805
2012-05-25 10:45:00,27.61,27.67,27.59,27.61,56148
2012-05-25 11:00:00,27.6,27.62,27.59,27.61,61614
2012-05-25 11:15:00,27.61,27.63,27.6,27.63,68814
2012-05-25 11:30:00,27.63,27.74,27.63,27.74,77993
2012-05-25 11:45:00,27.73,27.77,27.71,27.77,95972
2012-05-25 12:00:00,27.77,27.8,27.77,27.795,104572
2012-05-25 12:15:00,27.8,27.86,27.8,27.84,123192
2012-05-25 12:30:00,27.85,27.86,27.75,27.77,140160
2012-05-25 12:45:00,27.76,27.78,27.75,27.75,147645
2012-05-25 13:00:00,27.76,27.76,27.73,27.74,155945
2012-05-25 13:15:00,27.74,27.7425,27.72,27.74,165664
2012-05-25 13:30:00,27.74,27.75,27.72,27.74,178782
2012-05-25 13:45:00,27.74,27.77,27.72,27.76,185492
2012-05-25 14:00:00,27.77,27.78,27.75,27.77,195592
2012-05-25 14:15:00,27.77,27.77,27.74,27.74,203492
2012-05-25 14:30:00,27.75,27.75,27.71,27.71,216293
2012-05-25 14:45:00,27.72,27.73,27.71,27.72,227593
2012-05-25 15:00:00,27.73,27.7485,27.72,27.735,241470
2012-05-25 15:15:00,27.73,27.76,27.72,27.73,252661
2012-05-25 15:30:00,27.72,27.7225,27.6,27.63,284034
2012-05-25 15:45:00,27.63,27.72,27.62,27.71,329608
2012-05-25 16:00:00,27.71,27.76,27.71,27.75,380993
2012-05-29 09:45:00,27.81,27.89,27.742,27.78,15375
2012-05-29 10:00:00,27.78,27.81,27.71,27.73,33299
2012-05-29 10:15:00,27.73,27.81,27.7,27.74,59416
2012-05-29 10:30:00,27.74,27.82,27.74,27.82,85281
2012-05-29 10:45:00,27.815,27.89,27.815,27.88,109617
2012-05-29 11:00:00,27.88,28.01,27.87,28.0,130340
2012-05-29 11:15:00,28.0,28.0,27.97,28.0,151582
2012-05-29 11:30:00,27.99,28.0,27.81,27.81,171392
2012-05-29 11:45:00,27.81,27.83,27.76,27.8,190700
2012-05-29 12:00:00,27.8,27.83,27.79,27.8,213064
2012-05-29 12:15:00,27.81,27.86,27.75,27.84,244959
2012-05-29 12:30:00,27.85,27.86,27.79,27.835,260444
2012-05-29 12:45:00,27.84,27.89,27.83,27.87,283984
2012-05-29 13:00:00,27.86,27.86,27.84,27.845,296386
2012-05-29 13:15:00,27.845,27.88,27.8425,27.88,312262
2012-05-29 13:30:00,27.87,27.91,27.8,27.81,326330
2012-05-29 13:45:00,27.81,27.82,27.75,27.81,344130
2012-05-29 14:00:00,27.81,27.85,27.79,27.8,355319
2012-05-29 14:15:00,27.79,27.82,27.78,27.81,367267
2012-05-29 14:30:00,27.82,27.84,27.79,27.83,381784
2012-05-29 14:45:00,27.83,28.05,27.82,28.0,479064
2012-05-29 15:00:00,28.0,28.06,27.94,27.98,548029
2012-05-29 15:15:00,27.98,27.98,27.85,27.95,580807
2012-05-29 15:30:00,27.95,28.02,27.89,27.97,694827
2012-05-29 15:45:00,27.97,28.0022,27.94,27.99,732807
2012-05-29 16:00:00,27.99,28.12,27.99,28.08,877635
2012-05-30 09:45:00,27.97,27.97,27.76,27.81,38366
2012-05-30 10:00:00,27.8,27.93,27.78,27.8525,126184
2012-05-30 10:15:00,27.83,27.83,27.74,27.79,197206
2012-05-30 10:30:00,27.78,27.81,27.73,27.8,222908
2012-05-30 10:45:00,27.8,27.87,27.78,27.79,264686
2012-05-30 11:00:00,27.81,27.84,27.78,27.81,287620
2012-05-30 11:15:00,27.808,27.81,27.67,27.71,311333
2012-05-30 11:30:00,27.7,27.71,27.62,27.659,359284
2012-05-30 11:45:00,27.66,27.66,27.59,27.6,370719
2012-05-30 12:00:00,27.6,27.6,27.5,27.53,390128
2012-05-30 12:15:00,27.53,27.65,27.52,27.639,440763
2012-05-30 12:30:00,27.625,27.67,27.6,27.66,475327
2012-05-30 12:45:00,27.66,27.73,27.65,27.71,511976
2012-05-30 13:00:00,27.7,27.72,27.68,27.71,519923
2012-05-30 13:15:00,27.71,27.71,27.67,27.67,529148
2012-05-30 13:30:00,27.66,27.67,27.63,27.65,544539
2012-05-30 13:45:00,27.66,27.69,27.64,27.66,548633
2012-05-30 14:00:00,27.69,27.75,27.68,27.72,574288
2012-05-30 14:15:00,27.73,27.75,27.69,27.7,583525
2012-05-30 14:30:00,27.7,27.72,27.66,27.69,648030
2012-05-30 14:45:00,27.68,27.7,27.65,27.69,758205
2012-05-30 15:00:00,27.7,27.7,27.57,27.61,783447
2012-05-30 15:15:00,27.61,27.66,27.59,27.61,856058
2012-05-30 15:30:00,27.61,27.655,27.59,27.62,934453
2012-05-30 15:45:00,27.6,27.71,27.59,27.64,995736
2012-05-30 16:00:00,27.65,27.69,27.62,27.67,1078370
2012-05-31 09:45:00,27.63,27.63,27.46,27.52,40774
2012-05-31 10:00:00,27.52,27.6,27.45,27.58,96255
2012-05-31 10:15:00,27.59,27.67,27.56,27.65,185775
2012-05-31 10:30:00,27.65,27.65,27.53,27.559,237887
2012-05-31 10:45:00,27.55,27.55,27.52,27.54,299804
2012-05-31 11:00:00,27.54,27.55,27.48,27.55,352305
2012-05-31 11:15:00,27.55,27.55,27.3,27.309,382505
2012-05-31 11:30:00,27.3,27.35,27.21,27.321,434659
2012-05-31 11:45:00,27.33,27.42,27.33,27.38,470145
2012-05-31 12:00:00,27.39,27.45,27.38,27.45,498589
2012-05-31 12:15:00,27.45,27.47,27.375,27.44,518733
2012-05-31 12:30:00,27.43,27.5,27.41,27.49,543233
2012-05-31 12:45:00,27.48,27.49,27.44,27.45,558017
2012-05-31 13:00:00,27.44,27.47,27.4,27.41,617963
2012-05-31 13:15:00,27.43,27.5,27.42,27.465,635969
2012-05-31 13:30:00,27.46,27.49,27.425,27.45,668302
2012-05-31 13:45:00,27.46,27.48,27.4,27.41,700773
2012-05-31 14:00:00,27.41,27.41,27.37,27.4,748871
2012-05-31 14:15:00,27.4035,27.43,27.4,27.43,769356
2012-05-31 14:30:00,27.43,27.49,27.4,27.48,811229
2012-05-31 14:45:00,27.4825,27.5,27.4783,27.4965,828641
2012-05-31 15:00:00,27.5,27.5,27.46,27.5,878161
2012-05-31 15:15:00,27.5,27.66,27.48,27.65,942992
2012-05-31 15:30:00,27.65,27.77,27.6,27.76,1004543
2012-05-31 15:45:00,27.76,27.79,27.65,27.65,1085296
2012-05-31 16:00:00,27.66,27.78,27.64,27.72,1378928
2012-06-01 09:45:00,27.42,27.52,27.13,27.15,108132
2012-06-01 10:00:00,27.145,27.3,27.07,27.26,232653
2012-06-01 10:15:00,27.28,27.32,27.12,27.185,314638
2012-06-01 10:30:00,27.19,27.22,27.125,27.21,432588
2012-06-01 10:45:00,27.2,27.27,27.17,27.26,561835
2012-06-01 11:00:00,27.26,27.32,27.2,27.2,596235
2012-06-01 11:15:00,27.21,27.25,27.18,27.21,628422
2012-06-01 11:30:00,27.21,27.26,27.19,27.2,680139
2012-06-01 11:45:00,27.21,27.21,27.0,27.0,732504
2012-06-01 12:00:00,27.0,27.06,27.0,27.0,867455
2012-06-01 12:15:00,27.01,27.07,27.0,27.02,917964
2012-06-01 12:30:00,27.02,27.07,27.01,27.02,965495
2012-06-01 12:45:00,27.01,27.09,26.95,27.06,1078555
2012-06-01 13:00:00,27.06,27.07,26.99,27.01,1133955
2012-06-01 13:15:00,27.01,27.06,27.0,27.055,1228617
2012-06-01 13:30:00,27.06,27.07,27.0,27.0,1263246
2012-06-01 13:45:00,27.0,27.01,26.84,26.9164,1397389
2012-06-01 14:00:00,26.93,27.04,26.9,27.01,1443405
2012-06-01 14:15:00,27.02,27.08,26.99,27.06,1498992
2012-06-01 14:30:00,27.05,27.17,27.03,27.08,1545906
2012-06-01 14:45:00,27.09,27.17,27.07,27.14,1583741
2012-06-01 15:00:00,27.13,27.16,27.065,27.1,1642199
2012-06-01 15:15:00,27.11,27.16,27.1,27.1,1751202
2012-06-01 15:30:00,27.1,27.19,27.1,27.18,1908271
2012-06-01 15:45:00,27.18,27.27,27.17,27.23,2110869
2012-06-01 16:00:00,27.225,27.35,27.225,27.35,2298686
2012-06-04 09:45:00,27.34,27.5593,27.22,27.46,36976
2012-06-04 10:00:00,27.44,27.44,27.17,27.23,59207
2012-06-04 10:15:00,27.22,27.34,27.2,27.34,110880
2012-06-04 10:30:00,27.35,27.39,27.31,27.33,122080
2012-06-04 10:45:00,27.33,27.47,27.29,27.41,158648
2012-06-04 11:00:00,27.4,27.41,27.35,27.36,165698
2012-06-04 11:15:00,27.37,27.4,27.33,27.33,220668
2012-06-04 11:30:00,27.33,27.33,27.27,27.3,239054
2012-06-04 11:45:00,27.31,27.345,27.26,27.26,256851
2012-06-04 12:00:00,27.26,27.32,27.24,27.25,280133
2012-06-04 12:15:00,27.25,27.3,27.18,27.19,319533
2012-06-04 12:30:00,27.18,27.24,27.18,27.22,364809
2012-06-04 12:45:00,27.225,27.225,27.15,27.16,402540
2012-06-04 13:00:00,27.16,27.17,27.07,27.07,412055
2012-06-04 13:15:00,27.07,27.1,26.97,26.97,441657
2012-06-04 13:30:00,26.97,27.03,26.97,27.03,462052
2012-06-04 13:45:00,27.0115,27.15,27.01,27.14,477543
2012-06-04 14:00:00,27.14,27.19,27.06,27.19,498966
2012-06-04 14:15:00,27.19,27.25,27.19,27.21,527912
2012-06-04 14:30:00,27.21,27.27,27.205,27.2688,539588
2012-06-04 14:45:00,27.26,27.31,27.235,27.3,567449
2012-06-04 15:00:00,27.3,27.4,27.3,27.38,613479
2012-06-04 15:15:00,27.38,27.39,27.25,27.25,679949
2012-06-04 15:30:00,27.25,27.29,27.22,27.28,715723
2012-06-04 15:45:00,27.27,27.28,27.22,27.27,735717
2012-06-04 16:00:00,27.29,27.35,27.25,27.34,805302
2012-06-05 09:45:00,27.24,27.48,27.24,27.29,23647
2012-06-05 10:00:00,27.2925,27.46,27.29,27.405,54251
2012-06-05 10:15:00,27.4,27.45,27.39,27.41,67953
2012-06-05 10:30:00,27.4,27.43,27.38,27.38,87211
2012-06-05 10:45:00,27.39,27.41,27.37,27.4,104656
2012-06-05 11:00:00,27.4,27.43,27.35,27.39,121317
2012-06-05 11:15:00,27.4,27.4188,27.39,27.41,138332
2012-06-05 11:30:00,27.4,27.42,27.35,27.35,149724
2012-06-05 11:45:00,27.36,27.39,27.33,27.345,322290
2012-06-05 12:00:00,27.334,27.38,27.334,27.37,330486
2012-06-05 12:15:00,27.37,27.38,27.35,27.37,374097
2012-06-05 12:30:00,27.37,27.38,27.34,27.38,382948
2012-06-05 12:45:00,27.38,27.38,27.28,27.28,413258
2012-06-05 13:00:00,27.28,27.36,27.24,27.36,428015
2012-06-05 13:15:00,27.36,27.38,27.36,27.375,441115
2012-06-05 13:30:00,27.3725,27.38,27.36,27.38,462227
2012-06-05 13:45:00,27.38,27.385,27.34,27.37,479423
2012-06-05 14:00:00,27.36,27.38,27.36,27.37,515923
2012-06-05 14:15:00,27.37,27.39,27.36,27.37,534707
2012-06-05 14:30:00,27.3645,27.37,27.33,27.34,556733
2012-06-05 14:45:00,27.35,27.38,27.31,27.33,628998
2012-06-05 15:00:00,27.33,27.375,27.325,27.36,643692
2012-06-05 15:15:00,27.36,27.38,27.3177,27.35,665706
2012-06-05 15:30:00,27.35,27.39,27.35,27.36,758667
2012-06-05 15:45:00,27.36,27.37,27.33,27.33,822151
2012-06-05 16:00:00,27.33,27.34,27.28,27.32,918150
2012-06-06 09:45:00,27.43,27.62,27.39,27.46,21652
2012-06-06 10:00:00,27.45,27.57,27.42,27.44,72524
2012-06-06 10:15:00,27.45,27.52,27.45,27.49,102099
2012-06-06 10:30:00,27.49,27.5,27.47,27.48,108816
2012-06-06 10:45:00,27.48,27.5,27.47,27.5,129541
2012-06-06 11:00:00,27.5,27.51,27.4942,27.5,141275
2012-06-06 11:15:00,27.5,27.5,27.49,27.5,167510
2012-06-06 11:30:00,27.495,27.5,27.49,27.5,184687
2012-06-06 11:45:00,27.5,27.5,27.48,27.49,197585
2012-06-06 12:00:00,27.5,27.5,27.48,27.49,201176
2012-06-06 12:15:00,27.5,27.5,27.48,27.48,212481
2012-06-06 12:30:00,27.48,27.5,27.47,27.48,223881
2012-06-06 12:45:00,27.49,27.5,27.45,27.475,243235
2012-06-06 13:00:00,27.4775,27.49,27.47,27.475,254135
2012-06-06 13:15:00,27.48,27.49,27.46,27.46,267392
2012-06-06 13:30:00,27.47,27.49,27.465,27.48,277253
2012-06-06 13:45:00,27.48,27.49,27.47,27.475,294311
2012-06-06 14:00:00,27.48,27.49,27.47,27.49,338978
2012-06-06 14:15:00,27.49,27.5,27.45,27.47,356617
2012-06-06 14:30:00,27.47,27.49,27.46,27.49,379160
2012-06-06 14:45:00,27.49,27.5,27.48,27.49,401428
2012-06-06 15:00:00,27.49,27.5,27.48,27.48,428105
2012-06-06 15:15:00,27.48,27.49,27.47,27.49,443237
2012-06-06 15:30:00,27.49,27.49,27.46,27.48,480201
2012-06-06 15:45:00,27.48,27.49,27.45,27.455,547793
2012-06-06 16:00:00,27.46,27.5,27.445,27.4995,726664
2012-06-07 09:45:00,27.64,27.74,27.5,27.57,67127
2012-06-07 10:00:00,27.58,27.73,27.55,27.5536,161251
2012-06-07 10:15:00,27.55,27.62,27.53,27.58,227311
2012-06-07 10:30:00,27.58,27.58,27.54,27.56,248379
2012-06-07 10:45:00,27.55,27.55,27.46,27.47,272129
2012-06-07 11:00:00,27.47,27.49,27.45,27.49,283929
2012-06-07 11:15:00,27.5,27.51,27.43,27.43,314608
2012-06-07 11:30:00,27.43,27.5,27.43,27.445,334508
2012-06-07 11:45:00,27.45,27.5,27.44,27.48,349208
2012-06-07 12:00:00,27.4814,27.4814,27.44,27.45,373408
2012-06-07 12:15:00,27.45,27.5,27.43,27.47,399408
2012-06-07 12:30:00,27.48,27.5,27.45,27.45,415408
2012-06-07 12:45:00,27.46,27.5,27.46,27.46,427228
2012-06-07 13:00:00,27.46,27.4815,27.45,27.45,439565
2012-06-07 13:15:00,27.45,27.4975,27.44,27.49,452988
2012-06-07 13:30:00,27.4918,27.5,27.49,27.5,478127
2012-06-07 13:45:00,27.5,27.5,27.47,27.48,494884
2012-06-07 14:00:00,27.47,27.48,27.41,27.41,534870
2012-06-07 14:15:00,27.41,27.45,27.41,27.42,553542
2012-06-07 14:30:00,27.43,27.45,27.425,27.44,565342
2012-06-07 14:45:00,27.445,27.45,27.42,27.43,587291
2012-06-07 15:00:00,27.43,27.43,27.395,27.4,609013
2012-06-07 15:15:00,27.3925,27.43,27.38,27.4,685727
2012-06-07 15:30:00,27.395,27.41,27.38,27.39,719687
2012-06-07 15:45:00,27.39,27.39,27.34,27.355,765314
2012-06-07 16:00:00,27.36,27.37,27.2925,27.34,863951
2012-06-08 09:45:00,27.37,27.37,26.89,27.0,52132
2012-06-08 10:00:00,27.0,27.05,27.0,27.0,74174
2012-06-08 10:15:00,27.01,27.04,27.005,27.03,95656
2012-06-08 10:30:00,27.03,27.03,26.95,27.0,170211
2012-06-08 10:45:00,27.01,27.08,27.0,27.08,221608
2012-06-08 11:00:00,27.08,27.11,27.06,27.085,245559
2012-06-08 11:15:00,27.09,27.1,27.015,27.08,297873
2012-06-08 11:30:00,27.08,27.09,27.04,27.06,325468
2012-06-08 11:45:00,27.06,27.06,27.0017,27.0575,347858
2012-06-08 12:00:00,27.06,27.06,27.01,27.01,380389
2012-06-08 12:15:00,27.02,27.05,27.005,27.015,414299
2012-06-08 12:30:00,27.02,27.04,27.01,27.04,427399
2012-06-08 12:45:00,27.04,27.08,27.01,27.03,455586
2012-06-08 13:00:00,27.02,27.04,27.01,27.04,492860
2012-06-08 13:15:00,27.04,27.07,27.035,27.06,505660
2012-06-08 13:30:00,27.07,27.08,27.03,27.075,534621
2012-06-08 13:45:00,27.075,27.09,27.07,27.09,546912
2012-06-08 14:00:00,27.085,27.085,27.02,27.04,595020
2012-06-08 14:15:00,27.04,27.04,26.98,27.0,713772
2012-06-08 14:30:00,27.0,27.0,26.93,26.945,840926
2012-06-08 14:45:00,26.95,26.95,26.85,26.86,918072
2012-06-08 15:00:00,26.86,26.86,26.765,26.78,996359
2012-06-08 15:15:00,26.78,26.86,26.77,26.86,1042685
2012-06-08 15:30:00,26.86,27.03,26.86,27.03,1208918
2012-06-08 15:45:00,27.03,27.05,27.0,27.0,1266691
2012-06-08 16:00:00,27.01,27.03,27.0,27.0,1409164
2012-06-11 09:45:00,27.29,27.33,27.14,27.2003,97138
2012-06-11 10:00:00,27.2,27.23,27.15,27.2,131891
2012-06-11 10:15:00,27.2,27.24,27.08,27.23,412324
2012-06-11 10:30:00,27.245,27.29,27.11,27.1607,485268
2012-06-11 10:45:00,27.2,27.4,27.195,27.4,597795
2012-06-11 11:00:00,27.39,27.4,27.325,27.37,634604
2012-06-11 11:15:00,27.39,27.54,27.39,27.4875,664724
2012-06-11 11:30:00,27.49,27.58,27.44,27.57,750254
2012-06-11 11:45:00,27.57,27.68,27.54,27.62,787830
2012-06-11 12:00:00,27.61,27.62,27.57,27.615,807930
2012-06-11 12:15:00,27.62,27.65,27.57,27.61,831433
2012-06-11 12:30:00,27.6,27.61,27.5,27.5,852481
2012-06-11 12:45:00,27.51,27.52,27.465,27.5,869342
2012-06-11 13:00:00,27.5,27.56,27.47,27.5,890671
2012-06-11 13:15:00,27.49,27.53,27.47,27.52,906906
2012-06-11 13:30:00,27.53,27.57,27.51,27.56,934624
2012-06-11 13:45:00,27.57,27.58,27.51,27.52,950601
2012-06-11 14:00:00,27.52,27.59,27.52,27.57,994080
2012-06-11 14:15:00,27.57,27.57,27.5,27.56,1023224
2012-06-11 14:30:00,27.56,27.62,27.55,27.61,1043036
2012-06-11 14:45:00,27.61,27.64,27.61,27.61,1065733
2012-06-11 15:00:00,27.62,27.63,27.61,27.625,1109046
2012-06-11 15:15:00,27.62,27.68,27.615,27.63,1196074
2012-06-11 15:30:00,27.63,27.63,27.54,27.54,1252104
2012-06-11 15:45:00,27.54,27.59,27.49,27.5,1322287
2012-06-11 16:00:00,27.51,27.53,27.4,27.42,1462543
2012-06-12 09:45:00,27.5,27.65,27.47,27.6,24266
2012-06-12 10:00:00,27.6,27.67,27.55,27.62,175228
2012-06-12 10:15:00,27.66,27.73,27.6,27.6,202985
2012-06-12 10:30:00,27.6,27.62,27.56,27.6,217133
2012-06-12 10:45:00,27.6,27.6,27.46,27.52,264722
2012-06-12 11:00:00,27.52,27.63,27.52,27.58,273648
2012-06-12 11:15:00,27.58,27.78,27.57,27.76,290013
2012-06-12 11:30:00,27.76,27.83,27.7,27.79,303140
2012-06-12 11:45:00,27.793,27.793,27.65,27.66,329890
2012-06-12 12:00:00,27.67,27.685,27.6,27.62,338592
2012-06-12 12:15:00,27.64,27.68,27.63,27.67,349703
2012-06-12 12:30:00,27.67,27.6799,27.58,27.59,408714
2012-06-12 12:45:00,27.59,27.65,27.59,27.64,414581
2012-06-12 13:00:00,27.64,27.69,27.62,27.65,434827
2012-06-12 13:15:00,27.65,27.66,27.57,27.66,446235
2012-06-12 13:30:00,27.66,27.67,27.62,27.67,455665
2012-06-12 13:45:00,27.67,27.675,27.63,27.635,462765
2012-06-12 14:00:00,27.63,27.67,27.63,27.64,474210
2012-06-12 14:15:00,27.64,27.67,27.64,27.66,485642
2012-06-12 14:30:00,27.67,27.67,27.66,27.66,494062
2012-06-12 14:45:00,27.665,27.72,27.66,27.72,507023
2012-06-12 15:00:00,27.72,27.72,27.71,27.71,520188
2012-06-12 15:15:00,27.72,27.72,27.71,27.71,532641
2012-06-12 15:30:00,27.72,27.78,27.71,27.78,564227
2012-06-12 15:45:00,27.77,27.79,27.73,27.76,614201
2012-06-12 16:00:00,27.76,27.84,27.755,27.8,704601
2012-06-13 09:45:00,26.66,27.38,26.66,27.13,532446
2012-06-13 10:00:00,27.15,27.44,27.1,27.31,774840
2012-06-13 10:15:00,27.29,27.34,27.24,27.31,940349
2012-06-13 10:30:00,27.345,27.42,27.29,27.33,968538
2012-06-13 10:45:00,27.33,27.76,27.32,27.76,1015303
2012-06-13 11:00:00,27.75,27.75,27.51,27.575,1124566
2012-06-13 11:15:00,27.57,27.6,27.52,27.595,1170701
2012-06-13 11:30:00,27.59,27.61,27.53,27.56,1204129
2012-06-13 11:45:00,27.565,27.695,27.55,27.61,1254862
2012-06-13 12:00:00,27.6,27.69,27.57,27.58,1339034
2012-06-13 12:15:00,27.63,27.64,27.48,27.51,1405147
2012-06-13 12:30:00,27.5,27.54,27.4,27.45,1458080
2012-06-13 12:45:00,27.44,27.44,27.39,27.44,1514346
2012-06-13 13:00:00,27.46,27.5,27.4,27.45,1533383
2012-06-13 13:15:00,27.45,27.55,27.45,27.54,1605210
2012-06-13 13:30:00,27.54,27.64,27.49,27.635,1705732
2012-06-13 13:45:00,27.625,27.69,27.59,27.63,1741164
2012-06-13 14:00:00,27.63,27.67,27.5381,27.57,1787544
2012-06-13 14:15:00,27.5625,27.57,27.4311,27.47,1837533
2012-06-13 14:30:00,27.46,27.55,27.45,27.47,1894869
2012-06-13 14:45:00,27.47,27.56,27.44,27.515,2068300
2012-06-13 15:00:00,27.51,27.54,27.45,27.49,2142767
2012-06-13 15:15:00,27.49,27.505,27.33,27.335,2289665
2012-06-13 15:30:00,27.3355,27.3355,27.16,27.26,2511576
2012-06-13 15:45:00,27.25,27.33,27.22,27.2727,2617904
2012-06-13 16:00:00,27.27,27.39,27.27,27.35,2903327
2012-06-14 09:45:00,27.54,27.72,27.38,27.47,40432
2012-06-14 10:00:00,27.47,27.475,27.27,27.395,121071
2012-06-14 10:15:00,27.39,27.5,27.35,27.4,154302
2012-06-14 10:30:00,27.41,27.49,27.37,27.4,206175
2012-06-14 10:45:00,27.43,27.52,27.405,27.42,270731
2012-06-14 11:00:00,27.44,27.49,27.42,27.425,296142
2012-06-14 11:15:00,27.43,27.46,27.38,27.43,329422
2012-06-14 11:30:00,27.43,27.46,27.3827,27.43,350122
2012-06-14 11:45:00,27.44,27.455,27.41,27.43,366562
2012-06-14 12:00:00,27.41,27.47,27.41,27.45,381346
2012-06-14 12:15:00,27.47,27.51,27.42,27.5,411199
2012-06-14 12:30:00,27.5,27.51,27.43,27.44,444581
2012-06-14 12:45:00,27.44,27.48,27.43,27.45,486036
2012-06-14 13:00:00,27.46,27.51,27.45,27.47,496036
2012-06-14 13:15:00,27.47,27.48,27.47,27.48,508024
2012-06-14 13:30:00,27.47,27.48,27.32,27.33,581787
2012-06-14 13:45:00,27.33,27.36,27.33,27.34,600213
2012-06-14 14:00:00,27.34,27.36,27.32,27.32,632702
2012-06-14 14:15:00,27.32,27.36,27.32,27.36,658254
2012-06-14 14:30:00,27.36,27.4,27.35,27.38,828126
2012-06-14 14:45:00,27.38,27.38,27.36,27.36,843889
2012-06-14 15:00:00,27.365,27.37,27.25,27.31,1040363
2012-06-14 15:15:00,27.31,27.39,27.3,27.385,1116668
2012-06-14 15:30:00,27.3947,27.4,27.27,27.27,1264849
2012-06-14 15:45:00,27.27,27.34,27.26,27.32,1330458
2012-06-14 16:00:00,27.32,27.37,27.32,27.35,1732268
2012-06-15 09:45:00,27.36,27.48,27.25,27.26,23316
2012-06-15 10:00:00,27.26,27.31,27.09,27.21,119059
2012-06-15 10:15:00,27.2,27.31,27.2,27.24,190525
2012-06-15 10:30:00,27.245,27.27,27.105,27.2,344444
2012-06-15 10:45:00,27.19,27.24,26.91,26.91,425038
2012-06-15 11:00:00,26.91,27.03,26.9,26.97,498994
2012-06-15 11:15:00,26.97,26.98,26.92,26.93,546927
2012-06-15 11:30:00,26.93,26.93,26.9,26.91,585300
2012-06-15 11:45:00,26.9,26.98,26.9,26.92,656214
2012-06-15 12:00:00,26.92,26.92,26.71,26.71,891503
2012-06-15 12:15:00,26.71,26.72,26.53,26.6,1128012
2012-06-15 12:30:00,26.6,26.6,26.38,26.5,1310514
2012-06-15 12:45:00,26.49,26.79,26.48,26.74,1478940
2012-06-15 13:00:00,26.75,26.93,26.74,26.79,1620736
2012-06-15 13:15:00,26.8,26.86,26.75,26.83,1745348
2012-06-15 13:30:00,26.83,27.07,26.81,26.81,1855758
2012-06-15 13:45:00,26.8,26.98,26.75,26.98,1940509
2012-06-15 14:00:00,26.97,27.06,26.84,26.87,2043619
2012-06-15 14:15:00,26.87,26.8756,26.71,26.77,2084246
2012-06-15 14:30:00,26.77,26.86,26.75,26.78,2121610
2012-06-15 14:45:00,26.79,26.83,26.75,26.83,2154789
2012-06-15 15:00:00,26.83,26.86,26.78,26.81,2192924
2012-06-15 15:15:00,26.81,26.92,26.81,26.85,2245614
2012-06-15 15:30:00,26.85,26.85,26.72,26.75,2285423
2012-06-15 15:45:00,26.76,26.8,26.74,26.75,2338912
2012-06-15 16:00:00,26.75,26.9,26.61,26.8,2761112
2012-06-18 09:45:00,26.8,26.8,26.5,26.61,23512
2012-06-18 10:00:00,26.6105,26.65,26.56,26.65,45151
2012-06-18 10:15:00,26.65,26.81,26.64,26.8,91010
2012-06-18 10:30:00,26.79,26.96,26.73,26.91,112925
2012-06-18 10:45:00,26.91,26.96,26.84,26.96,131159
2012-06-18 11:00:00,26.955,26.97,26.82,26.83,152757
2012-06-18 11:15:00,26.82,26.92,26.82,26.92,172557
2012-06-18 11:30:00,26.94,27.14,26.94,27.01,255196
2012-06-18 11:45:00,27.01,27.1,26.94,26.99,293038
2012-06-18 12:00:00,26.99,27.05,26.97,27.03,327651
2012-06-18 12:15:00,27.03,27.03,27.0,27.02,351358
2012-06-18 12:30:00,27.025,27.06,26.975,27.06,417539
2012-06-18 12:45:00,27.07,27.14,27.015,27.12,430880
2012-06-18 13:00:00,27.12,27.2195,27.12,27.16,465565
2012-06-18 13:15:00,27.16,27.22,27.145,27.21,499078
2012-06-18 13:30:00,27.2,27.21,27.155,27.19,522308
2012-06-18 13:45:00,27.19,27.2,27.15,27.18,559030
2012-06-18 14:00:00,27.19,27.2,27.17,27.2,573057
2012-06-18 14:15:00,27.2,27.2,27.08,27.09,608857
2012-06-18 14:30:00,27.085,27.19,27.085,27.12,630437
2012-06-18 14:45:00,27.12,27.17,27.06,27.1,680218
2012-06-18 15:00:00,27.105,27.13,26.99,27.05,717978
2012-06-18 15:15:00,27.04,27.07,26.97,27.0,759321
2012-06-18 15:30:00,26.9901,27.05,26.99,27.02,801987
2012-06-18 15:45:00,27.015,27.03,26.97,27.0,858905
2012-06-18 16:00:00,27.0,27.02,26.94,27.0,958101
2012-06-19 09:45:00,27.06,27.4,27.06,27.33,65495
2012-06-19 10:00:00,27.32,27.35,27.22,27.26,83302
2012-06-19 10:15:00,27.2575,27.36,27.19,27.36,129299
2012-06-19 10:30:00,27.35,27.5,27.33,27.47,212139
2012-06-19 10:45:00,27.47,27.49,27.41,27.465,252959
2012-06-19 11:00:00,27.465,27.62,27.46,27.575,279614
2012-06-19 11:15:00,27.575,27.575,27.5,27.51,309334
2012-06-19 11:30:00,27.51,27.54,27.47,27.51,336781
2012-06-19 11:45:00,27.5,27.53,27.44,27.47,394716
2012-06-19 12:00:00,27.4787,27.48,27.4313,27.45,445516
2012-06-19 12:15:00,27.45,27.51,27.45,27.49,470983
2012-06-19 12:30:00,27.485,27.5,27.46,27.49,492973
2012-06-19 12:45:00,27.47,27.5,27.44,27.5,511071
2012-06-19 13:00:00,27.49,27.5,27.48,27.49,525621
2012-06-19 13:15:00,27.4893,27.51,27.46,27.5,545041
2012-06-19 13:30:00,27.51,27.51,27.49,27.5,563859
2012-06-19 13:45:00,27.5,27.535,27.49,27.5,606893
2012-06-19 14:00:00,27.49,27.55,27.47,27.48,653441
2012-06-19 14:15:00,27.48,27.53,27.47,27.51,694056
2012-06-19 14:30:00,27.51,27.51,27.47,27.4999,716346
2012-06-19 14:45:00,27.5,27.59,27.47,27.58,758372
2012-06-19 15:00:00,27.58,27.59,27.48,27.5,788372
2012-06-19 15:15:00,27.4901,27.5,27.48,27.49,813444
2012-06-19 15:30:00,27.48,27.51,27.46,27.46,853382
2012-06-19 15:45:00,27.46,27.51,27.46,27.5,934293
2012-06-19 16:00:00,27.5,27.6,27.5,27.58,1070106
2012-06-20 09:45:00,27.64,27.7,27.46,27.56,12847
2012-06-20 10:00:00,27.58,27.6,27.48,27.57,41736
2012-06-20 10:15:00,27.58,27.648,27.57,27.64,73628
2012-06-20 10:30:00,27.635,27.69,27.55,27.69,104741
2012-06-20 10:45:00,27.68,27.82,27.68,27.82,126094
2012-06-20 11:00:00,27.82,27.87,27.81,27.82,151434
2012-06-20 11:15:00,27.82,27.84,27.82,27.83,176375
2012-06-20 11:30:00,27.83,27.83,27.78,27.8,211212
2012-06-20 11:45:00,27.79,27.95,27.79,27.92,281156
2012-06-20 12:00:00,27.94,27.98,27.92,27.95,320027
2012-06-20 12:15:00,27.95,27.98,27.9,27.91,360131
2012-06-20 12:30:00,27.93,27.98,27.85,27.89,420119
2012-06-20 12:45:00,27.89,27.98,27.79,27.8,452617
2012-06-20 13:00:00,27.8,27.84,27.77,27.81,483817
2012-06-20 13:15:00,27.81,27.99,27.8,27.99,520117
2012-06-20 13:30:00,27.98,27.99,27.93,27.95,552373
2012-06-20 13:45:00,27.96,27.99,27.93,27.99,585930
2012-06-20 14:00:00,27.99,27.99,27.92,27.97,618335
2012-06-20 14:15:00,27.96,27.97,27.88,27.93,637788
2012-06-20 14:30:00,27.93,27.98,27.86,27.88,668895
2012-06-20 14:45:00,27.87,27.9,27.83,27.83,715895
2012-06-20 15:00:00,27.84,27.86,27.8,27.84,743644
2012-06-20 15:15:00,27.85,27.85,27.83,27.84,776458
2012-06-20 15:30:00,27.83,27.86,27.79,27.84,832602
2012-06-20 15:45:00,27.85,27.9,27.83,27.86,914599
2012-06-20 16:00:00,27.86,27.87,27.73,27.77,1168401
2012-06-21 09:45:00,27.86,27.86,27.58,27.76,18505
2012-06-21 10:00:00,27.79,27.9,27.77,27.79,35065
2012-06-21 10:15:00,27.78,27.8,27.61,27.73,51743
2012-06-21 10:30:00,27.74,27.77,27.7,27.71,63696
2012-06-21 10:45:00,27.7,27.76,27.695,27.76,74596
2012-06-21 11:00:00,27.77,27.78,27.73,27.77,86066
2012-06-21 11:15:00,27.76,27.77,27.67,27.71,109497
2012-06-21 11:30:00,27.71,27.78,27.69,27.73,120812
2012-06-21 11:45:00,27.74,27.78,27.695,27.7,141012
2012-06-21 12:00:00,27.71,27.79,27.71,27.78,161729
2012-06-21 12:15:00,27.77,27.77,27.65,27.66,168244
2012-06-21 12:30:00,27.67,27.67,27.53,27.53,176044
2012-06-21 12:45:00,27.53,27.55,27.51,27.54,183564
2012-06-21 13:00:00,27.53,27.55,27.52,27.52,194094
2012-06-21 13:15:00,27.52,27.61,27.51,27.56,205476
2012-06-21 13:30:00,27.53,27.54,27.5,27.53,214120
2012-06-21 13:45:00,27.52,27.53,27.47,27.5,226538
2012-06-21 14:00:00,27.5,27.54,27.485,27.515,243617
2012-06-21 14:15:00,27.51,27.525,27.47,27.52,261983
2012-06-21 14:30:00,27.51,27.56,27.41,27.49,283883
2012-06-21 14:45:00,27.49,27.58,27.49,27.58,310570
2012-06-21 15:00:00,27.58,27.63,27.57,27.5802,332302
2012-06-21 15:15:00,27.59,27.62,27.554,27.554,358122
2012-06-21 15:30:00,27.56,27.56,27.52,27.55,380541
2012-06-21 15:45:00,27.545,27.55,27.48,27.5,430518
2012-06-21 16:00:00,27.5,27.51,27.47,27.49,519689
2012-06-22 09:45:00,27.53,27.56,27.43,27.43,14126
2012-06-22 10:00:00,27.43,27.51,27.43,27.51,46439
2012-06-22 10:15:00,27.52,27.57,27.51,27.52,59825
2012-06-22 10:30:00,27.5189,27.53,27.49,27.49,73067
2012-06-22 10:45:00,27.5,27.54,27.48,27.49,91307
2012-06-22 11:00:00,27.49,27.52,27.49,27.51,99007
2012-06-22 11:15:00,27.5,27.53,27.475,27.52,113956
2012-06-22 11:30:00,27.51,27.52,27.39,27.39,147343
2012-06-22 11:45:00,27.39,27.41,27.3,27.3,159080
2012-06-22 12:00:00,27.3,27.3,27.12,27.145,189528
2012-06-22 12:15:00,27.14,27.15,27.09,27.111,209890
2012-06-22 12:30:00,27.12,27.185,27.105,27.14,226437
2012-06-22 12:45:00,27.14,27.18,27.11,27.175,236250
2012-06-22 13:00:00,27.17,27.18,27.15,27.1796,246471
2012-06-22 13:15:00,27.18,27.23,27.17,27.23,258351
2012-06-22 13:30:00,27.24,27.29,27.15,27.15,272820
2012-06-22 13:45:00,27.15,27.22,27.13,27.18,311395
2012-06-22 14:00:00,27.18,27.18,27.15,27.16,324519
2012-06-22 14:15:00,27.16,27.25,27.16,27.24,349465
2012-06-22 14:30:00,27.24,27.25,27.15,27.15,373883
2012-06-22 14:45:00,27.15,27.17,27.14,27.15,397565
2012-06-22 15:00:00,27.15,27.3,27.13,27.29,454191
2012-06-22 15:15:00,27.285,27.29,27.15,27.195,506664
2012-06-22 15:30:00,27.2,27.2,27.11,27.15,575587
2012-06-22 15:45:00,27.16,27.16,27.12,27.15,712891
2012-06-22 16:00:00,27.14,27.15,26.91,26.96,1012156
2012-06-25 09:45:00,26.47,26.62,26.27,26.34,37353
2012-06-25 10:00:00,26.36,26.57,26.32,26.53,65770
2012-06-25 10:15:00,26.53,26.6,26.44,26.5076,113818
2012-06-25 10:30:00,26.51,26.55,26.37,26.38,172365
2012-06-25 10:45:00,26.38,26.385,26.32,26.35,198222
2012-06-25 11:00:00,26.35,26.37,26.31,26.32,219356
2012-06-25 11:15:00,26.32,26.35,26.28,26.305,235852
2012-06-25 11:30:00,26.3,26.33,26.3,26.32,254057
2012-06-25 11:45:00,26.32,26.32,26.16,26.16,274454
2012-06-25 12:00:00,26.16,26.19,26.08,26.1616,320781
2012-06-25 12:15:00,26.16,26.3,26.16,26.2818,339016
2012-06-25 12:30:00,26.28,26.34,26.28,26.3301,345238
2012-06-25 12:45:00,26.34,26.38,26.33,26.38,356802
2012-06-25 13:00:00,26.37,26.4,26.37,26.3901,369163
2012-06-25 13:15:00,26.39,26.43,26.39,26.43,376682
2012-06-25 13:30:00,26.42,26.5,26.41,26.47,415586
2012-06-25 13:45:00,26.48,26.48,26.41,26.42,437978
2012-06-25 14:00:00,26.4,26.425,26.35,26.37,446089
2012-06-25 14:15:00,26.39,26.4085,26.35,26.39,459708
2012-06-25 14:30:00,26.39,26.41,26.38,26.38,479509
2012-06-25 14:45:00,26.38,26.41,26.36,26.375,491910
2012-06-25 15:00:00,26.37,26.39,26.28,26.31,519947
2012-06-25 15:15:00,26.295,26.42,26.29,26.4,551928
2012-06-25 15:30:00,26.41,26.46,26.38,26.455,584749
2012-06-25 15:45:00,26.45,26.51,26.44,26.46,619084
2012-06-25 16:00:00,26.48,26.51,26.43,26.48,735785
2012-06-26 09:45:00,26.48,26.51,26.25,26.25,136129
2012-06-26 10:00:00,26.24,26.24,26.12,26.23,155168
2012-06-26 10:15:00,26.24,26.28,26.12,26.16,238647
2012-06-26 10:30:00,26.16,26.2,25.93,25.935,377117
2012-06-26 10:45:00,25.92,26.07,25.92,25.98,741134
2012-06-26 11:00:00,25.98,26.0,25.91,25.99,835651
2012-06-26 11:15:00,25.99,26.03,25.95,26.0,924090
2012-06-26 11:30:00,26.01,26.08,26.0,26.05,971019
2012-06-26 11:45:00,26.03,26.07,25.99,26.0,998563
2012-06-26 12:00:00,26.0,26.1,25.99,26.04,1024806
2012-06-26 12:15:00,26.03,26.12,26.03,26.11,1088702
2012-06-26 12:30:00,26.11,26.115,26.05,26.0997,1103118
2012-06-26 12:45:00,26.09,26.13,26.09,26.13,1122490
2012-06-26 13:00:00,26.13,26.19,26.1,26.18,1180243
2012-06-26 13:15:00,26.19,26.19,26.15,26.155,1187658
2012-06-26 13:30:00,26.15,26.17,26.1,26.1,1241390
2012-06-26 13:45:00,26.1,26.2,26.1,26.195,1268496
2012-06-26 14:00:00,26.19,26.19,26.09,26.17,1351374
2012-06-26 14:15:00,26.17,26.3,26.17,26.2,1419599
2012-06-26 14:30:00,26.2,26.35,26.1,26.27,1608219
2012-06-26 14:45:00,26.24,26.265,26.1,26.24,1719704
2012-06-26 15:00:00,26.24,26.34,25.99,26.19,1863092
2012-06-26 15:15:00,26.18,26.18,25.95,26.01,1995426
2012-06-26 15:30:00,26.01,26.09,25.99,26.03,2069192
2012-06-26 15:45:00,26.04,26.06,25.95,25.95,2132105
2012-06-26 16:00:00,25.95,25.97,25.79,25.96,2450804
2012-06-27 09:45:00,26.04,26.045,25.78,25.89,55853
2012-06-27 10:00:00,25.89,25.99,25.69,25.74,319676
2012-06-27 10:15:00,25.75,26.03,25.68,25.87,549377
2012-06-27 10:30:00,25.93,26.19,25.9,26.09,733861
2012-06-27 10:45:00,26.1,26.11,25.88,25.97,842179
2012-06-27 11:00:00,25.97,25.99,25.79,25.85,945686
2012-06-27 11:15:00,25.85,25.88,25.7,25.82,1075662
2012-06-27 11:30:00,25.83,25.91,25.63,25.78,1166704
2012-06-27 11:45:00,25.75,25.765,25.5,25.6,1254064
2012-06-27 12:00:00,25.595,25.62,25.36,25.4,1452770
2012-06-27 12:15:00,25.41,25.57,25.34,25.47,1583876
2012-06-27 12:30:00,25.47,25.5,25.33,25.44,1682604
2012-06-27 12:45:00,25.46,25.55,25.34,25.37,1858253
2012-06-27 13:00:00,25.37,25.49,25.35,25.35,1945597
2012-06-27 13:15:00,25.37,25.45,25.14,25.2,2185591
2012-06-27 13:30:00,25.2195,25.8,25.2,25.8,2565556
2012-06-27 13:45:00,25.8,25.95,25.78,25.86,2663637
2012-06-27 14:00:00,25.86,25.89,25.81,25.86,2682637
2012-06-27 14:15:00,25.85,25.88,25.81,25.83,2714181
2012-06-27 14:30:00,25.83,25.84,25.77,25.77,2741082
2012-06-27 14:45:00,25.77,25.85,25.74,25.85,2764821
2012-06-27 15:00:00,25.86,25.95,25.855,25.895,2788194
2012-06-27 15:15:00,25.895,25.92,25.835,25.89,2822975
2012-06-27 15:30:00,25.88,25.91,25.88,25.885,2856431
2012-06-27 15:45:00,25.88,25.99,25.86,25.98,2906194
2012-06-27 16:00:00,25.99,26.01,25.85,25.94,3026178
2012-06-28 09:45:00,25.89,26.12,25.89,25.99,35498
2012-06-28 10:00:00,25.99,26.02,25.72,25.73,65359
2012-06-28 10:15:00,25.71,25.76,25.6,25.68,92950
2012-06-28 10:30:00,25.68,25.72,25.51,25.55,135692
2012-06-28 10:45:00,25.54,25.61,25.51,25.55,148915
2012-06-28 11:00:00,25.55,25.7,25.55,25.638,169244
2012-06-28 11:15:00,25.63,25.63,25.5,25.5,189800
2012-06-28 11:30:00,25.5,25.55,25.44,25.51,212407
2012-06-28 11:45:00,25.52,25.6,25.48,25.48,243143
2012-06-28 12:00:00,25.48,25.51,25.47,25.49,262947
2012-06-28 12:15:00,25.49,25.54,25.48,25.5,291013
2012-06-28 12:30:00,25.495,25.53,25.48,25.52,312813
2012-06-28 12:45:00,25.52,25.53,25.49,25.5,338812
2012-06-28 13:00:00,25.49,25.53,25.49,25.52,363656
2012-06-28 13:15:00,25.5125,25.5325,25.5,25.51,393807
2012-06-28 13:30:00,25.51,25.52,25.49,25.5,415941
2012-06-28 13:45:00,25.5,25.56,25.45,25.525,456518
2012-06-28 14:00:00,25.525,25.59,25.52,25.56,483461
2012-06-28 14:15:00,25.56,25.57,25.55,25.55,499392
2012-06-28 14:30:00,25.555,25.58,25.54,25.56,525847
2012-06-28 14:45:00,25.56,25.57,25.52,25.53,560187
2012-06-28 15:00:00,25.52,25.53,25.5,25.53,584944
2012-06-28 15:15:00,25.53,25.54,25.52,25.54,610073
2012-06-28 15:30:00,25.54,25.54,25.5,25.53,647944
2012-06-28 15:45:00,25.53,25.67,25.52,25.65,699699
2012-06-28 16:00:00,25.65,25.66,25.62,25.64,851660
2012-06-29 09:45:00,26.0,26.26,25.94,26.05,56827
2012-06-29 10:00:00,26.05,26.22,26.04,26.2,85493
2012-06-29 10:15:00,26.221,26.27,26.205,26.21,107758
2012-06-29 10:30:00,26.22,26.291,26.18,26.265,244163
2012-06-29 10:45:00,26.26,26.31,26.26,26.3,253542
2012-06-29 11:00:00,26.3,26.3,26.24,26.26,258342
2012-06-29 11:15:00,26.26,26.28,26.22,26.255,273214
2012-06-29 11:30:00,26.26,26.27,26.23,26.23,282800
2012-06-29 11:45:00,26.225,26.24,26.18,26.23,295796
2012-06-29 12:00:00,26.22,26.25,26.21,26.231,306225
2012-06-29 12:15:00,26.24,26.245,26.21,26.21,316561
2012-06-29 12:30:00,26.21,26.22,26.19,26.21,325947
2012-06-29 12:45:00,26.21,26.22,26.21,26.22,333557
2012-06-29 13:00:00,26.2225,26.24,26.15,26.16,366201
2012-06-29 13:15:00,26.16,26.16,26.1,26.12,393294
2012-06-29 13:30:00,26.14,26.15,26.13,26.14,400169
2012-06-29 13:45:00,26.13,26.145,26.12,26.13,413950
2012-06-29 14:00:00,26.14,26.14,26.07,26.085,423550
2012-06-29 14:15:00,26.09,26.09,26.07,26.075,432181
2012-06-29 14:30:00,26.08,26.1,26.07,26.08,475276
2012-06-29 14:45:00,26.09,26.14,26.07,26.12,508576
2012-06-29 15:00:00,26.12,26.21,26.12,26.21,534100
2012-06-29 15:15:00,26.21,26.21,26.18,26.18,546800
2012-06-29 15:30:00,26.18,26.28,26.18,26.28,581331
2012-06-29 15:45:00,26.27,26.28,26.19,26.2,630209
2012-06-29 16:00:00,26.2,26.25,26.14,26.21,777982
2012-07-02 09:45:00,26.27,26.39,26.08,26.18,61550
2012-07-02 10:00:00,26.18,26.23,26.13,26.13,88337
2012-07-02 10:15:00,26.13,26.13,25.96,25.99,115356
2012-07-02 10:30:00,25.99,26.02,25.96,25.975,138244
2012-07-02 10:45:00,25.975,26.11,25.975,26.05,177700
2012-07-02 11:00:00,26.06,26.115,26.05,26.05,191700
2012-07-02 11:15:00,26.05,26.055,26.0,26.04,226835
2012-07-02 11:30:00,26.045,26.09,26.01,26.01,245965
2012-07-02 11:45:00,26.01,26.02,26.01,26.02,257465
2012-07-02 12:00:00,26.0108,26.02,25.99,26.01,280851
2012-07-02 12:15:00,26.01,26.01,26.0,26.005,296453
2012-07-02 12:30:00,26.0,26.01,26.0,26.005,306855
2012-07-02 12:45:00,26.01,26.01,25.98,25.995,344315
2012-07-02 13:00:00,26.0,26.005,25.97,25.97,429831
2012-07-02 13:15:00,25.98,26.0,25.97,25.98,474620
2012-07-02 13:30:00,25.97,26.0,25.97,25.985,519054
2012-07-02 13:45:00,25.99,26.05,25.98,26.05,572273
2012-07-02 14:00:00,26.05,26.14,26.04,26.13,604973
2012-07-02 14:15:00,26.13,26.21,26.11,26.2,636100
2012-07-02 14:30:00,26.19,26.22,26.19,26.2,655860
2012-07-02 14:45:00,26.21,26.26,26.2,26.26,685004
2012-07-02 15:00:00,26.26,26.34,26.255,26.34,723312
2012-07-02 15:15:00,26.34,26.35,26.33,26.335,762154
2012-07-02 15:30:00,26.33,26.41,26.329,26.41,826843
2012-07-02 15:45:00,26.41,26.46,26.39,26.43,900153
2012-07-02 16:00:00,26.42,26.47,26.4,26.44,1040002
2012-07-03 09:45:00,26.49,26.55,26.42,26.52,17654
2012-07-03 10:00:00,26.52,26.56,26.49,26.52,29067
2012-07-03 10:15:00,26.55,26.61,26.532,26.56,51877
2012-07-03 10:30:00,26.58,26.58,26.55,26.56,56477
2012-07-03 10:45:00,26.55,26.55,26.5,26.51,64463
2012-07-03 11:00:00,26.51,26.56,26.5,26.51,83719
2012-07-03 11:15:00,26.5099,26.53,26.5,26.51,92963
2012-07-03 11:30:00,26.51,26.565,26.5,26.555,118735
2012-07-03 11:45:00,26.5548,26.68,26.54,26.65,163940
2012-07-03 12:00:00,26.6516,26.69,26.61,26.61,212183
2012-07-03 12:15:00,26.62,26.62,26.54,26.54,219127
2012-07-03 12:30:00,26.54,26.55,26.5,26.5,245458
2012-07-03 12:45:00,26.505,26.519,26.47,26.47,266089
2012-07-03 13:00:00,26.48,26.59,26.48,26.58,303925
2012-07-03 13:15:00,26.57,26.57,26.57,26.57,319375
2012-07-05 09:45:00,26.52,26.63,26.48,26.56,17666
2012-07-05 10:00:00,26.52,26.64,26.4799,26.61,49794
2012-07-05 10:15:00,26.6,26.68,26.59,26.6001,73885
2012-07-05 10:30:00,26.63,26.67,26.6001,26.605,86086
2012-07-05 10:45:00,26.601,26.63,26.57,26.63,101171
2012-07-05 11:00:00,26.63,26.66,26.62,26.66,114174
2012-07-05 11:15:00,26.66,26.71,26.63,26.71,147568
2012-07-05 11:30:00,26.71,26.76,26.7,26.76,167414
2012-07-05 11:45:00,26.76,26.77,26.74,26.75,181402
2012-07-05 12:00:00,26.75,26.79,26.74,26.77,193038
2012-07-05 12:15:00,26.77,26.8,26.77,26.7875,202317
2012-07-05 12:30:00,26.7823,26.785,26.76,26.77,217502
2012-07-05 12:45:00,26.77,26.79,26.76,26.77,230213
2012-07-05 13:00:00,26.76,26.78,26.76,26.77,241970
2012-07-05 13:15:00,26.77,26.78,26.75,26.7592,255189
2012-07-05 13:30:00,26.76,26.79,26.7401,26.76,274219
2012-07-05 13:45:00,26.76,26.76,26.735,26.74,287475
2012-07-05 14:00:00,26.74,26.77,26.72,26.75,296983
2012-07-05 14:15:00,26.75,26.76,26.73,26.73,312408
2012-07-05 14:30:00,26.7375,26.7605,26.73,26.76,336200
2012-07-05 14:45:00,26.76,26.77,26.7395,26.76,350911
2012-07-05 15:00:00,26.7675,26.77,26.67,26.6775,374511
2012-07-05 15:15:00,26.67,26.68,26.61,26.6301,413783
2012-07-05 15:30:00,26.64,26.65,26.59,26.6,462807
2012-07-05 15:45:00,26.6001,26.63,26.58,26.59,516345
2012-07-05 16:00:00,26.6,26.61,26.53,26.6,617056
2012-07-06 09:45:00,26.47,26.72,26.47,26.72,39307
2012-07-06 10:00:00,26.72,26.72,26.61,26.65,54307
2012-07-06 10:15:00,26.6699,26.71,26.65,26.71,118888
2012-07-06 10:30:00,26.71,26.71,26.63,26.66,180146
2012-07-06 10:45:00,26.66,26.69,26.62,26.635,203616
2012-07-06 11:00:00,26.63,26.65,26.6,26.64,232137
2012-07-06 11:15:00,26.635,26.65,26.61,26.63,251147
2012-07-06 11:30:00,26.64,26.64,26.625,26.63,265835
2012-07-06 11:45:00,26.63,26.64,26.62,26.635,278170
2012-07-06 12:00:00,26.64,26.65,26.625,26.64,288978
2012-07-06 12:15:00,26.635,26.64,26.62,26.63,302979
2012-07-06 12:30:00,26.63,26.64,26.62,26.64,311079
2012-07-06 12:45:00,26.64,26.64,26.62,26.64,320319
2012-07-06 13:00:00,26.63,26.66,26.63,26.66,337194
2012-07-06 13:15:00,26.66,26.66,26.63,26.65,351932
2012-07-06 13:30:00,26.65,26.67,26.62,26.63,370104
2012-07-06 13:45:00,26.63,26.64,26.61,26.62,388278
2012-07-06 14:00:00,26.62,26.62,26.56,26.57,405741
2012-07-06 14:15:00,26.57,26.6,26.56,26.6,436860
2012-07-06 14:30:00,26.6,26.68,26.58,26.6,498002
2012-07-06 14:45:00,26.61,26.63,26.61,26.62,509721
2012-07-06 15:00:00,26.62,26.63,26.61,26.61,544288
2012-07-06 15:15:00,26.62,26.645,26.61,26.64,576399
2012-07-06 15:30:00,26.63,26.65,26.62,26.63,608629
2012-07-06 15:45:00,26.64,26.68,26.58,26.58,638301
2012-07-06 16:00:00,26.58,26.67,26.55,26.65,684484
2012-07-09 09:45:00,26.5,26.66,26.4,26.53,102229
2012-07-09 10:00:00,26.56,26.56,26.44,26.5,126820
2012-07-09 10:15:00,26.5,26.54,26.48,26.51,146823
2012-07-09 10:30:00,26.52,26.54,26.51,26.535,174499
2012-07-09 10:45:00,26.54,26.6,26.51,26.575,215617
2012-07-09 11:00:00,26.575,26.67,26.52,26.66,270677
2012-07-09 11:15:00,26.65,26.65,26.52,26.54,284177
2012-07-09 11:30:00,26.54,26.54,26.51,26.52,290004
2012-07-09 11:45:00,26.515,26.52,26.5,26.505,305725
2012-07-09 12:00:00,26.5,26.51,26.48,26.485,324661
2012-07-09 12:15:00,26.48,26.51,26.48,26.485,343842
2012-07-09 12:30:00,26.485,26.54,26.48,26.54,372654
2012-07-09 12:45:00,26.55,26.55,26.49,26.49,389130
2012-07-09 13:00:00,26.49,26.56,26.49,26.51,405983
2012-07-09 13:15:00,26.51,26.55,26.5,26.53,423483
2012-07-09 13:30:00,26.54,26.62,26.53,26.62,437987
2012-07-09 13:45:00,26.61,26.64,26.6,26.61,445395
2012-07-09 14:00:00,26.61,26.62,26.61,26.62,451295
2012-07-09 14:15:00,26.615,26.62,26.6,26.615,473806
2012-07-09 14:30:00,26.62,26.62,26.58,26.59,487746
2012-07-09 14:45:00,26.59,26.615,26.58,26.595,512191
2012-07-09 15:00:00,26.595,26.6,26.59,26.59,527450
2012-07-09 15:15:00,26.59,26.62,26.59,26.61,556896
2012-07-09 15:30:00,26.615,26.65,26.59,26.61,586035
2012-07-09 15:45:00,26.61,26.67,26.6,26.66,622461
2012-07-09 16:00:00,26.66,26.78,26.66,26.75,738557
2012-07-10 09:45:00,26.81,26.81,26.72,26.77,10871
2012-07-10 10:00:00,26.79,26.86,26.79,26.83,39589
2012-07-10 10:15:00,26.83,26.86,26.63,26.69,73600
2012-07-10 10:30:00,26.7,26.72,26.64,26.64,89178
2012-07-10 10:45:00,26.65,26.7,26.58,26.7,113400
2012-07-10 11:00:00,26.7,26.77,26.6932,26.74,132430
2012-07-10 11:15:00,26.735,26.77,26.73,26.75,174609
2012-07-10 11:30:00,26.75,26.76,26.74,26.745,187509
2012-07-10 11:45:00,26.745,26.75,26.74,26.74,199309
2012-07-10 12:00:00,26.745,26.76,26.73,26.75,222165
2012-07-10 12:15:00,26.745,26.77,26.74,26.74,233187
2012-07-10 12:30:00,26.74,26.75,26.69,26.69,244947
2012-07-10 12:45:00,26.69,26.69,26.64,26.69,254136
2012-07-10 13:00:00,26.685,26.77,26.68,26.77,323963
2012-07-10 13:15:00,26.77,26.77,26.7,26.7,333176
2012-07-10 13:30:00,26.71,26.73,26.68,26.71,367939
2012-07-10 13:45:00,26.72,26.72,26.69,26.7,394472
2012-07-10 14:00:00,26.7,26.73,26.69,26.73,418657
2012-07-10 14:15:00,26.7268,26.75,26.69,26.69,443978
2012-07-10 14:30:00,26.695,26.7,26.61,26.61,473055
2012-07-10 14:45:00,26.61,26.62,26.45,26.46,508537
2012-07-10 15:00:00,26.47,26.49,26.37,26.39,531545
2012-07-10 15:15:00,26.4,26.48,26.32,26.32,548521
2012-07-10 15:30:00,26.32,26.46,26.32,26.39,579778
2012-07-10 15:45:00,26.39,26.43,26.35,26.36,606456
2012-07-10 16:00:00,26.35,26.38,26.3,26.36,734221
2012-07-11 09:45:00,26.33,26.4577,26.2,26.34,7297
2012-07-11 10:00:00,26.32,26.39,26.28,26.34,19133
2012-07-11 10:15:00,26.35,26.49,26.35,26.49,28254
2012-07-11 10:30:00,26.49,26.51,26.34,26.37,43382
2012-07-11 10:45:00,26.37,26.4,26.29,26.37,58482
2012-07-11 11:00:00,26.36,26.4051,26.25,26.25,66431
2012-07-11 11:15:00,26.25,26.29,26.21,26.27,87725
2012-07-11 11:30:00,26.24,26.27,26.225,26.26,107795
2012-07-11 11:45:00,26.26,26.3,26.26,26.29,119926
2012-07-11 12:00:00,26.29,26.315,26.25,26.25,133930
2012-07-11 12:15:00,26.24,26.33,26.24,26.3,156730
2012-07-11 12:30:00,26.3,26.32,26.29,26.29,174779
2012-07-11 12:45:00,26.31,26.32,26.29,26.31,182879
2012-07-11 13:00:00,26.3,26.32,26.28,26.32,191093
2012-07-11 13:15:00,26.31,26.32,26.293,26.3,194925
2012-07-11 13:30:00,26.305,26.31,26.28,26.3075,203251
2012-07-11 13:45:00,26.3,26.32,26.2976,26.3125,218794
2012-07-11 14:00:00,26.32,26.4,26.31,26.39,235657
2012-07-11 14:15:00,26.4,26.42,26.32,26.34,253697
2012-07-11 14:30:00,26.33,26.3664,26.27,26.2779,266234
2012-07-11 14:45:00,26.2781,26.3355,26.27,26.33,277692
2012-07-11 15:00:00,26.34,26.34,26.28,26.29,289510
2012-07-11 15:15:00,26.29,26.31,26.24,26.31,328426
2012-07-11 15:30:00,26.32,26.33,26.26,26.26,344497
2012-07-11 15:45:00,26.26,26.31,26.24,26.309,368750
2012-07-11 16:00:00,26.3,26.32,26.252,26.27,441547
2012-07-12 09:45:00,26.22,26.22,26.02,26.02,13345
2012-07-12 10:00:00,26.02,26.14,26.02,26.06,18323
2012-07-12 10:15:00,26.095,26.13,26.05,26.105,35476
2012-07-12 10:30:00,26.1,26.15,26.09,26.15,44920
2012-07-12 10:45:00,26.145,26.21,26.05,26.06,76344
2012-07-12 11:00:00,26.07,26.08,25.99,25.99,271895
2012-07-12 11:15:00,25.98,26.0,25.95,25.98,288585
2012-07-12 11:30:00,25.97,25.98,25.93,25.96,309623
2012-07-12 11:45:00,25.95,25.96,25.87,25.87,324019
2012-07-12 12:00:00,25.87,26.02,25.87,26.01,334537
2012-07-12 12:15:00,26.01,26.055,25.97,26.02,351277
2012-07-12 12:30:00,26.02,26.05,26.01,26.04,359277
2012-07-12 12:45:00,26.04,26.08,26.0,26.0,377924
2012-07-12 13:00:00,25.99,26.03,25.99,26.03,381324
2012-07-12 13:15:00,26.025,26.1,26.02,26.09,387104
2012-07-12 13:30:00,26.11,26.195,26.11,26.12,395332
2012-07-12 13:45:00,26.13,26.13,25.92,25.92,443101
2012-07-12 14:00:00,25.9299,26.05,25.92,25.97,465562
2012-07-12 14:15:00,25.96,26.09,25.95,26.08,478730
2012-07-12 14:30:00,26.08,26.09,26.05,26.08,500050
2012-07-12 14:45:00,26.1,26.12,26.08,26.12,509667
2012-07-12 15:00:00,26.12,26.13,26.09,26.12,527659
2012-07-12 15:15:00,26.13,26.2,26.06,26.16,596136
2012-07-12 15:30:00,26.17,26.23,26.17,26.22,624664
2012-07-12 15:45:00,26.21,26.23,26.08,26.09,735499
2012-07-12 16:00:00,26.08,26.13,26.04,26.09,1040566
2012-07-13 09:45:00,26.22,26.4,26.1,26.33,18249
2012-07-13 10:00:00,26.33,26.42,26.29,26.42,25299
2012-07-13 10:15:00,26.46,26.5,26.33,26.33,43575
2012-07-13 10:30:00,26.34,26.42,26.24,26.41,57217
2012-07-13 10:45:00,26.42,26.49,26.37,26.49,73903
2012-07-13 11:00:00,26.47,26.49,26.33,26.33,105969
2012-07-13 11:15:00,26.33,26.39,26.33,26.35,126216
2012-07-13 11:30:00,26.37,26.38,26.28,26.35,143962
2012-07-13 11:45:00,26.35,26.38,26.3,26.35,158885
2012-07-13 12:00:00,26.36,26.38,26.31,26.34,183689
2012-07-13 12:15:00,26.33,26.38,26.33,26.38,202480
2012-07-13 12:30:00,26.39,26.41,26.34,26.34,211504
2012-07-13 12:45:00,26.35,26.36,26.3,26.34,223066
2012-07-13 13:00:00,26.37,26.37,26.33,26.34,240766
2012-07-13 13:15:00,26.34,26.37,26.34,26.35,246692
2012-07-13 13:30:00,26.35,26.35,26.29,26.32,258343
2012-07-13 13:45:00,26.31,26.3493,26.3,26.33,268343
2012-07-13 14:00:00,26.34,26.34,26.29,26.31,278307
2012-07-13 14:15:00,26.31,26.33,26.29,26.31,291964
2012-07-13 14:30:00,26.31,26.32,26.3,26.31,305722
2012-07-13 14:45:00,26.32,26.37,26.29,26.34,383031
2012-07-13 15:00:00,26.3686,26.39,26.35,26.35,391732
2012-07-13 15:15:00,26.35,26.36,26.34,26.35,420737
2012-07-13 15:30:00,26.35,26.35,26.33,26.35,448131
2012-07-13 15:45:00,26.3485,26.36,26.34,26.35,471962
2012-07-13 16:00:00,26.35,26.4,26.32,26.33,675629
2012-07-16 09:45:00,26.34,26.34,26.01,26.01,11755
2012-07-16 10:00:00,26.04,26.04,25.98,26.0,17277
2012-07-16 10:15:00,26.0,26.1,26.0,26.09,28412
2012-07-16 10:30:00,26.07,26.11,26.04,26.07,31912
2012-07-16 10:45:00,26.08,26.31,26.07,26.23,87976
2012-07-16 11:00:00,26.19,26.25,26.16,26.16,92176
2012-07-16 11:15:00,26.16,26.16,26.11,26.12,113047
2012-07-16 11:30:00,26.13,26.15,26.11,26.15,118328
2012-07-16 11:45:00,26.13,26.17,26.13,26.16,130128
2012-07-16 12:00:00,26.145,26.17,26.13,26.16,149868
2012-07-16 12:15:00,26.16,26.17,26.14,26.14,154888
2012-07-16 12:30:00,26.15,26.15,26.11,26.125,159477
2012-07-16 12:45:00,26.125,26.13,26.08,26.1,167537
2012-07-16 13:00:00,26.1,26.11,26.07,26.1,172461
2012-07-16 13:15:00,26.11,26.12,26.08,26.1,179960
2012-07-16 13:30:00,26.11,26.11,26.07,26.09,186336
2012-07-16 13:45:00,26.07,26.11,26.06,26.07,193356
2012-07-16 14:00:00,26.08,26.13,26.06,26.13,207056
2012-07-16 14:15:00,26.15,26.15,26.14,26.15,209956
2012-07-16 14:30:00,26.159,26.19,26.12,26.12,222397
2012-07-16 14:45:00,26.12,26.14,26.09,26.1,233004
2012-07-16 15:00:00,26.1,26.15,26.1,26.14,238852
2012-07-16 15:15:00,26.15,26.21,26.13,26.19,243113
2012-07-16 15:30:00,26.21,26.21,26.17,26.2,250607
2012-07-16 15:45:00,26.2,26.2,26.14,26.16,264479
2012-07-16 16:00:00,26.17,26.17,26.1,26.15,291612
2012-07-17 09:45:00,26.17,26.32,26.16,26.17,9178
2012-07-17 10:00:00,26.18,26.18,25.97,25.97,37886
2012-07-17 10:15:00,25.995,26.02,25.91,25.99,75187
2012-07-17 10:30:00,26.0,26.04,25.95,26.0,104708
2012-07-17 10:45:00,25.99,26.065,25.98,26.012,116388
2012-07-17 11:00:00,26.025,26.07,25.95,26.02,129088
2012-07-17 11:15:00,26.04,26.09,26.03,26.03,136088
2012-07-17 11:30:00,26.04,26.06,25.98,26.02,177165
2012-07-17 11:45:00,26.02,26.08,26.02,26.05,183402
2012-07-17 12:00:00,26.05,26.14,26.04,26.1222,241740
2012-07-17 12:15:00,26.15,26.16,26.07,26.1,311425
2012-07-17 12:30:00,26.1,26.16,26.08,26.08,470455
2012-07-17 12:45:00,26.1,26.14,26.08,26.11,494563
2012-07-17 13:00:00,26.11,26.11,26.06,26.09,506158
2012-07-17 13:15:00,26.1,26.1,26.06,26.08,546449
2012-07-17 13:30:00,26.07,26.1,26.03,26.1,578365
2012-07-17 13:45:00,26.1,26.1,26.04,26.06,608272
2012-07-17 14:00:00,26.06,26.07,26.01,26.03,646431
2012-07-17 14:15:00,26.04,26.0799,26.02,26.05,677366
2012-07-17 14:30:00,26.05,26.08,26.03,26.05,719234
2012-07-17 14:45:00,26.05,26.06,26.04,26.05,767340
2012-07-17 15:00:00,26.05,26.06,26.02,26.05,805673
2012-07-17 15:15:00,26.05,26.09,26.03,26.08,828006
2012-07-17 15:30:00,26.08,26.09,26.04,26.05,854722
2012-07-17 15:45:00,26.05,26.06,25.95,26.05,927395
2012-07-17 16:00:00,26.05,26.06,25.99,26.05,1043506
2012-07-18 09:45:00,25.98,26.02,25.93,25.989,34170
2012-07-18 10:00:00,25.98,26.11,25.95,26.03,108941
2012-07-18 10:15:00,26.0,26.23,26.0,26.11,139223
2012-07-18 10:30:00,26.14,26.14,26.06,26.06,164501
2012-07-18 10:45:00,26.065,26.07,26.02,26.04,194186
2012-07-18 11:00:00,26.03,26.04,26.0,26.0,228215
2012-07-18 11:15:00,26.005,26.01,26.0,26.005,248515
2012-07-18 11:30:00,26.01,26.03,25.98,26.01,287456
2012-07-18 11:45:00,26.005,26.01,26.0,26.01,324008
2012-07-18 12:00:00,26.0,26.01,25.93,25.94,429612
2012-07-18 12:15:00,25.94,25.97,25.88,25.96,461115
2012-07-18 12:30:00,25.96,26.02,25.94,26.0,559811
2012-07-18 12:45:00,26.01,26.01,25.97,26.0,607868
2012-07-18 13:00:00,26.0,26.01,25.98,25.995,621172
2012-07-18 13:15:00,26.0,26.005,25.98,25.9903,631872
2012-07-18 13:30:00,25.995,25.995,25.94,25.96,648232
2012-07-18 13:45:00,25.965,25.985,25.95,25.985,660040
2012-07-18 14:00:00,25.98,25.98,25.94,25.96,671261
2012-07-18 14:15:00,25.97,25.99,25.97,25.98,679602
2012-07-18 14:30:00,25.98,25.98,25.95,25.97,699505
2012-07-18 14:45:00,25.975,25.98,25.95,25.96,713077
2012-07-18 15:00:00,25.96,25.98,25.96,25.97,729554
2012-07-18 15:15:00,25.97,26.02,25.95,26.015,767615
2012-07-18 15:30:00,26.015,26.02,25.97,25.99,786579
2012-07-18 15:45:00,25.99,26.02,25.98,25.99,824142
2012-07-18 16:00:00,25.985,26.005,25.93,25.98,932146
2012-07-19 09:45:00,26.0,26.03,25.78,25.94,26890
2012-07-19 10:00:00,25.935,26.01,25.9,25.92,55400
2012-07-19 10:15:00,25.93,25.97,25.87,25.96,61289
2012-07-19 10:30:00,25.96,25.99,25.91,25.97,83087
2012-07-19 10:45:00,25.978,26.02,25.94,25.99,105027
2012-07-19 11:00:00,25.99,26.0,25.96,25.97,114975
2012-07-19 11:15:00,25.98,26.0,25.97,25.99,123075
2012-07-19 11:30:00,25.99,26.0,25.96,26.0,129065
2012-07-19 11:45:00,25.98,26.05,25.98,26.03,137088
2012-07-19 12:00:00,26.03,26.04,26.01,26.01,170363
2012-07-19 12:15:00,26.015,26.02,26.01,26.01,172863
2012-07-19 12:30:00,26.015,26.02,26.01,26.015,180797
2012-07-19 12:45:00,26.015,26.015,25.98,26.0,193027
2012-07-19 13:00:00,25.99,26.02,25.99,25.99,198727
2012-07-19 13:15:00,26.0,26.02,25.99,26.02,211327
2012-07-19 13:30:00,26.03,26.12,26.03,26.06,259088
2012-07-19 13:45:00,26.07,26.1,26.03,26.035,283912
2012-07-19 14:00:00,26.03,26.05,26.01,26.035,308412
2012-07-19 14:15:00,26.04,26.05,26.01,26.02,327962
2012-07-19 14:30:00,26.01,26.03,26.01,26.015,376168
2012-07-19 14:45:00,26.02,26.02,25.96,25.99,446147
2012-07-19 15:00:00,26.0,26.0,25.99,26.0,465245
2012-07-19 15:15:00,26.0,26.01,25.94,26.0,501995
2012-07-19 15:30:00,26.0,26.01,25.97,25.98,526401
2012-07-19 15:45:00,25.99,26.0,25.98,26.0,580725
2012-07-19 16:00:00,26.0,26.01,25.96,25.97,602724
2012-07-20 09:45:00,25.93,25.95,25.755,25.91,27260
2012-07-20 10:00:00,25.91,26.015,25.89,26.015,63991
2012-07-20 10:15:00,26.0,26.01,25.93,25.98,81851
2012-07-20 10:30:00,25.955,26.0,25.945,25.98,95315
2012-07-20 10:45:00,25.99,26.0,25.97,26.0,113519
2012-07-20 11:00:00,26.0,26.0,25.97,26.0,130718
2012-07-20 11:15:00,26.0,26.01,25.985,25.99,142223
2012-07-20 11:30:00,25.9894,26.01,25.97,26.005,172227
2012-07-20 11:45:00,26.005,26.005,25.95,25.98,182866
2012-07-20 12:00:00,25.98,26.01,25.97,26.0,206401
2012-07-20 12:15:00,26.0,26.005,25.98,25.99,239397
2012-07-20 12:30:00,25.99,26.0,25.98,25.99,272440
2012-07-20 12:45:00,25.99,26.0,25.93,25.97,292028
2012-07-20 13:00:00,25.975,25.98,25.94,25.96,307028
2012-07-20 13:15:00,25.95,25.98,25.95,25.9601,318918
2012-07-20 13:30:00,25.96,25.99,25.8683,25.88,331718
2012-07-20 13:45:00,25.87,25.93,25.81,25.83,393466
2012-07-20 14:00:00,25.84,25.87,25.835,25.84,398466
2012-07-20 14:15:00,25.84,25.85,25.76,25.76,408770
2012-07-20 14:30:00,25.78,25.78,25.725,25.75,417545
2012-07-20 14:45:00,25.75,25.76,25.71,25.73,425345
2012-07-20 15:00:00,25.73,25.77,25.725,25.76,434447
2012-07-20 15:15:00,25.77,25.79,25.76,25.77,442783
2012-07-20 15:30:00,25.76,25.77,25.73,25.74,450580
2012-07-20 15:45:00,25.74,25.8,25.735,25.76,470117
2012-07-20 16:00:00,25.755,25.835,25.75,25.79,526103
2012-07-23 09:45:00,25.53,25.55,25.16,25.26,22380
2012-07-23 10:00:00,25.2595,25.26,25.08,25.22,42970
2012-07-23 10:15:00,25.18,25.25,25.1,25.24,50720
2012-07-23 10:30:00,25.21,25.35,25.21,25.33,58723
2012-07-23 10:45:00,25.34,25.38,25.26,25.36,70747
2012-07-23 11:00:00,25.35,25.44,25.33,25.41,99759
2012-07-23 11:15:00,25.43,25.44,25.34,25.36,110938
2012-07-23 11:30:00,25.35,25.37,25.32,25.35,123255
2012-07-23 11:45:00,25.35,25.37,25.31,25.35,130736
2012-07-23 12:00:00,25.34,25.37,25.34,25.34,132892
2012-07-23 12:15:00,25.34,25.34,25.33,25.33,134692
2012-07-23 12:30:00,25.32,25.42,25.3,25.4,148592
2012-07-23 12:45:00,25.4,25.49,25.39,25.4299,168004
2012-07-23 13:00:00,25.43,25.43,25.38,25.39,177904
2012-07-23 13:15:00,25.3899,25.48,25.38,25.48,190104
2012-07-23 13:30:00,25.48,25.53,25.4783,25.5,222536
2012-07-23 13:45:00,25.51,25.54,25.49,25.5,259895
2012-07-23 14:00:00,25.5005,25.51,25.48,25.51,279384
2012-07-23 14:15:00,25.52,25.62,25.48,25.56,311002
2012-07-23 14:30:00,25.56,25.57,25.52,25.56,322518
2012-07-23 14:45:00,25.55,25.58,25.55,25.55,333535
2012-07-23 15:00:00,25.55,25.57,25.54,25.57,344341
2012-07-23 15:15:00,25.56,25.61,25.54,25.59,372377
2012-07-23 15:30:00,25.59,25.62,25.59,25.59,383696
2012-07-23 15:45:00,25.59,25.67,25.59,25.66,443733
2012-07-23 16:00:00,25.67,25.74,25.65,25.68,558431
2012-07-24 09:45:00,25.71,25.78,25.6107,25.78,36458
2012-07-24 10:00:00,25.78,25.81,25.5,25.5,58301
2012-07-24 10:15:00,25.49,25.6,25.44,25.6,82248
2012-07-24 10:30:00,25.585,25.66,25.51,25.66,119824
2012-07-24 10:45:00,25.66,25.685,25.59,25.63,144024
2012-07-24 11:00:00,25.625,25.64,25.56,25.565,189325
2012-07-24 11:15:00,25.5616,25.655,25.5616,25.63,201764
2012-07-24 11:30:00,25.63,25.66,25.615,25.65,222362
2012-07-24 11:45:00,25.645,25.645,25.555,25.573,241792
2012-07-24 12:00:00,25.573,25.6,25.563,25.565,256789
2012-07-24 12:15:00,25.56,25.61,25.545,25.545,276758
2012-07-24 12:30:00,25.55,25.5625,25.41,25.41,306058
2012-07-24 12:45:00,25.42,25.52,25.39,25.5,322564
2012-07-24 13:00:00,25.5,25.54,25.48,25.53,341042
2012-07-24 13:15:00,25.52,25.52,25.42,25.49,347215
2012-07-24 13:30:00,25.47,25.51,25.39,25.39,358110
2012-07-24 13:45:00,25.38,25.44,25.38,25.39,362811
2012-07-24 14:00:00,25.38,25.46,25.38,25.38,368311
2012-07-24 14:15:00,25.38,25.38,25.28,25.29,381116
2012-07-24 14:30:00,25.29,25.35,25.26,25.26,390012
2012-07-24 14:45:00,25.27,25.39,25.26,25.34,413158
2012-07-24 15:00:00,25.3547,25.37,25.34,25.36,424247
2012-07-24 15:15:00,25.36,25.38,25.3595,25.375,444908
2012-07-24 15:30:00,25.37,25.37,25.27,25.315,473520
2012-07-24 15:45:00,25.31,25.33,25.11,25.13,587539
2012-07-24 16:00:00,25.12,25.17,25.02,25.03,770754
2012-07-25 09:45:00,25.25,26.78,25.25,26.48,431102
2012-07-25 10:00:00,26.48,26.69,26.44,26.53,796079
2012-07-25 10:15:00,26.53,26.75,26.5,26.63,1037983
2012-07-25 10:30:00,26.69,26.79,26.62,26.7,1179531
2012-07-25 10:45:00,26.7,26.96,26.7,26.8975,1265824
2012-07-25 11:00:00,26.86,27.21,26.8,27.0,1315545
2012-07-25 11:15:00,26.98,27.0,26.84,26.85,1378024
2012-07-25 11:30:00,26.85,26.87,26.54,26.73,1490716
2012-07-25 11:45:00,26.74,26.97,26.74,26.89,1546420
2012-07-25 12:00:00,26.89,27.0,26.87,26.955,1596623
2012-07-25 12:15:00,26.95,27.0,26.95,26.9925,1659742
2012-07-25 12:30:00,27.0,27.12,26.97,26.99,1811644
2012-07-25 12:45:00,27.0,27.25,27.0,27.24,1898449
2012-07-25 13:00:00,27.24,27.25,27.16,27.24,1974165
2012-07-25 13:15:00,27.25,27.25,27.17,27.24,2020628
2012-07-25 13:30:00,27.23,27.28,27.14,27.24,2063900
2012-07-25 13:45:00,27.24,27.45,27.23,27.44,2107999
2012-07-25 14:00:00,27.43,27.58,27.4,27.51,2154386
2012-07-25 14:15:00,27.51,27.53,27.35,27.37,2228210
2012-07-25 14:30:00,27.37,27.38,27.22,27.33,2320990
2012-07-25 14:45:00,27.32,27.39,27.25,27.25,2346280
2012-07-25 15:00:00,27.24,27.28,27.18,27.19,2372126
2012-07-25 15:15:00,27.18,27.29,27.14,27.25,2442408
2012-07-25 15:30:00,27.245,27.31,27.23,27.29,2547214
2012-07-25 15:45:00,27.29,27.61,27.26,27.51,2777835
2012-07-25 16:00:00,27.54,27.73,27.44,27.51,3087356
2012-07-26 09:45:00,27.73,28.0,27.6,27.74,93922
2012-07-26 10:00:00,27.75,27.85,27.74,27.79,148343
2012-07-26 10:15:00,27.78,27.82,27.71,27.75,232176
2012-07-26 10:30:00,27.75,27.75,27.6,27.68,295741
2012-07-26 10:45:00,27.71,27.75,27.69,27.74,405802
2012-07-26 11:00:00,27.74,27.8,27.68,27.7,589967
2012-07-26 11:15:00,27.69,27.71,27.61,27.65,632917
2012-07-26 11:30:00,27.65,27.69,27.61,27.65,681760
2012-07-26 11:45:00,27.65,27.66,27.58,27.59,733195
2012-07-26 12:00:00,27.59,27.62,27.56,27.56,759869
2012-07-26 12:15:00,27.55,27.61,27.52,27.59,782674
2012-07-26 12:30:00,27.59,27.64,27.59,27.64,800188
2012-07-26 12:45:00,27.64,27.75,27.64,27.75,827648
2012-07-26 13:00:00,27.75,27.75,27.64,27.66,860747
2012-07-26 13:15:00,27.66,27.69,27.65,27.68,880859
2012-07-26 13:30:00,27.6777,27.75,27.64,27.74,916496
2012-07-26 13:45:00,27.74,27.75,27.61,27.63,947909
2012-07-26 14:00:00,27.61,27.665,27.57,27.65,990427
2012-07-26 14:15:00,27.65,27.705,27.65,27.68,1024231
2012-07-26 14:30:00,27.67,27.81,27.67,27.81,1209166
2012-07-26 14:45:00,27.81,27.9,27.81,27.86,1286607
2012-07-26 15:00:00,27.86,27.9,27.85,27.9,1315861
2012-07-26 15:15:00,27.9,27.98,27.88,27.895,1410164
2012-07-26 15:30:00,27.9,28.0,27.89,28.0,1667202
2012-07-26 15:45:00,28.0,28.06,27.99,28.04,1864083
2012-07-26 16:00:00,28.03,28.03,27.94,27.9616,2078804
2012-07-27 09:45:00,28.0,28.05,27.91,27.94,64011
2012-07-27 10:00:00,27.95,28.01,27.94,27.98,585369
2012-07-27 10:15:00,27.97,27.98,27.88,27.9,607167
2012-07-27 10:30:00,27.9,27.91,27.9,27.9,617367
2012-07-27 10:45:00,27.9,28.0,27.9,27.95,766590
2012-07-27 11:00:00,27.96,27.98,27.9,27.91,797886
2012-07-27 11:15:00,27.91,28.01,27.905,27.98,820859
2012-07-27 11:30:00,27.97,28.01,27.96,27.98,842924
2012-07-27 11:45:00,27.99,28.0,27.96,27.98,865539
2012-07-27 12:00:00,27.99,28.04,27.98,28.02,898974
2012-07-27 12:15:00,28.025,28.025,27.98,27.998,919640
2012-07-27 12:30:00,28.0,28.0,27.97,28.0,942732
2012-07-27 12:45:00,28.0,28.03,27.98,27.99,966406
2012-07-27 13:00:00,28.0,28.0,27.99,28.0,1095051
2012-07-27 13:15:00,28.0,28.0,27.99,27.99,1116139
2012-07-27 13:30:00,28.0,28.0,27.99,28.0,1184144
2012-07-27 13:45:00,28.0,28.0,27.99,28.0,1264031
2012-07-27 14:00:00,28.0,28.1,27.99,28.02,1375171
2012-07-27 14:15:00,28.02,28.06,27.94,27.94,1532308
2012-07-27 14:30:00,27.95,27.99,27.92,27.95,1589452
2012-07-27 14:45:00,27.95,28.0,27.95,27.99,1610563
2012-07-27 15:00:00,27.99,28.0,27.97,27.98,1639193
2012-07-27 15:15:00,27.99,28.06,27.9816,28.05,1679963
2012-07-27 15:30:00,28.06,28.06,28.0,28.05,1773192
2012-07-27 15:45:00,28.05,28.06,28.04,28.05,1861944
2012-07-27 16:00:00,28.04,28.06,28.0,28.03,1979530
2012-07-30 09:45:00,27.99,28.39,27.95,28.35,226785
2012-07-30 10:00:00,28.35,28.41,28.32,28.37,315311
2012-07-30 10:15:00,28.37,28.39,28.31,28.35,376781
2012-07-30 10:30:00,28.35,28.35,28.27,28.3,404441
2012-07-30 10:45:00,28.3,28.3,28.23,28.25,438483
2012-07-30 11:00:00,28.24,28.27,28.2,28.25,517154
2012-07-30 11:15:00,28.24,28.25,28.24,28.25,546051
2012-07-30 11:30:00,28.25,28.25,28.18,28.2,627854
2012-07-30 11:45:00,28.21,28.23,28.11,28.11,652692
2012-07-30 12:00:00,28.11,28.24,28.1,28.21,776884
2012-07-30 12:15:00,28.21,28.21,28.15,28.2,799237
2012-07-30 12:30:00,28.2,28.26,28.18,28.25,822722
2012-07-30 12:45:00,28.25,28.26,28.23,28.25,886601
2012-07-30 13:00:00,28.25,28.25,28.24,28.24,890012
2012-07-30 13:15:00,28.24,28.25,28.24,28.245,899565
2012-07-30 13:30:00,28.24,28.25,28.23,28.25,911580
2012-07-30 13:45:00,28.25,28.28,28.24,28.26,1011418
2012-07-30 14:00:00,28.25,28.26,28.24,28.25,1035018
2012-07-30 14:15:00,28.25,28.39,28.24,28.2948,1100752
2012-07-30 14:30:00,28.3,28.37,28.26,28.32,1162523
2012-07-30 14:45:00,28.33,28.33,28.25,28.29,1195443
2012-07-30 15:00:00,28.2701,28.36,28.2701,28.3,1213144
2012-07-30 15:15:00,28.2999,28.31,28.26,28.3,1253891
2012-07-30 15:30:00,28.29,28.4,28.29,28.38,1265729
2012-07-30 15:45:00,28.39,28.4,28.37,28.38,1297050
2012-07-30 16:00:00,28.39,28.43,28.36,28.39,1352648
2012-07-31 09:45:00,28.3,28.31,28.07,28.12,102084
2012-07-31 10:00:00,28.1,28.13,27.99,28.13,117326
2012-07-31 10:15:00,28.139,28.14,27.9619,28.04,132844
2012-07-31 10:30:00,28.0371,28.22,27.98,28.19,192418
2012-07-31 10:45:00,28.205,28.25,28.14,28.22,275077
2012-07-31 11:00:00,28.22,28.26,28.2,28.24,329869
2012-07-31 11:15:00,28.205,28.26,28.17,28.25,352017
2012-07-31 11:30:00,28.25,28.25,28.19,28.24,369247
2012-07-31 11:45:00,28.24,28.25,28.18,28.19,399089
2012-07-31 12:00:00,28.2,28.26,28.19,28.24,419211
2012-07-31 12:15:00,28.23,28.25,28.22,28.23,445995
2012-07-31 12:30:00,28.24,28.26,28.23,28.24,477048
2012-07-31 12:45:00,28.24,28.26,28.23,28.24,508356
2012-07-31 13:00:00,28.24,28.295,28.24,28.26,525510
2012-07-31 13:15:00,28.26,28.28,28.25,28.26,536110
2012-07-31 13:30:00,28.27,28.35,28.26,28.35,544374
2012-07-31 13:45:00,28.3332,28.35,28.27,28.31,603936
2012-07-31 14:00:00,28.29,28.46,28.29,28.45,667294
2012-07-31 14:15:00,28.43,28.47,28.39,28.46,680912
2012-07-31 14:30:00,28.46,28.5,28.46,28.5,695872
2012-07-31 14:45:00,28.49,28.53,28.49,28.51,808420
2012-07-31 15:00:00,28.51,28.52,28.49,28.49,820945
2012-07-31 15:15:00,28.495,28.5,28.47,28.48,843977
2012-07-31 15:30:00,28.475,28.51,28.47,28.5,871771
2012-07-31 15:45:00,28.5,28.525,28.49,28.51,946303
2012-07-31 16:00:00,28.5,28.52,28.45,28.51,1116106
2012-08-01 09:45:00,28.64,28.85,28.39,28.39,34775
2012-08-01 10:00:00,28.4,28.64,28.37,28.58,49268
2012-08-01 10:15:00,28.57,28.6,28.49,28.53,69659
2012-08-01 10:30:00,28.53,28.61,28.51,28.58,93519
2012-08-01 10:45:00,28.6,28.6,28.48,28.53,100024
2012-08-01 11:00:00,28.49,28.57,28.45,28.51,108831
2012-08-01 11:15:00,28.5,28.54,28.45,28.49,112731
2012-08-01 11:30:00,28.5,28.55,28.47,28.54,124876
2012-08-01 11:45:00,28.53,28.59,28.5,28.53,134253
2012-08-01 12:00:00,28.53,28.55,28.51,28.54,138374
2012-08-01 12:15:00,28.52,28.6,28.5,28.5,148174
2012-08-01 12:30:00,28.5,28.59,28.5,28.57,162374
2012-08-01 12:45:00,28.59,28.61,28.57,28.6,172373
2012-08-01 13:00:00,28.6,28.6,28.53,28.55,182288
2012-08-01 13:15:00,28.55,28.56,28.5,28.51,189389
2012-08-01 13:30:00,28.51,28.61,28.5,28.6,246445
2012-08-01 13:45:00,28.6,28.7,28.59,28.6,341008
2012-08-01 14:00:00,28.6,28.63,28.59,28.6,397748
2012-08-01 14:15:00,28.604,28.63,28.54,28.57,465183
2012-08-01 14:30:00,28.62,28.679,28.56,28.679,490234
2012-08-01 14:45:00,28.69,28.69,28.57,28.62,503650
2012-08-01 15:00:00,28.6,28.77,28.59,28.75,538152
2012-08-01 15:15:00,28.75,28.85,28.74,28.815,578047
2012-08-01 15:30:00,28.815,28.86,28.8,28.8,632720
2012-08-01 15:45:00,28.81,28.84,28.7301,28.7301,800394
2012-08-01 16:00:00,28.73,28.75,28.46,28.55,943578
2012-08-02 09:45:00,28.29,28.4,28.29,28.36,19863
2012-08-02 10:00:00,28.38,28.55,28.375,28.53,35009
2012-08-02 10:15:00,28.54,28.55,28.48,28.55,44013
2012-08-02 10:30:00,28.55,28.83,28.54,28.829,68498
2012-08-02 10:45:00,28.82,29.11,28.79,28.88,229948
2012-08-02 11:00:00,28.88,28.95,28.66,28.73,283656
2012-08-02 11:15:00,28.73,28.77,28.65,28.74,327635
2012-08-02 11:30:00,28.75,28.7525,28.67,28.71,353990
2012-08-02 11:45:00,28.71,28.75,28.62,28.68,389050
2012-08-02 12:00:00,28.675,28.69,28.61,28.66,425177
2012-08-02 12:15:00,28.67,28.71,28.66,28.67,484765
2012-08-02 12:30:00,28.67,28.72,28.67,28.68,509257
2012-08-02 12:45:00,28.68,28.71,28.67,28.68,538949
2012-08-02 13:00:00,28.68,28.71,28.68,28.71,564507
2012-08-02 13:15:00,28.71,28.71,28.69,28.7,581014
2012-08-02 13:30:00,28.7,28.71,28.69,28.7,597414
2012-08-02 13:45:00,28.7,28.71,28.68,28.685,614673
2012-08-02 14:00:00,28.68,28.71,28.68,28.69,637017
2012-08-02 14:15:00,28.68,28.72,28.68,28.695,656543
2012-08-02 14:30:00,28.695,28.73,28.69,28.73,678222
2012-08-02 14:45:00,28.72,28.79,28.72,28.77,701564
2012-08-02 15:00:00,28.75,28.77,28.71,28.7655,721393
2012-08-02 15:15:00,28.76,28.78,28.73,28.75,747779
2012-08-02 15:30:00,28.75,28.8,28.712,28.7312,793126
2012-08-02 15:45:00,28.75,28.85,28.74,28.84,830738
2012-08-02 16:00:00,28.85,28.95,28.83,28.93,930353
2012-08-03 09:45:00,29.1,29.34,28.92,29.22,64850
2012-08-03 10:00:00,29.29,29.43,29.29,29.4,72306
2012-08-03 10:15:00,29.38,29.39,29.26,29.26,76376
2012-08-03 10:30:00,29.26,29.26,29.19,29.21,78876
2012-08-03 10:45:00,29.2,29.2,29.05,29.11,96966
2012-08-03 11:00:00,29.1,29.11,29.08,29.1,114047
2012-08-03 11:15:00,29.1,29.11,29.0,29.07,142630
2012-08-03 11:30:00,29.06,29.1,29.05,29.09,163630
2012-08-03 11:45:00,29.0902,29.11,29.05,29.08,238505
2012-08-03 12:00:00,29.07,29.11,29.07,29.1,255105
2012-08-03 12:15:00,29.11,29.129,29.09,29.1,266814
2012-08-03 12:30:00,29.1,29.15,29.1,29.11,272272
2012-08-03 12:45:00,29.12,29.12,29.1,29.12,275844
2012-08-03 13:00:00,29.12,29.14,29.1,29.125,285859
2012-08-03 13:15:00,29.12,29.17,29.11,29.14,298826
2012-08-03 13:30:00,29.15,29.2,29.13,29.19,307888
2012-08-03 13:45:00,29.19,29.21,29.15,29.18,314780
2012-08-03 14:00:00,29.18,29.21,29.17,29.19,327002
2012-08-03 14:15:00,29.18,29.22,29.12,29.15,335200
2012-08-03 14:30:00,29.14,29.16,29.1,29.12,342545
2012-08-03 14:45:00,29.12,29.16,29.11,29.12,355845
2012-08-03 15:00:00,29.13,29.19,29.12,29.17,373090
2012-08-03 15:15:00,29.15,29.17,29.14,29.15,394543
2012-08-03 15:30:00,29.14,29.24,29.14,29.2,422622
2012-08-03 15:45:00,29.2,29.24,29.14,29.15,497284
2012-08-03 16:00:00,29.14,29.24,29.14,29.21,565695
2012-08-06 09:45:00,29.24,29.298,29.18,29.25,21337
2012-08-06 10:00:00,29.24,29.27,29.17,29.17,32837
2012-08-06 10:15:00,29.18,29.27,29.14,29.215,51037
2012-08-06 10:30:00,29.2,29.27,29.19,29.27,63331
2012-08-06 10:45:00,29.24,29.24,29.16,29.1733,74871
2012-08-06 11:00:00,29.2,29.26,29.14,29.23,91576
2012-08-06 11:15:00,29.22,29.26,29.16,29.22,167865
2012-08-06 11:30:00,29.22,29.26,29.19,29.2,201620
2012-08-06 11:45:00,29.2,29.21,29.11,29.16,243055
2012-08-06 12:00:00,29.16,29.21,29.08,29.1,356380
2012-08-06 12:15:00,29.1,29.12,29.06,29.1,385251
2012-08-06 12:30:00,29.09,29.11,29.07,29.08,395157
2012-08-06 12:45:00,29.07,29.11,29.07,29.09,408667
2012-08-06 13:00:00,29.08,29.13,29.06,29.1132,423559
2012-08-06 13:15:00,29.13,29.14,29.05,29.05,445042
2012-08-06 13:30:00,29.05,29.07,29.02,29.07,464389
2012-08-06 13:45:00,29.07,29.08,29.04,29.07,477318
2012-08-06 14:00:00,29.07,29.07,29.03,29.055,494030
2012-08-06 14:15:00,29.07,29.08,29.05,29.06,505148
2012-08-06 14:30:00,29.05,29.06,28.99,29.0,546549
2012-08-06 14:45:00,29.0,29.06,28.98,29.05,620860
2012-08-06 15:00:00,29.06,29.07,29.03,29.05,653388
2012-08-06 15:15:00,29.05,29.1,29.0,29.025,725411
2012-08-06 15:30:00,29.04,29.08,29.01,29.01,752190
2012-08-06 15:45:00,29.01,29.06,29.0,29.035,810156
2012-08-06 16:00:00,29.03,29.03,28.95,29.01,930492
2012-08-07 09:45:00,29.07,29.075,28.92,29.01,15619
2012-08-07 10:00:00,29.0,29.01,28.72,28.74,43216
2012-08-07 10:15:00,28.76,28.78,28.705,28.705,56221
2012-08-07 10:30:00,28.71,28.73,28.63,28.69,67308
2012-08-07 10:45:00,28.69,28.74,28.64,28.65,88309
2012-08-07 11:00:00,28.65,28.7,28.65,28.68,100492
2012-08-07 11:15:00,28.67,28.68,28.62,28.63,114393
2012-08-07 11:30:00,28.65,28.67,28.62,28.64,129901
2012-08-07 11:45:00,28.67,28.77,28.65,28.769,151770
2012-08-07 12:00:00,28.76,28.78,28.7,28.75,192863
2012-08-07 12:15:00,28.755,28.87,28.72,28.86,260693
2012-08-07 12:30:00,28.86,28.87,28.82,28.86,283660
2012-08-07 12:45:00,28.86,28.94,28.86,28.935,292100
2012-08-07 13:00:00,28.935,28.99,28.93,28.97,316813
2012-08-07 13:15:00,28.97,28.97,28.91,28.93,324868
2012-08-07 13:30:00,28.92,28.93,28.86,28.86,331724
2012-08-07 13:45:00,28.87,28.87,28.85,28.85,337674
2012-08-07 14:00:00,28.84,28.84,28.76,28.77,349354
2012-08-07 14:15:00,28.79,28.81,28.78,28.8,360019
2012-08-07 14:30:00,28.8,28.81,28.72,28.73,379519
2012-08-07 14:45:00,28.735,28.75,28.7,28.72,396829
2012-08-07 15:00:00,28.72,28.73,28.68,28.69,423470
2012-08-07 15:15:00,28.69,28.7,28.63,28.69,491405
2012-08-07 15:30:00,28.69,28.76,28.68,28.695,522396
2012-08-07 15:45:00,28.69,28.71,28.68,28.71,549863
2012-08-07 16:00:00,28.7,28.71,28.645,28.7,658448
2012-08-08 09:45:00,28.61,28.75,28.47,28.66,25024
2012-08-08 10:00:00,28.66,28.66,28.49,28.61,39718
2012-08-08 10:15:00,28.61,28.66,28.55,28.655,101481
2012-08-08 10:30:00,28.65,28.68,28.58,28.61,124181
2012-08-08 10:45:00,28.605,28.7,28.6,28.685,147144
2012-08-08 11:00:00,28.69,28.71,28.65,28.65,161144
2012-08-08 11:15:00,28.67,28.74,28.65,28.74,174408
2012-08-08 11:30:00,28.725,28.75,28.68,28.68,205632
2012-08-08 11:45:00,28.68,28.685,28.65,28.68,216304
2012-08-08 12:00:00,28.68,28.69,28.66,28.67,233805
2012-08-08 12:15:00,28.66,28.75,28.66,28.75,245221
2012-08-08 12:30:00,28.75,28.75,28.69,28.6906,256653
2012-08-08 12:45:00,28.696,28.71,28.68,28.7,276677
2012-08-08 13:00:00,28.71,28.71,28.7,28.7,287626
2012-08-08 13:15:00,28.705,28.71,28.7,28.7,294506
2012-08-08 13:30:00,28.7,28.71,28.61,28.61,350979
2012-08-08 13:45:00,28.6,28.69,28.6,28.68,382624
2012-08-08 14:00:00,28.66,28.7,28.65,28.6975,404665
2012-08-08 14:15:00,28.695,28.72,28.69,28.72,415865
2012-08-08 14:30:00,28.72,28.75,28.67,28.75,438162
2012-08-08 14:45:00,28.75,28.75,28.715,28.75,451799
2012-08-08 15:00:00,28.75,28.75,28.72,28.74,464628
2012-08-08 15:15:00,28.75,28.75,28.65,28.67,515925
2012-08-08 15:30:00,28.68,28.71,28.57,28.575,579261
2012-08-08 15:45:00,28.58,28.65,28.54,28.63,630204
2012-08-08 16:00:00,28.64,28.66,28.56,28.63,721876
2012-08-09 09:45:00,28.66,28.75,28.47,28.73,45651
2012-08-09 10:00:00,28.74,28.78,28.71,28.735,74630
2012-08-09 10:15:00,28.74,28.74,28.73,28.73,82270
2012-08-09 10:30:00,28.73,28.76,28.71,28.72,100722
2012-08-09 10:45:00,28.72,28.76,28.71,28.755,122616
2012-08-09 11:00:00,28.755,28.78,28.73,28.75,169240
2012-08-09 11:15:00,28.75,28.75,28.73,28.73,179203
2012-08-09 11:30:00,28.72,28.77,28.72,28.76,211047
2012-08-09 11:45:00,28.75,28.78,28.75,28.78,227992
2012-08-09 12:00:00,28.78,28.95,28.77,28.92,261813
2012-08-09 12:15:00,28.93,28.965,28.92,28.96,275394
2012-08-09 12:30:00,28.95,28.96,28.86,28.865,288383
2012-08-09 12:45:00,28.87,29.0,28.86,28.99,338883
2012-08-09 13:00:00,28.985,29.035,28.97,29.005,367631
2012-08-09 13:15:00,29.005,29.1,29.005,29.095,398750
2012-08-09 13:30:00,29.095,29.12,29.0,29.0,621927
2012-08-09 13:45:00,29.0,29.01,29.0,29.0,645940
2012-08-09 14:00:00,29.0,29.01,29.0,29.0,661240
2012-08-09 14:15:00,29.005,29.01,28.949,28.95,689233
2012-08-09 14:30:00,28.95,28.96,28.9,28.9,720972
2012-08-09 14:45:00,28.9,29.045,28.9,29.0,751615
2012-08-09 15:00:00,29.0,29.025,29.0,29.0,778441
2012-08-09 15:15:00,29.0,29.02,28.95,29.0,824843
2012-08-09 15:30:00,29.0,29.005,28.95,28.96,881758
2012-08-09 15:45:00,28.96,28.98,28.95,28.95,934219
2012-08-09 16:00:00,28.96,29.02,28.95,29.0,1036491
2012-08-10 09:45:00,29.01,29.2,28.81,28.99,15229
2012-08-10 10:00:00,28.98,28.98,28.82,28.935,29318
2012-08-10 10:15:00,28.95,29.11,28.8975,29.1,58744
2012-08-10 10:30:00,29.1,29.115,29.01,29.05,81538
2012-08-10 10:45:00,29.05,29.07,29.02,29.06,102110
2012-08-10 11:00:00,29.0644,29.0644,29.04,29.04,113477
2012-08-10 11:15:00,29.05,29.07,28.925,29.0676,140199
2012-08-10 11:30:00,29.05,29.09,29.0433,29.06,156382
2012-08-10 11:45:00,29.07,29.07,29.02,29.05,232429
2012-08-10 12:00:00,29.05,29.1,29.03,29.06,251940
2012-08-10 12:15:00,29.07,29.11,29.065,29.1,259080
2012-08-10 12:30:00,29.1,29.11,29.09,29.1,268013
2012-08-10 12:45:00,29.1,29.11,29.05,29.09,278376
2012-08-10 13:00:00,29.085,29.13,29.08,29.11,281576
2012-08-10 13:15:00,29.115,29.16,29.105,29.155,314832
2012-08-10 13:30:00,29.16,29.16,29.13,29.14,326050
2012-08-10 13:45:00,29.14,29.14,29.1,29.11,333833
2012-08-10 14:00:00,29.1,29.11,29.03,29.03,358028
2012-08-10 14:15:00,29.03,29.03,28.96,28.96,369928
2012-08-10 14:30:00,28.96,29.02,28.93,29.01,403330
2012-08-10 14:45:00,29.005,29.01,28.88,28.89,426765
2012-08-10 15:00:00,28.89,28.94,28.88,28.92,436867
2012-08-10 15:15:00,28.92,28.92,28.89,28.905,451390
2012-08-10 15:30:00,28.91,28.98,28.9,28.92,474228
2012-08-10 15:45:00,28.9,28.98,28.89,28.98,498446
2012-08-10 16:00:00,28.99,29.03,28.91,28.96,554647
2012-08-13 09:45:00,28.88,28.98,28.78,28.95,19193
2012-08-13 10:00:00,28.95,28.96,28.8,28.8,31690
2012-08-13 10:15:00,28.8,28.96,28.8,28.91,56604
2012-08-13 10:30:00,28.9,28.91,28.815,28.89,100402
2012-08-13 10:45:00,28.89,28.91,28.86,28.91,113937
2012-08-13 11:00:00,28.9,28.93,28.885,28.92,126683
2012-08-13 11:15:00,28.91,28.92,28.89,28.91,130379
2012-08-13 11:30:00,28.92,28.98,28.89,28.94,143554
2012-08-13 11:45:00,28.97,28.99,28.92,28.92,161054
2012-08-13 12:00:00,28.91,28.96,28.9,28.91,169650
2012-08-13 12:15:00,28.915,28.95,28.91,28.95,174340
2012-08-13 12:30:00,28.92,28.95,28.895,28.91,182440
2012-08-13 12:45:00,28.91,28.94,28.83,28.94,285144
2012-08-13 13:00:00,28.94,28.98,28.94,28.98,286444
2012-08-13 13:15:00,28.98,28.99,28.93,28.98,293665
2012-08-13 13:30:00,28.98,28.99,28.9,28.94,313507
2012-08-13 13:45:00,28.92,29.08,28.91,29.05,333661
2012-08-13 14:00:00,29.04,29.05,29.04,29.04,335561
2012-08-13 14:15:00,29.05,29.05,28.94,28.945,354355
2012-08-13 14:30:00,28.96,28.96,28.91,28.95,364023
2012-08-13 14:45:00,28.95,29.02,28.9294,28.99,383600
2012-08-13 15:00:00,29.0,29.01,28.94,28.9608,396637
2012-08-13 15:15:00,28.96,28.99,28.89,28.9,429474
2012-08-13 15:30:00,28.91,28.94,28.89,28.899,459398
2012-08-13 15:45:00,28.9,28.9,28.81,28.84,485924
2012-08-13 16:00:00,28.84,28.88,28.75,28.84,714460
2012-08-14 09:45:00,28.84,28.86,28.45,28.515,58918
2012-08-14 10:00:00,28.5,28.61,28.49,28.53,92220
2012-08-14 10:15:00,28.5,28.52,28.48,28.509,114066
2012-08-14 10:30:00,28.51,28.55,28.44,28.48,189447
2012-08-14 10:45:00,28.47,28.5,28.41,28.43,216088
2012-08-14 11:00:00,28.44,28.5,28.4,28.4,262940
2012-08-14 11:15:00,28.4,28.54,28.33,28.54,303066
2012-08-14 11:30:00,28.59,28.7,28.55,28.67,319731
2012-08-14 11:45:00,28.65,28.65,28.55,28.5775,336781
2012-08-14 12:00:00,28.58,28.59,28.51,28.55,347041
2012-08-14 12:15:00,28.54,28.5681,28.45,28.495,415023
2012-08-14 12:30:00,28.5,28.54,28.4835,28.51,461051
2012-08-14 12:45:00,28.5,28.57,28.5,28.53,471108
2012-08-14 13:00:00,28.51,28.61,28.51,28.61,481367
2012-08-14 13:15:00,28.61,28.61,28.54,28.57,494784
2012-08-14 13:30:00,28.57,28.61,28.51,28.6,507400
2012-08-14 13:45:00,28.6,28.66,28.6,28.6,515959
2012-08-14 14:00:00,28.61,28.68,28.57,28.68,527895
2012-08-14 14:15:00,28.68,28.7,28.625,28.66,541370
2012-08-14 14:30:00,28.66,28.71,28.56,28.57,567025
2012-08-14 14:45:00,28.56,28.56,28.53,28.56,580785
2012-08-14 15:00:00,28.56,28.56,28.5,28.5,609932
2012-08-14 15:15:00,28.5,28.51,28.46,28.47,643864
2012-08-14 15:30:00,28.47,28.51,28.44,28.47,678450
2012-08-14 15:45:00,28.47,28.48,28.39,28.425,721369
2012-08-14 16:00:00,28.44,28.5,28.39,28.44,856079
2012-08-15 09:45:00,28.39,28.55,28.3617,28.5,10037
2012-08-15 10:00:00,28.5,28.55,28.47,28.51,23300
2012-08-15 10:15:00,28.51,28.65,28.48,28.63,41780
2012-08-15 10:30:00,28.61,28.73,28.61,28.695,54189
2012-08-15 10:45:00,28.68,28.75,28.63,28.69,82537
2012-08-15 11:00:00,28.69,28.69,28.51,28.54,120472
2012-08-15 11:15:00,28.54,28.62,28.53,28.58,132619
2012-08-15 11:30:00,28.59,28.61,28.47,28.51,202859
2012-08-15 11:45:00,28.51,28.53,28.44,28.47,252787
2012-08-15 12:00:00,28.48,28.5,28.47,28.48,262463
2012-08-15 12:15:00,28.49,28.6,28.49,28.6,275214
2012-08-15 12:30:00,28.6,28.61,28.56,28.59,286348
2012-08-15 12:45:00,28.59,28.62,28.57,28.59,298907
2012-08-15 13:00:00,28.6,28.6,28.56,28.57,309807
2012-08-15 13:15:00,28.57,28.59,28.52,28.53,324352
2012-08-15 13:30:00,28.525,28.57,28.525,28.57,336751
2012-08-15 13:45:00,28.57,28.655,28.56,28.58,372583
2012-08-15 14:00:00,28.59,28.61,28.59,28.605,393283
2012-08-15 14:15:00,28.61,28.61,28.57,28.59,419294
2012-08-15 14:30:00,28.6,28.615,28.6,28.61,442204
2012-08-15 14:45:00,28.61,28.68,28.605,28.68,468597
2012-08-15 15:00:00,28.68,28.76,28.67,28.69,496459
2012-08-15 15:15:00,28.7,28.715,28.65,28.69,534120
2012-08-15 15:30:00,28.69,28.72,28.57,28.58,573939
2012-08-15 15:45:00,28.57,28.64,28.55,28.64,640530
2012-08-15 16:00:00,28.64,28.67,28.53,28.595,761961
2012-08-16 09:45:00,28.56,28.77,28.56,28.63,7970
2012-08-16 10:00:00,28.57,28.63,28.52,28.63,14070
2012-08-16 10:15:00,28.6,28.64,28.59,28.63,17270
2012-08-16 10:30:00,28.61,28.7,28.61,28.7,20152
2012-08-16 10:45:00,28.7,28.705,28.58,28.64,32707
2012-08-16 11:00:00,28.64,28.69,28.625,28.625,42107
2012-08-16 11:15:00,28.62,28.625,28.535,28.57,51768
2012-08-16 11:30:00,28.5796,28.72,28.5796,28.72,59385
2012-08-16 11:45:00,28.71,28.72,28.6375,28.7,66518
2012-08-16 12:00:00,28.7,28.74,28.66,28.67,72657
2012-08-16 12:15:00,28.72,28.74,28.69,28.71,76359
2012-08-16 12:30:00,28.705,28.74,28.705,28.72,83271
2012-08-16 12:45:00,28.72,28.75,28.64,28.75,91821
2012-08-16 13:00:00,28.74,28.75,28.73,28.75,98721
2012-08-16 13:15:00,28.74,28.75,28.715,28.74,105401
2012-08-16 13:30:00,28.75,28.75,28.74,28.75,108435
2012-08-16 13:45:00,28.74,28.74,28.68,28.71,120480
2012-08-16 14:00:00,28.72,28.72,28.66,28.685,130926
2012-08-16 14:15:00,28.68,28.685,28.585,28.635,152498
2012-08-16 14:30:00,28.66,28.7,28.615,28.635,168461
2012-08-16 14:45:00,28.64,28.69,28.635,28.65,186354
2012-08-16 15:00:00,28.64,28.6461,28.61,28.64,209691
2012-08-16 15:15:00,28.64,28.7,28.63,28.655,257401
2012-08-16 15:30:00,28.66,28.73,28.66,28.73,292836
2012-08-16 15:45:00,28.74,28.77,28.69,28.7,355597
2012-08-16 16:00:00,28.7,28.78,28.69,28.77,441086
2012-08-17 09:45:00,28.69,28.8,28.65,28.79,36600
2012-08-17 10:00:00,28.79,28.8,28.71,28.79,43478
2012-08-17 10:15:00,28.78,28.79,28.7502,28.78,49577
2012-08-17 10:30:00,28.77,28.775,28.74,28.75,55977
2012-08-17 10:45:00,28.74,28.78,28.69,28.72,64949
2012-08-17 11:00:00,28.7133,28.75,28.7,28.7175,78526
2012-08-17 11:15:00,28.71,28.71,28.685,28.7,81982
2012-08-17 11:30:00,28.7,28.72,28.68,28.69,97515
2012-08-17 11:45:00,28.69,28.71,28.675,28.705,106867
2012-08-17 12:00:00,28.71,28.72,28.7,28.72,121255
2012-08-17 12:15:00,28.72,28.72,28.7,28.705,130530
2012-08-17 12:30:00,28.71,28.71,28.7048,28.7048,132178
2012-08-17 12:45:00,28.71,28.71,28.7,28.71,144905
2012-08-17 13:00:00,28.7075,28.71,28.68,28.68,158089
2012-08-17 13:15:00,28.6807,28.71,28.675,28.69,176350
2012-08-17 13:30:00,28.69,28.71,28.67,28.7,191250
2012-08-17 13:45:00,28.69,28.69,28.67,28.68,194345
2012-08-17 14:00:00,28.6875,28.7,28.64,28.655,222421
2012-08-17 14:15:00,28.65,28.66,28.64,28.65,231934
2012-08-17 14:30:00,28.66,28.69,28.65,28.69,256990
2012-08-17 14:45:00,28.68,28.71,28.68,28.7,263190
2012-08-17 15:00:00,28.7,28.78,28.7,28.78,278981
2012-08-17 15:15:00,28.78,28.79,28.77,28.78,286358
2012-08-17 15:30:00,28.77,28.78,28.7418,28.765,311949
2012-08-17 15:45:00,28.76,28.79,28.73,28.79,337684
2012-08-17 16:00:00,28.78,28.81,28.74,28.78,397387
2012-08-20 09:45:00,28.7,28.78,28.6616,28.69,1801
2012-08-20 10:00:00,28.69,28.69,28.54,28.55,6688
2012-08-20 10:15:00,28.51,28.61,28.49,28.57,23540
2012-08-20 10:30:00,28.55,28.6,28.47,28.56,34340
2012-08-20 10:45:00,28.58,28.59,28.5,28.5,48240
2012-08-20 11:00:00,28.48,28.54,28.48,28.54,53374
2012-08-20 11:15:00,28.53,28.56,28.527,28.55,58973
2012-08-20 11:30:00,28.56,28.57,28.55,28.56,61173
2012-08-20 11:45:00,28.55,28.58,28.43,28.52,94663
2012-08-20 12:00:00,28.51,28.63,28.51,28.615,108857
2012-08-20 12:15:00,28.63,28.63,28.57,28.59,126447
2012-08-20 12:30:00,28.59,28.61,28.51,28.516,131687
2012-08-20 12:45:00,28.5,28.58,28.495,28.58,144522
2012-08-20 13:00:00,28.581,28.61,28.56,28.58,150137
2012-08-20 13:15:00,28.5692,28.6133,28.56,28.6133,154487
2012-08-20 13:30:00,28.63,28.63,28.59,28.62,170736
2012-08-20 13:45:00,28.62,28.62,28.583,28.585,171936
2012-08-20 14:00:00,28.585,28.6,28.585,28.59,175577
2012-08-20 14:15:00,28.58,28.61,28.58,28.59,182136
2012-08-20 14:30:00,28.58,28.64,28.56,28.63,189132
2012-08-20 14:45:00,28.64,28.65,28.61,28.61,195419
2012-08-20 15:00:00,28.63,28.64,28.59,28.59,201951
2012-08-20 15:15:00,28.6,28.6,28.55,28.575,241375
2012-08-20 15:30:00,28.575,28.63,28.55,28.61,266455
2012-08-20 15:45:00,28.61,28.62,28.57,28.6,290777
2012-08-20 16:00:00,28.6,28.68,28.56,28.68,351892
2012-08-21 09:45:00,28.67,28.7499,28.55,28.61,12897
2012-08-21 10:00:00,28.6301,28.66,28.48,28.51,41270
2012-08-21 10:15:00,28.52,28.57,28.47,28.57,66415
2012-08-21 10:30:00,28.53,28.54,28.45,28.5,110896
2012-08-21 10:45:00,28.51,28.63,28.5,28.6191,122213
2012-08-21 11:00:00,28.59,28.62,28.52,28.61,140141
2012-08-21 11:15:00,28.58,28.59,28.54,28.56,151742
2012-08-21 11:30:00,28.59,28.59,28.52,28.52,168928
2012-08-21 11:45:00,28.52,28.62,28.47,28.545,185328
2012-08-21 12:00:00,28.56,28.59,28.55,28.55,194336
2012-08-21 12:15:00,28.55,28.59,28.55,28.585,210135
2012-08-21 12:30:00,28.59,28.59,28.5,28.52,234024
2012-08-21 12:45:00,28.53,28.53,28.5,28.5,247213
2012-08-21 13:00:00,28.5041,28.52,28.5,28.52,252586
2012-08-21 13:15:00,28.51,28.52,28.49,28.49,267292
2012-08-21 13:30:00,28.49,28.525,28.48,28.48,281816
2012-08-21 13:45:00,28.48,28.535,28.48,28.51,292252
2012-08-21 14:00:00,28.51,28.59,28.5,28.57,310125
2012-08-21 14:15:00,28.57,28.61,28.56,28.59,330804
2012-08-21 14:30:00,28.58,28.59,28.54,28.59,344004
2012-08-21 14:45:00,28.59,28.6,28.53,28.5571,361008
2012-08-21 15:00:00,28.56,28.59,28.55,28.56,372070
2012-08-21 15:15:00,28.56,28.57,28.53,28.53,391330
2012-08-21 15:30:00,28.52,28.55,28.45,28.5,437354
2012-08-21 15:45:00,28.5,28.52,28.47,28.47,487613
2012-08-21 16:00:00,28.47,28.53,28.4,28.49,605431
2012-08-22 09:45:00,28.31,28.37,28.2,28.25,17361
2012-08-22 10:00:00,28.25,28.34,28.22,28.26,31664
2012-08-22 10:15:00,28.27,28.38,28.26,28.37,60713
2012-08-22 10:30:00,28.39,28.42,28.37,28.37,77700
2012-08-22 10:45:00,28.38,28.4,28.25,28.34,99975
2012-08-22 11:00:00,28.33,28.36,28.32,28.35,118075
2012-08-22 11:15:00,28.34,28.37,28.33,28.365,135246
2012-08-22 11:30:00,28.35,28.35,28.245,28.33,150250
2012-08-22 11:45:00,28.34,28.35,28.295,28.34,163236
2012-08-22 12:00:00,28.33,28.34,28.29,28.3,175771
2012-08-22 12:15:00,28.31,28.34,28.29,28.34,191137
2012-08-22 12:30:00,28.33,28.41,28.33,28.38,202338
2012-08-22 12:45:00,28.38,28.39,28.33,28.34,212938
2012-08-22 13:00:00,28.34,28.35,28.33,28.35,220738
2012-08-22 13:15:00,28.34,28.35,28.33,28.34,227138
2012-08-22 13:30:00,28.34,28.35,28.325,28.34,233118
2012-08-22 13:45:00,28.345,28.43,28.32,28.43,255883
2012-08-22 14:00:00,28.43,28.46,28.39,28.4,264690
2012-08-22 14:15:00,28.39,28.54,28.39,28.46,290887
2012-08-22 14:30:00,28.44,28.49,28.39,28.39,309697
2012-08-22 14:45:00,28.4,28.49,28.395,28.44,330911
2012-08-22 15:00:00,28.43,28.55,28.42,28.51,352179
2012-08-22 15:15:00,28.51,28.52,28.44,28.47,389023
2012-08-22 15:30:00,28.445,28.515,28.44,28.45,419988
2012-08-22 15:45:00,28.44,28.44,28.34,28.4,467110
2012-08-22 16:00:00,28.42,28.47,28.34,28.4,524777
2012-08-23 09:45:00,28.38,28.38,28.0,28.17,12858
2012-08-23 10:00:00,28.17,28.19,28.0,28.08,20858
2012-08-23 10:15:00,28.04,28.14,28.04,28.11,21858
2012-08-23 10:30:00,28.13,28.2,28.11,28.18,28710
2012-08-23 10:45:00,28.2,28.28,28.16,28.19,35144
2012-08-23 11:00:00,28.21,28.26,28.14,28.156,56601
2012-08-23 11:15:00,28.18,28.25,28.15,28.2,80573
2012-08-23 11:30:00,28.21,28.21,28.12,28.15,112841
2012-08-23 11:45:00,28.15,28.2,28.15,28.19,122192
2012-08-23 12:00:00,28.19,28.23,28.12,28.2,134836
2012-08-23 12:15:00,28.19,28.21,28.15,28.15,161647
2012-08-23 12:30:00,28.15,28.19,28.15,28.18,167764
2012-08-23 12:45:00,28.18,28.2,28.14,28.175,173654
2012-08-23 13:00:00,28.2,28.2,28.12,28.13,184989
2012-08-23 13:15:00,28.11,28.12,28.06,28.06,190191
2012-08-23 13:30:00,28.06,28.06,28.0,28.01,195962
2012-08-23 13:45:00,28.01,28.02,28.0,28.0,210462
2012-08-23 14:00:00,28.0,28.05,27.98,28.03,226934
2012-08-23 14:15:00,28.05,28.06,28.0,28.04,243794
2012-08-23 14:30:00,28.04,28.04,27.96,27.98,255208
2012-08-23 14:45:00,27.98,28.06,27.97,28.03,304458
2012-08-23 15:00:00,28.04,28.05,28.01,28.01,312602
2012-08-23 15:15:00,28.01,28.09,28.01,28.04,366100
2012-08-23 15:30:00,28.032,28.08,28.03,28.0699,406982
2012-08-23 15:45:00,28.07,28.07,28.0,28.05,476812
2012-08-23 16:00:00,28.04,28.06,27.96,28.03,644138
2012-08-24 09:45:00,27.98,28.018,27.953,27.96,4628
2012-08-24 10:00:00,27.98,28.13,27.98,28.09,11381
2012-08-24 10:15:00,28.11,28.33,28.09,28.3,39341
2012-08-24 10:30:00,28.28,28.3099,28.24,28.3099,50895
2012-08-24 10:45:00,28.31,28.4,28.31,28.37,71061
2012-08-24 11:00:00,28.363,28.375,28.32,28.35,84228
2012-08-24 11:15:00,28.36,28.37,28.27,28.32,97729
2012-08-24 11:30:00,28.32,28.39,28.29,28.35,119002
2012-08-24 11:45:00,28.34,28.35,28.31,28.34,122768
2012-08-24 12:00:00,28.34,28.35,28.32,28.34,126230
2012-08-24 12:15:00,28.34,28.36,28.32,28.35,137149
2012-08-24 12:30:00,28.34,28.35,28.321,28.34,147550
2012-08-24 12:45:00,28.3238,28.36,28.3238,28.34,150586
2012-08-24 13:00:00,28.34,28.34,28.26,28.3,160969
2012-08-24 13:15:00,28.285,28.31,28.2756,28.3,189170
2012-08-24 13:30:00,28.291,28.35,28.29,28.335,205740
2012-08-24 13:45:00,28.34,28.42,28.33,28.42,217919
2012-08-24 14:00:00,28.42,28.46,28.35,28.35,225211
2012-08-24 14:15:00,28.36,28.38,28.33,28.335,251936
2012-08-24 14:30:00,28.33,28.33,28.3,28.325,263086
2012-08-24 14:45:00,28.33,28.34,28.27,28.28,277241
2012-08-24 15:00:00,28.27,28.29,28.24,28.29,287141
2012-08-24 15:15:00,28.29,28.32,28.24,28.287,305578
2012-08-24 15:30:00,28.295,28.33,28.27,28.31,324920
2012-08-24 15:45:00,28.3,28.31,28.27,28.28,340304
2012-08-24 16:00:00,28.28,28.31,28.22,28.25,385551
2012-08-27 09:45:00,28.24,28.35,28.22,28.325,4634
2012-08-27 10:00:00,28.33,28.42,28.3,28.3,30623
2012-08-27 10:15:00,28.29,28.32,28.27,28.29,37159
2012-08-27 10:30:00,28.3,28.33,28.27,28.28,51059
2012-08-27 10:45:00,28.28,28.31,28.28,28.3,53859
2012-08-27 11:00:00,28.32,28.34,28.3,28.3,55359
2012-08-27 11:15:00,28.32,28.35,28.32,28.33,60159
2012-08-27 11:30:00,28.35,28.37,28.34,28.37,89372
2012-08-27 11:45:00,28.37,28.39,28.37,28.38,90172
2012-08-27 12:00:00,28.38,28.43,28.38,28.38,98762
2012-08-27 12:15:00,28.38,28.4,28.38,28.39,99762
2012-08-27 12:30:00,28.39,28.4,28.33,28.335,105991
2012-08-27 12:45:00,28.33,28.34,28.32,28.34,112946
2012-08-27 13:00:00,28.33,28.35,28.3288,28.34,116540
2012-08-27 13:15:00,28.34,28.39,28.34,28.37,122351
2012-08-27 13:30:00,28.39,28.44,28.39,28.4,128153
2012-08-27 13:45:00,28.42,28.42,28.3705,28.3705,133060
2012-08-27 14:00:00,28.37,28.37,28.36,28.36,135860
2012-08-27 14:15:00,28.36,28.42,28.33,28.3655,180982
2012-08-27 14:30:00,28.38,28.41,28.32,28.4,195151
2012-08-27 14:45:00,28.4,28.43,28.4,28.43,196806
2012-08-27 15:00:00,28.42,28.49,28.42,28.48,221559
2012-08-27 15:15:00,28.48,28.49,28.43,28.43,230313
2012-08-27 15:30:00,28.401,28.42,28.38,28.4,243489
2012-08-27 15:45:00,28.39,28.46,28.39,28.41,274574
2012-08-27 16:00:00,28.39,28.46,28.31,28.32,386518
2012-08-28 09:45:00,28.25,28.38,28.2122,28.38,5112
2012-08-28 10:00:00,28.353,28.4,28.23,28.24,18403
2012-08-28 10:15:00,28.25,28.33,28.24,28.25,32661
2012-08-28 10:30:00,28.275,28.29,28.26,28.28,36062
2012-08-28 10:45:00,28.3,28.33,28.28,28.315,50520
2012-08-28 11:00:00,28.315,28.34,28.285,28.3,58260
2012-08-28 11:15:00,28.3,28.34,28.3,28.32,62279
2012-08-28 11:30:00,28.31,28.345,28.31,28.3201,65035
2012-08-28 11:45:00,28.32,28.35,28.32,28.35,67037
2012-08-28 12:00:00,28.34,28.41,28.34,28.4,73193
2012-08-28 12:15:00,28.41,28.435,28.3685,28.38,79410
2012-08-28 12:30:00,28.375,28.375,28.34,28.3611,84227
2012-08-28 12:45:00,28.37,28.37,28.3,28.3,89560
2012-08-28 13:00:00,28.29,28.29,28.16,28.29,120346
2012-08-28 13:15:00,28.29,28.29,28.24,28.25,125846
2012-08-28 13:30:00,28.26,28.26,28.25,28.2543,130811
2012-08-28 13:45:00,28.26,28.29,28.25,28.25,141351
2012-08-28 14:00:00,28.24,28.28,28.24,28.28,144764
2012-08-28 14:15:00,28.27,28.3,28.27,28.3,148164
2012-08-28 14:30:00,28.31,28.32,28.305,28.32,151693
2012-08-28 14:45:00,28.32,28.34,28.19,28.23,173916
2012-08-28 15:00:00,28.23,28.26,28.225,28.25,185817
2012-08-28 15:15:00,28.26,28.27,28.25,28.27,194228
2012-08-28 15:30:00,28.27,28.31,28.23,28.26,209782
2012-08-28 15:45:00,28.26,28.27,28.24,28.24,237289
2012-08-28 16:00:00,28.24,28.26,28.19,28.2,300261
2012-08-29 09:45:00,28.0,28.11,27.81,28.05,79495
2012-08-29 10:00:00,28.05,28.08,28.0,28.0,147694
2012-08-29 10:15:00,28.0,28.01,27.96,28.005,223844
2012-08-29 10:30:00,28.0,28.01,28.0,28.005,232044
2012-08-29 10:45:00,28.005,28.01,27.96,27.98,264246
2012-08-29 11:00:00,27.96,28.005,27.96,28.0,292627
2012-08-29 11:15:00,28.0,28.01,27.98,28.0,307827
2012-08-29 11:30:00,28.005,28.01,27.99,28.0,322178
2012-08-29 11:45:00,28.0,28.01,27.99,28.01,335570
2012-08-29 12:00:00,28.01,28.01,27.99,28.005,344247
2012-08-29 12:15:00,28.0,28.005,27.98,27.99,361212
2012-08-29 12:30:00,27.99,28.0,27.96,27.985,547220
2012-08-29 12:45:00,27.985,27.99,27.97,27.98,574577
2012-08-29 13:00:00,27.99,28.0,27.985,27.99,589035
2012-08-29 13:15:00,27.985,27.99,27.98,27.99,610958
2012-08-29 13:30:00,27.99,27.99,27.98,27.99,621972
2012-08-29 13:45:00,27.99,28.02,27.97,28.01,674294
2012-08-29 14:00:00,28.0,28.01,27.99,27.995,736155
2012-08-29 14:15:00,28.0,28.0,27.99,27.995,748889
2012-08-29 14:30:00,28.0,28.14,27.98,28.1363,802362
2012-08-29 14:45:00,28.145,28.26,28.145,28.25,816142
2012-08-29 15:00:00,28.25,28.25,28.2,28.2,827824
2012-08-29 15:15:00,28.19,28.21,28.18,28.2,836045
2012-08-29 15:30:00,28.21,28.21,28.05,28.06,863865
2012-08-29 15:45:00,28.08,28.09,28.0401,28.07,882490
2012-08-29 16:00:00,28.08,28.1,27.99,28.03,957394
2012-08-30 09:45:00,28.0,28.14,27.96,28.13,13586
2012-08-30 10:00:00,28.15,28.27,28.15,28.21,20881
2012-08-30 10:15:00,28.19,28.3,28.18,28.22,31983
2012-08-30 10:30:00,28.23,28.24,28.12,28.15,44423
2012-08-30 10:45:00,28.14,28.14,28.08,28.0935,59317
2012-08-30 11:00:00,28.095,28.11,27.94,28.01,76639
2012-08-30 11:15:00,28.01,28.05,27.99,27.9932,85625
2012-08-30 11:30:00,27.99,28.12,27.97,28.08,125694
2012-08-30 11:45:00,28.1,28.1,28.05,28.09,130803
2012-08-30 12:00:00,28.09,28.1,28.0,28.06,173173
2012-08-30 12:15:00,28.05,28.1,28.03,28.1,188175
2012-08-30 12:30:00,28.1,28.1,28.0634,28.08,195451
2012-08-30 12:45:00,28.08,28.105,28.07,28.105,201365
2012-08-30 13:00:00,28.105,28.11,28.09,28.09,207565
2012-08-30 13:15:00,28.09,28.1,28.06,28.06,230559
2012-08-30 13:30:00,28.07,28.08,28.03,28.05,236920
2012-08-30 13:45:00,28.06,28.08,28.06,28.08,243721
2012-08-30 14:00:00,28.085,28.09,28.07,28.08,246778
2012-08-30 14:15:00,28.09,28.1,28.05,28.07,257121
2012-08-30 14:30:00,28.07,28.08,28.04,28.04,261621
2012-08-30 14:45:00,28.04,28.05,27.98,27.99,273921
2012-08-30 15:00:00,28.0,28.05,27.98,28.02,389869
2012-08-30 15:15:00,28.02,28.16,28.01,28.15,401792
2012-08-30 15:30:00,28.16,28.19,28.15,28.19,414501
2012-08-30 15:45:00,28.19,28.22,28.16,28.18,435255
2012-08-30 16:00:00,28.18,28.18,28.12,28.14,454264
2012-08-31 09:45:00,28.2,28.27,28.18,28.19,7237
2012-08-31 10:00:00,28.19,28.205,28.11,28.12,12456
2012-08-31 10:15:00,28.11,28.17,28.01,28.17,28883
2012-08-31 10:30:00,28.17,28.2,28.11,28.11,38403
2012-08-31 10:45:00,28.1,28.19,28.1,28.11,42493
2012-08-31 11:00:00,28.12,28.21,28.11,28.13,151397
2012-08-31 11:15:00,28.1,28.2,28.1,28.19,161838
2012-08-31 11:30:00,28.19,28.23,28.17,28.23,182440
2012-08-31 11:45:00,28.22,28.24,28.17,28.2,198956
2012-08-31 12:00:00,28.21,28.25,28.19,28.23,228276
2012-08-31 12:15:00,28.225,28.26,28.15,28.15,234507
2012-08-31 12:30:00,28.16,28.17,28.13,28.15,237281
2012-08-31 12:45:00,28.15,28.21,28.15,28.18,255426
2012-08-31 13:00:00,28.18,28.22,28.18,28.19,256226
2012-08-31 13:15:00,28.19,28.1927,28.14,28.15,263335
2012-08-31 13:30:00,28.12,28.145,28.09,28.09,265241
2012-08-31 13:45:00,28.05,28.15,28.05,28.12,270515
2012-08-31 14:00:00,28.104,28.18,28.104,28.11,292688
2012-08-31 14:15:00,28.11,28.11,28.07,28.08,300480
2012-08-31 14:30:00,28.07,28.14,28.04,28.09,314074
2012-08-31 14:45:00,28.09,28.2,28.08,28.09,377878
2012-08-31 15:00:00,28.09,28.178,28.06,28.16,403675
2012-08-31 15:15:00,28.16,28.16,28.07,28.08,424754
2012-08-31 15:30:00,28.08,28.15,28.06,28.145,441727
2012-08-31 15:45:00,28.13,28.13,28.09,28.125,462159
2012-08-31 16:00:00,28.11,28.13,28.04,28.04,573480
2012-09-04 09:45:00,28.1,29.0,27.99,28.24,123290
2012-09-04 10:00:00,28.265,28.3,28.18,28.19,129590
2012-09-04 10:15:00,28.18,28.26,28.085,28.09,142244
2012-09-04 10:30:00,28.095,28.12,28.0,28.0,160985
2012-09-04 10:45:00,28.005,28.19,28.0,28.12,282918
2012-09-04 11:00:00,28.11,28.11,28.0,28.04,318107
2012-09-04 11:15:00,28.02,28.02,28.0,28.0,329302
2012-09-04 11:30:00,28.0,28.11,28.0,28.05,339973
2012-09-04 11:45:00,28.04,28.04,28.0,28.0,354320
2012-09-04 12:00:00,28.005,28.05,27.995,28.04,376156
2012-09-04 12:15:00,28.04,28.04,27.94,27.94,406554
2012-09-04 12:30:00,27.945,27.99,27.945,27.99,424863
2012-09-04 12:45:00,27.975,28.08,27.97,28.08,439843
2012-09-04 13:00:00,28.085,28.21,28.085,28.1925,494644
2012-09-04 13:15:00,28.2,28.21,28.12,28.12,503455
2012-09-04 13:30:00,28.12,28.13,28.09,28.13,515980
2012-09-04 13:45:00,28.13,28.15,28.09,28.13,529963
2012-09-04 14:00:00,28.12,28.17,28.1,28.14,539914
2012-09-04 14:15:00,28.125,28.25,28.11,28.24,557632
2012-09-04 14:30:00,28.245,28.32,28.245,28.3125,572640
2012-09-04 14:45:00,28.31,28.39,28.31,28.33,583845
2012-09-04 15:00:00,28.335,28.42,28.33,28.42,596421
2012-09-04 15:15:00,28.43,28.46,28.3713,28.43,615396
2012-09-04 15:30:00,28.43,28.48,28.39,28.47,649779
2012-09-04 15:45:00,28.48,28.49,28.35,28.36,682962
2012-09-04 16:00:00,28.37,28.42,28.35,28.4,721953
2012-09-05 09:45:00,28.36,28.605,28.36,28.4,9356
2012-09-05 10:00:00,28.38,28.597,28.36,28.52,23628
2012-09-05 10:15:00,28.52,28.65,28.48,28.51,65142
2012-09-05 10:30:00,28.51,28.55,28.48,28.53,71702
2012-09-05 10:45:00,28.53,28.63,28.48,28.62,84100
2012-09-05 11:00:00,28.62,28.64,28.6,28.61,96439
2012-09-05 11:15:00,28.58,28.65,28.58,28.65,104705
2012-09-05 11:30:00,28.65,28.65,28.5901,28.595,124178
2012-09-05 11:45:00,28.595,28.63,28.59,28.6,131821
2012-09-05 12:00:00,28.6,28.65,28.6,28.6225,144613
2012-09-05 12:15:00,28.61,28.62,28.59,28.62,149813
2012-09-05 12:30:00,28.62,28.64,28.59,28.625,160910
2012-09-05 12:45:00,28.63,28.655,28.61,28.65,168914
2012-09-05 13:00:00,28.65,28.67,28.63,28.655,178458
2012-09-05 13:15:00,28.65,28.65,28.59,28.6025,184064
2012-09-05 13:30:00,28.6025,28.62,28.59,28.59,194338
2012-09-05 13:45:00,28.59,28.61,28.57,28.59,202488
2012-09-05 14:00:00,28.57,28.62,28.55,28.55,219587
2012-09-05 14:15:00,28.5418,28.55,28.53,28.55,232005
2012-09-05 14:30:00,28.55,28.57,28.5401,28.57,243309
2012-09-05 14:45:00,28.57,28.57,28.5,28.545,276239
2012-09-05 15:00:00,28.54,28.54,28.51,28.53,293274
2012-09-05 15:15:00,28.53,28.53,28.45,28.48,346845
2012-09-05 15:30:00,28.47,28.53,28.46,28.52,376145
2012-09-05 15:45:00,28.51,28.6,28.51,28.595,417559
2012-09-05 16:00:00,28.6,28.63,28.54,28.57,469371
2012-09-06 09:45:00,28.64,28.81,28.44,28.61,57102
2012-09-06 10:00:00,28.61,28.7,28.4,28.43,81985
2012-09-06 10:15:00,28.43,28.54,28.38,28.515,181650
2012-09-06 10:30:00,28.52,28.63,28.5,28.63,192268
2012-09-06 10:45:00,28.62,28.88,28.61,28.88,198813
2012-09-06 11:00:00,28.88,28.97,28.83,28.88,224294
2012-09-06 11:15:00,28.91,28.99,28.83,28.95,252592
2012-09-06 11:30:00,28.93,29.0,28.93,28.99,262314
2012-09-06 11:45:00,29.0,29.0,28.99,29.0,268035
2012-09-06 12:00:00,28.99,29.0,28.99,29.0,275628
2012-09-06 12:15:00,28.99,29.0,28.94,28.945,297530
2012-09-06 12:30:00,28.95,28.97,28.89,28.9,324346
2012-09-06 12:45:00,28.91,28.97,28.9,28.93,349657
2012-09-06 13:00:00,28.92,28.99,28.92,28.97,362610
2012-09-06 13:15:00,28.98,28.99,28.93,28.99,381792
2012-09-06 13:30:00,28.9801,28.99,28.98,28.99,388623
2012-09-06 13:45:00,28.99,29.0,28.96,28.96,415796
2012-09-06 14:00:00,28.96,28.9925,28.96,28.98,428634
2012-09-06 14:15:00,28.99,29.0,28.97,28.97,449566
2012-09-06 14:30:00,28.97,29.0,28.97,29.0,465141
2012-09-06 14:45:00,29.0,29.01,28.99,29.0,486089
2012-09-06 15:00:00,28.99,29.035,28.89,28.9,560392
2012-09-06 15:15:00,28.9,28.91,28.74,28.76,614109
2012-09-06 15:30:00,28.75,28.76,28.69,28.695,658712
2012-09-06 15:45:00,28.69,28.71,28.63,28.635,737035
2012-09-06 16:00:00,28.63,28.64,28.55,28.64,957713
2012-09-07 09:45:00,28.61,28.8,28.42,28.57,28762
2012-09-07 10:00:00,28.57,28.6,28.44,28.49,49937
2012-09-07 10:15:00,28.49,28.51,28.48,28.48,64376
2012-09-07 10:30:00,28.49,28.53,28.47,28.53,115886
2012-09-07 10:45:00,28.525,28.53,28.46,28.47,163877
2012-09-07 11:00:00,28.47,28.52,28.47,28.5001,226686
2012-09-07 11:15:00,28.5,28.51,28.43,28.45,250410
2012-09-07 11:30:00,28.45,28.5,28.43,28.49,272065
2012-09-07 11:45:00,28.49,28.54,28.49,28.535,329495
2012-09-07 12:00:00,28.535,28.55,28.49,28.5,358737
2012-09-07 12:15:00,28.49,28.52,28.49,28.5,397181
2012-09-07 12:30:00,28.5,28.51,28.49,28.51,445341
2012-09-07 12:45:00,28.51,28.51,28.49,28.49,454944
2012-09-07 13:00:00,28.49,28.51,28.49,28.51,464291
2012-09-07 13:15:00,28.51,28.51,28.48,28.485,485106
2012-09-07 13:30:00,28.485,28.5,28.485,28.5,499506
2012-09-07 13:45:00,28.5,28.5,28.5,28.5,512206
2012-09-07 14:00:00,28.5,28.54,28.5,28.52,544706
2012-09-07 14:15:00,28.52,28.52,28.49,28.5,564929
2012-09-07 14:30:00,28.5,28.5,28.49,28.5,576729
2012-09-07 14:45:00,28.5,28.5,28.49,28.5,610079
2012-09-07 15:00:00,28.5,28.52,28.49,28.5,629018
2012-09-07 15:15:00,28.49,28.5,28.46,28.47,673360
2012-09-07 15:30:00,28.47,28.5,28.465,28.48,711044
2012-09-07 15:45:00,28.48,28.49,28.44,28.45,795201
2012-09-07 16:00:00,28.45,28.5,28.43,28.49,873354
2012-09-10 09:45:00,28.38,28.49,28.38,28.44,18238
2012-09-10 10:00:00,28.44,28.49,28.36,28.36,23372
2012-09-10 10:15:00,28.36,28.49,28.36,28.47,35876
2012-09-10 10:30:00,28.48,28.49,28.47,28.49,58476
2012-09-10 10:45:00,28.49,28.49,28.48,28.485,62934
2012-09-10 11:00:00,28.49,28.49,28.44,28.475,66714
2012-09-10 11:15:00,28.47,28.48,28.44,28.48,76568
2012-09-10 11:30:00,28.49,28.53,28.45,28.48,157776
2012-09-10 11:45:00,28.47,28.5,28.46,28.46,189200
2012-09-10 12:00:00,28.46,28.48,28.45,28.455,193681
2012-09-10 12:15:00,28.44,28.47,28.39,28.4,211014
2012-09-10 12:30:00,28.4,28.43,28.4,28.42,216614
2012-09-10 12:45:00,28.42,28.42,28.4,28.4,227026
2012-09-10 13:00:00,28.41,28.42,28.39,28.415,239366
2012-09-10 13:15:00,28.43,28.45,28.425,28.43,244884
2012-09-10 13:30:00,28.44,28.45,28.43,28.445,249189
2012-09-10 13:45:00,28.45,28.46,28.43,28.43,255248
2012-09-10 14:00:00,28.43,28.45,28.4,28.43,266058
2012-09-10 14:15:00,28.428,28.445,28.41,28.42,272298
2012-09-10 14:30:00,28.42,28.45,28.42,28.435,312377
2012-09-10 14:45:00,28.44,28.45,28.39,28.42,327595
2012-09-10 15:00:00,28.42,28.44,28.42,28.425,330895
2012-09-10 15:15:00,28.425,28.43,28.38,28.39,341867
2012-09-10 15:30:00,28.39,28.4,28.36,28.38,411257
2012-09-10 15:45:00,28.38,28.41,28.35,28.355,473226
2012-09-10 16:00:00,28.36,28.385,28.34,28.36,520570
2012-09-11 09:45:00,28.41,28.6,28.39,28.53,36760
2012-09-11 10:00:00,28.52,28.6,28.49,28.57,71160
2012-09-11 10:15:00,28.58,28.61,28.52,28.56,97760
2012-09-11 10:30:00,28.59,28.59,28.54,28.58,134959
2012-09-11 10:45:00,28.585,28.59,28.54,28.56,177840
2012-09-11 11:00:00,28.56,28.61,28.56,28.6,215933
2012-09-11 11:15:00,28.6,28.63,28.59,28.6,245456
2012-09-11 11:30:00,28.6,28.65,28.585,28.65,298546
2012-09-11 11:45:00,28.65,28.66,28.595,28.62,362894
2012-09-11 12:00:00,28.615,28.67,28.6,28.63,920973
2012-09-11 12:15:00,28.62,28.65,28.59,28.6299,1101191
2012-09-11 12:30:00,28.63,28.63,28.58,28.615,1280688
2012-09-11 12:45:00,28.62,28.62,28.55,28.56,1344841
2012-09-11 13:00:00,28.56,28.57,28.5,28.55,1447819
2012-09-11 13:15:00,28.55,28.62,28.55,28.57,1471671
2012-09-11 13:30:00,28.58,28.61,28.58,28.58,1504419
2012-09-11 13:45:00,28.59,28.63,28.54,28.6,1591687
2012-09-11 14:00:00,28.6,28.61,28.58,28.6,1621359
2012-09-11 14:15:00,28.6,28.61,28.57,28.59,1643421
2012-09-11 14:30:00,28.59,28.61,28.55,28.56,1762556
2012-09-11 14:45:00,28.55,28.6,28.5,28.57,1805097
2012-09-11 15:00:00,28.57,28.59,28.53,28.59,1839948
2012-09-11 15:15:00,28.6,28.6,28.54,28.55,1872882
2012-09-11 15:30:00,28.55,28.57,28.52,28.55,1903011
2012-09-11 15:45:00,28.55,28.55,28.47,28.51,1959928
2012-09-11 16:00:00,28.51,28.53,28.43,28.44,2237254
2012-09-12 09:45:00,28.5,28.68,28.46,28.6,19059
2012-09-12 10:00:00,28.6,28.6,28.48,28.56,192059
2012-09-12 10:15:00,28.545,28.64,28.46,28.63,547272
2012-09-12 10:30:00,28.65,28.69,28.61,28.66,558572
2012-09-12 10:45:00,28.67,28.7,28.56,28.69,590986
2012-09-12 11:00:00,28.675,28.77,28.67,28.75,885439
2012-09-12 11:15:00,28.75,28.84,28.68,28.84,992348
2012-09-12 11:30:00,28.84,28.8882,28.75,28.85,1055228
2012-09-12 11:45:00,28.85,28.881,28.75,28.88,1240988
2012-09-12 12:00:00,28.84,28.9225,28.82,28.89,1258771
2012-09-12 12:15:00,28.87,28.9201,28.87,28.9193,1292410
2012-09-12 12:30:00,28.91,29.065,28.91,29.065,1319310
2012-09-12 12:45:00,29.07,29.095,29.01,29.04,1336542
2012-09-12 13:00:00,29.04,29.06,29.0,29.02,1347305
2012-09-12 13:15:00,29.03,29.045,29.0,29.01,1359118
2012-09-12 13:30:00,29.01,29.05,29.01,29.015,1373048
2012-09-12 13:45:00,29.015,29.06,29.015,29.0512,1390873
2012-09-12 14:00:00,29.05,29.09,29.05,29.09,1411854
2012-09-12 14:15:00,29.09,29.12,29.055,29.11,1466463
2012-09-12 14:30:00,29.1,29.25,29.1,29.25,1611143
2012-09-12 14:45:00,29.25,29.38,29.24,29.36,1705889
2012-09-12 15:00:00,29.3503,29.395,29.33,29.36,1737388
2012-09-12 15:15:00,29.35,29.44,29.34,29.415,1790984
2012-09-12 15:30:00,29.42,29.47,29.4,29.45,1854768
2012-09-12 15:45:00,29.45,29.47,29.41,29.47,1918591
2012-09-12 16:00:00,29.46,29.61,29.46,29.61,2104952
2012-09-13 09:45:00,29.62,29.8,29.62,29.8,56262
2012-09-13 10:00:00,29.79,29.81,29.79,29.8,172126
2012-09-13 10:15:00,29.8,29.8,29.68,29.75,330912
2012-09-13 10:30:00,29.75,29.7985,29.73,29.73,598361
2012-09-13 10:45:00,29.73,29.73,29.65,29.68,659915
2012-09-13 11:00:00,29.68,29.705,29.61,29.64,768783
2012-09-13 11:15:00,29.64,29.69,29.63,29.66,793252
2012-09-13 11:30:00,29.66,29.67,29.65,29.65,813134
2012-09-13 11:45:00,29.65,29.66,29.45,29.49,871917
2012-09-13 12:00:00,29.49,29.53,29.41,29.425,910727
2012-09-13 12:15:00,29.43,29.47,29.39,29.45,945205
2012-09-13 12:30:00,29.445,29.525,29.43,29.51,972788
2012-09-13 12:45:00,29.51,29.66,29.47,29.6299,1035754
2012-09-13 13:00:00,29.625,29.63,29.535,29.56,1063513
2012-09-13 13:15:00,29.565,29.77,29.565,29.7299,1133188
2012-09-13 13:30:00,29.7299,29.76,29.69,29.735,1184535
2012-09-13 13:45:00,29.735,29.75,29.7,29.73,1242505
2012-09-13 14:00:00,29.73,29.75,29.72,29.73,1277759
2012-09-13 14:15:00,29.72,29.75,29.72,29.74,1322517
2012-09-13 14:30:00,29.74,29.75,29.63,29.75,1370679
2012-09-13 14:45:00,29.745,29.75,29.71,29.71,1414334
2012-09-13 15:00:00,29.72,29.75,29.65,29.7,1446989
2012-09-13 15:15:00,29.71,29.73,29.68,29.69,1487626
2012-09-13 15:30:00,29.69,29.695,29.605,29.62,1534109
2012-09-13 15:45:00,29.62,29.625,29.54,29.56,1585508
2012-09-13 16:00:00,29.56,29.595,29.51,29.52,1688919
2012-09-14 09:45:00,29.48,29.67,29.48,29.615,21246
2012-09-14 10:00:00,29.618,29.65,29.59,29.63,44553
2012-09-14 10:15:00,29.64,29.65,29.57,29.65,57117
2012-09-14 10:30:00,29.65,29.65,29.64,29.6401,89662
2012-09-14 10:45:00,29.65,29.65,29.64,29.641,108698
2012-09-14 11:00:00,29.65,29.65,29.55,29.62,121767
2012-09-14 11:15:00,29.61,29.62,29.57,29.62,131807
2012-09-14 11:30:00,29.61,29.61,29.59,29.6,138052
2012-09-14 11:45:00,29.6,29.61,29.6,29.61,140052
2012-09-14 12:00:00,29.59,29.61,29.51,29.5301,159377
2012-09-14 12:15:00,29.54,29.55,29.44,29.4755,169007
2012-09-14 12:30:00,29.47,29.53,29.46,29.52,536553
2012-09-14 12:45:00,29.52,29.535,29.51,29.535,543227
2012-09-14 13:00:00,29.53,29.54,29.5,29.5075,550802
2012-09-14 13:15:00,29.51,29.52,29.46,29.495,571500
2012-09-14 13:30:00,29.5,29.51,29.49,29.5,610304
2012-09-14 13:45:00,29.5,29.51,29.49,29.4947,619719
2012-09-14 14:00:00,29.5,29.51,29.48,29.5,734730
2012-09-14 14:15:00,29.5,29.52,29.49,29.49,776519
2012-09-14 14:30:00,29.5,29.55,29.5,29.55,783052
2012-09-14 14:45:00,29.56,29.565,29.48,29.49,794576
2012-09-14 15:00:00,29.5,29.51,29.495,29.5,961062
2012-09-14 15:15:00,29.5,29.5,29.47,29.47,968154
2012-09-14 15:30:00,29.4689,29.5,29.46,29.5,980456
2012-09-14 15:45:00,29.5,29.5,29.49,29.49,1014935
2012-09-14 16:00:00,29.48,29.51,29.47,29.5,1352165
2012-09-17 09:45:00,29.41,29.61,29.4,29.53,301086
2012-09-17 10:00:00,29.52,29.74,29.49,29.63,399368
2012-09-17 10:15:00,29.64,29.71,29.62,29.71,415668
2012-09-17 10:30:00,29.71,29.73,29.68,29.7,478794
2012-09-17 10:45:00,29.69,29.73,29.64,29.73,501122
2012-09-17 11:00:00,29.74,29.74,29.69,29.72,516403
2012-09-17 11:15:00,29.72,29.78,29.72,29.78,541440
2012-09-17 11:30:00,29.78,29.785,29.72,29.74,559034
2012-09-17 11:45:00,29.735,29.79,29.69,29.69,595868
2012-09-17 12:00:00,29.69,29.76,29.69,29.76,606406
2012-09-17 12:15:00,29.76,29.87,29.76,29.87,616222
2012-09-17 12:30:00,29.86,29.86,29.75,29.77,694419
2012-09-17 12:45:00,29.77,29.79,29.75,29.78,728952
2012-09-17 13:00:00,29.75,29.75,29.7,29.72,752895
2012-09-17 13:15:00,29.71,29.72,29.69,29.715,768425
2012-09-17 13:30:00,29.72,29.73,29.68,29.68,796036
2012-09-17 13:45:00,29.68,29.75,29.68,29.71,828891
2012-09-17 14:00:00,29.7,29.82,29.67,29.79,923876
2012-09-17 14:15:00,29.78,29.82,29.76,29.79,1010198
2012-09-17 14:30:00,29.79,29.87,29.78,29.85,1039486
2012-09-17 14:45:00,29.85,29.87,29.79,29.81,1067879
2012-09-17 15:00:00,29.81,29.86,29.75,29.78,1104471
2012-09-17 15:15:00,29.76,29.82,29.73,29.73,1152075
2012-09-17 15:30:00,29.74,29.75,29.6,29.73,1199677
2012-09-17 15:45:00,29.725,29.77,29.69,29.77,1246254
2012-09-17 16:00:00,29.77,29.81,29.69,29.725,1363348
2012-09-18 09:45:00,29.57,29.74,29.5,29.53,29591
2012-09-18 10:00:00,29.53,29.68,29.53,29.68,58077
2012-09-18 10:15:00,29.67,29.675,29.53,29.65,85725
2012-09-18 10:30:00,29.655,29.72,29.6,29.72,114700
2012-09-18 10:45:00,29.71,29.73,29.675,29.71,143753
2012-09-18 11:00:00,29.73,29.73,29.675,29.69,151989
2012-09-18 11:15:00,29.71,29.77,29.6901,29.77,171381
2012-09-18 11:30:00,29.76,29.8,29.74,29.77,182008
2012-09-18 11:45:00,29.75,29.79,29.71,29.72,196362
2012-09-18 12:00:00,29.71,29.72,29.7,29.71,207056
2012-09-18 12:15:00,29.72,29.79,29.71,29.79,235487
2012-09-18 12:30:00,29.79,29.79,29.73,29.75,249366
2012-09-18 12:45:00,29.75,29.77,29.725,29.76,263217
2012-09-18 13:00:00,29.76,29.82,29.76,29.8,282044
2012-09-18 13:15:00,29.8,29.82,29.74,29.755,299700
2012-09-18 13:30:00,29.76,29.815,29.75,29.79,318807
2012-09-18 13:45:00,29.78,29.815,29.75,29.76,363153
2012-09-18 14:00:00,29.78,29.81,29.76,29.77,387785
2012-09-18 14:15:00,29.78,29.805,29.745,29.805,440078
2012-09-18 14:30:00,29.8,29.95,29.8,29.93,508501
2012-09-18 14:45:00,29.94,30.03,29.94,30.02,695700
2012-09-18 15:00:00,30.01,30.15,30.01,30.09,1099764
2012-09-18 15:15:00,30.08,30.15,30.06,30.13,1362011
2012-09-18 15:30:00,30.13,30.28,30.09,30.11,1446312
2012-09-18 15:45:00,30.1,30.15,30.0,30.03,1560919
2012-09-18 16:00:00,30.02,30.1,29.96,30.01,1799861
2012-09-19 09:45:00,30.18,30.235,29.87,30.03,35111
2012-09-19 10:00:00,30.035,30.1,29.92,29.92,50730
2012-09-19 10:15:00,29.93,30.1,29.929,30.035,72177
2012-09-19 10:30:00,30.03,30.04,29.96,29.96,90148
2012-09-19 10:45:00,29.965,30.01,29.84,29.97,120638
2012-09-19 11:00:00,29.94,29.98,29.93,29.96,131192
2012-09-19 11:15:00,29.965,29.965,29.885,29.93,148125
2012-09-19 11:30:00,29.93,30.01,29.93,29.97,174002
2012-09-19 11:45:00,29.98,30.02,29.955,30.0,192480
2012-09-19 12:00:00,30.0,30.1,30.0,30.07,222727
2012-09-19 12:15:00,30.07,30.15,30.06,30.15,249574
2012-09-19 12:30:00,30.17,30.26,30.16,30.22,264518
2012-09-19 12:45:00,30.22,30.22,30.12,30.14,274126
2012-09-19 13:00:00,30.13,30.19,30.13,30.16,285722
2012-09-19 13:15:00,30.16,30.2,30.13,30.15,300415
2012-09-19 13:30:00,30.16,30.17,30.13,30.14,307244
2012-09-19 13:45:00,30.135,30.15,30.06,30.08,319088
2012-09-19 14:00:00,30.08,30.12,30.06,30.09,337176
2012-09-19 14:15:00,30.09,30.11,30.06,30.1,347637
2012-09-19 14:30:00,30.1,30.11,30.09,30.1,358536
2012-09-19 14:45:00,30.1,30.22,30.1,30.17,384084
2012-09-19 15:00:00,30.17,30.31,30.145,30.27,419263
2012-09-19 15:15:00,30.28,30.28,30.12,30.13,471834
2012-09-19 15:30:00,30.11,30.14,30.01,30.05,505993
2012-09-19 15:45:00,30.05,30.155,30.05,30.12,539533
2012-09-19 16:00:00,30.12,30.21,30.11,30.19,643273
2012-09-20 09:45:00,29.94,30.21,29.94,29.94,30655
2012-09-20 10:00:00,29.94,30.04,29.9,29.94,53125
2012-09-20 10:15:00,29.95,30.05,29.92,29.97,78177
2012-09-20 10:30:00,29.97,30.0,29.97,30.0,85165
2012-09-20 10:45:00,30.0,30.01,29.87,29.97,114511
2012-09-20 11:00:00,29.99,30.05,29.95,30.04,156364
2012-09-20 11:15:00,30.05,30.16,30.05,30.16,172364
2012-09-20 11:30:00,30.15,30.18,30.13,30.18,182711
2012-09-20 11:45:00,30.17,30.27,30.17,30.26,196496
2012-09-20 12:00:00,30.28,30.3,30.25,30.26,207202
2012-09-20 12:15:00,30.26,30.285,30.15,30.15,220141
2012-09-20 12:30:00,30.155,30.21,30.11,30.14,246285
2012-09-20 12:45:00,30.15,30.185,30.12,30.15,273364
2012-09-20 13:00:00,30.14,30.28,30.13,30.28,286908
2012-09-20 13:15:00,30.27,30.28,30.18,30.19,299807
2012-09-20 13:30:00,30.19,30.22,30.18,30.22,308968
2012-09-20 13:45:00,30.22,30.26,30.17,30.19,331511
2012-09-20 14:00:00,30.2,30.235,30.16,30.23,349532
2012-09-20 14:15:00,30.225,30.26,30.22,30.255,359802
2012-09-20 14:30:00,30.26,30.3,30.26,30.2903,375063
2012-09-20 14:45:00,30.3,30.3,30.1501,30.16,392994
2012-09-20 15:00:00,30.16,30.24,30.16,30.24,406500
2012-09-20 15:15:00,30.23,30.265,30.16,30.2,438463
2012-09-20 15:30:00,30.2,30.23,30.18,30.23,472466
2012-09-20 15:45:00,30.23,30.25,30.12,30.16,557697
2012-09-20 16:00:00,30.17,30.25,30.15,30.25,772619
2012-09-21 09:45:00,30.31,30.49,30.27,30.33,93415
2012-09-21 10:00:00,30.31,30.38,30.12,30.14,106482
2012-09-21 10:15:00,30.14,30.18,30.11,30.17,119108
2012-09-21 10:30:00,30.18,30.18,30.09,30.18,150726
2012-09-21 10:45:00,30.195,30.31,30.195,30.31,161045
2012-09-21 11:00:00,30.32,30.4,30.32,30.36,175968
2012-09-21 11:15:00,30.36,30.4,30.32,30.345,189648
2012-09-21 11:30:00,30.34,30.405,30.34,30.38,200973
2012-09-21 11:45:00,30.4,30.405,30.3,30.33,224477
2012-09-21 12:00:00,30.33,30.34,30.31,30.31,234663
2012-09-21 12:15:00,30.315,30.3555,30.315,30.35,253221
2012-09-21 12:30:00,30.35,30.37,30.35,30.37,259573
2012-09-21 12:45:00,30.36,30.365,30.315,30.34,277547
2012-09-21 13:00:00,30.34,30.36,30.33,30.36,304041
2012-09-21 13:15:00,30.34,30.395,30.34,30.355,328063
2012-09-21 13:30:00,30.355,30.4,30.35,30.4,350255
2012-09-21 13:45:00,30.4,30.5,30.38,30.41,437400
2012-09-21 14:00:00,30.41,30.41,30.39,30.4,455400
2012-09-21 14:15:00,30.4,30.41,30.385,30.4,486621
2012-09-21 14:30:00,30.39,30.4,30.33,30.345,555152
2012-09-21 14:45:00,30.36,30.36,30.35,30.36,601147
2012-09-21 15:00:00,30.36,30.39,30.34,30.38,665293
2012-09-21 15:15:00,30.38,30.38,30.32,30.33,702242
2012-09-21 15:30:00,30.3215,30.35,30.31,30.34,761416
2012-09-21 15:45:00,30.33,30.41,30.33,30.4,851546
2012-09-21 16:00:00,30.4,30.47,30.3,30.44,1150174
2012-09-24 09:45:00,30.29,30.48,30.1,30.19,14580
2012-09-24 10:00:00,30.2,30.26,30.1,30.13,35647
2012-09-24 10:15:00,30.15,30.22,30.135,30.21,48679
2012-09-24 10:30:00,30.18,30.21,30.16,30.21,68497
2012-09-24 10:45:00,30.2,30.205,30.18,30.19,74697
2012-09-24 11:00:00,30.2,30.265,30.19,30.2,101640
2012-09-24 11:15:00,30.2,30.22,30.18,30.19,114823
2012-09-24 11:30:00,30.19,30.25,30.19,30.2,133349
2012-09-24 11:45:00,30.2,30.22,30.17,30.17,163195
2012-09-24 12:00:00,30.17,30.2,30.08,30.08,185938
2012-09-24 12:15:00,30.09,30.13,30.05,30.1,242401
2012-09-24 12:30:00,30.0905,30.11,30.07,30.1,258641
2012-09-24 12:45:00,30.1,30.1,29.958,29.98,304501
2012-09-24 13:00:00,29.97,30.0,29.97,29.97,319684
2012-09-24 13:15:00,29.97,29.98,29.95,29.96,334040
2012-09-24 13:30:00,29.96,29.99,29.96,29.98,343412
2012-09-24 13:45:00,29.97,29.98,29.94,29.95,366942
2012-09-24 14:00:00,29.95,29.99,29.94,29.98,394230
2012-09-24 14:15:00,29.99,30.0,29.95,30.0,405663
2012-09-24 14:30:00,30.0,30.02,29.99,30.02,424577
2012-09-24 14:45:00,30.025,30.1,30.02,30.08,450156
2012-09-24 15:00:00,30.08,30.115,30.04,30.08,506501
2012-09-24 15:15:00,30.08,30.1,30.04,30.1,624994
2012-09-24 15:30:00,30.1,30.13,30.06,30.1,663003
2012-09-24 15:45:00,30.12,30.155,30.1101,30.13,702056
2012-09-24 16:00:00,30.12,30.12,29.96,29.97,885116
2012-09-25 09:45:00,30.0,30.0393,29.81,29.84,14990
2012-09-25 10:00:00,29.84,29.855,29.69,29.85,89485
2012-09-25 10:15:00,29.88,29.93,29.83,29.86,114217
2012-09-25 10:30:00,29.85,29.86,29.79,29.82,146738
2012-09-25 10:45:00,29.82,29.855,29.8,29.855,154538
2012-09-25 11:00:00,29.86,29.86,29.73,29.73,206738
2012-09-25 11:15:00,29.72,29.85,29.72,29.81,227925
2012-09-25 11:30:00,29.82,29.82,29.8,29.8,237251
2012-09-25 11:45:00,29.8,29.85,29.8,29.845,247653
2012-09-25 12:00:00,29.85,29.85,29.8,29.82,255390
2012-09-25 12:15:00,29.82,29.85,29.81,29.85,277945
2012-09-25 12:30:00,29.85,29.85,29.805,29.82,291713
2012-09-25 12:45:00,29.82,29.85,29.775,29.79,304069
2012-09-25 13:00:00,29.81,29.83,29.81,29.825,306403
2012-09-25 13:15:00,29.825,29.83,29.82,29.83,309256
2012-09-25 13:30:00,29.83,29.83,29.77,29.77,333972
2012-09-25 13:45:00,29.77,29.78,29.76,29.78,339778
2012-09-25 14:00:00,29.78,29.785,29.77,29.78,346693
2012-09-25 14:15:00,29.78,29.83,29.775,29.83,352864
2012-09-25 14:30:00,29.82,29.83,29.77,29.81,360453
2012-09-25 14:45:00,29.81,29.82,29.78,29.8,368967
2012-09-25 15:00:00,29.8,29.8,29.72,29.72,383254
2012-09-25 15:15:00,29.72,29.73,29.6,29.61,401306
2012-09-25 15:30:00,29.615,29.6178,29.48,29.57,485348
2012-09-25 15:45:00,29.57,29.66,29.565,29.64,545074
2012-09-25 16:00:00,29.63,29.645,29.52,29.54,681384
2012-09-26 09:45:00,29.5,29.59,29.28,29.315,23733
2012-09-26 10:00:00,29.31,29.38,29.28,29.36,66529
2012-09-26 10:15:00,29.35,29.435,29.32,29.365,85463
2012-09-26 10:30:00,29.38,29.42,29.28,29.28,153081
2012-09-26 10:45:00,29.285,29.32,29.245,29.305,174024
2012-09-26 11:00:00,29.29,29.33,29.23,29.32,198066
2012-09-26 11:15:00,29.315,29.355,29.3,29.34,210894
2012-09-26 11:30:00,29.35,29.46,29.345,29.42,252630
2012-09-26 11:45:00,29.4101,29.4101,29.35,29.385,278876
2012-09-26 12:00:00,29.39,29.405,29.37,29.395,298268
2012-09-26 12:15:00,29.395,29.45,29.39,29.45,315589
2012-09-26 12:30:00,29.455,29.5,29.441,29.46,481187
2012-09-26 12:45:00,29.46,29.5,29.42,29.4501,529118
2012-09-26 13:00:00,29.45,29.47,29.45,29.465,535919
2012-09-26 13:15:00,29.46,29.47,29.45,29.46,552637
2012-09-26 13:30:00,29.46,29.4601,29.43,29.43,557337
2012-09-26 13:45:00,29.44,29.5,29.43,29.4501,582281
2012-09-26 14:00:00,29.45,29.5,29.4,29.5,605527
2012-09-26 14:15:00,29.49,29.52,29.44,29.48,629836
2012-09-26 14:30:00,29.47,29.47,29.443,29.45,646487
2012-09-26 14:45:00,29.4599,29.5,29.44,29.45,667584
2012-09-26 15:00:00,29.455,29.46,29.42,29.4447,725417
2012-09-26 15:15:00,29.445,29.45,29.395,29.44,805483
2012-09-26 15:30:00,29.44,29.49,29.405,29.44,905497
2012-09-26 15:45:00,29.45,29.45,29.37,29.4225,976575
2012-09-26 16:00:00,29.42,29.44,29.36,29.42,1090410
2012-09-27 09:45:00,29.43,29.53,29.3,29.41,38406
2012-09-27 10:00:00,29.43,29.52,29.42,29.48,50908
2012-09-27 10:15:00,29.5,29.5625,29.5,29.54,74579
2012-09-27 10:30:00,29.53,29.57,29.52,29.55,83680
2012-09-27 10:45:00,29.55,29.56,29.54,29.54,94592
2012-09-27 11:00:00,29.55,29.56,29.54,29.56,99881
2012-09-27 11:15:00,29.55,29.57,29.53,29.54,138711
2012-09-27 11:30:00,29.54,29.54,29.49,29.51,153183
2012-09-27 11:45:00,29.51,29.55,29.51,29.55,160283
2012-09-27 12:00:00,29.57,29.61,29.53,29.58,176462
2012-09-27 12:15:00,29.61,29.64,29.57,29.57,184013
2012-09-27 12:30:00,29.57,29.59,29.54,29.55,193927
2012-09-27 12:45:00,29.56,29.57,29.54,29.56,198815
2012-09-27 13:00:00,29.56,29.58,29.54,29.56,208971
2012-09-27 13:15:00,29.56,29.63,29.54,29.63,233580
2012-09-27 13:30:00,29.63,29.633,29.61,29.62,244294
2012-09-27 13:45:00,29.61,29.61,29.58,29.599,259380
2012-09-27 14:00:00,29.59,29.61,29.56,29.56,271286
2012-09-27 14:15:00,29.57,29.58,29.53,29.555,300939
2012-09-27 14:30:00,29.555,29.6,29.55,29.595,308639
2012-09-27 14:45:00,29.6,29.65,29.595,29.635,322258
2012-09-27 15:00:00,29.635,29.66,29.59,29.61,340655
2012-09-27 15:15:00,29.605,29.64,29.605,29.64,365629
2012-09-27 15:30:00,29.64,29.66,29.61,29.65,403900
2012-09-27 15:45:00,29.64,29.72,29.64,29.69,549095
2012-09-27 16:00:00,29.69,29.74,29.67,29.72,649549
2012-09-28 09:45:00,29.59,29.8084,29.59,29.66,12586
2012-09-28 10:00:00,29.65,29.65,29.51,29.52,17348
2012-09-28 10:15:00,29.53,29.59,29.53,29.58,24184
2012-09-28 10:30:00,29.57,29.58,29.5,29.51,34684
2012-09-28 10:45:00,29.5,29.59,29.5,29.59,70557
2012-09-28 11:00:00,29.59,29.59,29.55,29.58,108087
2012-09-28 11:15:00,29.573,29.69,29.57,29.67,125080
2012-09-28 11:30:00,29.68,29.73,29.64,29.64,139087
2012-09-28 11:45:00,29.64,29.69,29.64,29.69,145377
2012-09-28 12:00:00,29.685,29.74,29.68,29.6885,155340
2012-09-28 12:15:00,29.68,29.8,29.68,29.8,171160
2012-09-28 12:30:00,29.795,29.82,29.77,29.8,191038
2012-09-28 12:45:00,29.82,29.84,29.8,29.8399,202957
2012-09-28 13:00:00,29.84,29.89,29.84,29.875,216663
2012-09-28 13:15:00,29.88,29.89,29.79,29.8,225933
2012-09-28 13:30:00,29.81,29.87,29.81,29.84,242707
2012-09-28 13:45:00,29.83,29.9,29.81,29.9,252278
2012-09-28 14:00:00,29.895,30.04,29.89,30.03,290365
2012-09-28 14:15:00,30.03,30.12,30.03,30.06,325791
2012-09-28 14:30:00,30.06,30.07,30.01,30.01,360789
2012-09-28 14:45:00,30.01,30.08,29.98,30.06,408134
2012-09-28 15:00:00,30.06,30.2,30.06,30.1,453468
2012-09-28 15:15:00,30.1,30.11,30.04,30.09,518689
2012-09-28 15:30:00,30.09,30.1,29.92,29.99,544942
2012-09-28 15:45:00,29.985,30.03,29.92,29.92,617799
2012-09-28 16:00:00,29.93,30.05,29.93,29.99,734482
2012-10-01 09:45:00,30.0,30.23,29.912,30.0,24304
2012-10-01 10:00:00,29.98,30.07,29.88,29.98,78348
2012-10-01 10:15:00,29.99,30.22,29.96,30.01,148721
2012-10-01 10:30:00,30.02,30.1,30.0,30.08,184575
2012-10-01 10:45:00,30.08,30.175,29.91,30.05,340939
2012-10-01 11:00:00,30.06,30.06,30.01,30.01,353007
2012-10-01 11:15:00,30.02,30.16,30.0,30.16,379540
2012-10-01 11:30:00,30.15,30.17,29.98,30.01,397372
2012-10-01 11:45:00,30.01,30.025,29.88,29.9,427222
2012-10-01 12:00:00,29.9,29.905,29.8,29.845,447963
2012-10-01 12:15:00,29.86,29.925,29.8,29.8,462615
2012-10-01 12:30:00,29.8,29.91,29.79,29.81,478141
2012-10-01 12:45:00,29.82,29.91,29.8,29.91,504961
2012-10-01 13:00:00,29.91,29.91,29.85,29.87,644222
2012-10-01 13:15:00,29.86,29.87,29.75,29.84,672608
2012-10-01 13:30:00,29.84,29.86,29.75,29.86,696198
2012-10-01 13:45:00,29.86,29.86,29.76,29.76,713523
2012-10-01 14:00:00,29.76,29.77,29.75,29.75,738519
2012-10-01 14:15:00,29.75,29.83,29.75,29.8,756785
2012-10-01 14:30:00,29.805,29.805,29.75,29.78,774447
2012-10-01 14:45:00,29.79,29.84,29.79,29.805,800408
2012-10-01 15:00:00,29.805,29.84,29.79,29.81,825672
2012-10-01 15:15:00,29.81,29.85,29.75,29.78,855652
2012-10-01 15:30:00,29.78,29.81,29.61,29.69,881465
2012-10-01 15:45:00,29.695,29.78,29.64,29.7,934750
2012-10-01 16:00:00,29.71,29.785,29.69,29.71,1029159
2012-10-02 09:45:00,29.85,30.155,29.84,30.14,10734
2012-10-02 10:00:00,30.17,30.17,30.0,30.0,21433
2012-10-02 10:15:00,29.98,30.0,29.89,29.94,35089
2012-10-02 10:30:00,29.95,30.01,29.91,30.01,50261
2012-10-02 10:45:00,30.02,30.12,30.02,30.05,61170
2012-10-02 11:00:00,30.06,30.075,30.02,30.05,97522
2012-10-02 11:15:00,30.04,30.135,30.04,30.13,116567
2012-10-02 11:30:00,30.14,30.17,30.08,30.08,125400
2012-10-02 11:45:00,30.075,30.1165,29.99,30.08,132122
2012-10-02 12:00:00,30.08,30.0825,30.03,30.03,137822
2012-10-02 12:15:00,30.02,30.08,30.02,30.08,144413
2012-10-02 12:30:00,30.08,30.12,30.06,30.08,152613
2012-10-02 12:45:00,30.08,30.095,30.02,30.02,159913
2012-10-02 13:00:00,30.02,30.02,29.9795,29.98,167674
2012-10-02 13:15:00,29.99,30.0,29.97,29.98,170978
2012-10-02 13:30:00,29.99,30.04,29.98,30.04,183438
2012-10-02 13:45:00,30.04,30.16,30.03,30.11,199196
2012-10-02 14:00:00,30.12,30.13,30.03,30.03,207998
2012-10-02 14:15:00,30.04,30.0625,30.01,30.0625,218821
2012-10-02 14:30:00,30.07,30.13,30.06,30.09,228718
2012-10-02 14:45:00,30.09,30.095,30.04,30.06,257635
2012-10-02 15:00:00,30.06,30.07,30.02,30.05,267592
2012-10-02 15:15:00,30.06,30.08,29.99,30.03,318835
2012-10-02 15:30:00,30.03,30.17,30.02,30.17,369336
2012-10-02 15:45:00,30.15,30.24,30.15,30.19,431932
2012-10-02 16:00:00,30.19,30.25,30.12,30.24,568544
2012-10-03 09:45:00,30.22,30.3899,30.09,30.13,9210
2012-10-03 10:00:00,30.175,30.18,30.07,30.15,16201
2012-10-03 10:15:00,30.2,30.215,30.06,30.2,22201
2012-10-03 10:30:00,30.2,30.28,30.18,30.26,29686
2012-10-03 10:45:00,30.26,30.26,30.13,30.16,37358
2012-10-03 11:00:00,30.1795,30.2,30.131,30.136,42070
2012-10-03 11:15:00,30.14,30.19,30.11,30.17,50512
2012-10-03 11:30:00,30.17,30.2,30.12,30.12,62347
2012-10-03 11:45:00,30.11,30.15,30.1,30.11,75143
2012-10-03 12:00:00,30.12,30.15,30.1,30.13,86743
2012-10-03 12:15:00,30.14,30.15,30.11,30.13,107280
2012-10-03 12:30:00,30.13,30.15,30.13,30.14,108280
2012-10-03 12:45:00,30.15,30.16,30.14,30.14,111245
2012-10-03 13:00:00,30.14,30.175,30.14,30.175,116145
2012-10-03 13:15:00,30.17,30.2,30.16,30.2,118536
2012-10-03 13:30:00,30.2,30.23,30.2,30.22,121636
2012-10-03 13:45:00,30.22,30.26,30.21,30.24,144570
2012-10-03 14:00:00,30.24,30.27,30.23,30.24,162584
2012-10-03 14:15:00,30.24,30.27,30.22,30.25,183145
2012-10-03 14:30:00,30.23,30.275,30.23,30.25,207109
2012-10-03 14:45:00,30.25,30.26,30.25,30.25,219661
2012-10-03 15:00:00,30.25,30.26,30.25,30.25,238803
2012-10-03 15:15:00,30.25,30.28,30.23,30.23,258201
2012-10-03 15:30:00,30.23,30.28,30.15,30.235,321601
2012-10-03 15:45:00,30.22,30.29,30.22,30.26,340659
2012-10-03 16:00:00,30.27,30.33,30.26,30.33,424590
2012-10-04 09:45:00,30.35,30.4799,30.315,30.395,16789
2012-10-04 10:00:00,30.39,30.435,30.38,30.4,34828
2012-10-04 10:15:00,30.4,30.475,30.4,30.46,57522
2012-10-04 10:30:00,30.46,30.51,30.44,30.44,80481
2012-10-04 10:45:00,30.44,30.45,30.44,30.45,86488
2012-10-04 11:00:00,30.45,30.49,30.45,30.49,96055
2012-10-04 11:15:00,30.49,30.49,30.465,30.48,105854
2012-10-04 11:30:00,30.48,30.485,30.46,30.485,113896
2012-10-04 11:45:00,30.49,30.49,30.47,30.48,123409
2012-10-04 12:00:00,30.47,30.4815,30.45,30.455,134409
2012-10-04 12:15:00,30.45,30.49,30.45,30.48,140700
2012-10-04 12:30:00,30.475,30.5,30.46,30.49,169934
2012-10-04 12:45:00,30.49,30.505,30.49,30.5,228418
2012-10-04 13:00:00,30.5,30.5,30.42,30.47,361733
2012-10-04 13:15:00,30.46,30.47,30.45,30.46,373909
2012-10-04 13:30:00,30.465,30.48,30.42,30.42,381065
2012-10-04 13:45:00,30.42,30.43,30.41,30.42,390424
2012-10-04 14:00:00,30.42,30.45,30.37,30.37,406994
2012-10-04 14:15:00,30.37,30.395,30.35,30.38,416171
2012-10-04 14:30:00,30.38,30.42,30.38,30.41,422634
2012-10-04 14:45:00,30.42,30.42,30.41,30.42,432542
2012-10-04 15:00:00,30.42,30.42,30.405,30.405,449185
2012-10-04 15:15:00,30.41,30.485,30.41,30.485,467158
2012-10-04 15:30:00,30.49,30.49,30.45,30.45,487026
2012-10-04 15:45:00,30.47,30.49,30.435,30.4607,557703
2012-10-04 16:00:00,30.45,30.49,30.44,30.46,663338
2012-10-05 09:45:00,30.29,30.57,30.29,30.45,13974
2012-10-05 10:00:00,30.46,30.49,30.45,30.48,223112
2012-10-05 10:15:00,30.4796,30.515,30.45,30.5,240260
2012-10-05 10:30:00,30.48,30.675,30.47,30.6,255462
2012-10-05 10:45:00,30.6,30.66,30.59,30.66,310262
2012-10-05 11:00:00,30.67,30.715,30.65,30.65,374671
2012-10-05 11:15:00,30.65,30.69,30.64,30.69,483890
2012-10-05 11:30:00,30.7,30.78,30.69,30.77,490543
2012-10-05 11:45:00,30.78,30.85,30.77,30.8154,533622
2012-10-05 12:00:00,30.81,30.91,30.81,30.89,576552
2012-10-05 12:15:00,30.89,31.0,30.87,30.98,600343
2012-10-05 12:30:00,30.97,31.12,30.96,31.11,1178569
2012-10-05 12:45:00,31.11,31.18,31.05,31.14,1211440
2012-10-05 13:00:00,31.13,31.13,30.99,31.0,1230706
2012-10-05 13:15:00,30.99,30.99,30.89,30.925,1253327
2012-10-05 13:30:00,30.92,30.92,30.75,30.75,1288432
2012-10-05 13:45:00,30.77,30.77,30.68,30.71,1293886
2012-10-05 14:00:00,30.695,30.76,30.63,30.76,1305086
2012-10-05 14:15:00,30.77,30.82,30.76,30.784,1370310
2012-10-05 14:30:00,30.79,30.82,30.77,30.79,1377510
2012-10-05 14:45:00,30.78,30.78,30.76,30.78,1385817
2012-10-05 15:00:00,30.77,30.79,30.71,30.72,1396884
2012-10-05 15:15:00,30.71,30.73,30.66,30.675,1411219
2012-10-05 15:30:00,30.68,30.69,30.65,30.6704,1431322
2012-10-05 15:45:00,30.68,30.7,30.61,30.7,1451407
2012-10-05 16:00:00,30.69,30.81,30.65,30.8,1595200
2012-10-08 09:45:00,30.73,30.83,30.67,30.715,18108
2012-10-08 10:00:00,30.72,30.84,30.72,30.73,72764
2012-10-08 10:15:00,30.73,30.81,30.73,30.77,134423
2012-10-08 10:30:00,30.77,30.78,30.73,30.73,145596
2012-10-08 10:45:00,30.73,30.76,30.71,30.75,216008
2012-10-08 11:00:00,30.74,30.745,30.665,30.72,252493
2012-10-08 11:15:00,30.73,30.74,30.63,30.66,256893
2012-10-08 11:30:00,30.65,30.655,30.52,30.58,267024
2012-10-08 11:45:00,30.58,30.625,30.5,30.5,280179
2012-10-08 12:00:00,30.49,30.515,30.46,30.5098,285379
2012-10-08 12:15:00,30.5,30.54,30.5,30.52,296542
2012-10-08 12:30:00,30.52,30.5691,30.5,30.53,309080
2012-10-08 12:45:00,30.52,30.53,30.515,30.53,322187
2012-10-08 13:00:00,30.53,30.53,30.52,30.53,349617
2012-10-08 13:15:00,30.53,30.53,30.49,30.5,385776
2012-10-08 13:30:00,30.49,30.51,30.46,30.505,391076
2012-10-08 13:45:00,30.5,30.53,30.5,30.5,398554
2012-10-08 14:00:00,30.5,30.51,30.48,30.48,403567
2012-10-08 14:15:00,30.48,30.5,30.48,30.4917,408274
2012-10-08 14:30:00,30.5,30.53,30.485,30.525,425432
2012-10-08 14:45:00,30.52,30.525,30.45,30.5,434937
2012-10-08 15:00:00,30.5,30.51,30.49,30.5,442942
2012-10-08 15:15:00,30.5,30.59,30.49,30.59,454672
2012-10-08 15:30:00,30.594,30.61,30.53,30.6,472225
2012-10-08 15:45:00,30.6,30.67,30.57,30.59,494154
2012-10-08 16:00:00,30.57,30.69,30.55,30.63,626305
2012-10-09 09:45:00,30.64,30.66,30.53,30.55,18302
2012-10-09 10:00:00,30.59,30.66,30.55,30.6,41715
2012-10-09 10:15:00,30.62,30.74,30.62,30.72,43715
2012-10-09 10:30:00,30.72,30.74,30.71,30.71,48305
2012-10-09 10:45:00,30.73,30.735,30.64,30.64,53613
2012-10-09 11:00:00,30.64,30.64,30.47,30.475,63311
2012-10-09 11:15:00,30.47,30.49,30.44,30.45,70154
2012-10-09 11:30:00,30.46,30.46,30.39,30.4,77091
2012-10-09 11:45:00,30.39,30.4,30.38,30.38,81791
2012-10-09 12:00:00,30.38,30.44,30.38,30.4,91391
2012-10-09 12:15:00,30.408,30.43,30.37,30.41,98015
2012-10-09 12:30:00,30.405,30.45,30.3729,30.41,110128
2012-10-09 12:45:00,30.41,30.41,30.32,30.36,114378
2012-10-09 13:00:00,30.35,30.4,30.34,30.4,116775
2012-10-09 13:15:00,30.4,30.405,30.38,30.38,118875
2012-10-09 13:30:00,30.38,30.4,30.36,30.39,121752
2012-10-09 13:45:00,30.41,30.43,30.4,30.41,125152
2012-10-09 14:00:00,30.4,30.44,30.38,30.43,154694
2012-10-09 14:15:00,30.41,30.5,30.41,30.43,218584
2012-10-09 14:30:00,30.43,30.44,30.33,30.33,255994
2012-10-09 14:45:00,30.33,30.37,30.31,30.34,263978
2012-10-09 15:00:00,30.32,30.37,30.29,30.35,272863
2012-10-09 15:15:00,30.34,30.37,30.32,30.32,287091
2012-10-09 15:30:00,30.32,30.43,30.31,30.36,303776
2012-10-09 15:45:00,30.36,30.38,30.29,30.29,334665
2012-10-09 16:00:00,30.29,30.33,30.2285,30.3,411832
2012-10-10 09:45:00,30.34,30.44,30.22,30.39,37549
2012-10-10 10:00:00,30.39,30.48,30.36,30.445,49596
2012-10-10 10:15:00,30.44,30.456,30.29,30.31,56694
2012-10-10 10:30:00,30.28,30.36,30.27,30.355,66682
2012-10-10 10:45:00,30.36,30.365,30.25,30.25,74466
2012-10-10 11:00:00,30.24,30.32,30.23,30.3,81654
2012-10-10 11:15:00,30.3,30.31,30.29,30.3,90077
2012-10-10 11:30:00,30.29,30.33,30.28,30.33,99313
2012-10-10 11:45:00,30.32,30.4,30.32,30.4,118773
2012-10-10 12:00:00,30.41,30.41,30.35,30.37,124169
2012-10-10 12:15:00,30.38,30.45,30.36,30.41,149802
2012-10-10 12:30:00,30.4,30.42,30.36,30.38,157547
2012-10-10 12:45:00,30.37,30.38,30.3,30.36,181134
2012-10-10 13:00:00,30.36,30.38,30.34,30.36,194698
2012-10-10 13:15:00,30.35,30.36,30.35,30.355,201380
2012-10-10 13:30:00,30.36,30.38,30.35,30.38,212058
2012-10-10 13:45:00,30.38,30.3925,30.35,30.37,227352
2012-10-10 14:00:00,30.36,30.3807,30.35,30.38,239652
2012-10-10 14:15:00,30.38,30.42,30.35,30.39,348050
2012-10-10 14:30:00,30.38,30.38,30.35,30.36,356506
2012-10-10 14:45:00,30.35,30.36,30.35,30.36,365582
2012-10-10 15:00:00,30.36,30.41,30.35,30.38,385876
2012-10-10 15:15:00,30.37,30.395,30.352,30.36,399504
2012-10-10 15:30:00,30.37,30.4,30.34,30.37,442952
2012-10-10 15:45:00,30.37,30.38,30.36,30.3617,467005
2012-10-10 16:00:00,30.37,30.45,30.37,30.43,577317
2012-10-11 09:45:00,30.55,30.74,30.47,30.7,26256
2012-10-11 10:00:00,30.69,30.74,30.61,30.71,47556
2012-10-11 10:15:00,30.726,30.8,30.7,30.78,67608
2012-10-11 10:30:00,30.79,30.82,30.7,30.76,93873
2012-10-11 10:45:00,30.76,30.8,30.735,30.79,101915
2012-10-11 11:00:00,30.76,30.78,30.68,30.69,223120
2012-10-11 11:15:00,30.68,30.71,30.66,30.67,247892
2012-10-11 11:30:00,30.68,30.75,30.66,30.67,270792
2012-10-11 11:45:00,30.7,30.75,30.66,30.68,286421
2012-10-11 12:00:00,30.69,30.71,30.66,30.71,296989
2012-10-11 12:15:00,30.73,30.75,30.7014,30.7014,310727
2012-10-11 12:30:00,30.72,30.75,30.66,30.67,351070
2012-10-11 12:45:00,30.708,30.74,30.6816,30.72,370323
2012-10-11 13:00:00,30.73,30.75,30.73,30.75,372649
2012-10-11 13:15:00,30.75,30.79,30.72,30.79,387016
2012-10-11 13:30:00,30.79,30.79,30.72,30.74,408664
2012-10-11 13:45:00,30.74,30.75,30.7,30.7,433908
2012-10-11 14:00:00,30.7,30.75,30.7,30.74,469033
2012-10-11 14:15:00,30.74,30.78,30.72,30.77,481687
2012-10-11 14:30:00,30.78,30.78,30.72,30.75,489201
2012-10-11 14:45:00,30.75,30.8,30.74,30.8,545561
2012-10-11 15:00:00,30.8,30.81,30.74,30.74,564073
2012-10-11 15:15:00,30.75,30.82,30.74,30.82,606588
2012-10-11 15:30:00,30.81,30.84,30.78,30.79,643200
2012-10-11 15:45:00,30.79,30.8,30.72,30.735,684729
2012-10-11 16:00:00,30.73,30.74,30.66,30.67,979272
2012-10-12 09:45:00,30.72,30.72,30.36,30.59,17743
2012-10-12 10:00:00,30.6,30.73,30.53,30.64,104375
2012-10-12 10:15:00,30.67,30.71,30.64,30.68,137077
2012-10-12 10:30:00,30.7,30.7001,30.59,30.64,158422
2012-10-12 10:45:00,30.63,30.7,30.62,30.65,230658
2012-10-12 11:00:00,30.69,30.69,30.57,30.65,248304
2012-10-12 11:15:00,30.65,30.7,30.64,30.65,260604
2012-10-12 11:30:00,30.65,30.73,30.6,30.6,305431
2012-10-12 11:45:00,30.6,30.81,30.51,30.81,449412
2012-10-12 12:00:00,30.78,30.8,30.75,30.7519,452332
2012-10-12 12:15:00,30.78,30.8,30.74,30.75,459104
2012-10-12 12:30:00,30.7595,30.7901,30.74,30.7901,463161
2012-10-12 12:45:00,30.77,30.77,30.76,30.76,465761
2012-10-12 13:00:00,30.76,30.77,30.755,30.765,468861
2012-10-12 13:15:00,30.76,30.78,30.76,30.77,474583
2012-10-12 13:30:00,30.77,30.77,30.73,30.74,478301
2012-10-12 13:45:00,30.73,30.75,30.7173,30.72,482094
2012-10-12 14:00:00,30.7,30.735,30.69,30.73,493569
2012-10-12 14:15:00,30.71,30.74,30.68,30.7,499669
2012-10-12 14:30:00,30.7,30.76,30.68,30.75,514602
2012-10-12 14:45:00,30.75,30.78,30.72,30.72,523247
2012-10-12 15:00:00,30.72,30.77,30.7,30.75,529160
2012-10-12 15:15:00,30.77,30.77,30.75,30.75,531460
2012-10-12 15:30:00,30.75,30.765,30.73,30.76,538973
2012-10-12 15:45:00,30.77,30.77,30.73,30.75,576222
2012-10-12 16:00:00,30.75,30.77,30.7,30.76,665682
2012-10-15 09:45:00,30.65,30.71,30.55,30.55,16311
2012-10-15 10:00:00,30.55,30.65,30.49,30.55,47286
2012-10-15 10:15:00,30.55,30.59,30.5,30.5,71884
2012-10-15 10:30:00,30.51,30.68,30.51,30.68,76984
2012-10-15 10:45:00,30.68,30.69,30.6,30.63,81789
2012-10-15 11:00:00,30.63,30.66,30.62,30.645,88889
2012-10-15 11:15:00,30.64,30.66,30.62,30.62,96982
2012-10-15 11:30:00,30.64,30.67,30.62,30.67,101682
2012-10-15 11:45:00,30.65,30.75,30.64,30.71,107534
2012-10-15 12:00:00,30.75,30.75,30.68,30.68,110812
2012-10-15 12:15:00,30.68,30.8,30.68,30.8,119371
2012-10-15 12:30:00,30.81,30.82,30.75,30.82,156289
2012-10-15 12:45:00,30.82,30.89,30.82,30.89,163323
2012-10-15 13:00:00,30.89,30.89,30.86,30.89,168355
2012-10-15 13:15:00,30.89,30.98,30.88,30.91,186194
2012-10-15 13:30:00,30.91,30.93,30.83,30.93,196501
2012-10-15 13:45:00,30.93,30.97,30.84,30.84,209314
2012-10-15 14:00:00,30.84,30.845,30.75,30.75,230453
2012-10-15 14:15:00,30.75,30.85,30.75,30.84,249019
2012-10-15 14:30:00,30.83,30.84,30.77,30.83,268108
2012-10-15 14:45:00,30.81,30.84,30.78,30.78,283225
2012-10-15 15:00:00,30.77,30.79,30.76,30.78,297223
2012-10-15 15:15:00,30.78,30.81,30.73,30.7956,340436
2012-10-15 15:30:00,30.8,30.91,30.8,30.89,379373
2012-10-15 15:45:00,30.89,30.9,30.83,30.87,421987
2012-10-15 16:00:00,30.88,30.95,30.88,30.95,580832
2012-10-16 09:45:00,30.85,31.12,30.81,31.12,75549
2012-10-16 10:00:00,31.13,31.2,31.09,31.1896,275422
2012-10-16 10:15:00,31.19,31.35,31.16,31.2,331325
2012-10-16 10:30:00,31.192,31.24,31.19,31.21,344378
2012-10-16 10:45:00,31.21,31.26,31.17,31.2,425395
2012-10-16 11:00:00,31.2,31.25,31.168,31.2051,478537
2012-10-16 11:15:00,31.205,31.33,31.142,31.3,585970
2012-10-16 11:30:00,31.31,31.36,31.28,31.33,659723
2012-10-16 11:45:00,31.33,31.5,31.3279,31.49,720353
2012-10-16 12:00:00,31.48,31.56,31.47,31.55,820421
2012-10-16 12:15:00,31.55,31.58,31.49,31.56,946857
2012-10-16 12:30:00,31.545,31.62,31.54,31.56,1095153
2012-10-16 12:45:00,31.57,31.62,31.56,31.59,1221849
2012-10-16 13:00:00,31.59,31.6,31.58,31.581,1244676
2012-10-16 13:15:00,31.59,31.61,31.52,31.57,1364624
2012-10-16 13:30:00,31.58,31.61,31.56,31.61,1437702
2012-10-16 13:45:00,31.61,31.63,31.58,31.61,1595018
2012-10-16 14:00:00,31.6,31.7,31.59,31.665,1674643
2012-10-16 14:15:00,31.65,31.66,31.63,31.635,1710273
2012-10-16 14:30:00,31.635,31.66,31.61,31.65,1743104
2012-10-16 14:45:00,31.65,31.73,31.65,31.65,1825022
2012-10-16 15:00:00,31.65,31.66,31.61,31.615,1867867
2012-10-16 15:15:00,31.62,31.63,31.59,31.59,1920036
2012-10-16 15:30:00,31.6,31.62,31.575,31.59,2007583
2012-10-16 15:45:00,31.59,31.63,31.58,31.6,2130707
2012-10-16 16:00:00,31.6,31.65,31.59,31.59,2338574
2012-10-17 09:45:00,31.0,31.76,31.0,31.7,157884
2012-10-17 10:00:00,31.69,31.9,31.65,31.81,349262
2012-10-17 10:15:00,31.8101,31.88,31.81,31.855,376930
2012-10-17 10:30:00,31.85,31.905,31.84,31.86,551746
2012-10-17 10:45:00,31.86,31.91,31.85,31.9,700364
2012-10-17 11:00:00,31.91,31.92,31.9,31.9001,754555
2012-10-17 11:15:00,31.9,31.98,31.9,31.93,899442
2012-10-17 11:30:00,31.935,32.0,31.93,31.96,1024250
2012-10-17 11:45:00,31.96,32.07,31.93,32.01,1604137
2012-10-17 12:00:00,32.0117,32.02,32.0,32.0,1824901
2012-10-17 12:15:00,32.0,32.05,31.94,31.96,1877811
2012-10-17 12:30:00,31.99,32.06,31.96,32.01,1921957
2012-10-17 12:45:00,32.0,32.03,31.97,31.99,2013769
2012-10-17 13:00:00,31.98,31.99,31.85,31.92,2056412
2012-10-17 13:15:00,31.92,31.99,31.89,31.9019,2227931
2012-10-17 13:30:00,31.91,31.95,31.85,31.92,2359306
2012-10-17 13:45:00,31.92,31.97,31.84,31.84,2419699
2012-10-17 14:00:00,31.835,31.94,31.82,31.9,2560600
2012-10-17 14:15:00,31.9,31.92,31.86,31.87,2624156
2012-10-17 14:30:00,31.87,31.9,31.86,31.875,2669253
2012-10-17 14:45:00,31.872,31.9,31.865,31.88,2706394
2012-10-17 15:00:00,31.88,31.88,31.83,31.86,2797915
2012-10-17 15:15:00,31.86,31.91,31.84,31.885,2854754
2012-10-17 15:30:00,31.885,31.92,31.86,31.9,2908361
2012-10-17 15:45:00,31.9,31.91,31.82,31.84,3068944
2012-10-17 16:00:00,31.84,31.84,31.74,31.8,3267014
2012-10-18 09:45:00,31.86,31.87,31.58,31.8075,361094
2012-10-18 10:00:00,31.81,31.81,31.75,31.75,424608
2012-10-18 10:15:00,31.75,31.78,31.66,31.66,579807
2012-10-18 10:30:00,31.65,31.67,31.46,31.56,681825
2012-10-18 10:45:00,31.555,31.56,31.45,31.45,767582
2012-10-18 11:00:00,31.45,31.54,31.44,31.47,806586
2012-10-18 11:15:00,31.46,31.52,31.45,31.52,851678
2012-10-18 11:30:00,31.54,31.62,31.52,31.6,898736
2012-10-18 11:45:00,31.6,31.61,31.59,31.59,932587
2012-10-18 12:00:00,31.59,31.63,31.58,31.62,945095
2012-10-18 12:15:00,31.62,31.79,31.62,31.74,975741
2012-10-18 12:30:00,31.76,31.775,31.71,31.75,1015041
2012-10-18 12:45:00,31.77,31.77,31.7,31.76,1027190
2012-10-18 13:00:00,31.75,31.8,31.74,31.75,1150444
2012-10-18 13:15:00,31.75,31.75,31.58,31.6,1229176
2012-10-18 13:30:00,31.59,31.59,31.49,31.55,1276270
2012-10-18 13:45:00,31.57,31.64,31.54,31.59,1299405
2012-10-18 14:00:00,31.6,31.6297,31.48,31.51,1389226
2012-10-18 14:15:00,31.5,31.59,31.45,31.49,1442841
2012-10-18 14:30:00,31.47,31.52,31.41,31.42,1471390
2012-10-18 14:45:00,31.42,31.46,31.35,31.37,1487997
2012-10-18 15:00:00,31.36,31.395,31.3,31.3,1522997
2012-10-18 15:15:00,31.32,31.35,31.29,31.3,1581710
2012-10-18 15:30:00,31.3,31.32,31.27,31.31,1636054
2012-10-18 15:45:00,31.31,31.36,31.29,31.3,1722725
2012-10-18 16:00:00,31.3,31.33,31.29,31.3,2029544
2012-10-19 09:45:00,31.32,31.45,31.25,31.34,24617
2012-10-19 10:00:00,31.3,31.49,31.3,31.44,40488
2012-10-19 10:15:00,31.44,31.46,31.34,31.3605,56421
2012-10-19 10:30:00,31.365,31.365,31.3,31.305,66040
2012-10-19 10:45:00,31.305,31.37,31.3,31.35,97493
2012-10-19 11:00:00,31.37,31.38,31.33,31.38,124105
2012-10-19 11:15:00,31.375,31.42,31.365,31.4113,190998
2012-10-19 11:30:00,31.42,31.42,31.34,31.34,222184
2012-10-19 11:45:00,31.33,31.35,31.29,31.335,299818
2012-10-19 12:00:00,31.335,31.35,31.25,31.28,359253
2012-10-19 12:15:00,31.2725,31.32,31.26,31.28,398106
2012-10-19 12:30:00,31.28,31.29,31.26,31.2601,431500
2012-10-19 12:45:00,31.26,31.31,31.19,31.31,514065
2012-10-19 13:00:00,31.3,31.305,31.21,31.21,567856
2012-10-19 13:15:00,31.22,31.31,31.19,31.31,733470
2012-10-19 13:30:00,31.31,31.37,31.3,31.33,748619
2012-10-19 13:45:00,31.34,31.38,31.31,31.34,766558
2012-10-19 14:00:00,31.355,31.355,31.29,31.32,788688
2012-10-19 14:15:00,31.32,31.38,31.32,31.36,806657
2012-10-19 14:30:00,31.36,31.36,31.3201,31.3201,821851
2012-10-19 14:45:00,31.32,31.39,31.32,31.36,851813
2012-10-19 15:00:00,31.36,31.48,31.34,31.47,971398
2012-10-19 15:15:00,31.49,31.49,31.345,31.346,1010864
2012-10-19 15:30:00,31.35,31.38,31.27,31.35,1076682
2012-10-19 15:45:00,31.35,31.41,31.25,31.31,1200204
2012-10-19 16:00:00,31.32,31.48,31.22,31.45,1404444
2012-10-22 09:45:00,29.24,30.0,29.05,29.76,620654
2012-10-22 10:00:00,29.76,30.05,29.745,29.99,1023984
2012-10-22 10:15:00,29.98,30.4,29.69,29.97,1561124
2012-10-22 10:30:00,29.98,30.03,29.8,29.89,1873080
2012-10-22 10:45:00,29.9,29.94,29.83,29.9,2054569
2012-10-22 11:00:00,29.88,29.9,29.72,29.81,2327733
2012-10-22 11:15:00,29.8,29.83,29.65,29.74,2499798
2012-10-22 11:30:00,29.74,29.85,29.61,29.625,2918658
2012-10-22 11:45:00,29.625,29.63,29.13,29.35,3221353
2012-10-22 12:00:00,29.3486,29.36,28.64,28.77,3536791
2012-10-22 12:15:00,28.78,29.18,28.77,29.07,3660060
2012-10-22 12:30:00,29.06,29.105,29.0,29.09,3762494
2012-10-22 12:45:00,29.085,29.3,29.07,29.285,3862677
2012-10-22 13:00:00,29.29,29.4,29.05,29.34,3984547
2012-10-22 13:15:00,29.35,29.4,29.05,29.26,4093617
2012-10-22 13:30:00,29.25,29.26,28.95,29.0,4153355
2012-10-22 13:45:00,29.01,29.16,28.9,29.01,4220805
2012-10-22 14:00:00,29.02,29.07,28.94,28.967,4360240
2012-10-22 14:15:00,28.95,29.12,28.9,29.0,4514072
2012-10-22 14:30:00,29.01,29.16,28.96,29.15,4664850
2012-10-22 14:45:00,29.15,29.33,29.13,29.27,4786683
2012-10-22 15:00:00,29.26,29.54,29.25,29.53,4939608
2012-10-22 15:15:00,29.53,29.62,29.0,29.05,5092491
2012-10-22 15:30:00,29.05,29.23,29.0,29.21,5260107
2012-10-22 15:45:00,29.22,29.43,29.15,29.39,5465436
2012-10-22 16:00:00,29.48,29.67,29.39,29.63,5900777
2012-10-23 09:45:00,29.67,29.67,28.84,28.899,129466
2012-10-23 10:00:00,28.905,29.01,28.85,28.92,235123
2012-10-23 10:15:00,28.92,29.01,28.7,29.0,397014
2012-10-23 10:30:00,29.0,29.01,28.92,28.92,524854
2012-10-23 10:45:00,28.94,29.01,28.93,28.95,583130
2012-10-23 11:00:00,28.96,28.96,28.82,28.87,622993
2012-10-23 11:15:00,28.87,29.01,28.87,29.01,722264
2012-10-23 11:30:00,29.0025,29.01,28.95,28.97,767215
2012-10-23 11:45:00,28.96,29.01,28.95,28.96,803083
2012-10-23 12:00:00,28.96,29.01,28.95,29.01,841694
2012-10-23 12:15:00,29.01,29.01,28.98,29.01,882442
2012-10-23 12:30:00,29.01,29.01,28.98,28.981,915883
2012-10-23 12:45:00,28.985,29.01,28.97,29.01,968596
2012-10-23 13:00:00,29.01,29.15,29.01,29.1,1030637
2012-10-23 13:15:00,29.11,29.15,29.08,29.14,1057741
2012-10-23 13:30:00,29.13,29.15,29.06,29.1,1114952
2012-10-23 13:45:00,29.1,29.11,29.06,29.07,1137652
2012-10-23 14:00:00,29.0625,29.1,29.04,29.1,1198903
2012-10-23 14:15:00,29.1,29.105,29.0,29.0,1255126
2012-10-23 14:30:00,29.01,29.04,28.98,29.02,1292268
2012-10-23 14:45:00,29.01,29.1,28.99,29.05,1339636
2012-10-23 15:00:00,29.045,29.075,29.02,29.03,1371908
2012-10-23 15:15:00,29.03,29.045,28.99,29.0,1401809
2012-10-23 15:30:00,29.0,29.055,28.97,29.01,1446998
2012-10-23 15:45:00,29.0,29.01,28.92,28.93,1514177
2012-10-23 16:00:00,28.92,29.05,28.89,29.02,1647538
2012-10-24 09:45:00,29.14,29.17,28.81,28.88,41357
2012-10-24 10:00:00,28.9,28.95,28.8,28.88,65713
2012-10-24 10:15:00,28.92,28.93,28.85,28.85,112994
2012-10-24 10:30:00,28.85,28.9,28.85,28.85,137193
2012-10-24 10:45:00,28.86,28.96,28.77,28.9301,258995
2012-10-24 11:00:00,28.93,29.01,28.83,28.99,310760
2012-10-24 11:15:00,28.99,29.03,28.93,28.97,337843
2012-10-24 11:30:00,28.97,28.99,28.91,28.91,376415
2012-10-24 11:45:00,28.91,28.94,28.87,28.88,395299
2012-10-24 12:00:00,28.87,28.87,28.83,28.83,411815
2012-10-24 12:15:00,28.84,28.85,28.75,28.8,449730
2012-10-24 12:30:00,28.81,28.81,28.68,28.69,470699
2012-10-24 12:45:00,28.68,28.76,28.66,28.7,498838
2012-10-24 13:00:00,28.71,28.71,28.68,28.69,520717
2012-10-24 13:15:00,28.7,28.75,28.68,28.7,531707
2012-10-24 13:30:00,28.7008,28.71,28.62,28.625,550589
2012-10-24 13:45:00,28.64,28.66,28.62,28.635,562844
2012-10-24 14:00:00,28.63,28.67,28.61,28.61,577967
2012-10-24 14:15:00,28.62,28.69,28.61,28.675,620396
2012-10-24 14:30:00,28.67,28.67,28.57,28.59,643253
2012-10-24 14:45:00,28.59,28.59,28.47,28.475,686380
2012-10-24 15:00:00,28.47,28.48,28.405,28.43,736163
2012-10-24 15:15:00,28.44,28.52,28.41,28.44,779534
2012-10-24 15:30:00,28.45,28.46,28.38,28.41,811477
2012-10-24 15:45:00,28.41,28.42,28.35,28.37,874103
2012-10-24 16:00:00,28.36,28.37,28.25,28.36,1072785
2012-10-25 09:45:00,28.5,28.67,28.5,28.61,13475
2012-10-25 10:00:00,28.6695,28.6695,28.5,28.59,40246
2012-10-25 10:15:00,28.6,28.61,28.5,28.59,65172
2012-10-25 10:30:00,28.58,28.72,28.54,28.68,107311
2012-10-25 10:45:00,28.69,28.73,28.59,28.64,225982
2012-10-25 11:00:00,28.63,28.64,28.59,28.61,234940
2012-10-25 11:15:00,28.6,28.68,28.59,28.655,263840
2012-10-25 11:30:00,28.675,28.69,28.6,28.63,273759
2012-10-25 11:45:00,28.63,28.65,28.56,28.6,309361
2012-10-25 12:00:00,28.59,28.61,28.49,28.531,327614
2012-10-25 12:15:00,28.52,28.54,28.49,28.525,341322
2012-10-25 12:30:00,28.53,28.57,28.5,28.54,357066
2012-10-25 12:45:00,28.55,28.6,28.505,28.56,372894
2012-10-25 13:00:00,28.56,28.62,28.54,28.62,393001
2012-10-25 13:15:00,28.62,28.64,28.54,28.55,411052
2012-10-25 13:30:00,28.55,28.55,28.515,28.55,426303
2012-10-25 13:45:00,28.54,28.59,28.49,28.59,482801
2012-10-25 14:00:00,28.58,28.62,28.55,28.56,489401
2012-10-25 14:15:00,28.56,28.56,28.5,28.52,522067
2012-10-25 14:30:00,28.54,28.54,28.45,28.475,564335
2012-10-25 14:45:00,28.49,28.63,28.49,28.62,623635
2012-10-25 15:00:00,28.62,28.71,28.62,28.63,643957
2012-10-25 15:15:00,28.64,28.66,28.57,28.6,679838
2012-10-25 15:30:00,28.6,28.605,28.49,28.5,791156
2012-10-25 15:45:00,28.51,28.51,28.44,28.44,808556
2012-10-25 16:00:00,28.45,28.5,28.445,28.47,854743
2012-10-26 09:45:00,28.52,28.68,28.5,28.5,29941
2012-10-26 10:00:00,28.53,28.56,28.46,28.46,60955
2012-10-26 10:15:00,28.47,28.55,28.45,28.545,118388
2012-10-26 10:30:00,28.53,28.565,28.44,28.46,153405
2012-10-26 10:45:00,28.46,28.52,28.39,28.5,224725
2012-10-26 11:00:00,28.49,28.6,28.48,28.5,380418
2012-10-26 11:15:00,28.52,28.52,28.41,28.48,439094
2012-10-26 11:30:00,28.5,28.52,28.44,28.485,473099
2012-10-26 11:45:00,28.48,28.595,28.48,28.59,546567
2012-10-26 12:00:00,28.58,28.72,28.57,28.64,772117
2012-10-26 12:15:00,28.64,28.68,28.6,28.68,816148
2012-10-26 12:30:00,28.67,28.7,28.63,28.67,852109
2012-10-26 12:45:00,28.67,28.67,28.54,28.57,886783
2012-10-26 13:00:00,28.58,28.62,28.58,28.59,900116
2012-10-26 13:15:00,28.6,28.68,28.59,28.63,916086
2012-10-26 13:30:00,28.64,28.66,28.59,28.64,933329
2012-10-26 13:45:00,28.67,28.765,28.65,28.765,954720
2012-10-26 14:00:00,28.77,28.78,28.67,28.71,994111
2012-10-26 14:15:00,28.71,28.76,28.65,28.73,1033385
2012-10-26 14:30:00,28.73,28.85,28.71,28.835,1071200
2012-10-26 14:45:00,28.83,28.91,28.8,28.89,1120166
2012-10-26 15:00:00,28.89,28.93,28.84,28.91,1186570
2012-10-26 15:15:00,28.88,28.91,28.84,28.9,1222174
2012-10-26 15:30:00,28.89,28.94,28.85,28.9001,1260456
2012-10-26 15:45:00,28.9,28.94,28.89,28.94,1308621
2012-10-26 16:00:00,28.93,28.96,28.88,28.91,1388627
2012-10-31 09:45:00,28.75,28.97,28.75,28.9,30710
2012-10-31 10:00:00,28.94,29.0,28.85,29.0,63910
2012-10-31 10:15:00,28.98,28.99,28.87,28.95,103437
2012-10-31 10:30:00,28.94,28.99,28.89,28.925,161522
2012-10-31 10:45:00,28.92,28.925,28.83,28.87,215084
2012-10-31 11:00:00,28.86,28.86,28.8,28.82,233455
2012-10-31 11:15:00,28.82,28.84,28.77,28.775,253570
2012-10-31 11:30:00,28.8,28.81,28.79,28.795,267069
2012-10-31 11:45:00,28.8,28.8,28.79,28.79,301783
2012-10-31 12:00:00,28.795,28.8,28.79,28.795,317162
2012-10-31 12:15:00,28.8,28.95,28.79,28.93,370833
2012-10-31 12:30:00,28.93,28.98,28.9,28.93,393565
2012-10-31 12:45:00,28.93,28.945,28.85,28.875,428930
2012-10-31 13:00:00,28.87,28.94,28.86,28.89,453467
2012-10-31 13:15:00,28.89,28.93,28.86,28.9,495517
2012-10-31 13:30:00,28.9,28.97,28.89,28.96,501022
2012-10-31 13:45:00,28.97,28.98,28.9,28.91,520350
2012-10-31 14:00:00,28.9,28.935,28.82,28.86,548292
2012-10-31 14:15:00,28.86,28.91,28.84,28.87,559709
2012-10-31 14:30:00,28.88,28.93,28.86,28.9,573394
2012-10-31 14:45:00,28.9,28.91,28.86,28.88,595498
2012-10-31 15:00:00,28.88,28.935,28.87,28.87,611622
2012-10-31 15:15:00,28.875,28.98,28.87,28.95,634429
2012-10-31 15:30:00,28.95,28.98,28.91,28.91,664907
2012-10-31 15:45:00,28.92,28.925,28.88,28.89,739708
2012-10-31 16:00:00,28.895,28.97,28.85,28.94,885794
2012-11-01 09:45:00,29.0,29.09,28.94,29.09,94967
2012-11-01 10:00:00,29.06,29.33,29.0,29.305,187686
2012-11-01 10:15:00,29.305,29.38,29.3,29.34,244720
2012-11-01 10:30:00,29.33,29.5,29.33,29.49,282909
2012-11-01 10:45:00,29.49,29.55,29.42,29.43,316023
2012-11-01 11:00:00,29.43,29.5,29.42,29.43,348538
2012-11-01 11:15:00,29.44,29.54,29.43,29.5,393664
2012-11-01 11:30:00,29.505,29.53,29.48,29.5,423417
2012-11-01 11:45:00,29.5,29.51,29.4,29.48,486646
2012-11-01 12:00:00,29.46,29.53,29.46,29.51,505448
2012-11-01 12:15:00,29.5,29.51,29.45,29.46,518548
2012-11-01 12:30:00,29.46,29.48,29.42,29.45,534774
2012-11-01 12:45:00,29.445,29.52,29.43,29.49,582582
2012-11-01 13:00:00,29.485,29.545,29.47,29.53,608236
2012-11-01 13:15:00,29.52,29.525,29.47,29.47,652867
2012-11-01 13:30:00,29.47,29.5,29.46,29.5,683028
2012-11-01 13:45:00,29.49,29.5,29.48,29.5,701316
2012-11-01 14:00:00,29.5,29.545,29.49,29.5,737503
2012-11-01 14:15:00,29.5,29.53,29.48,29.485,764048
2012-11-01 14:30:00,29.48,29.53,29.46,29.525,804235
2012-11-01 14:45:00,29.53,29.54,29.46,29.46,823056
2012-11-01 15:00:00,29.465,29.465,29.42,29.46,848243
2012-11-01 15:15:00,29.46,29.5,29.435,29.44,895155
2012-11-01 15:30:00,29.435,29.45,29.39,29.44,946019
2012-11-01 15:45:00,29.44,29.56,29.43,29.545,1037178
2012-11-01 16:00:00,29.55,29.58,29.47,29.58,1248641
2012-11-02 09:45:00,29.72,29.9,29.7101,29.78,21286
2012-11-02 10:00:00,29.755,29.8,29.7202,29.76,37623
2012-11-02 10:15:00,29.77,29.89,29.765,29.84,98671
2012-11-02 10:30:00,29.84,29.9,29.79,29.87,161343
2012-11-02 10:45:00,29.84,29.9,29.83,29.84,195073
2012-11-02 11:00:00,29.84,29.86,29.7,29.7825,286975
2012-11-02 11:15:00,29.79,29.94,29.77,29.87,379629
2012-11-02 11:30:00,29.84,29.95,29.84,29.86,406203
2012-11-02 11:45:00,29.85,29.89,29.83,29.835,485608
2012-11-02 12:00:00,29.83,30.0,29.83,29.95,642808
2012-11-02 12:15:00,29.96,29.96,29.835,29.85,654930
2012-11-02 12:30:00,29.856,29.89,29.83,29.85,684209
2012-11-02 12:45:00,29.85,29.86,29.83,29.85,693009
2012-11-02 13:00:00,29.85,29.9,29.78,29.83,761646
2012-11-02 13:15:00,29.83,29.93,29.83,29.86,782986
2012-11-02 13:30:00,29.86,29.87,29.83,29.85,794434
2012-11-02 13:45:00,29.83,29.87,29.83,29.85,819793
2012-11-02 14:00:00,29.855,29.87,29.8,29.82,871241
2012-11-02 14:15:00,29.83,29.85,29.81,29.81,917945
2012-11-02 14:30:00,29.81,29.87,29.79,29.87,980072
2012-11-02 14:45:00,29.86,29.89,29.79,29.8,1024170
2012-11-02 15:00:00,29.795,29.81,29.72,29.79,1054732
2012-11-02 15:15:00,29.79,29.83,29.75,29.81,1078212
2012-11-02 15:30:00,29.81,29.89,29.79,29.81,1121927
2012-11-02 15:45:00,29.8,29.81,29.66,29.77,1205272
2012-11-02 16:00:00,29.75,29.81,29.7,29.77,1355613
2012-11-05 09:45:00,29.64,29.75,29.5,29.605,54382
2012-11-05 10:00:00,29.56,29.57,29.35,29.375,103857
2012-11-05 10:15:00,29.4,29.45,29.25,29.39,125569
2012-11-05 10:30:00,29.36,29.37,29.28,29.28,130469
2012-11-05 10:45:00,29.26,29.33,29.26,29.33,138070
2012-11-05 11:00:00,29.31,29.4,29.3,29.37,144207
2012-11-05 11:15:00,29.37,29.4,29.35,29.36,151982
2012-11-05 11:30:00,29.37,29.47,29.37,29.41,163585
2012-11-05 11:45:00,29.4,29.45,29.39,29.43,171285
2012-11-05 12:00:00,29.43,29.55,29.41,29.51,197712
2012-11-05 12:15:00,29.51,29.64,29.51,29.54,285412
2012-11-05 12:30:00,29.53,29.53,29.39,29.41,310454
2012-11-05 12:45:00,29.41,29.48,29.405,29.43,320734
2012-11-05 13:00:00,29.42,29.465,29.4,29.445,337133
2012-11-05 13:15:00,29.45,29.54,29.44,29.53,362733
2012-11-05 13:30:00,29.51,29.62,29.49,29.49,414584
2012-11-05 13:45:00,29.49,29.51,29.43,29.47,427184
2012-11-05 14:00:00,29.46,29.52,29.42,29.49,447588
2012-11-05 14:15:00,29.48,29.515,29.455,29.51,478864
2012-11-05 14:30:00,29.5,29.53,29.44,29.52,527613
2012-11-05 14:45:00,29.5,29.51,29.48,29.49,549898
2012-11-05 15:00:00,29.48,29.5,29.48,29.48,563096
2012-11-05 15:15:00,29.48,29.51,29.47,29.48,588015
2012-11-05 15:30:00,29.48,29.52,29.46,29.51,621639
2012-11-05 15:45:00,29.49,29.5,29.45,29.48,681815
2012-11-05 16:00:00,29.48,29.53,29.44,29.45,782283
2012-11-06 09:45:00,29.55,29.66,29.49,29.49,19732
2012-11-06 10:00:00,29.49,29.53,29.47,29.53,44049
2012-11-06 10:15:00,29.515,29.515,29.39,29.41,89111
2012-11-06 10:30:00,29.41,29.42,29.28,29.285,114208
2012-11-06 10:45:00,29.285,29.29,29.195,29.195,170236
2012-11-06 11:00:00,29.1975,29.56,29.195,29.49,243134
2012-11-06 11:15:00,29.49,29.49,29.4,29.4,251437
2012-11-06 11:30:00,29.405,29.44,29.36,29.4,281734
2012-11-06 11:45:00,29.4,29.47,29.38,29.3872,312556
2012-11-06 12:00:00,29.39,29.47,29.37,29.42,373486
2012-11-06 12:15:00,29.41,29.445,29.38,29.4,389998
2012-11-06 12:30:00,29.41,29.52,29.41,29.47,396664
2012-11-06 12:45:00,29.4675,29.47,29.39,29.41,498655
2012-11-06 13:00:00,29.41,29.42,29.39,29.41,544455
2012-11-06 13:15:00,29.42,29.42,29.41,29.42,547299
2012-11-06 13:30:00,29.42,29.44,29.41,29.43,566042
2012-11-06 13:45:00,29.43,29.44,29.42,29.44,571467
2012-11-06 14:00:00,29.44,29.47,29.43,29.46,610815
2012-11-06 14:15:00,29.47,29.5,29.47,29.49,618931
2012-11-06 14:30:00,29.48,29.51,29.467,29.51,624998
2012-11-06 14:45:00,29.51,29.55,29.5,29.55,637417
2012-11-06 15:00:00,29.55,29.56,29.48,29.54,690643
2012-11-06 15:15:00,29.54,29.61,29.54,29.56,722617
2012-11-06 15:30:00,29.58,29.65,29.58,29.61,742184
2012-11-06 15:45:00,29.59,29.61,29.55,29.58,821357
2012-11-06 16:00:00,29.57,29.65,29.56,29.59,866740
2012-11-07 09:45:00,29.48,29.6,29.39,29.59,66316
2012-11-07 10:00:00,29.59,29.6,29.55,29.575,94869
2012-11-07 10:15:00,29.59,29.6,29.43,29.51,129528
2012-11-07 10:30:00,29.53,29.53,29.34,29.41,146008
2012-11-07 10:45:00,29.44,29.45,29.33,29.43,150203
2012-11-07 11:00:00,29.36,29.415,29.31,29.33,155323
2012-11-07 11:15:00,29.34,29.37,29.28,29.32,166145
2012-11-07 11:30:00,29.33,29.33,29.21,29.22,172045
2012-11-07 11:45:00,29.21,29.21,29.17,29.2,183945
2012-11-07 12:00:00,29.26,29.35,29.22,29.33,256411
2012-11-07 12:15:00,29.35,29.37,29.32,29.35,264628
2012-11-07 12:30:00,29.35,29.35,29.33,29.35,306652
2012-11-07 12:45:00,29.34,29.43,29.34,29.42,348979
2012-11-07 13:00:00,29.43,29.45,29.37,29.4,355482
2012-11-07 13:15:00,29.4,29.43,29.38,29.43,367287
2012-11-07 13:30:00,29.4306,29.4306,29.3833,29.41,372089
2012-11-07 13:45:00,29.41,29.45,29.39,29.42,384403
2012-11-07 14:00:00,29.3987,29.3987,29.34,29.35,402291
2012-11-07 14:15:00,29.35,29.37,29.34,29.36,413085
2012-11-07 14:30:00,29.35,29.37,29.33,29.36,433393
2012-11-07 14:45:00,29.35,29.35,29.29,29.31,455346
2012-11-07 15:00:00,29.3,29.4,29.3,29.39,494689
2012-11-07 15:15:00,29.4,29.4,29.35,29.36,521879
2012-11-07 15:30:00,29.36,29.4,29.33,29.4,551863
2012-11-07 15:45:00,29.4,29.41,29.37,29.41,611478
2012-11-07 16:00:00,29.42,29.44,29.34,29.35,757082
2012-11-08 09:45:00,29.3,29.41,29.2,29.38,13986
2012-11-08 10:00:00,29.39,29.42,29.38,29.42,22503
2012-11-08 10:15:00,29.41,29.45,29.37,29.4,46067
2012-11-08 10:30:00,29.41,29.41,29.31,29.3664,68932
2012-11-08 10:45:00,29.38,29.4,29.28,29.35,76732
2012-11-08 11:00:00,29.36,29.39,29.28,29.33,88039
2012-11-08 11:15:00,29.33,29.33,29.28,29.3,96573
2012-11-08 11:30:00,29.33,29.39,29.29,29.37,114360
2012-11-08 11:45:00,29.3899,29.4,29.31,29.39,134349
2012-11-08 12:00:00,29.39,29.43,29.37,29.41,150923
2012-11-08 12:15:00,29.41,29.41,29.3,29.3,154657
2012-11-08 12:30:00,29.29,29.33,29.25,29.27,170286
2012-11-08 12:45:00,29.27,29.27,29.22,29.27,179369
2012-11-08 13:00:00,29.2405,29.25,29.21,29.217,181270
2012-11-08 13:15:00,29.21,29.21,29.16,29.16,182606
2012-11-08 13:30:00,29.145,29.18,29.06,29.145,211680
2012-11-08 13:45:00,29.145,29.22,29.14,29.21,219698
2012-11-08 14:00:00,29.2,29.24,29.17,29.225,235541
2012-11-08 14:15:00,29.2201,29.2201,29.155,29.2,240498
2012-11-08 14:30:00,29.2,29.21,29.14,29.15,250212
2012-11-08 14:45:00,29.15,29.205,29.13,29.2,274523
2012-11-08 15:00:00,29.2,29.24,29.18,29.18,287862
2012-11-08 15:15:00,29.17,29.22,29.17,29.2,321864
2012-11-08 15:30:00,29.2,29.22,29.19,29.19,344374
2012-11-08 15:45:00,29.2,29.21,29.11,29.14,697511
2012-11-08 16:00:00,29.13,29.13,29.03,29.04,778638
2012-11-09 09:45:00,29.08,29.08,28.87,28.93,29339
2012-11-09 10:00:00,29.0,29.04,28.79,28.95,124761
2012-11-09 10:15:00,28.92,28.95,28.83,28.87,246825
2012-11-09 10:30:00,28.87,28.9,28.858,28.86,280801
2012-11-09 10:45:00,28.89,28.93,28.865,28.9,310944
2012-11-09 11:00:00,28.9,28.92,28.88,28.915,318513
2012-11-09 11:15:00,28.92,28.95,28.9,28.91,333378
2012-11-09 11:30:00,28.91,28.93,28.88,28.91,343831
2012-11-09 11:45:00,28.91,28.95,28.89,28.9,361725
2012-11-09 12:00:00,28.89,28.92,28.89,28.9,369647
2012-11-09 12:15:00,28.9,28.94,28.89,28.89,388823
2012-11-09 12:30:00,28.89,28.9,28.77,28.9,429294
2012-11-09 12:45:00,28.9,28.9,28.89,28.9,446813
2012-11-09 13:00:00,28.89,28.9,28.89,28.9,462548
2012-11-09 13:15:00,28.89,28.9,28.84,28.84,488942
2012-11-09 13:30:00,28.8564,28.9,28.82,28.82,498522
2012-11-09 13:45:00,28.8455,28.86,28.8,28.84,510974
2012-11-09 14:00:00,28.81,28.88,28.8,28.81,530739
2012-11-09 14:15:00,28.81,28.84,28.7,28.75,696246
2012-11-09 14:30:00,28.77,28.78,28.74,28.75,756745
2012-11-09 14:45:00,28.75,28.8,28.72,28.75,824301
2012-11-09 15:00:00,28.75,28.8,28.74,28.78,849880
2012-11-09 15:15:00,28.78,28.92,28.76,28.9101,872581
2012-11-09 15:30:00,28.92,28.92,28.84,28.85,903629
2012-11-09 15:45:00,28.85,28.86,28.73,28.8,940696
2012-11-09 16:00:00,28.8,28.84,28.755,28.79,988385
2012-11-12 09:45:00,28.91,29.01,28.85,28.92,8580
2012-11-12 10:00:00,28.96,28.98,28.92,28.93,11196
2012-11-12 10:15:00,28.9,28.94,28.76,28.89,43974
2012-11-12 10:30:00,28.89,28.91,28.88,28.881,48182
2012-11-12 10:45:00,28.9,28.9,28.86,28.86,54181
2012-11-12 11:00:00,28.85,28.85,28.77,28.78,57381
2012-11-12 11:15:00,28.77,28.87,28.77,28.87,71686
2012-11-12 11:30:00,28.88,28.88,28.84,28.86,76664
2012-11-12 11:45:00,28.86,28.86,28.83,28.83,79164
2012-11-12 12:00:00,28.82,28.86,28.79,28.85,95397
2012-11-12 12:15:00,28.85,28.88,28.84,28.88,103197
2012-11-12 12:30:00,28.87,28.92,28.87,28.92,110197
2012-11-12 12:45:00,28.92,28.96,28.92,28.93,115701
2012-11-12 13:00:00,28.93,29.0,28.92,28.99,140912
2012-11-12 13:15:00,28.99,29.11,28.94,29.1,269713
2012-11-12 13:30:00,29.11,29.11,29.0,29.01,303491
2012-11-12 13:45:00,29.005,29.01,28.88,28.89,361996
2012-11-12 14:00:00,28.89,28.89,28.82,28.83,367696
2012-11-12 14:15:00,28.835,28.835,28.81,28.82,372347
2012-11-12 14:30:00,28.815,28.82,28.81,28.82,386964
2012-11-12 14:45:00,28.82,28.91,28.79,28.91,398043
2012-11-12 15:00:00,28.91,28.95,28.9,28.94,406813
2012-11-12 15:15:00,28.94,28.98,28.89,28.9,417428
2012-11-12 15:30:00,28.9,28.915,28.85,28.89,446771
2012-11-12 15:45:00,28.9,28.91,28.85,28.9,468519
2012-11-12 16:00:00,28.9,28.94,28.87,28.91,611567
2012-11-13 09:45:00,28.81,28.85,28.7,28.75,28729
2012-11-13 10:00:00,28.77,28.86,28.75,28.86,57840
2012-11-13 10:15:00,28.88,28.9,28.82,28.89,72540
2012-11-13 10:30:00,28.93,28.93,28.8582,28.87,73418
2012-11-13 10:45:00,28.86,28.89,28.84,28.8601,89193
2012-11-13 11:00:00,28.86,28.94,28.85,28.93,106278
2012-11-13 11:15:00,28.94,29.0,28.89,28.89,124478
2012-11-13 11:30:00,28.89,28.89,28.84,28.84,139678
2012-11-13 11:45:00,28.85,28.91,28.78,28.8,199250
2012-11-13 12:00:00,28.8,28.8,28.75,28.75,220350
2012-11-13 12:15:00,28.75,28.8,28.74,28.755,256340
2012-11-13 12:30:00,28.7475,28.8,28.71,28.71,273370
2012-11-13 12:45:00,28.73,28.73,28.66,28.67,289970
2012-11-13 13:00:00,28.66,28.73,28.64,28.73,310248
2012-11-13 13:15:00,28.72,28.81,28.71,28.8,320837
2012-11-13 13:30:00,28.81,28.82,28.72,28.745,337389
2012-11-13 13:45:00,28.75,28.77,28.72,28.75,348183
2012-11-13 14:00:00,28.75,28.77,28.71,28.73,367354
2012-11-13 14:15:00,28.75,28.75,28.71,28.74,386044
2012-11-13 14:30:00,28.73,28.73,28.66,28.68,411644
2012-11-13 14:45:00,28.68,28.71,28.64,28.64,437937
2012-11-13 15:00:00,28.65,28.7,28.64,28.65,453437
2012-11-13 15:15:00,28.65,28.68,28.64,28.64,470142
2012-11-13 15:30:00,28.64,28.644,28.54,28.6,512621
2012-11-13 15:45:00,28.57,28.65,28.56,28.57,539104
2012-11-13 16:00:00,28.56,28.605,28.53,28.6,647303
2012-11-14 09:45:00,28.71,28.87,28.66,28.71,66924
2012-11-14 10:00:00,28.74,28.74,28.64,28.69,71124
2012-11-14 10:15:00,28.66,28.69,28.601,28.65,80107
2012-11-14 10:30:00,28.63,28.63,28.53,28.54,103871
2012-11-14 10:45:00,28.54,28.54,28.4,28.43,166976
2012-11-14 11:00:00,28.42,28.46,28.36,28.41,210780
2012-11-14 11:15:00,28.42,28.49,28.4,28.47,230180
2012-11-14 11:30:00,28.49,28.5,28.44,28.48,284290
2012-11-14 11:45:00,28.465,28.52,28.46,28.51,293733
2012-11-14 12:00:00,28.505,28.52,28.46,28.5,305708
2012-11-14 12:15:00,28.5,28.5,28.42,28.4575,326087
2012-11-14 12:30:00,28.46,28.49,28.37,28.42,414549
2012-11-14 12:45:00,28.42,28.43,28.35,28.39,435476
2012-11-14 13:00:00,28.37,28.4,28.345,28.37,459385
2012-11-14 13:15:00,28.37,28.385,28.33,28.3599,470557
2012-11-14 13:30:00,28.355,28.42,28.27,28.34,515257
2012-11-14 13:45:00,28.33,28.39,28.31,28.38,533659
2012-11-14 14:00:00,28.385,28.395,28.29,28.32,576908
2012-11-14 14:15:00,28.35,28.38,28.32,28.345,605375
2012-11-14 14:30:00,28.35,28.44,28.32,28.43,615878
2012-11-14 14:45:00,28.43,28.43,28.36,28.41,626931
2012-11-14 15:00:00,28.4125,28.45,28.36,28.3699,643322
2012-11-14 15:15:00,28.36,28.36,28.01,28.15,800075
2012-11-14 15:30:00,28.14,28.2,28.03,28.19,846703
2012-11-14 15:45:00,28.195,28.2,28.15,28.155,906434
2012-11-14 16:00:00,28.15,28.16,28.0,28.16,1111318
2012-11-15 09:45:00,28.17,28.37,28.08,28.11,29351
2012-11-15 10:00:00,28.12,28.12,27.94,27.97,53033
2012-11-15 10:15:00,27.97,28.05,27.96,28.04,85036
2012-11-15 10:30:00,28.04,28.05,27.91,27.989,115600
2012-11-15 10:45:00,27.99,28.02,27.98,27.99,134518
2012-11-15 11:00:00,27.99,28.01,27.89,27.9,163643
2012-11-15 11:15:00,27.89,27.95,27.86,27.88,175189
2012-11-15 11:30:00,27.87,27.89,27.81,27.88,186013
2012-11-15 11:45:00,27.88,27.9,27.84,27.84,195042
2012-11-15 12:00:00,27.845,27.845,27.77,27.81,215670
2012-11-15 12:15:00,27.8,27.825,27.77,27.77,223180
2012-11-15 12:30:00,27.77,27.78,27.77,27.77,233800
2012-11-15 12:45:00,27.78,27.83,27.76,27.78,249783
2012-11-15 13:00:00,27.81,27.81,27.665,27.72,286578
2012-11-15 13:15:00,27.725,27.75,27.71,27.74,298795
2012-11-15 13:30:00,27.7386,27.97,27.715,27.9,441463
2012-11-15 13:45:00,27.9,27.9,27.815,27.85,460915
2012-11-15 14:00:00,27.84,27.89,27.8,27.81,483753
2012-11-15 14:15:00,27.81,27.82,27.75,27.75,502858
2012-11-15 14:30:00,27.75,27.805,27.74,27.74,516541
2012-11-15 14:45:00,27.75,27.77,27.7,27.725,535331
2012-11-15 15:00:00,27.72,27.78,27.69,27.75,606491
2012-11-15 15:15:00,27.76,27.78,27.645,27.65,664406
2012-11-15 15:30:00,27.65,27.67,27.56,27.58,720579
2012-11-15 15:45:00,27.58,27.76,27.58,27.75,766306
2012-11-15 16:00:00,27.75,27.78,27.62,27.66,989955
2012-11-16 09:45:00,27.81,27.9831,27.66,27.74,15882
2012-11-16 10:00:00,27.7,27.76,27.64,27.69,45882
2012-11-16 10:15:00,27.68,27.68,27.56,27.58,66828
2012-11-16 10:30:00,27.58,27.64,27.565,27.595,103329
2012-11-16 10:45:00,27.61,27.67,27.6,27.62,116478
2012-11-16 11:00:00,27.635,27.635,27.5799,27.58,159364
2012-11-16 11:15:00,27.58,27.62,27.55,27.58,179386
2012-11-16 11:30:00,27.59,27.61,27.57,27.59,213737
2012-11-16 11:45:00,27.58,27.77,27.58,27.7,240637
2012-11-16 12:00:00,27.72,27.79,27.68,27.782,252990
2012-11-16 12:15:00,27.8,27.81,27.71,27.77,264090
2012-11-16 12:30:00,27.77,27.8,27.74,27.75,277648
2012-11-16 12:45:00,27.74,27.79,27.72,27.72,292313
2012-11-16 13:00:00,27.72,27.73,27.65,27.65,313213
2012-11-16 13:15:00,27.66,27.69,27.61,27.62,337703
2012-11-16 13:30:00,27.62,27.64,27.62,27.6335,351265
2012-11-16 13:45:00,27.63,27.64,27.62,27.62,358117
2012-11-16 14:00:00,27.63,27.635,27.54,27.635,426408
2012-11-16 14:15:00,27.64,27.64,27.59,27.59,440774
2012-11-16 14:30:00,27.59,27.6,27.535,27.555,465032
2012-11-16 14:45:00,27.56,27.57,27.53,27.56,490896
2012-11-16 15:00:00,27.565,27.6,27.56,27.59,518121
2012-11-16 15:15:00,27.6,27.6,27.58,27.6,540933
2012-11-16 15:30:00,27.61,27.67,27.6,27.6499,573904
2012-11-16 15:45:00,27.65,27.66,27.61,27.64,603580
2012-11-16 16:00:00,27.635,27.65,27.51,27.625,718107
2012-11-19 09:45:00,27.91,27.93,27.83,27.83,26255
2012-11-19 10:00:00,27.87,27.9,27.77,27.81,43455
2012-11-19 10:15:00,27.83,27.83,27.66,27.71,62738
2012-11-19 10:30:00,27.71,27.74,27.67,27.72,90933
2012-11-19 10:45:00,27.72,27.75,27.7,27.71,107105
2012-11-19 11:00:00,27.7,27.74,27.69,27.69,116768
2012-11-19 11:15:00,27.7,27.7,27.57,27.57,147089
2012-11-19 11:30:00,27.58,27.59,27.47,27.49,185771
2012-11-19 11:45:00,27.5,27.55,27.48,27.49,203483
2012-11-19 12:00:00,27.5,27.55,27.49,27.4999,226467
2012-11-19 12:15:00,27.5,27.54,27.47,27.5085,277384
2012-11-19 12:30:00,27.49,27.55,27.435,27.45,319717
2012-11-19 12:45:00,27.45,27.545,27.435,27.49,394527
2012-11-19 13:00:00,27.49,27.49,27.41,27.4475,525694
2012-11-19 13:15:00,27.45,27.48,27.43,27.44,551010
2012-11-19 13:30:00,27.44,27.45,27.36,27.38,596441
2012-11-19 13:45:00,27.39,27.52,27.38,27.43,664249
2012-11-19 14:00:00,27.43,27.43,27.3001,27.32,715892
2012-11-19 14:15:00,27.33,27.44,27.33,27.44,727645
2012-11-19 14:30:00,27.44,27.57,27.43,27.55,747626
2012-11-19 14:45:00,27.56,27.56,27.51,27.54,775094
2012-11-19 15:00:00,27.535,27.58,27.51,27.52,793092
2012-11-19 15:15:00,27.52,27.55,27.495,27.51,830968
2012-11-19 15:30:00,27.5,27.55,27.495,27.54,899808
2012-11-19 15:45:00,27.53,27.71,27.51,27.705,1025090
2012-11-19 16:00:00,27.71,27.78,27.65,27.69,1268266
2012-11-20 09:45:00,27.71,27.847,27.59,27.63,13848
2012-11-20 10:00:00,27.64,27.72,27.625,27.7,25126
2012-11-20 10:15:00,27.7,27.7,27.51,27.565,205570
2012-11-20 10:30:00,27.56,27.59,27.51,27.54,285669
2012-11-20 10:45:00,27.53,27.55,27.51,27.52,294222
2012-11-20 11:00:00,27.52,27.52,27.46,27.47,314668
2012-11-20 11:15:00,27.461,27.51,27.36,27.42,354426
2012-11-20 11:30:00,27.4,27.42,27.38,27.39,383068
2012-11-20 11:45:00,27.39,27.46,27.315,27.44,879322
2012-11-20 12:00:00,27.45,27.45,27.39,27.43,917860
2012-11-20 12:15:00,27.43,27.43,27.38,27.4,938560
2012-11-20 12:30:00,27.4,27.42,27.38,27.41,1123791
2012-11-20 12:45:00,27.42,27.45,27.42,27.45,1135286
2012-11-20 13:00:00,27.45,27.46,27.435,27.455,1148241
2012-11-20 13:15:00,27.45,27.46,27.4,27.44,1178911
2012-11-20 13:30:00,27.43,27.45,27.4,27.4,1196284
2012-11-20 13:45:00,27.39,27.435,27.385,27.43,1203584
2012-11-20 14:00:00,27.43,27.52,27.42,27.5,1216932
2012-11-20 14:15:00,27.5,27.5,27.391,27.435,1304973
2012-11-20 14:30:00,27.44,27.505,27.39,27.505,1375139
2012-11-20 14:45:00,27.51,27.51,27.47,27.4935,1439094
2012-11-20 15:00:00,27.5,27.5,27.47,27.48,1470114
2012-11-20 15:15:00,27.48,27.55,27.47,27.54,1553174
2012-11-20 15:30:00,27.53,27.57,27.505,27.56,1605763
2012-11-20 15:45:00,27.55,27.55,27.47,27.48,1646481
2012-11-20 16:00:00,27.48,27.57,27.46,27.56,1717259
2012-11-21 09:45:00,27.61,27.75,27.5275,27.69,106331
2012-11-21 10:00:00,27.71,27.8,27.67,27.67,252845
2012-11-21 10:15:00,27.67,27.72,27.42,27.47,383544
2012-11-21 10:30:00,27.47,27.56,27.4,27.5,418190
2012-11-21 10:45:00,27.5,27.61,27.44,27.59,1453131
2012-11-21 11:00:00,27.59,27.7,27.59,27.69,1470961
2012-11-21 11:15:00,27.7,27.76,27.68,27.75,1510029
2012-11-21 11:30:00,27.75,27.94,27.74,27.94,1558639
2012-11-21 11:45:00,27.92,27.985,27.92,27.98,1573498
2012-11-21 12:00:00,27.98,28.08,27.94,27.94,1597314
2012-11-21 12:15:00,27.94,27.95,27.81,27.9,1608870
2012-11-21 12:30:00,27.9,27.9,27.85,27.87,1614232
2012-11-21 12:45:00,27.87,27.96,27.85,27.95,1624123
2012-11-21 13:00:00,27.96,28.01,27.96,28.005,1637075
2012-11-21 13:15:00,28.0,28.05,28.0,28.05,1642675
2012-11-21 13:30:00,28.05,28.1,28.005,28.01,1675058
2012-11-21 13:45:00,28.005,28.01,27.98,27.99,1751826
2012-11-21 14:00:00,28.0,28.05,27.96,27.98,1777112
2012-11-21 14:15:00,27.98,28.01,27.95,28.0,1830948
2012-11-21 14:30:00,28.0,28.02,27.995,28.02,1842991
2012-11-21 14:45:00,28.02,28.03,28.01,28.02,1859291
2012-11-21 15:00:00,28.02,28.07,28.01,28.065,1868670
2012-11-21 15:15:00,28.08,28.17,28.075,28.12,1920073
2012-11-21 15:30:00,28.13,28.15,28.085,28.1,1934105
2012-11-21 15:45:00,28.1,28.16,28.095,28.15,1951345
2012-11-21 16:00:00,28.16,28.18,28.0,28.0,2105238
2012-11-23 09:45:00,28.15,28.15,27.91,27.95,7939
2012-11-23 10:00:00,27.93,28.04,27.92,27.94,136394
2012-11-23 10:15:00,27.94,28.08,27.89,28.08,177038
2012-11-23 10:30:00,28.09,28.22,28.08,28.21,186249
2012-11-23 10:45:00,28.22,28.22,28.17,28.18,199651
2012-11-23 11:00:00,28.17,28.23,28.17,28.22,206051
2012-11-23 11:15:00,28.23,28.38,28.23,28.38,222142
2012-11-23 11:30:00,28.37,28.395,28.235,28.33,258634
2012-11-23 11:45:00,28.33,28.34,28.27,28.27,281433
2012-11-23 12:00:00,28.25,28.27,28.14,28.18,299828
2012-11-23 12:15:00,28.18,28.24,28.15,28.24,317439
2012-11-23 12:30:00,28.23,28.29,28.19,28.29,332653
2012-11-23 12:45:00,28.29,28.32,28.25,28.2502,347652
2012-11-23 13:00:00,28.26,28.28,28.2123,28.28,372372
2012-11-23 13:15:00,28.26,28.26,28.26,28.26,376729
2012-11-26 09:45:00,28.27,28.49,28.27,28.42,81035
2012-11-26 10:00:00,28.43,28.54,28.39,28.42,128986
2012-11-26 10:15:00,28.41,28.425,28.33,28.425,170519
2012-11-26 10:30:00,28.425,28.49,28.38,28.47,219816
2012-11-26 10:45:00,28.48,28.48,28.41,28.42,228191
2012-11-26 11:00:00,28.42,28.46,28.4,28.44,237262
2012-11-26 11:15:00,28.44,28.45,28.4,28.42,249766
2012-11-26 11:30:00,28.41,28.44,28.38,28.405,261009
2012-11-26 11:45:00,28.4,28.41,28.4,28.41,262309
2012-11-26 12:00:00,28.405,28.44,28.405,28.41,273114
2012-11-26 12:15:00,28.42,28.435,28.41,28.42,283584
2012-11-26 12:30:00,28.42,28.425,28.39,28.39,293805
2012-11-26 12:45:00,28.39,28.425,28.375,28.425,310662
2012-11-26 13:00:00,28.4,28.42,28.395,28.41,318363
2012-11-26 13:15:00,28.42,28.485,28.41,28.42,345628
2012-11-26 13:30:00,28.42,28.44,28.41,28.4325,357416
2012-11-26 13:45:00,28.44,28.45,28.4,28.4,365081
2012-11-26 14:00:00,28.4,28.41,28.39,28.39,372622
2012-11-26 14:15:00,28.4,28.43,28.39,28.4,386004
2012-11-26 14:30:00,28.41,28.4263,28.388,28.4,399036
2012-11-26 14:45:00,28.39,28.42,28.38,28.41,424844
2012-11-26 15:00:00,28.4164,28.418,28.36,28.365,444554
2012-11-26 15:15:00,28.37,28.375,28.21,28.21,478985
2012-11-26 15:30:00,28.2199,28.27,28.16,28.2,566854
2012-11-26 15:45:00,28.19,28.26,28.18,28.26,643528
2012-11-26 16:00:00,28.25,28.28,28.21,28.27,801664
2012-11-27 09:45:00,28.18,28.26,28.08,28.24,45735
2012-11-27 10:00:00,28.24,28.41,28.18,28.29,163684
2012-11-27 10:15:00,28.26,28.33,28.21,28.23,209298
2012-11-27 10:30:00,28.21,28.215,28.07,28.17,243187
2012-11-27 10:45:00,28.18,28.21,28.17,28.19,250498
2012-11-27 11:00:00,28.19,28.22,28.18,28.19,255294
2012-11-27 11:15:00,28.2,28.22,28.07,28.08,289188
2012-11-27 11:30:00,28.07,28.09,28.07,28.07,293817
2012-11-27 11:45:00,28.07,28.18,28.07,28.15,315317
2012-11-27 12:00:00,28.15,28.21,28.14,28.142,331117
2012-11-27 12:15:00,28.15,28.2,28.14,28.16,345717
2012-11-27 12:30:00,28.16,28.21,28.15,28.17,359518
2012-11-27 12:45:00,28.165,28.165,28.11,28.11,375123
2012-11-27 13:00:00,28.105,28.105,28.04,28.04,390431
2012-11-27 13:15:00,28.04,28.07,27.99,28.05,405434
2012-11-27 13:30:00,28.05,28.055,27.97,28.0,453710
2012-11-27 13:45:00,28.0,28.04,28.0,28.03,469366
2012-11-27 14:00:00,28.02,28.025,28.0,28.0,482765
2012-11-27 14:15:00,28.01,28.04,27.99,28.03,497879
2012-11-27 14:30:00,28.03,28.035,27.9,27.92,524502
2012-11-27 14:45:00,27.92,28.03,27.92,28.0,549747
2012-11-27 15:00:00,28.0,28.05,27.98,28.04,837219
2012-11-27 15:15:00,28.04,28.08,28.0,28.05,877630
2012-11-27 15:30:00,28.05,28.05,28.02,28.03,913733
2012-11-27 15:45:00,28.04,28.05,28.02,28.03,953838
2012-11-27 16:00:00,28.05,28.07,28.01,28.05,1163015
2012-11-28 09:45:00,27.9,28.105,27.73,28.05,13981
2012-11-28 10:00:00,28.04,28.05,27.98,28.005,95343
2012-11-28 10:15:00,28.0,28.07,27.91,28.07,187979
2012-11-28 10:30:00,28.07,28.12,28.03,28.11,206703
2012-11-28 10:45:00,28.1025,28.16,28.09,28.11,213703
2012-11-28 11:00:00,28.11,28.125,28.07,28.07,219018
2012-11-28 11:15:00,28.07,28.1,28.0,28.02,258652
2012-11-28 11:30:00,28.03,28.04,28.0,28.02,263952
2012-11-28 11:45:00,28.01,28.05,27.97,28.0,283212
2012-11-28 12:00:00,27.982,28.01,27.95,28.01,291602
2012-11-28 12:15:00,28.0,28.06,27.91,28.045,330302
2012-11-28 12:30:00,28.04,28.13,28.04,28.07,356480
2012-11-28 12:45:00,28.11,28.12,28.07,28.095,360090
2012-11-28 13:00:00,28.06,28.07,28.04,28.05,376792
2012-11-28 13:15:00,28.07,28.095,28.06,28.09,383766
2012-11-28 13:30:00,28.085,28.11,28.08,28.105,387866
2012-11-28 13:45:00,28.1101,28.17,28.1101,28.1301,393717
2012-11-28 14:00:00,28.13,28.13,28.1,28.13,405417
2012-11-28 14:15:00,28.13,28.15,28.07,28.08,412426
2012-11-28 14:30:00,28.09,28.09,28.0,28.06,474513
2012-11-28 14:45:00,28.06,28.07,28.04,28.05,514953
2012-11-28 15:00:00,28.05,28.095,28.02,28.07,633149
2012-11-28 15:15:00,28.07,28.075,28.02,28.02,655264
2012-11-28 15:30:00,28.04,28.09,28.03,28.09,673855
2012-11-28 15:45:00,28.1,28.17,28.1,28.17,688066
2012-11-28 16:00:00,28.19,28.21,28.12,28.152,746556
2012-11-29 09:45:00,28.29,28.34,28.13,28.2375,29564
2012-11-29 10:00:00,28.24,28.24,28.2,28.21,31336
2012-11-29 10:15:00,28.19,28.245,28.12,28.19,67172
2012-11-29 10:30:00,28.2,28.25,28.2,28.23,79999
2012-11-29 10:45:00,28.23,28.33,28.23,28.31,98126
2012-11-29 11:00:00,28.3,28.38,28.29,28.38,113547
2012-11-29 11:15:00,28.4,28.59,28.4,28.54,141647
2012-11-29 11:30:00,28.54,28.5505,28.49,28.5,146848
2012-11-29 11:45:00,28.5,28.5,28.3,28.37,188950
2012-11-29 12:00:00,28.36,28.43,28.3401,28.3864,198897
2012-11-29 12:15:00,28.38,28.464,28.37,28.464,205268
2012-11-29 12:30:00,28.46,28.46,28.42,28.42,208868
2012-11-29 12:45:00,28.42,28.42,28.375,28.42,215968
2012-11-29 13:00:00,28.4,28.41,28.36,28.39,224639
2012-11-29 13:15:00,28.39,28.4,28.375,28.39,245141
2012-11-29 13:30:00,28.39,28.49,28.39,28.49,254568
2012-11-29 13:45:00,28.49,28.53,28.45,28.501,265899
2012-11-29 14:00:00,28.5075,28.51,28.43,28.43,276403
2012-11-29 14:15:00,28.44,28.445,28.4,28.4,365108
2012-11-29 14:30:00,28.4,28.44,28.4,28.4375,370622
2012-11-29 14:45:00,28.44,28.505,28.44,28.45,385029
2012-11-29 15:00:00,28.44,28.44,28.41,28.4205,390929
2012-11-29 15:15:00,28.425,28.43,28.335,28.36,407600
2012-11-29 15:30:00,28.36,28.39,28.35,28.36,438182
2012-11-29 15:45:00,28.36,28.44,28.34,28.4208,479821
2012-11-29 16:00:00,28.42,28.5,28.38,28.49,602406
2012-11-30 09:45:00,28.41,28.47,28.27,28.39,9010
2012-11-30 10:00:00,28.4,28.4,28.24,28.35,18719
2012-11-30 10:15:00,28.35,28.44,28.31,28.34,32478
2012-11-30 10:30:00,28.34,28.34,28.26,28.27,38278
2012-11-30 10:45:00,28.27,28.28,28.13,28.15,53546
2012-11-30 11:00:00,28.13,28.25,28.09,28.25,69376
2012-11-30 11:15:00,28.25,28.2525,28.19,28.25,77076
2012-11-30 11:30:00,28.25,28.26,28.2,28.225,86103
2012-11-30 11:45:00,28.22,28.225,28.19,28.2,91203
2012-11-30 12:00:00,28.2,28.25,28.2,28.24,97803
2012-11-30 12:15:00,28.255,28.255,28.19,28.2,104675
2012-11-30 12:30:00,28.2,28.21,28.14,28.185,123775
2012-11-30 12:45:00,28.19,28.19,28.16,28.17,137154
2012-11-30 13:00:00,28.17,28.17,28.14,28.14,143054
2012-11-30 13:15:00,28.14,28.18,28.14,28.18,151063
2012-11-30 13:30:00,28.18,28.24,28.17,28.22,161738
2012-11-30 13:45:00,28.23,28.29,28.23,28.25,250075
2012-11-30 14:00:00,28.24,28.25,28.21,28.24,260332
2012-11-30 14:15:00,28.24,28.25,28.2,28.205,264572
2012-11-30 14:30:00,28.21,28.25,28.2,28.24,271672
2012-11-30 14:45:00,28.25,28.25,28.21,28.22,278313
2012-11-30 15:00:00,28.22,28.23,28.21,28.22,286913
2012-11-30 15:15:00,28.22,28.25,28.21,28.24,307833
2012-11-30 15:30:00,28.24,28.255,28.21,28.23,340784
2012-11-30 15:45:00,28.24,28.25,28.23,28.24,405837
2012-11-30 16:00:00,28.25,28.32,28.24,28.32,511373
2012-12-03 09:45:00,28.36,28.45,28.215,28.215,43438
2012-12-03 10:00:00,28.19,28.25,28.12,28.24,68739
2012-12-03 10:15:00,28.22,28.28,28.175,28.28,80986
2012-12-03 10:30:00,28.3,28.54,28.28,28.47,132258
2012-12-03 10:45:00,28.48,28.48,28.34,28.35,147758
2012-12-03 11:00:00,28.35,28.35,28.265,28.265,160846
2012-12-03 11:15:00,28.25,28.27,28.22,28.24,165046
2012-12-03 11:30:00,28.25,28.32,28.24,28.29,172347
2012-12-03 11:45:00,28.3,28.49,28.2975,28.47,209526
2012-12-03 12:00:00,28.47,28.51,28.45,28.45,223055
2012-12-03 12:15:00,28.45,28.45,28.38,28.4,231145
2012-12-03 12:30:00,28.39,28.39,28.335,28.385,240335
2012-12-03 12:45:00,28.38,28.39,28.36,28.38,245635
2012-12-03 13:00:00,28.385,28.39,28.35,28.35,250435
2012-12-03 13:15:00,28.35,28.36,28.29,28.35,259933
2012-12-03 13:30:00,28.355,28.355,28.32,28.33,263933
2012-12-03 13:45:00,28.32,28.32,28.25,28.26,272449
2012-12-03 14:00:00,28.26,28.32,28.26,28.3,280114
2012-12-03 14:15:00,28.31,28.45,28.29,28.4,292914
2012-12-03 14:30:00,28.407,28.407,28.35,28.3799,307170
2012-12-03 14:45:00,28.36,28.39,28.34,28.35,335197
2012-12-03 15:00:00,28.35,28.36,28.34,28.35,355178
2012-12-03 15:15:00,28.36,28.405,28.34,28.3501,377486
2012-12-03 15:30:00,28.35,28.36,28.31,28.311,403006
2012-12-03 15:45:00,28.3125,28.3125,28.27,28.3,431349
2012-12-03 16:00:00,28.3,28.33,28.24,28.27,519819
2012-12-04 09:45:00,28.19,28.41,28.19,28.35,19319
2012-12-04 10:00:00,28.35,28.38,28.31,28.34,25495
2012-12-04 10:15:00,28.34,28.36,28.27,28.35,32685
2012-12-04 10:30:00,28.36,28.36,28.21,28.21,42185
2012-12-04 10:45:00,28.21,28.22,28.185,28.185,46085
2012-12-04 11:00:00,28.19,28.21,28.19,28.21,48105
2012-12-04 11:15:00,28.215,28.25,28.205,28.23,54948
2012-12-04 11:30:00,28.23,28.45,28.23,28.38,279236
2012-12-04 11:45:00,28.38,28.44,28.38,28.44,351836
2012-12-04 12:00:00,28.46,28.47,28.38,28.39,358145
2012-12-04 12:15:00,28.39,28.39,28.37,28.375,365845
2012-12-04 12:30:00,28.375,28.465,28.37,28.46,376250
2012-12-04 12:45:00,28.465,28.485,28.43,28.47,386391
2012-12-04 13:00:00,28.46,28.46,28.4,28.41,393033
2012-12-04 13:15:00,28.4,28.4,28.36,28.4,397554
2012-12-04 13:30:00,28.4,28.4,28.39,28.39,401866
2012-12-04 13:45:00,28.39,28.41,28.38,28.4,407466
2012-12-04 14:00:00,28.4,28.46,28.38,28.46,418778
2012-12-04 14:15:00,28.46,28.48,28.46,28.465,425079
2012-12-04 14:30:00,28.465,28.465,28.38,28.385,438129
2012-12-04 14:45:00,28.39,28.44,28.38,28.42,451170
2012-12-04 15:00:00,28.42,28.43,28.4,28.4,456970
2012-12-04 15:15:00,28.4,28.4,28.37,28.38,463276
2012-12-04 15:30:00,28.385,28.415,28.38,28.39,616626
2012-12-04 15:45:00,28.39,28.4,28.39,28.39,628559
2012-12-04 16:00:00,28.39,28.49,28.39,28.4899,749246
2012-12-05 09:45:00,28.48,28.59,28.43,28.575,58707
2012-12-05 10:00:00,28.57,28.72,28.495,28.53,85526
2012-12-05 10:15:00,28.53,28.55,28.38,28.395,123027
2012-12-05 10:30:00,28.4,28.41,28.39,28.41,131127
2012-12-05 10:45:00,28.41,28.41,28.34,28.37,139728
2012-12-05 11:00:00,28.36,28.36,28.25,28.3,165746
2012-12-05 11:15:00,28.3,28.45,28.3,28.44,182052
2012-12-05 11:30:00,28.44,28.56,28.42,28.545,195076
2012-12-05 11:45:00,28.53,28.59,28.51,28.57,218116
2012-12-05 12:00:00,28.58,28.58,28.51,28.54,229816
2012-12-05 12:15:00,28.55,28.62,28.54,28.5401,247029
2012-12-05 12:30:00,28.54,28.585,28.54,28.5501,266329
2012-12-05 12:45:00,28.555,28.595,28.55,28.58,279658
2012-12-05 13:00:00,28.585,28.62,28.58,28.59,294419
2012-12-05 13:15:00,28.6,28.66,28.59,28.61,310539
2012-12-05 13:30:00,28.62,28.65,28.57,28.65,324649
2012-12-05 13:45:00,28.63,28.63,28.52,28.57,339772
2012-12-05 14:00:00,28.57,28.59,28.55,28.55,348388
2012-12-05 14:15:00,28.55,28.58,28.55,28.56,359276
2012-12-05 14:30:00,28.57,28.65,28.57,28.63,371979
2012-12-05 14:45:00,28.64,28.73,28.64,28.73,387113
2012-12-05 15:00:00,28.72,28.73,28.52,28.55,428459
2012-12-05 15:15:00,28.56,28.6,28.53,28.53,453853
2012-12-05 15:30:00,28.52,28.52,28.48,28.5,478551
2012-12-05 15:45:00,28.5,28.52,28.48,28.49,529544
2012-12-05 16:00:00,28.49,28.5,28.43,28.46,612895
2012-12-06 09:45:00,28.5,29.01,28.5,29.0,100197
2012-12-06 10:00:00,29.0,29.04,28.96,28.985,185196
2012-12-06 10:15:00,28.96,28.99,28.94,28.95,321165
2012-12-06 10:30:00,28.96,28.98,28.88,28.88,352388
2012-12-06 10:45:00,28.87,28.97,28.87,28.88,365859
2012-12-06 11:00:00,28.88,28.9,28.87,28.9,379823
2012-12-06 11:15:00,28.9,28.925,28.8025,28.85,405436
2012-12-06 11:30:00,28.85,28.89,28.85,28.85,433387
2012-12-06 11:45:00,28.85,28.86,28.84,28.85,479394
2012-12-06 12:00:00,28.85,28.86,28.85,28.8575,530956
2012-12-06 12:15:00,28.85,28.86,28.84,28.85,594604
2012-12-06 12:30:00,28.85,28.86,28.79,28.85,736893
2012-12-06 12:45:00,28.84,28.85,28.73,28.73,779710
2012-12-06 13:00:00,28.75,28.79,28.69,28.69,826429
2012-12-06 13:15:00,28.68,28.7,28.64,28.65,858309
2012-12-06 13:30:00,28.65,28.7,28.65,28.65,909246
2012-12-06 13:45:00,28.66,28.7,28.65,28.68,998086
2012-12-06 14:00:00,28.68,28.85,28.68,28.79,1017934
2012-12-06 14:15:00,28.79,28.88,28.74,28.83,1066102
2012-12-06 14:30:00,28.83,28.9,28.83,28.86,1103322
2012-12-06 14:45:00,28.86,28.87,28.85,28.87,1120202
2012-12-06 15:00:00,28.87,28.87,28.83,28.85,1172319
2012-12-06 15:15:00,28.84,28.85,28.79,28.8,1197711
2012-12-06 15:30:00,28.805,28.87,28.8,28.87,1227368
2012-12-06 15:45:00,28.86,28.91,28.82,28.84,1274964
2012-12-06 16:00:00,28.83,28.91,28.8,28.91,1474827
2012-12-07 09:45:00,28.77,29.03,28.77,28.95,63181
2012-12-07 10:00:00,28.955,29.14,28.83,29.045,211634
2012-12-07 10:15:00,29.01,29.08,28.94,28.97,258384
2012-12-07 10:30:00,28.97,29.22,28.9325,29.2,364065
2012-12-07 10:45:00,29.2,29.2,29.07,29.175,492768
2012-12-07 11:00:00,29.14,29.17,29.09,29.16,507348
2012-12-07 11:15:00,29.16,29.16,28.87,28.92,522359
2012-12-07 11:30:00,28.88,28.98,28.86,28.97,579471
2012-12-07 11:45:00,28.965,29.02,28.96,29.015,617978
2012-12-07 12:00:00,29.015,29.04,29.0,29.01,645548
2012-12-07 12:15:00,29.005,29.025,29.0,29.025,664321
2012-12-07 12:30:00,29.025,29.04,29.02,29.03,670336
2012-12-07 12:45:00,29.035,29.04,29.03,29.04,675637
2012-12-07 13:00:00,29.04,29.07,29.04,29.06,680340
2012-12-07 13:15:00,29.05,29.1,29.04,29.08,689079
2012-12-07 13:30:00,29.08,29.09,29.05,29.09,699779
2012-12-07 13:45:00,29.08,29.09,29.07,29.08,706879
2012-12-07 14:00:00,29.08,29.11,29.06,29.1,739379
2012-12-07 14:15:00,29.1,29.12,29.085,29.11,815198
2012-12-07 14:30:00,29.105,29.17,29.1,29.16,826793
2012-12-07 14:45:00,29.157,29.22,29.15,29.21,868873
2012-12-07 15:00:00,29.21,29.25,29.19,29.2,971539
2012-12-07 15:15:00,29.195,29.23,29.17,29.19,1027125
2012-12-07 15:30:00,29.18,29.19,29.16,29.17,1050120
2012-12-07 15:45:00,29.18,29.36,29.135,29.201,1145961
2012-12-07 16:00:00,29.21,29.24,29.2,29.24,1207168
2012-12-10 09:45:00,27.92,29.02,27.57,28.745,117875
2012-12-10 10:00:00,28.75,29.06,28.75,29.02,183766
2012-12-10 10:15:00,29.03,29.03,28.98,28.99,202065
2012-12-10 10:30:00,29.0,29.06,28.98,29.0,218669
2012-12-10 10:45:00,29.02,29.08,29.02,29.0612,220994
2012-12-10 11:00:00,29.09,29.14,29.06,29.135,240294
2012-12-10 11:15:00,29.13,29.16,29.11,29.11,315595
2012-12-10 11:30:00,29.12,29.12,29.02,29.07,356404
2012-12-10 11:45:00,29.05,29.1099,29.05,29.09,366109
2012-12-10 12:00:00,29.09,29.11,29.07,29.08,405548
2012-12-10 12:15:00,29.0801,29.11,29.0801,29.1,416197
2012-12-10 12:30:00,29.1,29.11,29.08,29.1,498594
2012-12-10 12:45:00,29.11,29.16,29.11,29.16,502745
2012-12-10 13:00:00,29.16,29.18,29.14,29.175,509307
2012-12-10 13:15:00,29.17,29.19,29.15,29.16,516400
2012-12-10 13:30:00,29.15,29.165,29.15,29.16,520127
2012-12-10 13:45:00,29.17,29.22,29.17,29.2,569908
2012-12-10 14:00:00,29.2,29.2,29.11,29.1225,600320
2012-12-10 14:15:00,29.13,29.16,29.12,29.15,631365
2012-12-10 14:30:00,29.16,29.18,29.14,29.15,735345
2012-12-10 14:45:00,29.15,29.21,29.14,29.21,798062
2012-12-10 15:00:00,29.2,29.235,29.2,29.21,833967
2012-12-10 15:15:00,29.2,29.25,29.19,29.25,880044
2012-12-10 15:30:00,29.25,29.27,29.2,29.21,916930
2012-12-10 15:45:00,29.21,29.27,29.2,29.25,962735
2012-12-10 16:00:00,29.25,29.38,29.21,29.24,1191887
2012-12-11 09:45:00,29.27,29.49,29.27,29.43,54996
2012-12-11 10:00:00,29.44,29.45,29.3625,29.38,204918
2012-12-11 10:15:00,29.37,29.46,29.3503,29.41,255254
2012-12-11 10:30:00,29.41,29.43,29.38,29.42,301304
2012-12-11 10:45:00,29.42,29.46,29.4,29.42,314209
2012-12-11 11:00:00,29.44,29.44,29.39,29.4,339859
2012-12-11 11:15:00,29.4087,29.5,29.37,29.41,370327
2012-12-11 11:30:00,29.41,29.42,29.4,29.41,381847
2012-12-11 11:45:00,29.41,29.42,29.4,29.42,388558
2012-12-11 12:00:00,29.41,29.42,29.4,29.41,394394
2012-12-11 12:15:00,29.4,29.4101,29.37,29.4,405711
2012-12-11 12:30:00,29.4,29.416,29.4,29.416,410901
2012-12-11 12:45:00,29.41,29.416,29.4,29.41,418394
2012-12-11 13:00:00,29.41,29.425,29.4,29.41,435349
2012-12-11 13:15:00,29.415,29.42,29.39,29.4,454296
2012-12-11 13:30:00,29.41,29.43,29.39,29.41,475943
2012-12-11 13:45:00,29.42,29.4201,29.39,29.4,491576
2012-12-11 14:00:00,29.41,29.45,29.4,29.45,497367
2012-12-11 14:15:00,29.4533,29.46,29.43,29.44,506891
2012-12-11 14:30:00,29.43,29.44,29.39,29.4,530897
2012-12-11 14:45:00,29.41,29.43,29.4,29.41,556727
2012-12-11 15:00:00,29.41,29.42,29.4,29.4035,703863
2012-12-11 15:15:00,29.4,29.42,29.4,29.4,773275
2012-12-11 15:30:00,29.4,29.442,29.4,29.41,788865
2012-12-11 15:45:00,29.42,29.45,29.4,29.45,807105
2012-12-11 16:00:00,29.44,29.455,29.4,29.42,927270
2012-12-12 09:45:00,29.38,29.57,29.375,29.44,66991
2012-12-12 10:00:00,29.42,29.48,29.42,29.42,157875
2012-12-12 10:15:00,29.42,29.45,29.4,29.43,212662
2012-12-12 10:30:00,29.44,29.45,29.4215,29.43,227847
2012-12-12 10:45:00,29.43,29.43,29.4,29.41,242999
2012-12-12 11:00:00,29.41,29.42,29.39,29.4,363534
2012-12-12 11:15:00,29.4,29.41,29.4,29.41,373034
2012-12-12 11:30:00,29.4,29.41,29.39,29.392,390210
2012-12-12 11:45:00,29.395,29.41,29.39,29.41,407808
2012-12-12 12:00:00,29.4,29.41,29.38,29.4,873208
2012-12-12 12:15:00,29.4,29.42,29.39,29.4,890640
2012-12-12 12:30:00,29.4,29.4,29.36,29.38,935965
2012-12-12 12:45:00,29.38,29.45,29.36,29.41,965148
2012-12-12 13:00:00,29.42,29.45,29.4,29.41,977948
2012-12-12 13:15:00,29.4,29.43,29.385,29.4,997849
2012-12-12 13:30:00,29.4,29.41,29.375,29.4,1013702
2012-12-12 13:45:00,29.3815,29.3815,29.28,29.285,1034817
2012-12-12 14:00:00,29.29,29.35,29.285,29.31,1090131
2012-12-12 14:15:00,29.32,29.35,29.303,29.31,1118756
2012-12-12 14:30:00,29.31,29.36,29.285,29.325,1154342
2012-12-12 14:45:00,29.32,29.33,29.295,29.31,1172552
2012-12-12 15:00:00,29.315,29.36,29.3,29.35,1219702
2012-12-12 15:15:00,29.34,29.39,29.3,29.34,1276577
2012-12-12 15:30:00,29.34,29.35,29.29,29.305,1321348
2012-12-12 15:45:00,29.305,29.36,29.3,29.325,1370451
2012-12-12 16:00:00,29.32,29.32,29.27,29.3,1432692
2012-12-13 09:45:00,29.24,29.35,29.07,29.2,226982
2012-12-13 10:00:00,29.165,29.24,29.14,29.24,234452
2012-12-13 10:15:00,29.2,29.29,29.2,29.26,247532
2012-12-13 10:30:00,29.26,29.29,29.24,29.25,255238
2012-12-13 10:45:00,29.25,29.25,29.19,29.24,278763
2012-12-13 11:00:00,29.22,29.23,29.18,29.22,288107
2012-12-13 11:15:00,29.2,29.23,29.19,29.2,306817
2012-12-13 11:30:00,29.21,29.23,29.195,29.23,340172
2012-12-13 11:45:00,29.22,29.245,29.19,29.21,363643
2012-12-13 12:00:00,29.2,29.2504,29.195,29.24,377099
2012-12-13 12:15:00,29.25,29.27,29.2,29.205,387409
2012-12-13 12:30:00,29.2,29.22,29.2,29.21,401615
2012-12-13 12:45:00,29.205,29.21,29.2,29.2,410710
2012-12-13 13:00:00,29.2,29.21,29.2,29.205,416833
2012-12-13 13:15:00,29.2,29.31,29.2,29.3,457445
2012-12-13 13:30:00,29.31,29.35,29.29,29.325,493629
2012-12-13 13:45:00,29.3325,29.37,29.29,29.32,546392
2012-12-13 14:00:00,29.32,29.34,29.29,29.3,577392
2012-12-13 14:15:00,29.31,29.39,29.29,29.39,643834
2012-12-13 14:30:00,29.37,29.49,29.31,29.39,838112
2012-12-13 14:45:00,29.37,29.37,29.27,29.32,872805
2012-12-13 15:00:00,29.31,29.49,29.3,29.48,1160679
2012-12-13 15:15:00,29.43,29.57,29.4,29.48,1289915
2012-12-13 15:30:00,29.48,29.55,29.39,29.44,1393124
2012-12-13 15:45:00,29.44,29.49,29.415,29.47,1452264
2012-12-13 16:00:00,29.45,29.5,29.39,29.4,1617674
2012-12-14 09:45:00,29.28,29.56,29.24,29.47,87371
2012-12-14 10:00:00,29.41,29.59,29.41,29.52,241751
2012-12-14 10:15:00,29.47,29.76,29.47,29.65,391162
2012-12-14 10:30:00,29.65,29.66,29.54,29.65,436303
2012-12-14 10:45:00,29.65,29.65,29.565,29.61,459202
2012-12-14 11:00:00,29.59,29.69,29.555,29.62,495662
2012-12-14 11:15:00,29.61,29.68,29.56,29.57,529292
2012-12-14 11:30:00,29.57,29.62,29.52,29.55,568782
2012-12-14 11:45:00,29.53,29.65,29.52,29.65,615550
2012-12-14 12:00:00,29.64,29.78,29.61,29.74,794773
2012-12-14 12:15:00,29.72,29.78,29.7,29.76,831092
2012-12-14 12:30:00,29.73,29.78,29.71,29.74,852117
2012-12-14 12:45:00,29.74,29.78,29.72,29.75,872870
2012-12-14 13:00:00,29.73,29.77,29.72,29.74,893280
2012-12-14 13:15:00,29.74,29.77,29.714,29.74,957723
2012-12-14 13:30:00,29.73,29.78,29.71,29.73,1000703
2012-12-14 13:45:00,29.73,29.76,29.725,29.74,1050033
2012-12-14 14:00:00,29.73,29.76,29.73,29.74,1065930
2012-12-14 14:15:00,29.73,29.74,29.73,29.74,1093565
2012-12-14 14:30:00,29.73,29.75,29.73,29.73,1112538
2012-12-14 14:45:00,29.73,29.77,29.73,29.75,1209797
2012-12-14 15:00:00,29.75,29.8,29.73,29.75,1240213
2012-12-14 15:15:00,29.75,29.78,29.74,29.75,1279010
2012-12-14 15:30:00,29.75,29.77,29.75,29.75,1318958
2012-12-14 15:45:00,29.755,29.77,29.59,29.59,1739160
2012-12-14 16:00:00,29.59,29.68,29.57,29.66,1923876
2012-12-17 09:45:00,29.76,29.76,29.59,29.67,15736
2012-12-17 10:00:00,29.66,29.66,29.53,29.55,21461
2012-12-17 10:15:00,29.56,29.56,29.44,29.45,40774
2012-12-17 10:30:00,29.42,29.46,29.4,29.45,95296
2012-12-17 10:45:00,29.43,29.45,29.4,29.43,119606
2012-12-17 11:00:00,29.43,29.54,29.42,29.5,154879
2012-12-17 11:15:00,29.49,29.51,29.43,29.46,173335
2012-12-17 11:30:00,29.44,29.64,29.44,29.52,206766
2012-12-17 11:45:00,29.52,29.57,29.5,29.51,218852
2012-12-17 12:00:00,29.5,29.6,29.5,29.56,251184
2012-12-17 12:15:00,29.55,29.58,29.53,29.55,264344
2012-12-17 12:30:00,29.54,29.61,29.52,29.6,285875
2012-12-17 12:45:00,29.61,29.72,29.56,29.57,307648
2012-12-17 13:00:00,29.55,29.61,29.53,29.59,323247
2012-12-17 13:15:00,29.6,29.75,29.57,29.68,440044
2012-12-17 13:30:00,29.67,29.68,29.59,29.66,700905
2012-12-17 13:45:00,29.64,29.66,29.55,29.59,758055
2012-12-17 14:00:00,29.57,29.57,29.4,29.44,794823
2012-12-17 14:15:00,29.43,29.54,29.43,29.52,837708
2012-12-17 14:30:00,29.51,29.55,29.46,29.5,861691
2012-12-17 14:45:00,29.5,29.62,29.5,29.55,916898
2012-12-17 15:00:00,29.55,29.63,29.5,29.62,940848
2012-12-17 15:15:00,29.61,29.66,29.59,29.65,974302
2012-12-17 15:30:00,29.63,29.66,29.59,29.62,1021290
2012-12-17 15:45:00,29.62,29.66,29.59,29.66,1076610
2012-12-17 16:00:00,29.66,29.67,29.6,29.61,1260825
2012-12-18 09:45:00,30.0,30.32,29.85,30.17,1572565
2012-12-18 10:00:00,30.15,30.2,29.92,30.05,2421634
2012-12-18 10:15:00,30.03,30.15,29.96,30.06,3117042
2012-12-18 10:30:00,30.06,30.11,29.98,30.09,3361306
2012-12-18 10:45:00,30.09,30.1,30.0,30.02,3623059
2012-12-18 11:00:00,30.01,30.03,29.99,30.0,3755874
2012-12-18 11:15:00,30.0,30.14,30.0,30.03,3865010
2012-12-18 11:30:00,30.03,30.08,30.02,30.0701,3900668
2012-12-18 11:45:00,30.08,30.61,30.07,30.53,4166372
2012-12-18 12:00:00,30.5,30.57,30.3,30.36,4400822
2012-12-18 12:15:00,30.36,30.405,30.26,30.4,4582420
2012-12-18 12:30:00,30.4,30.42,30.35,30.38,4801247
2012-12-18 12:45:00,30.37,30.77,30.3575,30.49,5179915
2012-12-18 13:00:00,30.48,30.59,30.44,30.5,5301557
2012-12-18 13:15:00,30.52,30.69,30.48,30.54,5449168
2012-12-18 13:30:00,30.53,30.57,30.48,30.51,5701051
2012-12-18 13:45:00,30.505,30.6,30.485,30.6,5752857
2012-12-18 14:00:00,30.6,30.96,30.595,30.71,5988114
2012-12-18 14:15:00,30.69,30.69,30.6,30.65,6042704
2012-12-18 14:30:00,30.65,30.66,30.5,30.51,6131753
2012-12-18 14:45:00,30.5,30.8,30.44,30.63,6663514
2012-12-18 15:00:00,30.62,30.64,30.44,30.55,6825196
2012-12-18 15:15:00,30.54,30.65,30.53,30.64,6928015
2012-12-18 15:30:00,30.64,30.81,30.625,30.75,7112229
2012-12-18 15:45:00,30.74,30.89,30.68,30.83,7356967
2012-12-18 16:00:00,30.83,30.93,30.83,30.92,8077004
2012-12-19 09:45:00,30.84,31.0,30.74,30.92,64810
2012-12-19 10:00:00,30.915,30.95,30.78,30.79,119595
2012-12-19 10:15:00,30.79,30.8,30.68,30.73,176658
2012-12-19 10:30:00,30.73,30.7315,30.6,30.61,245137
2012-12-19 10:45:00,30.6,30.61,30.495,30.51,272122
2012-12-19 11:00:00,30.51,30.55,30.42,30.51,373076
2012-12-19 11:15:00,30.5,30.56,30.5,30.52,407810
2012-12-19 11:30:00,30.52,30.58,30.5,30.58,431328
2012-12-19 11:45:00,30.58,30.64,30.57,30.6,447029
2012-12-19 12:00:00,30.61,30.69,30.6,30.67,460889
2012-12-19 12:15:00,30.66,30.69,30.65,30.69,493716
2012-12-19 12:30:00,30.69,30.735,30.67,30.72,507716
2012-12-19 12:45:00,30.73,30.77,30.7,30.751,520813
2012-12-19 13:00:00,30.75,30.76,30.73,30.75,537153
2012-12-19 13:15:00,30.745,30.79,30.74,30.78,546463
2012-12-19 13:30:00,30.77,30.785,30.73,30.76,568808
2012-12-19 13:45:00,30.76,30.77,30.76,30.76,574418
2012-12-19 14:00:00,30.755,30.76,30.75,30.75,584561
2012-12-19 14:15:00,30.75,30.76,30.715,30.75,612702
2012-12-19 14:30:00,30.74,30.76,30.725,30.73,731889
2012-12-19 14:45:00,30.73,30.74,30.675,30.69,758936
2012-12-19 15:00:00,30.69,30.7,30.65,30.65,796225
2012-12-19 15:15:00,30.65,30.66,30.575,30.61,905709
2012-12-19 15:30:00,30.6,30.61,30.55,30.58,947171
2012-12-19 15:45:00,30.58,30.64,30.56,30.6,994804
2012-12-19 16:00:00,30.59,30.62,30.53,30.55,1172730
2012-12-20 09:45:00,30.53,30.6271,30.35,30.4875,31848
2012-12-20 10:00:00,30.48,30.54,30.48,30.48,52419
2012-12-20 10:15:00,30.49,30.525,30.49,30.495,97459
2012-12-20 10:30:00,30.5,30.52,30.48,30.5,161268
2012-12-20 10:45:00,30.5,30.53,30.48,30.5,215938
2012-12-20 11:00:00,30.5,30.53,30.48,30.5,349728
2012-12-20 11:15:00,30.5,30.54,30.48,30.5,480484
2012-12-20 11:30:00,30.5,30.53,30.49,30.52,594731
2012-12-20 11:45:00,30.52,30.54,30.5,30.51,730940
2012-12-20 12:00:00,30.51,30.58,30.5,30.56,764141
2012-12-20 12:15:00,30.56,30.575,30.5,30.55,928861
2012-12-20 12:30:00,30.54,30.58,30.53,30.53,977368
2012-12-20 12:45:00,30.53,30.59,30.52,30.59,1051824
2012-12-20 13:00:00,30.59,30.6,30.53,30.54,1092762
2012-12-20 13:15:00,30.54,30.565,30.53,30.54,1131447
2012-12-20 13:30:00,30.54,30.59,30.52,30.58,1165184
2012-12-20 13:45:00,30.58,30.65,30.57,30.65,1192326
2012-12-20 14:00:00,30.65,30.69,30.64,30.68,1212546
2012-12-20 14:15:00,30.69,30.7,30.65,30.695,1387390
2012-12-20 14:30:00,30.695,30.705,30.65,30.665,1430288
2012-12-20 14:45:00,30.67,30.68,30.66,30.67,1483379
2012-12-20 15:00:00,30.68,30.71,30.66,30.7,1556606
2012-12-20 15:15:00,30.7,30.76,30.68,30.74,1611942
2012-12-20 15:30:00,30.75,30.76,30.68,30.7277,1662556
2012-12-20 15:45:00,30.73,30.84,30.71,30.75,1711565
2012-12-20 16:00:00,30.76,30.85,30.75,30.8,1930344
2012-12-21 09:45:00,30.67,30.7,30.42,30.7,20084
2012-12-21 10:00:00,30.675,30.7,30.44,30.56,44293
2012-12-21 10:15:00,30.55,30.55,30.45,30.55,52266
2012-12-21 10:30:00,30.54,30.7,30.54,30.7,58377
2012-12-21 10:45:00,30.676,30.68,30.6,30.61,64051
2012-12-21 11:00:00,30.6,30.6,30.47,30.4914,102347
2012-12-21 11:15:00,30.49,30.51,30.43,30.43,108447
2012-12-21 11:30:00,30.42,30.425,30.35,30.36,122512
2012-12-21 11:45:00,30.36,30.39,30.31,30.35,137425
2012-12-21 12:00:00,30.36,30.41,30.35,30.39,188177
2012-12-21 12:15:00,30.385,30.39,30.3,30.3,209269
2012-12-21 12:30:00,30.3,30.31,30.22,30.24,224284
2012-12-21 12:45:00,30.24,30.29,30.24,30.26,244242
2012-12-21 13:00:00,30.251,30.32,30.25,30.3,255792
2012-12-21 13:15:00,30.31,30.37,30.305,30.32,302470
2012-12-21 13:30:00,30.31,30.41,30.3,30.39,313290
2012-12-21 13:45:00,30.4,30.48,30.39,30.48,322402
2012-12-21 14:00:00,30.4701,30.4701,30.41,30.43,333073
2012-12-21 14:15:00,30.43,30.44,30.4,30.415,345466
2012-12-21 14:30:00,30.415,30.43,30.35,30.355,361950
2012-12-21 14:45:00,30.34,30.39,30.32,30.36,375042
2012-12-21 15:00:00,30.35,30.42,30.35,30.405,390682
2012-12-21 15:15:00,30.405,30.5,30.405,30.47,429047
2012-12-21 15:30:00,30.47,30.55,30.46,30.55,451601
2012-12-21 15:45:00,30.54,30.63,30.535,30.59,500820
2012-12-21 16:00:00,30.6,30.63,30.5046,30.58,704668
2012-12-24 09:45:00,30.46,30.46,30.31,30.45,18454
2012-12-24 10:00:00,30.46,30.46,30.43,30.44,19854
2012-12-24 10:15:00,30.46,30.48,30.37,30.37,25779
2012-12-24 10:30:00,30.37,30.38,30.33,30.35,34340
2012-12-24 10:45:00,30.342,30.42,30.33,30.41,55703
2012-12-24 11:00:00,30.4129,30.44,30.41,30.415,63706
2012-12-24 11:15:00,30.415,30.42,30.37,30.39,71899
2012-12-24 11:30:00,30.4,30.41,30.39,30.4,74544
2012-12-24 11:45:00,30.4,30.45,30.4,30.421,82716
2012-12-24 12:00:00,30.42,30.47,30.42,30.46,92797
2012-12-24 12:15:00,30.46,30.47,30.36,30.365,122539
2012-12-24 12:30:00,30.365,30.38,30.36,30.38,128626
2012-12-24 12:45:00,30.38,30.44,30.38,30.43,138223
2012-12-24 13:00:00,30.43,30.48,30.36,30.38,219320
2012-12-24 13:15:00,30.37,30.4,30.37,30.4,224307
2012-12-26 09:45:00,30.37,30.41,30.21,30.21,10997
2012-12-26 10:00:00,30.22,30.42,30.22,30.38,23381
2012-12-26 10:15:00,30.39,30.4,30.36,30.38,27909
2012-12-26 10:30:00,30.39,30.4,30.37,30.38,33192
2012-12-26 10:45:00,30.38,30.38,30.33,30.33,35794
2012-12-26 11:00:00,30.33,30.34,30.28,30.3,40959
2012-12-26 11:15:00,30.3,30.3325,30.26,30.3325,65652
2012-12-26 11:30:00,30.34,30.37,30.28,30.3,101105
2012-12-26 11:45:00,30.3,30.32,30.27,30.27,117119
2012-12-26 12:00:00,30.27,30.28,30.23,30.25,143596
2012-12-26 12:15:00,30.25,30.26,30.17,30.17,158054
2012-12-26 12:30:00,30.18,30.205,30.17,30.1843,164218
2012-12-26 12:45:00,30.17,30.23,30.161,30.23,1825495
2012-12-26 13:00:00,30.23,30.33,30.23,30.29,1830220
2012-12-26 13:15:00,30.29,30.345,30.28,30.33,1834070
2012-12-26 13:30:00,30.33,30.34,30.31,30.33,1839476
2012-12-26 13:45:00,30.32,30.36,30.32,30.35,1842976
2012-12-26 14:00:00,30.35,30.4,30.3,30.355,1871099
2012-12-26 14:15:00,30.355,30.39,30.32,30.37,1905562
2012-12-26 14:30:00,30.37,30.4,30.34,30.35,1935151
2012-12-26 14:45:00,30.355,30.36,30.29,30.3,1962838
2012-12-26 15:00:00,30.29,30.39,30.275,30.385,1994579
2012-12-26 15:15:00,30.39,30.41,30.35,30.41,2031851
2012-12-26 15:30:00,30.405,30.43,30.37,30.425,2076127
2012-12-26 15:45:00,30.425,30.43,30.33,30.34,2125777
2012-12-26 16:00:00,30.33,30.39,30.32,30.36,2258284
2012-12-27 09:45:00,30.43,30.49,30.32,30.42,10090
2012-12-27 10:00:00,30.435,30.49,30.4,30.43,23806
2012-12-27 10:15:00,30.45,30.47,30.37,30.41,77421
2012-12-27 10:30:00,30.4,30.4,30.37,30.382,115891
2012-12-27 10:45:00,30.38,30.42,30.38,30.39,136905
2012-12-27 11:00:00,30.39,30.4101,30.38,30.3899,157702
2012-12-27 11:15:00,30.39,30.39,30.18,30.205,228092
2012-12-27 11:30:00,30.21,30.32,30.205,30.32,256410
2012-12-27 11:45:00,30.28,30.38,30.2601,30.33,265659
2012-12-27 12:00:00,30.325,30.36,30.3,30.33,295013
2012-12-27 12:15:00,30.325,30.36,30.3,30.355,325510
2012-12-27 12:30:00,30.3525,30.37,30.34,30.36,343449
2012-12-27 12:45:00,30.34,30.3601,30.33,30.33,357049
2012-12-27 13:00:00,30.33,30.37,30.33,30.36,365949
2012-12-27 13:15:00,30.37,30.41,30.37,30.4,384463
2012-12-27 13:30:00,30.41,30.41,30.36,30.41,391403
2012-12-27 13:45:00,30.4,30.4,30.35,30.36,395911
2012-12-27 14:00:00,30.35,30.36,30.34,30.34,430612
2012-12-27 14:15:00,30.34,30.35,30.33,30.34,436820
2012-12-27 14:30:00,30.335,30.35,30.33,30.35,445120
2012-12-27 14:45:00,30.35,30.35,30.3,30.33,492783
2012-12-27 15:00:00,30.35,30.39,30.33,30.345,525553
2012-12-27 15:15:00,30.345,30.37,30.34,30.34,551576
2012-12-27 15:30:00,30.34,30.39,30.34,30.39,563434
2012-12-27 15:45:00,30.38,30.4,30.37,30.39,581130
2012-12-27 16:00:00,30.4,30.4,30.29,30.31,623708
2012-12-28 09:45:00,30.24,30.24,30.14,30.195,7085
2012-12-28 10:00:00,30.23,30.3,30.2,30.28,26284
2012-12-28 10:15:00,30.29,30.3,30.27,30.28,38759
2012-12-28 10:30:00,30.25,30.32,30.23,30.235,57728
2012-12-28 10:45:00,30.25,30.3199,30.24,30.3,73029
2012-12-28 11:00:00,30.31,30.37,30.3002,30.3002,83565
2012-12-28 11:15:00,30.3,30.34,30.26,30.3,91775
2012-12-28 11:30:00,30.295,30.305,30.27,30.29,186573
2012-12-28 11:45:00,30.28,30.36,30.28,30.36,197873
2012-12-28 12:00:00,30.3598,30.3598,30.31,30.335,239440
2012-12-28 12:15:00,30.335,30.345,30.315,30.345,282641
2012-12-28 12:30:00,30.33,30.33,30.29,30.29,298652
2012-12-28 12:45:00,30.28,30.3,30.275,30.285,317152
2012-12-28 13:00:00,30.285,30.3101,30.275,30.31,320552
2012-12-28 13:15:00,30.32,30.325,30.315,30.32,322352
2012-12-28 13:30:00,30.31,30.34,30.3,30.3,330843
2012-12-28 13:45:00,30.3,30.3203,30.295,30.3203,336066
2012-12-28 14:00:00,30.32,30.32,30.27,30.27,343500
2012-12-28 14:15:00,30.275,30.28,30.27,30.27,345400
2012-12-28 14:30:00,30.28,30.33,30.27,30.28,354971
2012-12-28 14:45:00,30.28,30.29,30.27,30.2895,361300
2012-12-28 15:00:00,30.28,30.3,30.27,30.27,371032
2012-12-28 15:15:00,30.28,30.2999,30.275,30.282,378505
2012-12-28 15:30:00,30.285,30.33,30.285,30.295,385354
2012-12-28 15:45:00,30.29,30.31,30.23,30.27,418532
2012-12-28 16:00:00,30.27,30.29,30.25,30.25,456659
2012-12-31 09:45:00,30.35,30.35,30.14,30.19,24335
2012-12-31 10:00:00,30.17,30.275,30.16,30.21,43106
2012-12-31 10:15:00,30.21,30.28,30.19,30.22,63261
2012-12-31 10:30:00,30.23,30.27,30.2,30.235,86902
2012-12-31 10:45:00,30.235,30.26,30.2,30.24,109917
2012-12-31 11:00:00,30.23,30.27,30.2,30.23,130338
2012-12-31 11:15:00,30.22,30.29,30.2,30.22,162753
2012-12-31 11:30:00,30.23,30.25,30.21,30.22,173994
2012-12-31 11:45:00,30.223,30.25,30.21,30.23,185380
2012-12-31 12:00:00,30.23,30.26,30.22,30.23,206662
2012-12-31 12:15:00,30.23,30.28,30.22,30.25,213967
2012-12-31 12:30:00,30.245,30.25,30.24,30.25,223067
2012-12-31 12:45:00,30.24,30.28,30.23,30.26,252515
2012-12-31 13:00:00,30.26,30.36,30.25,30.26,270780
2012-12-31 13:15:00,30.26,30.36,30.26,30.31,283643
2012-12-31 13:30:00,30.34,30.42,30.3,30.4,303977
2012-12-31 13:45:00,30.38,30.41,30.32,30.4,324705
2012-12-31 14:00:00,30.38,30.42,30.29,30.4,340678
2012-12-31 14:15:00,30.38,30.38,30.31,30.36,354968
2012-12-31 14:30:00,30.35,30.38,30.35,30.37,364482
2012-12-31 14:45:00,30.375,30.53,30.37,30.49,443609
2012-12-31 15:00:00,30.5,30.57,30.46,30.52,497845
2012-12-31 15:15:00,30.52,30.56,30.45,30.47,536109
2012-12-31 15:30:00,30.48,30.51,30.47,30.49,595800
2012-12-31 15:45:00,30.5,30.58,30.48,30.48,637083
2012-12-31 16:00:00,30.49,30.64,30.47,30.57,726073
2013-01-02 09:45:00,31.0,31.02,30.86,30.93,209815
2013-01-02 10:00:00,30.92,31.0,30.91,30.98,216317
2013-01-02 10:15:00,31.0,31.2,30.96,31.17,239963
2013-01-02 10:30:00,31.15,31.2,31.1,31.15,271080
2013-01-02 10:45:00,31.15,31.15,31.0,31.0,318529
2013-01-02 11:00:00,31.0,31.01,30.9,30.9,344149
2013-01-02 11:15:00,30.91,30.98,30.89,30.94,361424
2013-01-02 11:30:00,30.94,30.97,30.9,30.97,372555
2013-01-02 11:45:00,30.96,31.0,30.94,30.96,384866
2013-01-02 12:00:00,30.96,30.99,30.9,30.92,399545
2013-01-02 12:15:00,30.92,30.98,30.9,30.94,448986
2013-01-02 12:30:00,30.93,30.97,30.88,30.92,479889
2013-01-02 12:45:00,30.92,30.94,30.91,30.92,487842
2013-01-02 13:00:00,30.92,30.925,30.87,30.87,514141
2013-01-02 13:15:00,30.88,30.9,30.84,30.85,539207
2013-01-02 13:30:00,30.85,30.88,30.84,30.88,563868
2013-01-02 13:45:00,30.88,30.93,30.84,30.84,602338
2013-01-02 14:00:00,30.84,30.88,30.8,30.845,628424
2013-01-02 14:15:00,30.84,30.9,30.82,30.89,666467
2013-01-02 14:30:00,30.9,30.92,30.89,30.89,691923
2013-01-02 14:45:00,30.89,30.9,30.89,30.89,725208
2013-01-02 15:00:00,30.895,30.9,30.83,30.83,756285
2013-01-02 15:15:00,30.835,30.9,30.835,30.85,794887
2013-01-02 15:30:00,30.85,30.89,30.84,30.89,841270
2013-01-02 15:45:00,30.89,31.01,30.88,30.97,942572
2013-01-02 16:00:00,30.96,31.02,30.92,31.0,1066017
2013-01-03 09:45:00,30.9,31.15,30.9,30.93,31557
2013-01-03 10:00:00,30.91,30.98,30.85,30.92,50133
2013-01-03 10:15:00,30.92,30.95,30.86,30.91,65033
2013-01-03 10:30:00,30.92,30.94,30.89,30.89,73998
2013-01-03 10:45:00,30.91,30.93,30.87,30.87,84708
2013-01-03 11:00:00,30.87,30.97,30.87,30.97,117842
2013-01-03 11:15:00,30.97,31.0001,30.95,31.0,137522
2013-01-03 11:30:00,30.99,31.03,30.97,31.0,146153
2013-01-03 11:45:00,31.0,31.02,30.97,31.01,165056
2013-01-03 12:00:00,31.01,31.03,30.95,30.98,191919
2013-01-03 12:15:00,30.98,31.0,30.98,31.0,198569
2013-01-03 12:30:00,31.01,31.01,31.0,31.01,200169
2013-01-03 12:45:00,31.005,31.005,30.98,30.98,213263
2013-01-03 13:00:00,30.98,31.01,30.97,31.01,221962
2013-01-03 13:15:00,31.01,31.01,30.99,31.01,239405
2013-01-03 13:30:00,31.0,31.005,30.98,31.0,253278
2013-01-03 13:45:00,31.01,31.02,30.981,30.99,262686
2013-01-03 14:00:00,30.99,31.02,30.98,31.02,270867
2013-01-03 14:15:00,31.02,31.02,30.96,30.98,293232
2013-01-03 14:30:00,30.98,31.0,30.92,30.92,349102
2013-01-03 14:45:00,30.93,30.95,30.92,30.92,367912
2013-01-03 15:00:00,30.92,30.94,30.89,30.91,384798
2013-01-03 15:15:00,30.9,30.92,30.86,30.86,397162
2013-01-03 15:30:00,30.861,30.87,30.83,30.87,437614
2013-01-03 15:45:00,30.88,30.95,30.87,30.93,472652
2013-01-03 16:00:00,30.93,30.93,30.84,30.85,599431
2013-01-04 09:45:00,30.83,31.01,30.6901,30.87,13504
2013-01-04 10:00:00,30.86,30.9,30.84,30.88,23682
2013-01-04 10:15:00,30.88,30.97,30.88,30.89,39588
2013-01-04 10:30:00,30.89,30.94,30.86,30.94,44188
2013-01-04 10:45:00,30.93,30.93,30.88,30.89,48550
2013-01-04 11:00:00,30.885,30.89,30.85,30.86,56300
2013-01-04 11:15:00,30.88,30.94,30.88,30.94,58730
2013-01-04 11:30:00,30.95,31.01,30.95,31.01,66617
2013-01-04 11:45:00,31.0,31.03,30.99,31.0,83081
2013-01-04 12:00:00,31.0,31.03,30.95,30.95,102181
2013-01-04 12:15:00,30.95,31.0001,30.95,31.0,107559
2013-01-04 12:30:00,31.01,31.04,31.01,31.04,111006
2013-01-04 12:45:00,31.04,31.04,31.01,31.01,113286
2013-01-04 13:00:00,31.01,31.03,30.98,30.995,120616
2013-01-04 13:15:00,30.995,31.01,30.97,31.0,130599
2013-01-04 13:30:00,31.0,31.03,31.0,31.02,136948
2013-01-04 13:45:00,31.02,31.06,31.0,31.05,151306
2013-01-04 14:00:00,31.05,31.07,31.02,31.04,162413
2013-01-04 14:15:00,31.05,31.09,31.04,31.06,178025
2013-01-04 14:30:00,31.05,31.09,31.05,31.07,186102
2013-01-04 14:45:00,31.07,31.1204,31.07,31.1,196541
2013-01-04 15:00:00,31.1,31.14,31.09,31.13,203816
2013-01-04 15:15:00,31.12,31.14,31.1,31.14,215165
2013-01-04 15:30:00,31.14,31.2,31.12,31.18,233084
2013-01-04 15:45:00,31.18,31.21,31.15,31.19,257806
2013-01-04 16:00:00,31.2,31.2025,31.15,31.2,431689
2013-01-07 09:45:00,30.96,31.3,30.96,31.12,15037
2013-01-07 10:00:00,31.14,31.14,31.05,31.08,18922
2013-01-07 10:15:00,31.08,31.24,31.06,31.24,52944
2013-01-07 10:30:00,31.25,31.349,31.24,31.34,63271
2013-01-07 10:45:00,31.34,31.36,31.21,31.24,87827
2013-01-07 11:00:00,31.24,31.5,31.24,31.4999,137412
2013-01-07 11:15:00,31.49,31.63,31.49,31.56,187474
2013-01-07 11:30:00,31.57,31.645,31.55,31.56,220529
2013-01-07 11:45:00,31.56,31.66,31.51,31.66,283557
2013-01-07 12:00:00,31.66,31.82,31.65,31.81,338069
2013-01-07 12:15:00,31.81,31.91,31.75,31.75,372536
2013-01-07 12:30:00,31.72,31.8,31.62,31.7,400000
2013-01-07 12:45:00,31.695,31.7,31.54,31.54,411273
2013-01-07 13:00:00,31.53,31.54,31.43,31.43,434876
2013-01-07 13:15:00,31.44,31.53,31.44,31.46,451679
2013-01-07 13:30:00,31.46,31.47,31.43,31.47,465766
2013-01-07 13:45:00,31.49,31.5,31.36,31.37,482135
2013-01-07 14:00:00,31.37,31.395,31.35,31.35,494432
2013-01-07 14:15:00,31.35,31.46,31.35,31.41,513271
2013-01-07 14:30:00,31.42,31.42,31.365,31.42,526229
2013-01-07 14:45:00,31.42,31.46,31.39,31.42,538888
2013-01-07 15:00:00,31.43,31.43,31.41,31.41,543118
2013-01-07 15:15:00,31.41,31.42,31.37,31.4,560673
2013-01-07 15:30:00,31.4,31.42,31.37,31.41,586158
2013-01-07 15:45:00,31.415,31.49,31.37,31.48,643083
2013-01-07 16:00:00,31.47,31.64,31.41,31.54,909538
2013-01-08 09:45:00,31.44,31.538,31.25,31.34,21038
2013-01-08 10:00:00,31.34,31.35,31.17,31.17,36959
2013-01-08 10:15:00,31.16,31.24,31.06,31.15,96936
2013-01-08 10:30:00,31.165,31.166,30.9,30.95,150909
2013-01-08 10:45:00,30.945,31.0,30.92,30.94,299430
2013-01-08 11:00:00,30.93,31.0,30.92,30.96,361920
2013-01-08 11:15:00,30.96,31.0,30.95,30.97,411871
2013-01-08 11:30:00,30.965,31.02,30.965,30.99,475411
2013-01-08 11:45:00,30.99,31.07,30.99,31.06,573204
2013-01-08 12:00:00,31.07,31.075,30.92,30.96,730106
2013-01-08 12:15:00,30.96,31.0,30.95,31.0,735406
2013-01-08 12:30:00,30.99,31.05,30.99,31.02,740745
2013-01-08 12:45:00,31.03,31.03,31.0,31.005,748125
2013-01-08 13:00:00,31.0,31.01,31.0,31.0,750425
2013-01-08 13:15:00,31.01,31.01,31.0,31.0,753925
2013-01-08 13:30:00,31.01,31.08,31.01,31.07,767851
2013-01-08 13:45:00,31.06,31.07,31.03,31.03,792505
2013-01-08 14:00:00,31.03,31.04,31.02,31.02,808638
2013-01-08 14:15:00,31.03,31.05,31.025,31.04,816061
2013-01-08 14:30:00,31.03,31.04,31.03,31.03,820261
2013-01-08 14:45:00,31.04,31.06,31.01,31.035,869756
2013-01-08 15:00:00,31.04,31.06,31.03,31.06,878544
2013-01-08 15:15:00,31.06,31.12,31.05,31.12,899101
2013-01-08 15:30:00,31.11,31.12,31.08,31.1,918151
2013-01-08 15:45:00,31.11,31.12,31.09,31.095,949518
2013-01-08 16:00:00,31.1,31.19,31.08,31.18,1121134
2013-01-09 09:45:00,31.17,31.35,31.17,31.26,5054
2013-01-09 10:00:00,31.21,31.28,31.2,31.25,19119
2013-01-09 10:15:00,31.27,31.36,31.14,31.14,120047
2013-01-09 10:30:00,31.14,31.25,31.09,31.11,144427
2013-01-09 10:45:00,31.12,31.13,31.1,31.11,152114
2013-01-09 11:00:00,31.11,31.11,30.96,31.01,267564
2013-01-09 11:15:00,31.02,31.09,31.02,31.08,270564
2013-01-09 11:30:00,31.08,31.09,31.05,31.09,280601
2013-01-09 11:45:00,31.09,31.1,31.07,31.08,288103
2013-01-09 12:00:00,31.09,31.1,31.07,31.08,294664
2013-01-09 12:15:00,31.08,31.1,31.075,31.1,297861
2013-01-09 12:30:00,31.1,31.15,31.09,31.12,306761
2013-01-09 12:45:00,31.11,31.115,31.06,31.07,314561
2013-01-09 13:00:00,31.07,31.072,31.06,31.07,318461
2013-01-09 13:15:00,31.06,31.06,31.04,31.045,327461
2013-01-09 13:30:00,31.04,31.07,31.04,31.065,336457
2013-01-09 13:45:00,31.07,31.14,31.035,31.12,372283
2013-01-09 14:00:00,31.13,31.14,31.1,31.11,384276
2013-01-09 14:15:00,31.11,31.13,31.1,31.1,390877
2013-01-09 14:30:00,31.1,31.1,31.09,31.0999,399358
2013-01-09 14:45:00,31.09,31.09,31.07,31.08,418139
2013-01-09 15:00:00,31.07,31.075,31.0,31.0,425842
2013-01-09 15:15:00,30.98,31.01,30.98,31.0,445999
2013-01-09 15:30:00,31.0,31.07,30.985,31.04,468366
2013-01-09 15:45:00,31.03,31.035,31.0,31.0,481605
2013-01-09 16:00:00,31.0,31.07,31.0,31.03,593455
2013-01-10 09:45:00,31.19,31.19,30.98,31.02,7344
2013-01-10 10:00:00,31.0692,31.09,30.93,31.09,19544
2013-01-10 10:15:00,31.11,31.18,31.09,31.17,23845
2013-01-10 10:30:00,31.17,31.18,31.12,31.12,26745
2013-01-10 10:45:00,31.12,31.12,31.05,31.1,33179
2013-01-10 11:00:00,31.11,31.15,31.09,31.09,38716
2013-01-10 11:15:00,31.08,31.11,31.05,31.05,44699
2013-01-10 11:30:00,31.06,31.14,31.04,31.14,51204
2013-01-10 11:45:00,31.135,31.15,31.075,31.1,62104
2013-01-10 12:00:00,31.09,31.09,31.03,31.04,66904
2013-01-10 12:15:00,31.06,31.07,30.96,31.02,214542
2013-01-10 12:30:00,31.02,31.03,30.995,31.01,231865
2013-01-10 12:45:00,31.02,31.02,31.01,31.015,240562
2013-01-10 13:00:00,31.01,31.04,31.01,31.04,250862
2013-01-10 13:15:00,31.04,31.04,30.99,31.0,267954
2013-01-10 13:30:00,31.0,31.03,31.0,31.03,293739
2013-01-10 13:45:00,31.03,31.13,31.02,31.09,407965
2013-01-10 14:00:00,31.09,31.095,31.05,31.07,420284
2013-01-10 14:15:00,31.07,31.07,30.97,30.97,440100
2013-01-10 14:30:00,30.97,30.99,30.93,30.93,468640
2013-01-10 14:45:00,30.925,30.93,30.8,30.86,529545
2013-01-10 15:00:00,30.85,30.87,30.83,30.835,558784
2013-01-10 15:15:00,30.84,30.97,30.83,30.91,594492
2013-01-10 15:30:00,30.9,30.94,30.83,30.9,658661
2013-01-10 15:45:00,30.895,30.95,30.87,30.91,692563
2013-01-10 16:00:00,30.92,30.95,30.87,30.89,769773
2013-01-11 09:45:00,30.97,31.05,30.816,31.04,19209
2013-01-11 10:00:00,31.04,31.14,31.04,31.05,42261
2013-01-11 10:15:00,31.0594,31.1,31.01,31.0835,71017
2013-01-11 10:30:00,31.09,31.1,31.045,31.085,96157
2013-01-11 10:45:00,31.09,31.13,31.07,31.12,116181
2013-01-11 11:00:00,31.1206,31.16,31.1,31.16,140035
2013-01-11 11:15:00,31.16,31.185,31.06,31.0694,168134
2013-01-11 11:30:00,31.06,31.06,30.925,30.93,177634
2013-01-11 11:45:00,30.92,30.95,30.88,30.94,211361
2013-01-11 12:00:00,30.94,30.95,30.89,30.91,217393
2013-01-11 12:15:00,30.91,30.97,30.88,30.94,234949
2013-01-11 12:30:00,30.92,30.94,30.89,30.89,252549
2013-01-11 12:45:00,30.9,30.91,30.88,30.91,256619
2013-01-11 13:00:00,30.9,30.9379,30.86,30.86,265180
2013-01-11 13:15:00,30.875,30.875,30.81,30.825,289277
2013-01-11 13:30:00,30.84,30.84,30.79,30.82,297677
2013-01-11 13:45:00,30.83,30.89,30.82,30.885,305536
2013-01-11 14:00:00,30.88,30.895,30.87,30.885,318424
2013-01-11 14:15:00,30.89,30.95,30.89,30.95,335310
2013-01-11 14:30:00,30.95,31.01,30.94,31.0,360250
2013-01-11 14:45:00,31.0,31.02,30.97,30.98,374742
2013-01-11 15:00:00,30.97,30.98,30.96,30.97,385642
2013-01-11 15:15:00,30.975,31.025,30.95,31.025,427988
2013-01-11 15:30:00,31.02,31.03,30.98,31.0,457285
2013-01-11 15:45:00,31.0,31.01,30.95,31.01,472033
2013-01-11 16:00:00,31.01,31.16,31.0,31.15,714232
2013-01-14 09:45:00,31.1,31.15,31.04,31.14,14147
2013-01-14 10:00:00,31.14,31.15,31.065,31.09,19247
2013-01-14 10:15:00,31.08,31.1,31.03,31.04,30446
2013-01-14 10:30:00,31.06,31.06,30.96,31.0,36846
2013-01-14 10:45:00,30.99,31.015,30.98,31.0,80470
2013-01-14 11:00:00,31.0,31.0,30.99,30.9905,107321
2013-01-14 11:15:00,30.99,31.02,30.99,31.02,110439
2013-01-14 11:30:00,31.02,31.05,31.02,31.03,114531
2013-01-14 11:45:00,31.04,31.05,31.03,31.05,116116
2013-01-14 12:00:00,31.05,31.1001,31.05,31.1001,121817
2013-01-14 12:15:00,31.11,31.11,31.105,31.11,123399
2013-01-14 12:30:00,31.1,31.12,31.1,31.11,134214
2013-01-14 12:45:00,31.1,31.12,31.1,31.1,140414
2013-01-14 13:00:00,31.11,31.12,31.1,31.11,146943
2013-01-14 13:15:00,31.11,31.12,31.1,31.1,151543
2013-01-14 13:30:00,31.11,31.18,31.11,31.15,163080
2013-01-14 13:45:00,31.14,31.17,31.125,31.13,210178
2013-01-14 14:00:00,31.12,31.13,31.1,31.1,218912
2013-01-14 14:15:00,31.11,31.17,31.1,31.14,234453
2013-01-14 14:30:00,31.13,31.14,31.0903,31.105,263393
2013-01-14 14:45:00,31.11,31.12,31.08,31.08,286664
2013-01-14 15:00:00,31.1,31.11,31.08,31.1,303886
2013-01-14 15:15:00,31.1,31.14,31.09,31.1,341724
2013-01-14 15:30:00,31.1,31.13,31.1,31.12,345367
2013-01-14 15:45:00,31.12,31.12,31.08,31.1,360113
2013-01-14 16:00:00,31.0996,31.15,31.07,31.15,405604
2013-01-15 09:45:00,31.1,31.14,31.05,31.1394,9910
2013-01-15 10:00:00,31.14,31.19,31.12,31.19,13210
2013-01-15 10:15:00,31.185,31.27,31.185,31.23,27293
2013-01-15 10:30:00,31.23,31.23,31.18,31.19,34558
2013-01-15 10:45:00,31.17,31.17,31.1,31.1,42358
2013-01-15 11:00:00,31.1,31.17,31.05,31.16,168259
2013-01-15 11:15:00,31.16,31.22,31.11,31.22,182437
2013-01-15 11:30:00,31.21,31.28,31.21,31.27,194047
2013-01-15 11:45:00,31.27,31.27,31.18,31.18,200847
2013-01-15 12:00:00,31.18,31.23,31.17,31.2,206717
2013-01-15 12:15:00,31.18,31.19,31.16,31.18,210717
2013-01-15 12:30:00,31.18,31.2,31.18,31.2,213977
2013-01-15 12:45:00,31.19,31.22,31.19,31.21,217979
2013-01-15 13:00:00,31.19,31.23,31.19,31.22,222396
2013-01-15 13:15:00,31.23,31.23,31.2,31.21,227310
2013-01-15 13:30:00,31.2,31.21,31.18,31.18,232355
2013-01-15 13:45:00,31.18,31.19,31.17,31.18,237376
2013-01-15 14:00:00,31.17,31.2,31.16,31.195,267221
2013-01-15 14:15:00,31.195,31.2,31.18,31.1925,277599
2013-01-15 14:30:00,31.195,31.2,31.18,31.185,284071
2013-01-15 14:45:00,31.18,31.185,31.17,31.17,289474
2013-01-15 15:00:00,31.17,31.195,31.14,31.19,313756
2013-01-15 15:15:00,31.19,31.2,31.18,31.1825,320356
2013-01-15 15:30:00,31.18,31.23,31.16,31.2,340375
2013-01-15 15:45:00,31.2001,31.23,31.19,31.22,403687
2013-01-15 16:00:00,31.22,31.32,31.2,31.31,566433
2013-01-16 09:45:00,31.19,31.32,31.18,31.25,4779
2013-01-16 10:00:00,31.27,31.3,31.25,31.2846,8310
2013-01-16 10:15:00,31.3,31.32,31.2,31.22,27585
2013-01-16 10:30:00,31.22,31.255,31.2,31.22,33137
2013-01-16 10:45:00,31.22,31.25,31.21,31.21,37206
2013-01-16 11:00:00,31.21,31.23,31.18,31.22,42106
2013-01-16 11:15:00,31.21,31.23,31.2,31.22,42806
2013-01-16 11:30:00,31.2001,31.23,31.17,31.17,54306
2013-01-16 11:45:00,31.16,31.17,31.11,31.111,59049
2013-01-16 12:00:00,31.12,31.12,31.08,31.09,65849
2013-01-16 12:15:00,31.09,31.12,31.09,31.1,66848
2013-01-16 12:30:00,31.105,31.13,31.105,31.115,72248
2013-01-16 12:45:00,31.11,31.13,31.1,31.11,77348
2013-01-16 13:00:00,31.11,31.135,31.11,31.135,78998
2013-01-16 13:15:00,31.135,31.14,31.11,31.14,87494
2013-01-16 13:30:00,31.14,31.17,31.13,31.16,102053
2013-01-16 13:45:00,31.16,31.21,31.15,31.18,109253
2013-01-16 14:00:00,31.18,31.19,31.135,31.15,120301
2013-01-16 14:15:00,31.145,31.18,31.13,31.18,130301
2013-01-16 14:30:00,31.18,31.18,31.16,31.16,134801
2013-01-16 14:45:00,31.17,31.17,31.11,31.115,141700
2013-01-16 15:00:00,31.11,31.12,31.09,31.1,153198
2013-01-16 15:15:00,31.1,31.17,31.1,31.17,171370
2013-01-16 15:30:00,31.17,31.18,31.135,31.15,186948
2013-01-16 15:45:00,31.15,31.15,31.09,31.12,219769
2013-01-16 16:00:00,31.12,31.15,31.09,31.11,362813
2013-01-17 09:45:00,31.18,31.22,31.12,31.22,3583
2013-01-17 10:00:00,31.17,31.3,31.13,31.27,8697
2013-01-17 10:15:00,31.27,31.37,31.25,31.34,21097
2013-01-17 10:30:00,31.34,31.37,31.31,31.3684,30797
2013-01-17 10:45:00,31.36,31.37,31.3,31.3,38597
2013-01-17 11:00:00,31.285,31.285,31.24,31.26,44197
2013-01-17 11:15:00,31.26,31.3,31.26,31.29,55297
2013-01-17 11:30:00,31.28,31.28,31.26,31.28,61397
2013-01-17 11:45:00,31.28,31.35,31.27,31.33,77397
2013-01-17 12:00:00,31.3201,31.335,31.28,31.29,80997
2013-01-17 12:15:00,31.295,31.3,31.28,31.28,82597
2013-01-17 12:30:00,31.28,31.32,31.27,31.31,99118
2013-01-17 12:45:00,31.31,31.32,31.3,31.32,106091
2013-01-17 13:00:00,31.32,31.32,31.29,31.31,112291
2013-01-17 13:15:00,31.29,31.35,31.29,31.35,224451
2013-01-17 13:30:00,31.35,31.36,31.34,31.35,232534
2013-01-17 13:45:00,31.34,31.38,31.34,31.36,239845
2013-01-17 14:00:00,31.37,31.39,31.35,31.37,267783
2013-01-17 14:15:00,31.36,31.38,31.36,31.38,271170
2013-01-17 14:30:00,31.38,31.38,31.3664,31.3664,274813
2013-01-17 14:45:00,31.36,31.37,31.34,31.34,278087
2013-01-17 15:00:00,31.34,31.35,31.3,31.31,284212
2013-01-17 15:15:00,31.31,31.32,31.31,31.32,289241
2013-01-17 15:30:00,31.32,31.34,31.32,31.33,293540
2013-01-17 15:45:00,31.325,31.36,31.32,31.355,302458
2013-01-17 16:00:00,31.34,31.34,31.27,31.29,364842
2013-01-18 09:45:00,31.36,31.42,31.08,31.15,27629
2013-01-18 10:00:00,31.09,31.21,31.09,31.19,29529
2013-01-18 10:15:00,31.19,31.232,31.18,31.21,221137
2013-01-18 10:30:00,31.21,31.27,31.2,31.27,231937
2013-01-18 10:45:00,31.24,31.3,31.24,31.2993,240137
2013-01-18 11:00:00,31.3,31.41,31.3,31.41,251010
2013-01-18 11:15:00,31.41,31.42,31.35,31.35,259278
2013-01-18 11:30:00,31.37,31.43,31.35,31.43,264178
2013-01-18 11:45:00,31.42,31.46,31.41,31.45,274478
2013-01-18 12:00:00,31.44,31.5,31.43,31.5,281270
2013-01-18 12:15:00,31.49,31.5,31.48,31.49,286679
2013-01-18 12:30:00,31.5,31.52,31.49,31.49,289639
2013-01-18 12:45:00,31.49,31.51,31.47,31.505,300039
2013-01-18 13:00:00,31.505,31.56,31.5,31.55,307239
2013-01-18 13:15:00,31.56,31.6,31.56,31.5901,309939
2013-01-18 13:30:00,31.59,31.64,31.59,31.64,318301
2013-01-18 13:45:00,31.631,31.65,31.62,31.65,324801
2013-01-18 14:00:00,31.65,31.7,31.65,31.69,334279
2013-01-18 14:15:00,31.69,31.699,31.65,31.665,341243
2013-01-18 14:30:00,31.66,31.67,31.61,31.61,347145
2013-01-18 14:45:00,31.61,31.61,31.59,31.6,351880
2013-01-18 15:00:00,31.6,31.6,31.58,31.58,357095
2013-01-18 15:15:00,31.59,31.61,31.59,31.6,366582
2013-01-18 15:30:00,31.6,31.61,31.6,31.6,372874
2013-01-18 15:45:00,31.61,31.65,31.6,31.63,428078
2013-01-18 16:00:00,31.63,31.64,31.6,31.62,513802
2013-01-22 09:45:00,31.56,31.6,31.335,31.335,18821
2013-01-22 10:00:00,31.35,31.36,31.35,31.36,19821
2013-01-22 10:15:00,31.38,31.4,31.3,31.3,25971
2013-01-22 10:30:00,31.305,31.43,31.305,31.35,34338
2013-01-22 10:45:00,31.36,31.42,31.36,31.4,41365
2013-01-22 11:00:00,31.4,31.51,31.4,31.5,52641
2013-01-22 11:15:00,31.49,31.5,31.44,31.47,83839
2013-01-22 11:30:00,31.48,31.48,31.4,31.41,99223
2013-01-22 11:45:00,31.401,31.41,31.37,31.37,106523
2013-01-22 12:00:00,31.375,31.39,31.33,31.37,173976
2013-01-22 12:15:00,31.37,31.375,31.36,31.365,183458
2013-01-22 12:30:00,31.365,31.41,31.36,31.38,212558
2013-01-22 12:45:00,31.39,31.4,31.35,31.36,259697
2013-01-22 13:00:00,31.35,31.37,31.35,31.36,271297
2013-01-22 13:15:00,31.37,31.38,31.36,31.38,286797
2013-01-22 13:30:00,31.38,31.41,31.37,31.4,312294
2013-01-22 13:45:00,31.4,31.4,31.35,31.38,357749
2013-01-22 14:00:00,31.36,31.38,31.35,31.38,364513
2013-01-22 14:15:00,31.38,31.41,31.38,31.39,387752
2013-01-22 14:30:00,31.4,31.4,31.36,31.36,417285
2013-01-22 14:45:00,31.36,31.39,31.36,31.39,425794
2013-01-22 15:00:00,31.3897,31.4,31.37,31.39,473134
2013-01-22 15:15:00,31.39,31.4,31.33,31.345,571591
2013-01-22 15:30:00,31.35,31.4,31.345,31.395,593592
2013-01-22 15:45:00,31.395,31.42,31.39,31.4,611320
2013-01-22 16:00:00,31.4,31.52,31.395,31.5,680594
2013-01-23 09:45:00,31.26,31.53,31.0,31.39,40872
2013-01-23 10:00:00,31.39,31.4,31.28,31.34,84857
2013-01-23 10:15:00,31.32,31.34,31.29,31.32,111498
2013-01-23 10:30:00,31.31,31.31,31.23,31.3,132287
2013-01-23 10:45:00,31.29,31.35,31.29,31.335,164582
2013-01-23 11:00:00,31.34,31.4,31.33,31.398,177315
2013-01-23 11:15:00,31.42,31.49,31.41,31.48,182915
2013-01-23 11:30:00,31.49,31.5,31.47,31.5,197562
2013-01-23 11:45:00,31.5,31.546,31.5,31.53,207764
2013-01-23 12:00:00,31.53,31.57,31.5,31.57,231931
2013-01-23 12:15:00,31.56,31.57,31.545,31.56,239953
2013-01-23 12:30:00,31.57,31.605,31.565,31.57,255624
2013-01-23 12:45:00,31.57,31.58,31.525,31.54,265730
2013-01-23 13:00:00,31.54,31.575,31.53,31.575,273427
2013-01-23 13:15:00,31.58,31.62,31.57,31.605,289339
2013-01-23 13:30:00,31.605,31.65,31.605,31.6435,301622
2013-01-23 13:45:00,31.65,31.67,31.64,31.66,309232
2013-01-23 14:00:00,31.66,31.69,31.655,31.685,321918
2013-01-23 14:15:00,31.69,31.69,31.66,31.665,347828
2013-01-23 14:30:00,31.665,31.7,31.66,31.695,355958
2013-01-23 14:45:00,31.7,31.705,31.69,31.705,365746
2013-01-23 15:00:00,31.7,31.71,31.7,31.71,374832
2013-01-23 15:15:00,31.71,31.71,31.68,31.7,393730
2013-01-23 15:30:00,31.69,31.7,31.69,31.695,404659
2013-01-23 15:45:00,31.7,31.77,31.69,31.76,490323
2013-01-23 16:00:00,31.76,31.8,31.69,31.69,691767
2013-01-24 09:45:00,31.67,31.9,31.67,31.89,28685
2013-01-24 10:00:00,31.87,31.9,31.82,31.89,82373
2013-01-24 10:15:00,31.895,31.995,31.895,31.97,143430
2013-01-24 10:30:00,31.95,31.955,31.87,31.93,163888
2013-01-24 10:45:00,31.935,31.97,31.855,31.96,226938
2013-01-24 11:00:00,31.96,32.15,31.96,32.135,346898
2013-01-24 11:15:00,32.12,32.21,32.12,32.17,387673
2013-01-24 11:30:00,32.17,32.215,32.0917,32.16,424949
2013-01-24 11:45:00,32.16,32.22,32.1431,32.175,445144
2013-01-24 12:00:00,32.175,32.2,32.11,32.15,457745
2013-01-24 12:15:00,32.145,32.15,32.08,32.1,468876
2013-01-24 12:30:00,32.105,32.11,32.05,32.05,478176
2013-01-24 12:45:00,32.055,32.06,32.0,32.02,486376
2013-01-24 13:00:00,31.9966,32.05,31.9966,32.03,699820
2013-01-24 13:15:00,32.03,32.07,32.03,32.07,711891
2013-01-24 13:30:00,32.07,32.135,32.06,32.12,721319
2013-01-24 13:45:00,32.12,32.12,32.06,32.085,734446
2013-01-24 14:00:00,32.085,32.09,32.03,32.05,771546
2013-01-24 14:15:00,32.055,32.16,32.05,32.14,798359
2013-01-24 14:30:00,32.13,32.2,32.13,32.18,812584
2013-01-24 14:45:00,32.19,32.23,32.17,32.23,825102
2013-01-24 15:00:00,32.23,32.26,32.22,32.22,835292
2013-01-24 15:15:00,32.22,32.24,32.17,32.2,864223
2013-01-24 15:30:00,32.195,32.23,32.18,32.22,882370
2013-01-24 15:45:00,32.22,32.26,32.21,32.25,910802
2013-01-24 16:00:00,32.24,32.27,32.19,32.2,984162
2013-01-25 09:45:00,32.13,32.29,32.13,32.23,27484
2013-01-25 10:00:00,32.22,32.23,32.14,32.14,47978
2013-01-25 10:15:00,32.15,32.2,32.08,32.08,80013
2013-01-25 10:30:00,32.07,32.14,32.06,32.07,97116
2013-01-25 10:45:00,32.07,32.16,32.05,32.145,114462
2013-01-25 11:00:00,32.15,32.215,32.14,32.19,133135
2013-01-25 11:15:00,32.19,32.2,32.06,32.0633,155142
2013-01-25 11:30:00,32.06,32.06,32.01,32.02,162635
2013-01-25 11:45:00,32.03,32.07,32.02,32.04,171644
2013-01-25 12:00:00,32.04,32.05,31.95,31.98,213786
2013-01-25 12:15:00,31.98,32.02,31.98,32.0096,226383
2013-01-25 12:30:00,31.99,32.03,31.93,31.94,238566
2013-01-25 12:45:00,31.93,31.95,31.91,31.91,248166
2013-01-25 13:00:00,31.91,31.93,31.9,31.93,254266
2013-01-25 13:15:00,31.92,32.02,31.92,32.01,262366
2013-01-25 13:30:00,32.01,32.04,32.01,32.03,269312
2013-01-25 13:45:00,32.04,32.06,32.02,32.06,274874
2013-01-25 14:00:00,32.0462,32.12,32.0462,32.06,292162
2013-01-25 14:15:00,32.06,32.07,32.02,32.03,304687
2013-01-25 14:30:00,32.03,32.06,32.02,32.06,311974
2013-01-25 14:45:00,32.06,32.09,32.05,32.07,370053
2013-01-25 15:00:00,32.07,32.11,32.06,32.06,385838
2013-01-25 15:15:00,32.07,32.11,32.07,32.1,400846
2013-01-25 15:30:00,32.1,32.13,32.08,32.11,460532
2013-01-25 15:45:00,32.105,32.11,32.0,32.01,590701
2013-01-25 16:00:00,32.01,32.16,31.99,32.16,837635
2013-01-28 09:45:00,32.14,32.305,32.12,32.3,70258
2013-01-28 10:00:00,32.29,32.355,32.29,32.34,164958
2013-01-28 10:15:00,32.33,32.36,32.25,32.345,204366
2013-01-28 10:30:00,32.35,32.43,32.35,32.38,283050
2013-01-28 10:45:00,32.36,32.39,32.31,32.34,294157
2013-01-28 11:00:00,32.34,32.36,32.31,32.325,340996
2013-01-28 11:15:00,32.34,32.39,32.32,32.39,357592
2013-01-28 11:30:00,32.39,32.405,32.365,32.39,368492
2013-01-28 11:45:00,32.39,32.395,32.34,32.39,380092
2013-01-28 12:00:00,32.38,32.4,32.3734,32.4,384792
2013-01-28 12:15:00,32.4,32.4,32.38,32.39,395412
2013-01-28 12:30:00,32.39,32.48,32.38,32.48,425270
2013-01-28 12:45:00,32.48,32.62,32.48,32.62,523773
2013-01-28 13:00:00,32.63,32.66,32.44,32.445,558281
2013-01-28 13:15:00,32.45,32.51,32.39,32.49,589006
2013-01-28 13:30:00,32.49,32.55,32.47,32.55,597006
2013-01-28 13:45:00,32.54,32.58,32.52,32.53,603606
2013-01-28 14:00:00,32.54,32.57,32.52,32.52,611150
2013-01-28 14:15:00,32.53,32.57,32.52,32.545,617650
2013-01-28 14:30:00,32.55,32.57,32.49,32.52,670283
2013-01-28 14:45:00,32.52,32.54,32.47,32.47,696683
2013-01-28 15:00:00,32.47,32.5,32.46,32.49,707361
2013-01-28 15:15:00,32.485,32.53,32.45,32.525,736213
2013-01-28 15:30:00,32.52,32.52,32.45,32.51,757351
2013-01-28 15:45:00,32.51,32.52,32.46,32.52,813679
2013-01-28 16:00:00,32.53,32.64,32.51,32.545,1031693
2013-01-29 09:45:00,32.39,32.57,32.27,32.48,31497
2013-01-29 10:00:00,32.49,32.5,32.47,32.48,48797
2013-01-29 10:15:00,32.48,32.51,32.41,32.47,124770
2013-01-29 10:30:00,32.47,32.52,32.45,32.5,160605
2013-01-29 10:45:00,32.5,32.53,32.48,32.53,171056
2013-01-29 11:00:00,32.53,32.55,32.5,32.51,245587
2013-01-29 11:15:00,32.5,32.51,32.5,32.51,248287
2013-01-29 11:30:00,32.52,32.55,32.52,32.54,260813
2013-01-29 11:45:00,32.54,32.54,32.515,32.525,267315
2013-01-29 12:00:00,32.5295,32.54,32.525,32.53,274515
2013-01-29 12:15:00,32.52,32.54,32.51,32.52,284798
2013-01-29 12:30:00,32.51,32.53,32.5,32.52,291965
2013-01-29 12:45:00,32.539,32.55,32.52,32.54,298065
2013-01-29 13:00:00,32.535,32.55,32.53,32.54,368003
2013-01-29 13:15:00,32.54,32.55,32.53,32.53,391794
2013-01-29 13:30:00,32.535,32.55,32.49,32.53,498607
2013-01-29 13:45:00,32.55,32.55,32.52,32.53,511037
2013-01-29 14:00:00,32.53,32.55,32.5,32.5,531821
2013-01-29 14:15:00,32.51,32.55,32.5,32.55,817109
2013-01-29 14:30:00,32.55,32.55,32.54,32.54,822009
2013-01-29 14:45:00,32.54,32.555,32.53,32.55,835309
2013-01-29 15:00:00,32.55,32.555,32.52,32.53,852764
2013-01-29 15:15:00,32.54,32.55,32.5,32.5,1153369
2013-01-29 15:30:00,32.5,32.55,32.5,32.535,1217295
2013-01-29 15:45:00,32.53,32.54,32.53,32.54,1240027
2013-01-29 16:00:00,32.53,32.55,32.51,32.52,1444598
2013-01-30 09:45:00,32.56,32.56,32.49,32.52,11944
2013-01-30 10:00:00,32.52,32.545,32.51,32.51,51010
2013-01-30 10:15:00,32.51,32.52,32.5,32.51,53606
2013-01-30 10:30:00,32.51,32.53,32.5,32.53,89087
2013-01-30 10:45:00,32.53,32.5399,32.52,32.5399,91487
2013-01-30 11:00:00,32.53,32.54,32.51,32.51,96344
2013-01-30 11:15:00,32.52,32.53,32.52,32.525,98644
2013-01-30 11:30:00,32.53,32.53,32.51,32.52,104884
2013-01-30 11:45:00,32.53,32.56,32.52,32.56,114433
2013-01-30 12:00:00,32.55,32.55,32.5401,32.545,116175
2013-01-30 12:15:00,32.545,32.64,32.54,32.635,218375
2013-01-30 12:30:00,32.63,32.635,32.6,32.61,227923
2013-01-30 12:45:00,32.6298,32.63,32.6,32.62,244593
2013-01-30 13:00:00,32.63,32.69,32.63,32.69,250029
2013-01-30 13:15:00,32.66,32.68,32.66,32.665,253229
2013-01-30 13:30:00,32.65,32.655,32.64,32.65,257129
2013-01-30 13:45:00,32.66,32.69,32.65,32.68,307552
2013-01-30 14:00:00,32.68,32.68,32.63,32.63,317964
2013-01-30 14:15:00,32.63,32.635,32.56,32.56,331864
2013-01-30 14:30:00,32.56,32.61,32.56,32.6,410395
2013-01-30 14:45:00,32.6,32.615,32.5825,32.6,506770
2013-01-30 15:00:00,32.6,32.63,32.5825,32.63,623559
2013-01-30 15:15:00,32.622,32.635,32.57,32.575,712861
2013-01-30 15:30:00,32.57,32.58,32.52,32.52,733866
2013-01-30 15:45:00,32.5206,32.54,32.495,32.51,1029012
2013-01-30 16:00:00,32.51,32.56,32.49,32.55,1327323
2013-01-31 09:45:00,32.37,32.63,32.37,32.61,20878
2013-01-31 10:00:00,32.62,32.71,32.585,32.62,37742
2013-01-31 10:15:00,32.6225,32.65,32.56,32.565,50772
2013-01-31 10:30:00,32.55,32.55,32.47,32.5,74900
2013-01-31 10:45:00,32.5,32.51,32.49,32.5,118586
2013-01-31 11:00:00,32.515,32.515,32.49,32.505,135343
2013-01-31 11:15:00,32.505,32.51,32.5,32.51,173565
2013-01-31 11:30:00,32.51,32.57,32.5,32.52,190805
2013-01-31 11:45:00,32.505,32.54,32.505,32.53,203615
2013-01-31 12:00:00,32.54,32.55,32.51,32.52,207776
2013-01-31 12:15:00,32.53,32.55,32.5,32.54,265768
2013-01-31 12:30:00,32.55,32.58,32.55,32.565,281394
2013-01-31 12:45:00,32.56,32.56,32.55,32.56,291656
2013-01-31 13:00:00,32.56,32.6,32.56,32.6,299211
2013-01-31 13:15:00,32.6,32.6,32.59,32.6,310642
2013-01-31 13:30:00,32.6,32.605,32.59,32.6,351221
2013-01-31 13:45:00,32.6,32.6,32.56,32.585,410474
2013-01-31 14:00:00,32.585,32.59,32.56,32.585,423589
2013-01-31 14:15:00,32.58,32.6,32.57,32.59,434670
2013-01-31 14:30:00,32.59,32.6,32.59,32.6,446970
2013-01-31 14:45:00,32.59,32.6,32.59,32.59,458546
2013-01-31 15:00:00,32.6,32.6,32.54,32.55,475951
2013-01-31 15:15:00,32.55,32.56,32.51,32.56,488816
2013-01-31 15:30:00,32.55,32.57,32.52,32.55,510293
2013-01-31 15:45:00,32.55,32.59,32.5,32.53,657899
2013-01-31 16:00:00,32.52,32.53,32.5,32.51,753636
2013-02-01 09:45:00,32.75,32.79,32.55,32.72,42731
2013-02-01 10:00:00,32.745,32.79,32.71,32.75,112133
2013-02-01 10:15:00,32.78,32.855,32.765,32.815,147758
2013-02-01 10:30:00,32.83,32.83,32.58,32.58,239848
2013-02-01 10:45:00,32.62,32.65,32.6,32.625,248266
2013-02-01 11:00:00,32.62,32.66,32.6,32.62,348831
2013-02-01 11:15:00,32.619,32.715,32.619,32.7,364342
2013-02-01 11:30:00,32.7,32.75,32.66,32.66,387698
2013-02-01 11:45:00,32.66,32.68,32.6,32.634,459112
2013-02-01 12:00:00,32.65,32.66,32.6,32.64,494773
2013-02-01 12:15:00,32.62,32.63,32.6,32.6,504463
2013-02-01 12:30:00,32.602,32.65,32.6,32.65,514566
2013-02-01 12:45:00,32.65,32.67,32.63,32.66,523908
2013-02-01 13:00:00,32.66,32.765,32.65,32.755,543013
2013-02-01 13:15:00,32.755,32.85,32.74,32.83,555524
2013-02-01 13:30:00,32.84,32.855,32.73,32.7416,587105
2013-02-01 13:45:00,32.77,32.77,32.73,32.75,590600
2013-02-01 14:00:00,32.75,32.759,32.69,32.7,611006
2013-02-01 14:15:00,32.69,32.71,32.675,32.68,622600
2013-02-01 14:30:00,32.69,32.705,32.68,32.69,635391
2013-02-01 14:45:00,32.69,32.7,32.67,32.67,652406
2013-02-01 15:00:00,32.68,32.7,32.6,32.61,716749
2013-02-01 15:15:00,32.6,32.63,32.6,32.61,737274
2013-02-01 15:30:00,32.6023,32.63,32.56,32.56,906514
2013-02-01 15:45:00,32.565,32.57,32.5,32.515,1059058
2013-02-01 16:00:00,32.52,32.57,32.5,32.53,1212401
2013-02-04 09:45:00,32.39,32.39,32.07,32.09,784290
2013-02-04 10:00:00,32.09,32.14,31.97,32.03,928915
2013-02-04 10:15:00,32.03,32.18,32.03,32.17,1013926
2013-02-04 10:30:00,32.17,32.18,32.165,32.17,1041555
2013-02-04 10:45:00,32.17,32.25,32.17,32.2,1418654
2013-02-04 11:00:00,32.2,32.21,32.05,32.15,1534882
2013-02-04 11:15:00,32.14,32.24,32.14,32.14,1565304
2013-02-04 11:30:00,32.15,32.15,31.9,31.9,1580704
2013-02-04 11:45:00,31.91,32.05,31.905,32.05,1607092
2013-02-04 12:00:00,32.05,32.21,32.02,32.05,1663708
2013-02-04 12:15:00,32.051,32.19,32.05,32.14,1699121
2013-02-04 12:30:00,32.14,32.16,32.11,32.15,1864564
2013-02-04 12:45:00,32.16,32.19,32.1202,32.18,1883987
2013-02-04 13:00:00,32.18,32.19,32.13,32.15,1892426
2013-02-04 13:15:00,32.13,32.18,32.13,32.134,1906749
2013-02-04 13:30:00,32.14,32.15,32.121,32.135,2002500
2013-02-04 13:45:00,32.13,32.17,32.07,32.1,2030514
2013-02-04 14:00:00,32.1,32.11,32.08,32.085,2053834
2013-02-04 14:15:00,32.085,32.12,32.075,32.09,2076306
2013-02-04 14:30:00,32.08,32.15,32.08,32.15,2104864
2013-02-04 14:45:00,32.14,32.14,32.1,32.105,2181841
2013-02-04 15:00:00,32.105,32.15,32.1,32.13,2207483
2013-02-04 15:15:00,32.12,32.12,32.065,32.11,2240283
2013-02-04 15:30:00,32.1,32.11,32.065,32.08,2344198
2013-02-04 15:45:00,32.08,32.11,31.99,32.02,2532544
2013-02-04 16:00:00,32.02,32.03,31.86,31.98,2769956
2013-02-05 09:45:00,32.06,32.06,31.87,32.03,22515
2013-02-05 10:00:00,32.0325,32.05,32.0,32.0,39900
2013-02-05 10:15:00,32.02,32.11,32.02,32.11,56686
2013-02-05 10:30:00,32.1,32.125,32.08,32.105,201637
2013-02-05 10:45:00,32.1,32.17,32.08,32.14,352436
2013-02-05 11:00:00,32.14,32.22,32.12,32.17,376619
2013-02-05 11:15:00,32.17,32.21,32.11,32.11,388974
2013-02-05 11:30:00,32.12,32.2,32.1,32.2,397905
2013-02-05 11:45:00,32.2,32.2,32.16,32.17,420421
2013-02-05 12:00:00,32.16,32.2,32.16,32.19,437571
2013-02-05 12:15:00,32.19,32.19,32.13,32.14,444048
2013-02-05 12:30:00,32.15,32.2,32.1,32.16,458942
2013-02-05 12:45:00,32.16,32.22,32.16,32.21,777652
2013-02-05 13:00:00,32.2,32.23,32.18,32.2,787230
2013-02-05 13:15:00,32.19,32.26,32.18,32.26,796914
2013-02-05 13:30:00,32.26,32.32,32.26,32.32,805609
2013-02-05 13:45:00,32.32,32.38,32.32,32.38,810825
2013-02-05 14:00:00,32.38,32.38,32.36,32.36,821141
2013-02-05 14:15:00,32.36,32.38,32.33,32.36,827101
2013-02-05 14:30:00,32.35,32.38,32.32,32.3266,835282
2013-02-05 14:45:00,32.32,32.36,32.32,32.36,842339
2013-02-05 15:00:00,32.36,32.44,32.36,32.37,853400
2013-02-05 15:15:00,32.37,32.4,32.36,32.373,862086
2013-02-05 15:30:00,32.37,32.39,32.292,32.292,876676
2013-02-05 15:45:00,32.3,32.34,32.27,32.3,899583
2013-02-05 16:00:00,32.3,32.34,32.29,32.31,971959
2013-02-06 09:45:00,32.11,32.25,32.035,32.24,17118
2013-02-06 10:00:00,32.23,32.3,32.21,32.29,57873
2013-02-06 10:15:00,32.29,32.3,32.21,32.24,111590
2013-02-06 10:30:00,32.25,32.31,32.22,32.3,421827
2013-02-06 10:45:00,32.31,32.31,32.26,32.275,466001
2013-02-06 11:00:00,32.275,32.3195,32.25,32.275,502370
2013-02-06 11:15:00,32.275,32.31,32.275,32.31,533524
2013-02-06 11:30:00,32.3,32.31,32.26,32.3,546143
2013-02-06 11:45:00,32.31,32.31,32.265,32.27,555219
2013-02-06 12:00:00,32.26,32.31,32.23,32.27,582274
2013-02-06 12:15:00,32.27,32.29,32.25,32.28,595953
2013-02-06 12:30:00,32.28,32.3,32.28,32.29,605353
2013-02-06 12:45:00,32.29,32.3,32.27,32.28,739954
2013-02-06 13:00:00,32.28,32.28,32.2,32.2,752154
2013-02-06 13:15:00,32.18,32.24,32.18,32.23,798533
2013-02-06 13:30:00,32.23,32.25,32.183,32.23,818633
2013-02-06 13:45:00,32.23,32.24,32.19,32.2,838309
2013-02-06 14:00:00,32.19,32.24,32.19,32.23,848221
2013-02-06 14:15:00,32.23,32.295,32.225,32.285,868639
2013-02-06 14:30:00,32.27,32.3,32.22,32.22,892790
2013-02-06 14:45:00,32.22,32.262,32.22,32.24,910664
2013-02-06 15:00:00,32.24,32.2897,32.24,32.26,919064
2013-02-06 15:15:00,32.26,32.3,32.25,32.26,932692
2013-02-06 15:30:00,32.27,32.275,32.22,32.27,954364
2013-02-06 15:45:00,32.28,32.3,32.25,32.3,981992
2013-02-06 16:00:00,32.3,32.3,32.25,32.29,1324898
2013-02-07 09:45:00,32.24,32.47,32.24,32.46,35985
2013-02-07 10:00:00,32.46,32.5,32.26,32.28,95055
2013-02-07 10:15:00,32.28,32.35,32.275,32.3,175210
2013-02-07 10:30:00,32.3,32.37,32.25,32.37,548309
2013-02-07 10:45:00,32.3645,32.3853,32.3,32.33,642679
2013-02-07 11:00:00,32.33,32.375,32.3,32.36,746780
2013-02-07 11:15:00,32.35,32.46,32.3,32.46,809096
2013-02-07 11:30:00,32.46,32.475,32.36,32.375,837290
2013-02-07 11:45:00,32.38,32.445,32.32,32.435,936740
2013-02-07 12:00:00,32.43,32.445,32.33,32.33,971990
2013-02-07 12:15:00,32.335,32.42,32.33,32.35,1006791
2013-02-07 12:30:00,32.35,32.4,32.34,32.4,1038766
2013-02-07 12:45:00,32.39,32.4,32.35,32.36,1065946
2013-02-07 13:00:00,32.36,32.37,32.34,32.35,1112163
2013-02-07 13:15:00,32.3585,32.36,32.34,32.34,1121396
2013-02-07 13:30:00,32.34,32.4,32.34,32.4,1201834
2013-02-07 13:45:00,32.39,32.41,32.37,32.38,1273296
2013-02-07 14:00:00,32.38,32.525,32.375,32.5,1331962
2013-02-07 14:15:00,32.5,32.56,32.49,32.56,1359992
2013-02-07 14:30:00,32.57,32.63,32.57,32.62,1380694
2013-02-07 14:45:00,32.63,32.71,32.62,32.7,1447534
2013-02-07 15:00:00,32.7,32.79,32.69,32.79,1466775
2013-02-07 15:15:00,32.79,32.86,32.78,32.83,1501507
2013-02-07 15:30:00,32.83,32.84,32.71,32.74,1541069
2013-02-07 15:45:00,32.74,32.79,32.67,32.67,1578116
2013-02-07 16:00:00,32.675,32.7,32.58,32.7,1783170
2013-02-08 09:45:00,32.86,32.86,32.54,32.705,63282
2013-02-08 10:00:00,32.73,32.745,32.68,32.74,89504
2013-02-08 10:15:00,32.745,32.81,32.69,32.695,212773
2013-02-08 10:30:00,32.7,32.7,32.64,32.64,301175
2013-02-08 10:45:00,32.64,32.66,32.6,32.6,363912
2013-02-08 11:00:00,32.59,32.595,32.55,32.58,372912
2013-02-08 11:15:00,32.59,32.6,32.565,32.58,390480
2013-02-08 11:30:00,32.58,32.62,32.57,32.59,444270
2013-02-08 11:45:00,32.59,32.64,32.585,32.62,493071
2013-02-08 12:00:00,32.615,32.6475,32.61,32.62,517570
2013-02-08 12:15:00,32.625,32.63,32.6,32.6,586611
2013-02-08 12:30:00,32.6,32.6162,32.59,32.605,596652
2013-02-08 12:45:00,32.605,32.62,32.52,32.58,664543
2013-02-08 13:00:00,32.58,32.615,32.52,32.55,751095
2013-02-08 13:15:00,32.57,32.57,32.55,32.57,763049
2013-02-08 13:30:00,32.57,32.59,32.57,32.58,774730
2013-02-08 13:45:00,32.587,32.587,32.545,32.55,798658
2013-02-08 14:00:00,32.545,32.55,32.515,32.525,836667
2013-02-08 14:15:00,32.525,32.54,32.49,32.53,1158371
2013-02-08 14:30:00,32.54,32.78,32.525,32.78,1205034
2013-02-08 14:45:00,32.78,32.87,32.75,32.8,1260706
2013-02-08 15:00:00,32.765,32.85,32.76,32.81,1310448
2013-02-08 15:15:00,32.805,32.9,32.79,32.9,1358896
2013-02-08 15:30:00,32.9,32.91,32.86,32.88,1412661
2013-02-08 15:45:00,32.88,32.88,32.79,32.84,1460860
2013-02-08 16:00:00,32.84,32.85,32.81,32.84,1554969
2013-02-11 09:45:00,32.75,32.87,32.62,32.63,41035
2013-02-11 10:00:00,32.63,32.69,32.61,32.685,95898
2013-02-11 10:15:00,32.69,32.72,32.61,32.615,173290
2013-02-11 10:30:00,32.615,32.66,32.5,32.565,385331
2013-02-11 10:45:00,32.55,32.62,32.52,32.59,435730
2013-02-11 11:00:00,32.59,32.63,32.5,32.57,468525
2013-02-11 11:15:00,32.56,32.57,32.5,32.505,621674
2013-02-11 11:30:00,32.505,32.6,32.46,32.46,904036
2013-02-11 11:45:00,32.46,32.51,32.18,32.19,1103380
2013-02-11 12:00:00,32.205,32.37,32.205,32.36,1155154
2013-02-11 12:15:00,32.365,32.39,32.28,32.305,1214693
2013-02-11 12:30:00,32.3,32.34,32.3,32.32,1277270
2013-02-11 12:45:00,32.33,32.34,32.29,32.3,1340807
2013-02-11 13:00:00,32.32,32.33,32.29,32.32,1387138
2013-02-11 13:15:00,32.31,32.36,32.3,32.315,1704604
2013-02-11 13:30:00,32.31,32.32,32.22,32.275,1765937
2013-02-11 13:45:00,32.27,32.3,32.23,32.245,1816667
2013-02-11 14:00:00,32.25,32.26,32.12,32.12,1924080
2013-02-11 14:15:00,32.12,32.27,32.11,32.24,2016416
2013-02-11 14:30:00,32.23,32.28,32.23,32.25,2060862
2013-02-11 14:45:00,32.245,32.32,32.24,32.3125,2122381
2013-02-11 15:00:00,32.32,32.32,32.26,32.31,2169897
2013-02-11 15:15:00,32.3,32.47,32.29,32.47,2245339
2013-02-11 15:30:00,32.48,32.7,32.41,32.7,2424428
2013-02-11 15:45:00,32.7,32.77,32.66,32.695,2502289
2013-02-11 16:00:00,32.695,32.7,32.61,32.65,2648866
2013-02-12 09:45:00,32.86,33.98,32.8,33.385,381962
2013-02-12 10:00:00,33.42,33.59,33.26,33.4,788904
2013-02-12 10:15:00,33.38,33.58,33.38,33.44,1159386
2013-02-12 10:30:00,33.45,33.45,33.37,33.4,1249656
2013-02-12 10:45:00,33.41,33.45,33.34,33.43,1360831
2013-02-12 11:00:00,33.4387,33.49,33.43,33.45,1410769
2013-02-12 11:15:00,33.445,33.6,33.44,33.55,1595250
2013-02-12 11:30:00,33.55,33.6,33.48,33.54,1653474
2013-02-12 11:45:00,33.55,33.55,33.48,33.5,1733533
2013-02-12 12:00:00,33.5,33.595,33.48,33.49,1848771
2013-02-12 12:15:00,33.49,33.54,33.47,33.51,2072557
2013-02-12 12:30:00,33.505,33.54,33.49,33.5,2238253
2013-02-12 12:45:00,33.5,33.52,33.47,33.495,2314767
2013-02-12 13:00:00,33.49,33.5,33.445,33.46,2363473
2013-02-12 13:15:00,33.46,33.51,33.45,33.495,2482641
2013-02-12 13:30:00,33.4985,33.51,33.35,33.39,2655688
2013-02-12 13:45:00,33.39,33.48,33.39,33.45,2775138
2013-02-12 14:00:00,33.44,33.45,33.34,33.34,2822212
2013-02-12 14:15:00,33.335,33.39,33.27,33.35,2907031
2013-02-12 14:30:00,33.36,33.36,33.29,33.33,2973271
2013-02-12 14:45:00,33.33,33.341,33.3,33.3,3036927
2013-02-12 15:00:00,33.3,33.35,33.3,33.35,3057798
2013-02-12 15:15:00,33.3487,33.37,33.345,33.37,3105764
2013-02-12 15:30:00,33.37,33.38,33.26,33.26,3442178
2013-02-12 15:45:00,33.25,33.32,33.25,33.29,3513832
2013-02-12 16:00:00,33.29,33.295,33.23,33.265,3796334
2013-02-13 09:45:00,33.2,33.62,33.01,33.57,80541
2013-02-13 10:00:00,33.56,33.75,33.5,33.75,99396
2013-02-13 10:15:00,33.75,33.81,33.71,33.73,132006
2013-02-13 10:30:00,33.73,33.86,33.72,33.78,171609
2013-02-13 10:45:00,33.8,33.8,33.59,33.63,302848
2013-02-13 11:00:00,33.61,33.68,33.545,33.68,349312
2013-02-13 11:15:00,33.69,33.74,33.68,33.7,377979
2013-02-13 11:30:00,33.7,33.7,33.6,33.62,420229
2013-02-13 11:45:00,33.63,33.71,33.62,33.71,434931
2013-02-13 12:00:00,33.7036,33.8,33.69,33.785,486283
2013-02-13 12:15:00,33.78,33.785,33.74,33.75,507911
2013-02-13 12:30:00,33.75,33.79,33.74,33.7532,530213
2013-02-13 12:45:00,33.75,33.765,33.74,33.75,550444
2013-02-13 13:00:00,33.76,33.77,33.71,33.71,559748
2013-02-13 13:15:00,33.69,33.71,33.68,33.7,580462
2013-02-13 13:30:00,33.71,33.73,33.69,33.71,631782
2013-02-13 13:45:00,33.695,33.695,33.64,33.68,647322
2013-02-13 14:00:00,33.67,33.75,33.67,33.75,738968
2013-02-13 14:15:00,33.75,33.76,33.7,33.725,787679
2013-02-13 14:30:00,33.73,33.74,33.71,33.715,794765
2013-02-13 14:45:00,33.71,33.77,33.71,33.76,827675
2013-02-13 15:00:00,33.76,33.765,33.7,33.72,841056
2013-02-13 15:15:00,33.71,33.77,33.7,33.707,1063463
2013-02-13 15:30:00,33.71,33.73,33.63,33.65,1344009
2013-02-13 15:45:00,33.66,33.731,33.66,33.7,1371391
2013-02-13 16:00:00,33.69,33.72,33.61,33.71,1485187
2013-02-14 09:45:00,31.4,32.8,31.38,32.8,269171
2013-02-14 10:00:00,32.81,32.9,32.66,32.87,383188
2013-02-14 10:15:00,32.88,32.97,32.69,32.78,474161
2013-02-14 10:30:00,32.78,32.89,32.78,32.81,536449
2013-02-14 10:45:00,32.81,32.81,32.6999,32.72,572978
2013-02-14 11:00:00,32.71,32.72,32.61,32.65,666724
2013-02-14 11:15:00,32.65,32.67,32.55,32.58,716432
2013-02-14 11:30:00,32.57,32.5899,32.42,32.4668,796232
2013-02-14 11:45:00,32.45,32.87,32.44,32.86,872658
2013-02-14 12:00:00,32.86,33.1,32.85,32.99,1000101
2013-02-14 12:15:00,33.0,33.12,32.98,33.0,1144587
2013-02-14 12:30:00,32.99,33.1,32.94,32.98,1223879
2013-02-14 12:45:00,32.97,33.03,32.97,33.025,1318678
2013-02-14 13:00:00,33.01,33.02,32.98,32.995,1370325
2013-02-14 13:15:00,33.0,33.0,32.92,32.95,1421012
2013-02-14 13:30:00,32.95,32.98,32.93,32.94,1487842
2013-02-14 13:45:00,32.9444,32.97,32.92,32.92,1504807
2013-02-14 14:00:00,32.92,32.92,32.84,32.86,1533109
2013-02-14 14:15:00,32.86,32.86,32.69,32.715,1594120
2013-02-14 14:30:00,32.71,32.95,32.71,32.85,1694107
2013-02-14 14:45:00,32.84,32.84,32.75,32.75,1751006
2013-02-14 15:00:00,32.75,32.75,32.74,32.75,1771438
2013-02-14 15:15:00,32.75,32.8,32.65,32.655,1898273
2013-02-14 15:30:00,32.66,32.66,32.59,32.63,2157218
2013-02-14 15:45:00,32.63,32.67,32.62,32.64,2374621
2013-02-14 16:00:00,32.64,32.65,32.53,32.56,3087474
2013-02-15 09:45:00,32.56,32.75,32.45,32.595,4604967
2013-02-15 10:00:00,32.595,32.66,32.55,32.63,6292782
2013-02-15 10:15:00,32.64,32.7,32.6,32.6501,6990804
2013-02-15 10:30:00,32.6501,32.66,32.6,32.63,7424476
2013-02-15 10:45:00,32.62,32.625,32.55,32.57,8199235
2013-02-15 11:00:00,32.565,32.58,32.55,32.55,9645623
2013-02-15 11:15:00,32.56,32.58,32.25,32.3,12734187
2013-02-15 11:30:00,32.29,32.36,32.16,32.28,13282919
2013-02-15 11:45:00,32.28,32.34,32.25,32.3,13974892
2013-02-15 12:00:00,32.29,32.43,32.285,32.4,14102574
2013-02-15 12:15:00,32.4,32.42,32.31,32.35,14193513
2013-02-15 12:30:00,32.35,32.55,32.32,32.35,14354572
2013-02-15 12:45:00,32.34,32.46,32.33,32.455,14462801
2013-02-15 13:00:00,32.455,32.5,32.36,32.3633,14672420
2013-02-15 13:15:00,32.37,32.43,32.34,32.35,14747321
2013-02-15 13:30:00,32.35,32.39,32.33,32.37,14829741
2013-02-15 13:45:00,32.37,32.45,32.36,32.405,14923083
2013-02-15 14:00:00,32.405,32.45,32.35,32.35,15034202
2013-02-15 14:15:00,32.35,32.37,32.31,32.33,15185970
2013-02-15 14:30:00,32.33,32.34,32.25,32.28,15546383
2013-02-15 14:45:00,32.28,32.3,32.25,32.27,15986239
2013-02-15 15:00:00,32.28,32.32,32.25,32.28,16218014
2013-02-15 15:15:00,32.28,32.31,32.25,32.28,17150181
2013-02-15 15:30:00,32.29,32.34,32.27,32.28,17494970
2013-02-15 15:45:00,32.29,32.32,32.26,32.3,18177794
2013-02-15 16:00:00,32.3,32.42,32.3,32.4,19137613
2013-02-19 09:45:00,32.49,32.72,32.49,32.62,508610
2013-02-19 10:00:00,32.62,32.94,32.6,32.89,906193
2013-02-19 10:15:00,32.88,33.11,32.87,33.095,1134489
2013-02-19 10:30:00,33.09,33.14,32.93,33.13,1421706
2013-02-19 10:45:00,33.13,33.23,32.99,32.995,1648548
2013-02-19 11:00:00,33.0,33.07,32.98,33.035,1778954
2013-02-19 11:15:00,33.04,33.055,32.98,33.0,1913854
2013-02-19 11:30:00,33.005,33.085,32.965,33.0633,2149145
2013-02-19 11:45:00,33.06,33.065,32.91,33.0,2233757
2013-02-19 12:00:00,33.0,33.06,32.94,32.95,2305341
2013-02-19 12:15:00,32.96,33.03,32.94,32.95,2352926
2013-02-19 12:30:00,32.94,32.99,32.89,32.96,2467167
2013-02-19 12:45:00,32.96,32.99,32.93,32.93,2514945
2013-02-19 13:00:00,32.94,33.07,32.93,33.055,2570828
2013-02-19 13:15:00,33.04,33.075,32.89,32.95,2651373
2013-02-19 13:30:00,32.955,33.02,32.93,32.99,2694729
2013-02-19 13:45:00,32.99,33.055,32.99,33.025,2750173
2013-02-19 14:00:00,33.025,33.105,33.0216,33.08,2834902
2013-02-19 14:15:00,33.075,33.1,33.034,33.05,2962692
2013-02-19 14:30:00,33.0505,33.06,33.02,33.045,3045954
2013-02-19 14:45:00,33.05,33.05,32.97,33.0,3114062
2013-02-19 15:00:00,32.99,33.0,32.95,32.95,3167352
2013-02-19 15:15:00,32.95,32.955,32.88,32.9,3307671
2013-02-19 15:30:00,32.9,32.91,32.83,32.87,3525692
2013-02-19 15:45:00,32.86,32.88,32.83,32.84,3760170
2013-02-19 16:00:00,32.84,32.87,32.68,32.7,4200778
2013-02-20 09:45:00,32.69,32.94,32.69,32.811,85921
2013-02-20 10:00:00,32.815,32.85,32.67,32.81,220222
2013-02-20 10:15:00,32.82,32.83,32.66,32.825,326013
2013-02-20 10:30:00,32.81,32.85,32.75,32.76,393453
2013-02-20 10:45:00,32.755,32.76,32.68,32.69,418286
2013-02-20 11:00:00,32.69,32.79,32.69,32.78,500969
2013-02-20 11:15:00,32.78,32.84,32.69,32.7,614102
2013-02-20 11:30:00,32.705,32.755,32.68,32.69,653727
2013-02-20 11:45:00,32.68,32.69,32.64,32.66,675473
2013-02-20 12:00:00,32.67,32.68,32.62,32.64,723739
2013-02-20 12:15:00,32.64,32.65,32.56,32.56,773049
2013-02-20 12:30:00,32.57,32.61,32.56,32.6,813404
2013-02-20 12:45:00,32.595,32.615,32.59,32.605,864074
2013-02-20 13:00:00,32.605,32.65,32.56,32.6,962899
2013-02-20 13:15:00,32.608,32.61,32.59,32.6,993199
2013-02-20 13:30:00,32.59,32.605,32.56,32.57,1008699
2013-02-20 13:45:00,32.58,32.6,32.57,32.58,1026241
2013-02-20 14:00:00,32.58,32.585,32.54,32.55,1061005
2013-02-20 14:15:00,32.56,32.56,32.43,32.49,1196660
2013-02-20 14:30:00,32.48,32.51,32.43,32.45,1226417
2013-02-20 14:45:00,32.45,32.47,32.43,32.45,1282441
2013-02-20 15:00:00,32.4499,32.45,32.37,32.4,1314610
2013-02-20 15:15:00,32.4,32.4,32.35,32.36,1352307
2013-02-20 15:30:00,32.36,32.36,32.28,32.285,1434803
2013-02-20 15:45:00,32.285,32.34,32.19,32.33,1616530
2013-02-20 16:00:00,32.33,32.41,32.24,32.2414,1870515
2013-02-21 09:45:00,32.28,32.28,31.85,31.85,102445
2013-02-21 10:00:00,31.85,31.86,31.55,31.63,271195
2013-02-21 10:15:00,31.61,31.83,31.61,31.8,472188
2013-02-21 10:30:00,31.808,31.87,31.73,31.85,538148
2013-02-21 10:45:00,31.855,31.97,31.85,31.96,630415
2013-02-21 11:00:00,31.97,32.0,31.96,32.0,653166
2013-02-21 11:15:00,32.0,32.16,32.0,32.02,742662
2013-02-21 11:30:00,32.02,32.16,31.96,32.15,784363
2013-02-21 11:45:00,32.155,32.18,32.09,32.09,913663
2013-02-21 12:00:00,32.09,32.12,32.07,32.1,980313
2013-02-21 12:15:00,32.09,32.105,32.0,32.02,1041438
2013-02-21 12:30:00,32.02,32.02,31.91,31.925,1087493
2013-02-21 12:45:00,31.925,31.95,31.915,31.95,1155337
2013-02-21 13:00:00,31.95,31.975,31.89,31.905,1274887
2013-02-21 13:15:00,31.91,31.91,31.85,31.9,1312214
2013-02-21 13:30:00,31.9,31.9,31.84,31.84,1348046
2013-02-21 13:45:00,31.834,31.875,31.81,31.82,1415098
2013-02-21 14:00:00,31.825,31.85,31.78,31.79,1465652
2013-02-21 14:15:00,31.79,31.79,31.65,31.65,1513070
2013-02-21 14:30:00,31.65,31.78,31.62,31.73,1614150
2013-02-21 14:45:00,31.74,31.75,31.68,31.68,1668843
2013-02-21 15:00:00,31.69,31.73,31.685,31.72,1863066
2013-02-21 15:15:00,31.73,31.9,31.68,31.83,2051551
2013-02-21 15:30:00,31.83,31.9,31.81,31.9,2251305
2013-02-21 15:45:00,31.89,31.96,31.805,31.81,2466966
2013-02-21 16:00:00,31.82,31.88,31.75,31.86,2681960
2013-02-22 09:45:00,32.0,32.11,31.8862,31.905,60768
2013-02-22 10:00:00,31.92,32.02,31.86,31.9075,154782
2013-02-22 10:15:00,31.9,32.0,31.84,31.94,191583
2013-02-22 10:30:00,31.94,31.94,31.83,31.86,207883
2013-02-22 10:45:00,31.84,31.85,31.69,31.71,245833
2013-02-22 11:00:00,31.71,31.79,31.7,31.7699,278536
2013-02-22 11:15:00,31.76,31.78,31.74,31.77,317689
2013-02-22 11:30:00,31.77,31.86,31.77,31.8599,351190
2013-02-22 11:45:00,31.85,31.87,31.85,31.87,370393
2013-02-22 12:00:00,31.865,31.88,31.82,31.855,402765
2013-02-22 12:15:00,31.84,31.86,31.83,31.859,426001
2013-02-22 12:30:00,31.855,31.9,31.855,31.9,475901
2013-02-22 12:45:00,31.9,32.0,31.88,31.995,534601
2013-02-22 13:00:00,32.0,32.0,31.94,31.949,564358
2013-02-22 13:15:00,31.945,32.01,31.935,31.949,615485
2013-02-22 13:30:00,31.945,31.98,31.935,31.9495,665955
2013-02-22 13:45:00,31.94,32.06,31.91,32.05,702646
2013-02-22 14:00:00,32.05,32.09,31.995,32.0468,768496
2013-02-22 14:15:00,32.04,32.075,32.02,32.04,869495
2013-02-22 14:30:00,32.045,32.1,31.98,32.095,950633
2013-02-22 14:45:00,32.1,32.1,32.06,32.06,1011837
2013-02-22 15:00:00,32.055,32.15,32.03,32.15,1087884
2013-02-22 15:15:00,32.15,32.16,32.105,32.115,1176117
2013-02-22 15:30:00,32.12,32.12,32.11,32.12,1241527
2013-02-22 15:45:00,32.12,32.1267,32.11,32.11,1367679
2013-02-22 16:00:00,32.11,32.28,32.11,32.27,1595156
2013-02-25 09:45:00,32.43,32.58,32.43,32.57,32737
2013-02-25 10:00:00,32.56,32.73,32.54,32.71,64606
2013-02-25 10:15:00,32.73,32.87,32.6709,32.87,114759
2013-02-25 10:30:00,32.87,32.95,32.72,32.72,165009
2013-02-25 10:45:00,32.7,32.8199,32.65,32.8199,244426
2013-02-25 11:00:00,32.8,32.825,32.73,32.76,295202
2013-02-25 11:15:00,32.77,32.7999,32.725,32.76,324391
2013-02-25 11:30:00,32.76,32.845,32.75,32.77,372542
2013-02-25 11:45:00,32.78,32.8,32.75,32.75,415507
2013-02-25 12:00:00,32.75,32.775,32.73,32.75,480353
2013-02-25 12:15:00,32.75,32.78,32.68,32.69,535365
2013-02-25 12:30:00,32.69,32.76,32.68,32.75,563626
2013-02-25 12:45:00,32.76,32.78,32.62,32.645,612644
2013-02-25 13:00:00,32.65,32.81,32.65,32.81,640394
2013-02-25 13:15:00,32.81,32.845,32.74,32.78,686321
2013-02-25 13:30:00,32.78,32.78,32.69,32.73,717385
2013-02-25 13:45:00,32.73,32.73,32.68,32.72,757720
2013-02-25 14:00:00,32.72,32.77,32.67,32.69,797941
2013-02-25 14:15:00,32.68,32.71,32.61,32.65,841349
2013-02-25 14:30:00,32.655,32.75,32.6001,32.61,875584
2013-02-25 14:45:00,32.6,32.67,32.51,32.58,928527
2013-02-25 15:00:00,32.59,32.6,32.53,32.56,992425
2013-02-25 15:15:00,32.55,32.595,32.535,32.54,1042508
2013-02-25 15:30:00,32.54,32.59,32.47,32.49,1122913
2013-02-25 15:45:00,32.49,32.6,32.49,32.54,1269439
2013-02-25 16:00:00,32.54,32.59,32.32,32.43,1814187
2013-02-26 09:45:00,32.37,32.57,32.21,32.465,42922
2013-02-26 10:00:00,32.46,32.58,32.45,32.58,94645
2013-02-26 10:15:00,32.58,32.66,32.5,32.52,159930
2013-02-26 10:30:00,32.54,32.63,32.52,32.52,224098
2013-02-26 10:45:00,32.52,32.645,32.51,32.55,263845
2013-02-26 11:00:00,32.55,32.76,32.55,32.75,332453
2013-02-26 11:15:00,32.75,32.76,32.68,32.68,425450
2013-02-26 11:30:00,32.68,32.68,32.55,32.62,460689
2013-02-26 11:45:00,32.62,32.66,32.61,32.612,503252
2013-02-26 12:00:00,32.63,32.655,32.6,32.61,533652
2013-02-26 12:15:00,32.605,32.65,32.59,32.63,570534
2013-02-26 12:30:00,32.64,32.66,32.55,32.59,592848
2013-02-26 12:45:00,32.595,32.655,32.56,32.62,624793
2013-02-26 13:00:00,32.62,32.63,32.6,32.6,655522
2013-02-26 13:15:00,32.61,32.705,32.605,32.67,712742
2013-02-26 13:30:00,32.67,32.7,32.64,32.68,738341
2013-02-26 13:45:00,32.695,32.8,32.69,32.79,786009
2013-02-26 14:00:00,32.795,32.82,32.73,32.73,828509
2013-02-26 14:15:00,32.73,32.805,32.7,32.78,889842
2013-02-26 14:30:00,32.78,32.88,32.75,32.87,934241
2013-02-26 14:45:00,32.87,32.89,32.77,32.77,975192
2013-02-26 15:00:00,32.77,32.835,32.75,32.82,1028077
2013-02-26 15:15:00,32.82,32.84,32.75,32.79,1117953
2013-02-26 15:30:00,32.78,32.88,32.75,32.87,1245131
2013-02-26 15:45:00,32.87,33.05,32.8201,33.02,1415901
2013-02-26 16:00:00,33.02,33.075,32.905,32.96,1725185
2013-02-27 09:45:00,32.91,33.09,32.86,33.02,24828
2013-02-27 10:00:00,33.019,33.055,32.96,33.02,47405
2013-02-27 10:15:00,33.02,33.04,32.98,33.0,79716
2013-02-27 10:30:00,32.99,33.07,32.97,33.01,114168
2013-02-27 10:45:00,33.01,33.03,32.97,33.01,158190
2013-02-27 11:00:00,33.0,33.05,32.98,33.02,217250
2013-02-27 11:15:00,33.02,33.07,33.02,33.05,289213
2013-02-27 11:30:00,33.045,33.05,33.0,33.0,333853
2013-02-27 11:45:00,33.005,33.03,33.0,33.025,379258
2013-02-27 12:00:00,33.025,33.06,33.02,33.05,459059
2013-02-27 12:15:00,33.05,33.06,33.03,33.03,496801
2013-02-27 12:30:00,33.03,33.12,33.03,33.12,542857
2013-02-27 12:45:00,33.115,33.14,33.115,33.135,572023
2013-02-27 13:00:00,33.135,33.18,33.13,33.15,621470
2013-02-27 13:15:00,33.15,33.21,33.14,33.21,667945
2013-02-27 13:30:00,33.2,33.23,33.2,33.23,689650
2013-02-27 13:45:00,33.23,33.31,33.225,33.31,730806
2013-02-27 14:00:00,33.3,33.31,33.12,33.2,821202
2013-02-27 14:15:00,33.21,33.2699,33.1999,33.26,867081
2013-02-27 14:30:00,33.27,33.3,33.24,33.29,907201
2013-02-27 14:45:00,33.3,33.35,33.2899,33.34,992900
2013-02-27 15:00:00,33.34,33.47,33.34,33.46,1100306
2013-02-27 15:15:00,33.46,33.5,33.35,33.5,1195719
2013-02-27 15:30:00,33.5,33.58,33.46,33.55,1381393
2013-02-27 15:45:00,33.5599,33.72,33.54,33.715,1571538
2013-02-27 16:00:00,33.72,33.77,33.62,33.74,2441725
2013-02-28 09:45:00,33.7,33.85,33.64,33.7399,46814
2013-02-28 10:00:00,33.73,33.8,33.48,33.54,79834
2013-02-28 10:15:00,33.55,33.59,33.5,33.52,119453
2013-02-28 10:30:00,33.52,33.59,33.41,33.48,151970
2013-02-28 10:45:00,33.47,33.48,33.27,33.32,195087
2013-02-28 11:00:00,33.32,33.39,33.29,33.34,225671
2013-02-28 11:15:00,33.33,33.48,33.32,33.48,265831
2013-02-28 11:30:00,33.48,33.53,33.38,33.44,323741
2013-02-28 11:45:00,33.45,33.47,33.37,33.44,365398
2013-02-28 12:00:00,33.44,33.49,33.44,33.45,383708
2013-02-28 12:15:00,33.44,33.445,33.4,33.42,396602
2013-02-28 12:30:00,33.425,33.43,33.34,33.395,442459
2013-02-28 12:45:00,33.395,33.48,33.37,33.45,470117
2013-02-28 13:00:00,33.46,33.48,33.455,33.48,477871
2013-02-28 13:15:00,33.48,33.51,33.45,33.5,527121
2013-02-28 13:30:00,33.5,33.58,33.495,33.58,556889
2013-02-28 13:45:00,33.58,33.59,33.56,33.59,585789
2013-02-28 14:00:00,33.585,33.615,33.57,33.57,613342
2013-02-28 14:15:00,33.58,33.66,33.57,33.65,639835
2013-02-28 14:30:00,33.64,33.69,33.61,33.69,694064
2013-02-28 14:45:00,33.69,33.75,33.625,33.73,776744
2013-02-28 15:00:00,33.74,33.75,33.665,33.72,829542
2013-02-28 15:15:00,33.72,33.73,33.63,33.66,992126
2013-02-28 15:30:00,33.66,33.74,33.63,33.655,1182022
2013-02-28 15:45:00,33.65,33.68,33.56,33.57,1284769
2013-02-28 16:00:00,33.57,33.78,33.565,33.68,1763942
2013-03-01 09:45:00,33.49,33.59,33.36,33.42,45561
2013-03-01 10:00:00,33.4,33.52,33.29,33.48,96131
2013-03-01 10:15:00,33.5,33.52,33.45,33.491,134240
2013-03-01 10:30:00,33.493,33.59,33.44,33.57,196618
2013-03-01 10:45:00,33.57,33.63,33.52,33.605,242697
2013-03-01 11:00:00,33.605,33.69,33.58,33.68,265398
2013-03-01 11:15:00,33.67,33.77,33.66,33.68,354925
2013-03-01 11:30:00,33.66,33.79,33.605,33.74,412255
2013-03-01 11:45:00,33.74,33.8,33.65,33.74,513394
2013-03-01 12:00:00,33.74,33.8,33.68,33.79,559345
2013-03-01 12:15:00,33.78,33.825,33.725,33.76,618039
2013-03-01 12:30:00,33.75,33.82,33.725,33.79,660620
2013-03-01 12:45:00,33.79,33.89,33.79,33.84,735500
2013-03-01 13:00:00,33.84,34.0,33.81,34.0,826846
2013-03-01 13:15:00,33.99,34.0,33.92,34.0,894528
2013-03-01 13:30:00,34.0,34.01,33.93,34.0,1070451
2013-03-01 13:45:00,34.0,34.0,33.87,33.87,1088122
2013-03-01 14:00:00,33.88,33.98,33.855,33.98,1124756
2013-03-01 14:15:00,33.98,34.01,33.95,33.955,1194874
2013-03-01 14:30:00,33.96,34.015,33.96,34.005,1226666
2013-03-01 14:45:00,34.01,34.04,33.98,34.0125,1256573
2013-03-01 15:00:00,34.02,34.04,34.0,34.03,1311844
2013-03-01 15:15:00,34.03,34.09,33.99,34.09,1371231
2013-03-01 15:30:00,34.09,34.105,33.99,34.0001,1472612
2013-03-01 15:45:00,34.005,34.08,34.0,34.01,1692318
2013-03-01 16:00:00,34.01,34.065,34.01,34.03,1763184
2013-03-04 09:45:00,33.68,33.79,33.51,33.7,26138
2013-03-04 10:00:00,33.69,33.86,33.69,33.835,42512
2013-03-04 10:15:00,33.84,33.86,33.82,33.82,50112
2013-03-04 10:30:00,33.82,33.82,33.7,33.74,75026
2013-03-04 10:45:00,33.75,33.845,33.745,33.84,112226
2013-03-04 11:00:00,33.85,33.925,33.85,33.91,163538
2013-03-04 11:15:00,33.9,33.905,33.76,33.76,182384
2013-03-04 11:30:00,33.76,33.845,33.74,33.8,202853
2013-03-04 11:45:00,33.81,33.81,33.67,33.68,246226
2013-03-04 12:00:00,33.67,33.81,33.67,33.81,281926
2013-03-04 12:15:00,33.81,33.82,33.55,33.59,382783
2013-03-04 12:30:00,33.59,33.595,33.46,33.495,412103
2013-03-04 12:45:00,33.49,33.505,33.42,33.43,455863
2013-03-04 13:00:00,33.43,33.48,33.43,33.47,495851
2013-03-04 13:15:00,33.475,33.48,33.41,33.44,512404
2013-03-04 13:30:00,33.45,33.54,33.41,33.53,550462
2013-03-04 13:45:00,33.55,33.57,33.5,33.54,579434
2013-03-04 14:00:00,33.54,33.61,33.52,33.61,611324
2013-03-04 14:15:00,33.61,33.72,33.56,33.72,659271
2013-03-04 14:30:00,33.73,33.815,33.73,33.79,692974
2013-03-04 14:45:00,33.79,33.855,33.79,33.8345,725861
2013-03-04 15:00:00,33.83,33.835,33.77,33.82,750624
2013-03-04 15:15:00,33.82,33.82,33.71,33.725,781155
2013-03-04 15:30:00,33.725,33.82,33.725,33.79,828404
2013-03-04 15:45:00,33.79,33.865,33.785,33.8363,868474
2013-03-04 16:00:00,33.83,33.91,33.76,33.91,1158163
2013-03-05 09:45:00,34.1,34.21,33.9,34.1,34211
2013-03-05 10:00:00,34.15,34.18,34.1,34.12,52150
2013-03-05 10:15:00,34.12,34.19,34.04,34.04,72477
2013-03-05 10:30:00,34.05,34.07,34.0,34.06,88098
2013-03-05 10:45:00,34.06,34.13,34.06,34.12,107417
2013-03-05 11:00:00,34.13,34.18,34.115,34.17,149921
2013-03-05 11:15:00,34.17,34.26,34.13,34.25,200766
2013-03-05 11:30:00,34.25,34.25,34.17,34.1737,234016
2013-03-05 11:45:00,34.18,34.24,34.16,34.23,255473
2013-03-05 12:00:00,34.22,34.31,34.22,34.3,280673
2013-03-05 12:15:00,34.2999,34.32,34.2999,34.305,305633
2013-03-05 12:30:00,34.31,34.32,34.2418,34.26,333636
2013-03-05 12:45:00,34.265,34.265,34.22,34.23,348590
2013-03-05 13:00:00,34.23,34.24,34.19,34.19,354590
2013-03-05 13:15:00,34.18,34.21,34.1,34.12,405013
2013-03-05 13:30:00,34.12,34.23,34.12,34.2225,430546
2013-03-05 13:45:00,34.22,34.25,34.2,34.2,447449
2013-03-05 14:00:00,34.21,34.255,34.21,34.24,510886
2013-03-05 14:15:00,34.245,34.27,34.2384,34.265,534798
2013-03-05 14:30:00,34.27,34.28,34.19,34.195,582730
2013-03-05 14:45:00,34.19,34.245,34.19,34.21,606444
2013-03-05 15:00:00,34.22,34.3225,34.22,34.29,636189
2013-03-05 15:15:00,34.29,34.29,34.21,34.25,671557
2013-03-05 15:30:00,34.25,34.26,34.19,34.19,724019
2013-03-05 15:45:00,34.18,34.26,34.18,34.25,861178
2013-03-05 16:00:00,34.25,34.26,34.17,34.18,1032268
2013-03-06 09:45:00,34.44,34.5,34.35,34.41,81937
2013-03-06 10:00:00,34.42,34.45,34.35,34.44,110048
2013-03-06 10:15:00,34.44,34.46,34.39,34.45,134693
2013-03-06 10:30:00,34.46,34.61,34.45,34.58,172036
2013-03-06 10:45:00,34.57,34.57,34.5,34.51,178587
2013-03-06 11:00:00,34.54,34.54,34.46,34.46,192507
2013-03-06 11:15:00,34.46,34.4799,34.42,34.45,206991
2013-03-06 11:30:00,34.46,34.48,34.42,34.42,217672
2013-03-06 11:45:00,34.41,34.52,34.4,34.441,254094
2013-03-06 12:00:00,34.44,34.56,34.435,34.529,293129
2013-03-06 12:15:00,34.53,34.56,34.495,34.5,325612
2013-03-06 12:30:00,34.5,34.5,34.41,34.47,351290
2013-03-06 12:45:00,34.45,34.48,34.41,34.41,376924
2013-03-06 13:00:00,34.415,34.42,34.35,34.36,406795
2013-03-06 13:15:00,34.35,34.45,34.35,34.44,439527
2013-03-06 13:30:00,34.45,34.49,34.43,34.49,462231
2013-03-06 13:45:00,34.5,34.54,34.47,34.54,476054
2013-03-06 14:00:00,34.54,34.58,34.53,34.54,499308
2013-03-06 14:15:00,34.545,34.555,34.4,34.41,542690
2013-03-06 14:30:00,34.41,34.44,34.35,34.35,578053
2013-03-06 14:45:00,34.36,34.46,34.35,34.44,609349
2013-03-06 15:00:00,34.435,34.49,34.425,34.4435,644258
2013-03-06 15:15:00,34.445,34.48,34.43,34.43,713300
2013-03-06 15:30:00,34.4235,34.54,34.42,34.47,783303
2013-03-06 15:45:00,34.47,34.51,34.36,34.45,918508
2013-03-06 16:00:00,34.46,34.61,34.44,34.6,1157904
2013-03-07 09:45:00,34.55,34.615,34.37,34.38,32019
2013-03-07 10:00:00,34.4,34.41,34.32,34.38,57699
2013-03-07 10:15:00,34.38,34.385,34.23,34.26,82575
2013-03-07 10:30:00,34.27,34.4,34.27,34.4,100325
2013-03-07 10:45:00,34.4,34.48,34.39,34.46,122853
2013-03-07 11:00:00,34.44,34.44,34.34,34.3887,150503
2013-03-07 11:15:00,34.4,34.41,34.37,34.4,180199
2013-03-07 11:30:00,34.395,34.44,34.38,34.4035,211740
2013-03-07 11:45:00,34.405,34.43,34.365,34.4,291010
2013-03-07 12:00:00,34.4,34.41,34.36,34.37,327016
2013-03-07 12:15:00,34.379,34.41,34.36,34.39,365524
2013-03-07 12:30:00,34.39,34.44,34.39,34.41,384170
2013-03-07 12:45:00,34.4,34.42,34.4,34.42,390070
2013-03-07 13:00:00,34.415,34.46,34.41,34.43,418463
2013-03-07 13:15:00,34.43,34.44,34.37,34.38,463107
2013-03-07 13:30:00,34.38,34.38,34.29,34.29,483907
2013-03-07 13:45:00,34.3,34.3,34.23,34.26,516765
2013-03-07 14:00:00,34.25,34.36,34.25,34.35,542960
2013-03-07 14:15:00,34.35,34.37,34.31,34.34,567807
2013-03-07 14:30:00,34.34,34.4,34.32,34.38,600904
2013-03-07 14:45:00,34.37,34.375,34.21,34.225,699721
2013-03-07 15:00:00,34.225,34.25,34.19,34.24,770043
2013-03-07 15:15:00,34.25,34.34,34.24,34.3,869621
2013-03-07 15:30:00,34.31,34.33,34.23,34.33,915137
2013-03-07 15:45:00,34.33,34.34,34.27,34.31,1002557
2013-03-07 16:00:00,34.3,34.35,34.26,34.29,1258286
2013-03-08 09:45:00,34.48,34.62,34.31,34.325,19464
2013-03-08 10:00:00,34.34,34.39,34.28,34.33,64288
2013-03-08 10:15:00,34.33,34.33,34.15,34.16,117506
2013-03-08 10:30:00,34.155,34.21,34.09,34.15,207456
2013-03-08 10:45:00,34.17,34.21,34.09,34.09,361616
2013-03-08 11:00:00,34.1,34.135,34.0638,34.115,391716
2013-03-08 11:15:00,34.11,34.17,34.065,34.145,468881
2013-03-08 11:30:00,34.15,34.15,34.065,34.135,506257
2013-03-08 11:45:00,34.14,34.21,34.12,34.2,526377
2013-03-08 12:00:00,34.195,34.215,34.19,34.195,555144
2013-03-08 12:15:00,34.195,34.21,34.17,34.18,575149
2013-03-08 12:30:00,34.19,34.21,34.18,34.19,591541
2013-03-08 12:45:00,34.19,34.25,34.185,34.23,620061
2013-03-08 13:00:00,34.24,34.25,34.2,34.21,644592
2013-03-08 13:15:00,34.21,34.24,34.2,34.215,684668
2013-03-08 13:30:00,34.21,34.35,34.21,34.35,774351
2013-03-08 13:45:00,34.36,34.92,34.29,34.7,1325601
2013-03-08 14:00:00,34.7,34.96,34.65,34.95,1453642
2013-03-08 14:15:00,34.95,35.11,34.8,35.01,1738424
2013-03-08 14:30:00,35.01,35.09,34.88,35.005,1846915
2013-03-08 14:45:00,35.0,35.16,34.98,35.07,1916405
2013-03-08 15:00:00,35.07,35.18,34.98,34.9999,2027589
2013-03-08 15:15:00,34.99,35.15,34.99,35.015,2082436
2013-03-08 15:30:00,35.02,35.05,34.98,35.0,2155520
2013-03-08 15:45:00,35.0099,35.04,34.91,34.9275,2335148
2013-03-08 16:00:00,34.93,34.95,34.81,34.9,2643478
2013-03-11 09:45:00,34.84,34.84,34.72,34.73,13329
2013-03-11 10:00:00,34.72,34.73,34.56,34.59,32066
2013-03-11 10:15:00,34.59,34.63,34.53,34.53,53337
2013-03-11 10:30:00,34.55,34.5626,34.5,34.51,75051
2013-03-11 10:45:00,34.52,34.59,34.51,34.58,92451
2013-03-11 11:00:00,34.575,34.61,34.53,34.55,108453
2013-03-11 11:15:00,34.55,34.66,34.55,34.66,115853
2013-03-11 11:30:00,34.66,34.67,34.61,34.6699,126367
2013-03-11 11:45:00,34.65,34.73,34.62,34.7125,151754
2013-03-11 12:00:00,34.71,34.75,34.69,34.72,189764
2013-03-11 12:15:00,34.72,34.7799,34.63,34.66,217546
2013-03-11 12:30:00,34.65,34.71,34.65,34.7,233002
2013-03-11 12:45:00,34.7,34.71,34.65,34.65,247802
2013-03-11 13:00:00,34.65,34.67,34.64,34.67,258214
2013-03-11 13:15:00,34.665,34.7,34.66,34.69,269159
2013-03-11 13:30:00,34.7,34.7,34.67,34.67,282157
2013-03-11 13:45:00,34.68,34.68,34.64,34.64,295484
2013-03-11 14:00:00,34.64,34.67,34.61,34.655,319006
2013-03-11 14:15:00,34.66,34.68,34.65,34.68,354700
2013-03-11 14:30:00,34.68,34.72,34.67,34.715,401599
2013-03-11 14:45:00,34.72,34.79,34.71,34.785,415329
2013-03-11 15:00:00,34.79,34.8,34.74,34.74,439628
2013-03-11 15:15:00,34.745,34.835,34.74,34.83,476374
2013-03-11 15:30:00,34.825,34.83,34.72,34.75,524179
2013-03-11 15:45:00,34.76,34.79,34.72,34.78,590825
2013-03-11 16:00:00,34.77,34.825,34.75,34.82,732248
2013-03-12 09:45:00,34.96,34.995,34.82,34.865,72803
2013-03-12 10:00:00,34.84,34.87,34.57,34.64,107538
2013-03-12 10:15:00,34.65,34.72,34.63,34.66,130263
2013-03-12 10:30:00,34.66,34.67,34.6,34.625,147458
2013-03-12 10:45:00,34.63,34.7599,34.54,34.54,186325
2013-03-12 11:00:00,34.54,34.59,34.53,34.56,196925
2013-03-12 11:15:00,34.56,34.57,34.41,34.41,222320
2013-03-12 11:30:00,34.44,34.46,34.39,34.4,247435
2013-03-12 11:45:00,34.38,34.49,34.31,34.47,285868
2013-03-12 12:00:00,34.48,34.5,34.43,34.43,331982
2013-03-12 12:15:00,34.43,34.43,34.35,34.41,365866
2013-03-12 12:30:00,34.41,34.46,34.365,34.38,381583
2013-03-12 12:45:00,34.37,34.55,34.37,34.54,394373
2013-03-12 13:00:00,34.54,34.57,34.48,34.57,409973
2013-03-12 13:15:00,34.57,34.57,34.47,34.5,427181
2013-03-12 13:30:00,34.5,34.52,34.46,34.47,439405
2013-03-12 13:45:00,34.47,34.47,34.39,34.43,463995
2013-03-12 14:00:00,34.435,34.44,34.345,34.35,491821
2013-03-12 14:15:00,34.35,34.4,34.3,34.33,555238
2013-03-12 14:30:00,34.33,34.3625,34.29,34.29,595722
2013-03-12 14:45:00,34.29,34.4,34.26,34.4,644265
2013-03-12 15:00:00,34.4,34.465,34.33,34.33,681998
2013-03-12 15:15:00,34.34,34.58,34.335,34.58,735297
2013-03-12 15:30:00,34.58,34.65,34.56,34.65,819881
2013-03-12 15:45:00,34.64,34.66,34.575,34.59,907903
2013-03-12 16:00:00,34.58,34.68,34.58,34.67,1110267
2013-03-13 09:45:00,34.79,34.79,34.67,34.68,12105
2013-03-13 10:00:00,34.68,34.71,34.63,34.64,50015
2013-03-13 10:15:00,34.63,34.64,34.58,34.64,67440
2013-03-13 10:30:00,34.63,34.6325,34.58,34.6,82992
2013-03-13 10:45:00,34.6,34.6,34.53,34.6,96632
2013-03-13 11:00:00,34.595,34.61,34.59,34.605,104084
2013-03-13 11:15:00,34.595,34.6,34.54,34.545,118197
2013-03-13 11:30:00,34.54,34.58,34.52,34.54,149459
2013-03-13 11:45:00,34.55,34.58,34.545,34.55,162747
2013-03-13 12:00:00,34.55,34.56,34.465,34.465,201851
2013-03-13 12:15:00,34.47,34.5,34.465,34.48,213388
2013-03-13 12:30:00,34.48,34.56,34.48,34.5,229463
2013-03-13 12:45:00,34.505,34.52,34.495,34.5001,251246
2013-03-13 13:00:00,34.51,34.54,34.51,34.535,257576
2013-03-13 13:15:00,34.54,34.58,34.531,34.57,267355
2013-03-13 13:30:00,34.57,34.62,34.57,34.59,277555
2013-03-13 13:45:00,34.6,34.6,34.54,34.59,287252
2013-03-13 14:00:00,34.59,34.61,34.58,34.605,303974
2013-03-13 14:15:00,34.605,34.655,34.6,34.62,317093
2013-03-13 14:30:00,34.615,34.66,34.595,34.63,341685
2013-03-13 14:45:00,34.64,34.67,34.62,34.62,359847
2013-03-13 15:00:00,34.63,34.68,34.585,34.67,383236
2013-03-13 15:15:00,34.6655,34.67,34.58,34.5875,407105
2013-03-13 15:30:00,34.58,34.61,34.58,34.61,455832
2013-03-13 15:45:00,34.605,34.73,34.605,34.645,504003
2013-03-13 16:00:00,34.65,34.75,34.645,34.72,686846
2013-03-14 09:45:00,34.81,34.83,34.64,34.67,23703
2013-03-14 10:00:00,34.675,34.71,34.64,34.71,33811
2013-03-14 10:15:00,34.71,34.71,34.59,34.64,43417
2013-03-14 10:30:00,34.64,34.71,34.63,34.69,48617
2013-03-14 10:45:00,34.7,34.7,34.57,34.62,67719
2013-03-14 11:00:00,34.605,34.605,34.55,34.6,76081
2013-03-14 11:15:00,34.59,34.6,34.5,34.53,99208
2013-03-14 11:30:00,34.53,34.56,34.485,34.52,117049
2013-03-14 11:45:00,34.52,34.58,34.51,34.53,138649
2013-03-14 12:00:00,34.53,34.59,34.502,34.565,165047
2013-03-14 12:15:00,34.57,34.6,34.52,34.57,209857
2013-03-14 12:30:00,34.57,34.625,34.54,34.59,235417
2013-03-14 12:45:00,34.59,34.61,34.57,34.57,252751
2013-03-14 13:00:00,34.57,34.6,34.52,34.555,267212
2013-03-14 13:15:00,34.57,34.6,34.49,34.52,308603
2013-03-14 13:30:00,34.52,34.57,34.49,34.57,321065
2013-03-14 13:45:00,34.57,34.6,34.53,34.539,345981
2013-03-14 14:00:00,34.54,34.6,34.535,34.6,362506
2013-03-14 14:15:00,34.6,34.618,34.56,34.599,384342
2013-03-14 14:30:00,34.6,34.61,34.54,34.55,406628
2013-03-14 14:45:00,34.545,34.55,34.48,34.5,435279
2013-03-14 15:00:00,34.505,34.515,34.49,34.5,462051
2013-03-14 15:15:00,34.51,34.6,34.495,34.525,517623
2013-03-14 15:30:00,34.52,34.6,34.52,34.6,579878
2013-03-14 15:45:00,34.6,34.62,34.59,34.6175,639963
2013-03-14 16:00:00,34.61,34.64,34.59,34.605,792795
2013-03-15 09:45:00,34.83,34.83,34.31,34.54,57869
2013-03-15 10:00:00,34.54,34.5625,34.32,34.38,98735
2013-03-15 10:15:00,34.38,34.4,34.225,34.23,173072
2013-03-15 10:30:00,34.23,34.24,34.18,34.19,242707
2013-03-15 10:45:00,34.2,34.38,34.19,34.32,284029
2013-03-15 11:00:00,34.325,34.325,34.22,34.23,343674
2013-03-15 11:15:00,34.235,34.29,34.235,34.27,361874
2013-03-15 11:30:00,34.27,34.33,34.23,34.31,402374
2013-03-15 11:45:00,34.32,34.33,34.25,34.28,428285
2013-03-15 12:00:00,34.27,34.31,34.27,34.28,444563
2013-03-15 12:15:00,34.28,34.29,34.24,34.25,464963
2013-03-15 12:30:00,34.25,34.26,34.2103,34.2175,542501
2013-03-15 12:45:00,34.23,34.27,34.185,34.229,627693
2013-03-15 13:00:00,34.22,34.25,34.22,34.25,719685
2013-03-15 13:15:00,34.245,34.26,34.21,34.21,749683
2013-03-15 13:30:00,34.22,34.3,34.21,34.3,824224
2013-03-15 13:45:00,34.3,34.41,34.3,34.41,840723
2013-03-15 14:00:00,34.41,34.46,34.35,34.46,881145
2013-03-15 14:15:00,34.47,34.55,34.47,34.51,894438
2013-03-15 14:30:00,34.5,34.5,34.44,34.44,905074
2013-03-15 14:45:00,34.44,34.455,34.41,34.425,916138
2013-03-15 15:00:00,34.425,34.43,34.35,34.36,934636
2013-03-15 15:15:00,34.3501,34.42,34.35,34.42,953953
2013-03-15 15:30:00,34.42,34.4499,34.35,34.4,1001117
2013-03-15 15:45:00,34.4,34.57,34.37,34.53,1116072
2013-03-15 16:00:00,34.525,34.65,34.51,34.63,1403086
2013-03-18 09:45:00,34.42,34.42,34.15,34.28,63665
2013-03-18 10:00:00,34.31,34.5,34.19,34.42,87262
2013-03-18 10:15:00,34.43,34.49,34.35,34.49,109188
2013-03-18 10:30:00,34.5,34.52,34.46,34.49,141600
2013-03-18 10:45:00,34.47,34.54,34.42,34.48,156822
2013-03-18 11:00:00,34.44,34.48,34.43,34.43,162969
2013-03-18 11:15:00,34.42,34.53,34.42,34.5,171197
2013-03-18 11:30:00,34.49,34.56,34.49,34.55,182601
2013-03-18 11:45:00,34.55,34.555,34.51,34.53,189447
2013-03-18 12:00:00,34.53,34.545,34.51,34.5335,196547
2013-03-18 12:15:00,34.55,34.61,34.55,34.5734,202737
2013-03-18 12:30:00,34.58,34.6,34.53,34.54,220437
2013-03-18 12:45:00,34.55,34.565,34.53,34.55,229850
2013-03-18 13:00:00,34.55,34.57,34.53,34.55,237375
2013-03-18 13:15:00,34.55,34.56,34.53,34.54,243585
2013-03-18 13:30:00,34.54,34.57,34.54,34.54,252541
2013-03-18 13:45:00,34.54,34.54,34.46,34.48,259918
2013-03-18 14:00:00,34.48,34.53,34.46,34.53,266418
2013-03-18 14:15:00,34.525,34.58,34.49,34.575,279816
2013-03-18 14:30:00,34.58,34.6,34.56,34.5899,288526
2013-03-18 14:45:00,34.59,34.61,34.55,34.56,298815
2013-03-18 15:00:00,34.56,34.59,34.53,34.53,308315
2013-03-18 15:15:00,34.53,34.575,34.53,34.55,332048
2013-03-18 15:30:00,34.55,34.57,34.47,34.51,368114
2013-03-18 15:45:00,34.52,34.525,34.4412,34.46,409311
2013-03-18 16:00:00,34.47,34.59,34.45,34.58,656487
2013-03-19 09:45:00,34.85,35.0,34.77,34.87,46400
2013-03-19 10:00:00,34.84,34.96,34.84,34.85,89435
2013-03-19 10:15:00,34.85,34.86,34.68,34.7,104035
2013-03-19 10:30:00,34.7,34.7,34.49,34.49,119135
2013-03-19 10:45:00,34.49,34.68,34.46,34.66,140485
2013-03-19 11:00:00,34.66,34.67,34.5001,34.52,150504
2013-03-19 11:15:00,34.53,34.67,34.515,34.61,168830
2013-03-19 11:30:00,34.61,34.62,34.555,34.575,179010
2013-03-19 11:45:00,34.57,34.62,34.525,34.6025,191710
2013-03-19 12:00:00,34.61,34.615,34.38,34.38,209071
2013-03-19 12:15:00,34.37,34.41,34.35,34.35,218169
2013-03-19 12:30:00,34.35,34.4,34.28,34.4,233994
2013-03-19 12:45:00,34.4,34.42,34.3,34.42,253005
2013-03-19 13:00:00,34.43,34.44,34.365,34.4,261621
2013-03-19 13:15:00,34.41,34.43,34.37,34.371,267274
2013-03-19 13:30:00,34.37,34.38,34.21,34.26,382429
2013-03-19 13:45:00,34.25,34.33,34.23,34.33,395260
2013-03-19 14:00:00,34.35,34.4,34.33,34.35,409959
2013-03-19 14:15:00,34.351,34.39,34.335,34.38,435677
2013-03-19 14:30:00,34.39,34.39,34.29,34.37,452242
2013-03-19 14:45:00,34.37,34.41,34.32,34.35,463658
2013-03-19 15:00:00,34.35,34.35,34.31,34.325,478020
2013-03-19 15:15:00,34.32,34.46,34.29,34.44,521661
2013-03-19 15:30:00,34.46,34.48,34.38,34.41,554075
2013-03-19 15:45:00,34.4,34.45,34.33,34.41,616553
2013-03-19 16:00:00,34.41,34.53,34.4,34.48,735423
2013-03-20 09:45:00,34.61,34.62,34.5,34.57,11010
2013-03-20 10:00:00,34.54,34.64,34.54,34.57,17310
2013-03-20 10:15:00,34.56,34.6025,34.53,34.54,27891
2013-03-20 10:30:00,34.55,34.59,34.4595,34.5,37604
2013-03-20 10:45:00,34.5,34.54,34.44,34.54,48565
2013-03-20 11:00:00,34.52,34.62,34.51,34.62,57020
2013-03-20 11:15:00,34.63,34.67,34.62,34.625,70800
2013-03-20 11:30:00,34.63,34.63,34.58,34.63,80993
2013-03-20 11:45:00,34.611,34.62,34.52,34.58,98457
2013-03-20 12:00:00,34.5845,34.61,34.58,34.59,106656
2013-03-20 12:15:00,34.58,34.63,34.575,34.62,119537
2013-03-20 12:30:00,34.62,34.62,34.57,34.58,127537
2013-03-20 12:45:00,34.57,34.57,34.495,34.51,141037
2013-03-20 13:00:00,34.51,34.53,34.46,34.51,191487
2013-03-20 13:15:00,34.51,34.59,34.5,34.58,202907
2013-03-20 13:30:00,34.58,34.63,34.57,34.62,221382
2013-03-20 13:45:00,34.62,34.64,34.57,34.6,254263
2013-03-20 14:00:00,34.6,34.625,34.42,34.42,284373
2013-03-20 14:15:00,34.44,34.67,34.44,34.56,332982
2013-03-20 14:30:00,34.57,34.695,34.56,34.63,362514
2013-03-20 14:45:00,34.65,34.66,34.61,34.66,376869
2013-03-20 15:00:00,34.6501,34.69,34.62,34.68,415525
2013-03-20 15:15:00,34.65,34.65,34.545,34.58,433945
2013-03-20 15:30:00,34.57,34.66,34.54,34.6,500151
2013-03-20 15:45:00,34.59,34.66,34.57,34.65,539477
2013-03-20 16:00:00,34.65,34.685,34.64,34.66,669003
2013-03-21 09:45:00,34.56,34.59,34.34,34.505,39329
2013-03-21 10:00:00,34.5,34.51,34.5,34.5,101036
2013-03-21 10:15:00,34.5,34.6,34.38,34.38,178673
2013-03-21 10:30:00,34.38,34.4,34.34,34.395,234273
2013-03-21 10:45:00,34.39,34.39,34.23,34.265,275439
2013-03-21 11:00:00,34.2775,34.28,34.21,34.2501,296613
2013-03-21 11:15:00,34.25,34.27,34.25,34.26,305055
2013-03-21 11:30:00,34.25,34.47,34.25,34.47,321770
2013-03-21 11:45:00,34.47,34.63,34.47,34.63,337693
2013-03-21 12:00:00,34.62,34.64,34.48,34.48,354043
2013-03-21 12:15:00,34.47,34.48,34.4,34.4,364049
2013-03-21 12:30:00,34.405,34.405,34.34,34.36,377349
2013-03-21 12:45:00,34.36,34.54,34.36,34.45,393583
2013-03-21 13:00:00,34.45,34.5,34.45,34.48,398183
2013-03-21 13:15:00,34.47,34.49,34.4,34.4,407464
2013-03-21 13:30:00,34.4001,34.42,34.36,34.38,420614
2013-03-21 13:45:00,34.38,34.4,34.3701,34.395,440714
2013-03-21 14:00:00,34.38,34.5,34.38,34.5,464716
2013-03-21 14:15:00,34.48,34.485,34.39,34.47,483100
2013-03-21 14:30:00,34.46,34.49,34.45,34.48,493146
2013-03-21 14:45:00,34.49,34.5,34.425,34.45,501446
2013-03-21 15:00:00,34.46,34.485,34.41,34.46,509963
2013-03-21 15:15:00,34.46,34.51,34.44,34.47,523674
2013-03-21 15:30:00,34.46,34.51,34.38,34.49,542077
2013-03-21 15:45:00,34.49,34.49,34.42,34.47,565088
2013-03-21 16:00:00,34.46,34.48,34.41,34.445,745479
2013-03-22 09:45:00,34.61,34.61,34.28,34.42,42802
2013-03-22 10:00:00,34.42,34.46,34.21,34.33,90071
2013-03-22 10:15:00,34.29,34.52,34.28,34.445,113755
2013-03-22 10:30:00,34.445,34.48,34.44,34.48,123457
2013-03-22 10:45:00,34.5,34.515,34.42,34.42,133147
2013-03-22 11:00:00,34.425,34.53,34.42,34.52,156828
2013-03-22 11:15:00,34.53,34.539,34.45,34.45,162278
2013-03-22 11:30:00,34.45,34.52,34.45,34.48,172211
2013-03-22 11:45:00,34.48,34.491,34.43,34.44,177111
2013-03-22 12:00:00,34.43,34.475,34.42,34.45,186954
2013-03-22 12:15:00,34.45,34.46,34.42,34.42,202075
2013-03-22 12:30:00,34.41,34.43,34.36,34.39,213290
2013-03-22 12:45:00,34.41,34.415,34.36,34.4,224538
2013-03-22 13:00:00,34.3901,34.43,34.385,34.4,236254
2013-03-22 13:15:00,34.4,34.48,34.37,34.475,258968
2013-03-22 13:30:00,34.47,34.5,34.44,34.5,268740
2013-03-22 13:45:00,34.5,34.5,34.43,34.45,282734
2013-03-22 14:00:00,34.45,34.52,34.44,34.52,293765
2013-03-22 14:15:00,34.51,34.52,34.48,34.5,303913
2013-03-22 14:30:00,34.49,34.515,34.49,34.495,310503
2013-03-22 14:45:00,34.5,34.5,34.45,34.5,316803
2013-03-22 15:00:00,34.49,34.51,34.49,34.51,328833
2013-03-22 15:15:00,34.51,34.55,34.49,34.55,344961
2013-03-22 15:30:00,34.55,34.555,34.49,34.5,379258
2013-03-22 15:45:00,34.49,34.6,34.49,34.57,439208
2013-03-22 16:00:00,34.58,34.64,34.56,34.62,629120
2013-03-25 09:45:00,34.75,34.75,34.56,34.65,11095
2013-03-25 10:00:00,34.645,34.84,34.645,34.8,31064
2013-03-25 10:15:00,34.77,34.8587,34.77,34.83,49769
2013-03-25 10:30:00,34.8325,34.87,34.75,34.75,75095
2013-03-25 10:45:00,34.725,34.76,34.63,34.65,131083
2013-03-25 11:00:00,34.68,34.68,34.55,34.55,141905
2013-03-25 11:15:00,34.53,34.53,34.4,34.45,162133
2013-03-25 11:30:00,34.44,34.46,34.37,34.43,171783
2013-03-25 11:45:00,34.43,34.47,34.43,34.43,174983
2013-03-25 12:00:00,34.42,34.47,34.42,34.44,178764
2013-03-25 12:15:00,34.444,34.444,34.4101,34.44,183794
2013-03-25 12:30:00,34.47,34.47,34.4,34.41,189794
2013-03-25 12:45:00,34.4,34.47,34.39,34.46,194094
2013-03-25 13:00:00,34.44,34.45,34.4,34.41,200444
2013-03-25 13:15:00,34.39,34.4,34.32,34.345,207944
2013-03-25 13:30:00,34.32,34.405,34.32,34.4,215409
2013-03-25 13:45:00,34.41,34.42,34.385,34.42,226825
2013-03-25 14:00:00,34.43,34.54,34.42,34.52,237515
2013-03-25 14:15:00,34.51,34.51,34.41,34.41,293040
2013-03-25 14:30:00,34.41,34.45,34.41,34.43,302566
2013-03-25 14:45:00,34.435,34.49,34.42,34.47,315445
2013-03-25 15:00:00,34.48,34.55,34.47,34.5,333935
2013-03-25 15:15:00,34.51,34.63,34.45,34.63,369552
2013-03-25 15:30:00,34.61,34.62,34.5,34.55,399952
2013-03-25 15:45:00,34.55,34.57,34.5,34.53,443313
2013-03-25 16:00:00,34.53,34.64,34.52,34.6,582534
2013-03-26 09:45:00,34.77,34.87,34.7,34.84,13774
2013-03-26 10:00:00,34.83,34.93,34.8,34.92,30270
2013-03-26 10:15:00,34.91,34.96,34.79,34.9565,50370
2013-03-26 10:30:00,34.95,34.955,34.84,34.89,57781
2013-03-26 10:45:00,34.87,34.93,34.87,34.89,84338
2013-03-26 11:00:00,34.9,34.92,34.88,34.89,118972
2013-03-26 11:15:00,34.9,34.92,34.87,34.91,146483
2013-03-26 11:30:00,34.9,34.95,34.9,34.9,187055
2013-03-26 11:45:00,34.91,34.94,34.905,34.9225,200456
2013-03-26 12:00:00,34.92,34.93,34.88,34.89,226790
2013-03-26 12:15:00,34.89,34.91,34.89,34.89,269490
2013-03-26 12:30:00,34.9,34.91,34.89,34.895,302134
2013-03-26 12:45:00,34.9,34.93,34.89,34.89,322390
2013-03-26 13:00:00,34.9,34.92,34.88,34.9,332400
2013-03-26 13:15:00,34.89,34.92,34.87,34.9,344318
2013-03-26 13:30:00,34.91,34.95,34.89,34.9,359052
2013-03-26 13:45:00,34.9,34.92,34.88,34.895,380040
2013-03-26 14:00:00,34.9,34.91,34.875,34.89,439695
2013-03-26 14:15:00,34.89,34.94,34.87,34.905,470545
2013-03-26 14:30:00,34.922,34.95,34.922,34.93,476425
2013-03-26 14:45:00,34.93,34.945,34.9,34.93,484668
2013-03-26 15:00:00,34.93,34.97,34.9,34.96,494031
2013-03-26 15:15:00,34.95,34.97,34.93,34.96,501679
2013-03-26 15:30:00,34.98,34.98,34.94,34.94,513278
2013-03-26 15:45:00,34.94,34.98,34.94,34.95,533209
2013-03-26 16:00:00,34.95,34.99,34.95,34.99,577456
2013-03-27 09:45:00,34.76,34.89,34.64,34.89,16782
2013-03-27 10:00:00,34.88,34.88,34.75,34.82,32263
2013-03-27 10:15:00,34.81,34.94,34.75,34.8,53267
2013-03-27 10:30:00,34.83,34.97,34.79,34.97,126352
2013-03-27 10:45:00,34.95,34.99,34.9,34.98,143918
2013-03-27 11:00:00,34.98,35.0,34.93,34.98,221382
2013-03-27 11:15:00,34.99,34.99,34.96,34.99,229977
2013-03-27 11:30:00,34.98,35.0,34.98,34.995,260156
2013-03-27 11:45:00,35.0,35.05,34.99,35.01,294736
2013-03-27 12:00:00,35.01,35.01,34.95,34.99,308737
2013-03-27 12:15:00,34.9794,35.01,34.9736,35.0,316399
2013-03-27 12:30:00,35.0,35.01,34.96,35.0,329198
2013-03-27 12:45:00,35.0,35.06,35.0,35.05,333598
2013-03-27 13:00:00,35.03,35.04,34.98,35.03,339298
2013-03-27 13:15:00,35.02,35.04,34.9901,35.03,345319
2013-03-27 13:30:00,35.03,35.06,35.02,35.02,348734
2013-03-27 13:45:00,35.04,35.08,35.01,35.07,356659
2013-03-27 14:00:00,35.07,35.08,35.04,35.04,361759
2013-03-27 14:15:00,35.05,35.1,35.0401,35.06,381976
2013-03-27 14:30:00,35.06,35.105,35.05,35.08,421263
2013-03-27 14:45:00,35.08,35.13,35.05,35.0999,440268
2013-03-27 15:00:00,35.1,35.14,35.09,35.13,464442
2013-03-27 15:15:00,35.12,35.14,35.1,35.12,496841
2013-03-27 15:30:00,35.12,35.125,35.04,35.09,575360
2013-03-27 15:45:00,35.09,35.15,35.07,35.15,630770
2013-03-27 16:00:00,35.14,35.18,35.13,35.16,686310
2013-03-28 09:45:00,35.13,35.31,35.07,35.25,33911
2013-03-28 10:00:00,35.26,35.34,35.18,35.34,102128
2013-03-28 10:15:00,35.34,35.36,35.3,35.345,120828
2013-03-28 10:30:00,35.34,35.35,35.28,35.31,145993
2013-03-28 10:45:00,35.31,35.34,35.26,35.26,155088
2013-03-28 11:00:00,35.275,35.32,35.25,35.3,171188
2013-03-28 11:15:00,35.31,35.33,35.26,35.3,180388
2013-03-28 11:30:00,35.3,35.31,35.25,35.285,187886
2013-03-28 11:45:00,35.29,35.29,35.245,35.28,195386
2013-03-28 12:00:00,35.265,35.3,35.24,35.25,272286
2013-03-28 12:15:00,35.25,35.29,35.225,35.26,289679
2013-03-28 12:30:00,35.24,35.27,35.18,35.22,311386
2013-03-28 12:45:00,35.22,35.225,35.175,35.18,328600
2013-03-28 13:00:00,35.17,35.24,35.15,35.24,343693
2013-03-28 13:15:00,35.22,35.28,35.2017,35.22,372330
2013-03-28 13:30:00,35.215,35.275,35.21,35.275,424958
2013-03-28 13:45:00,35.27,35.34,35.25,35.32,439534
2013-03-28 14:00:00,35.33,35.41,35.33,35.4,463560
2013-03-28 14:15:00,35.385,35.45,35.38,35.45,479702
2013-03-28 14:30:00,35.44,35.5,35.42,35.5,518155
2013-03-28 14:45:00,35.49,35.55,35.48,35.55,545921
2013-03-28 15:00:00,35.54,35.64,35.54,35.64,601336
2013-03-28 15:15:00,35.63,35.64,35.605,35.63,654438
2013-03-28 15:30:00,35.64,35.65,35.62,35.64,728305
2013-03-28 15:45:00,35.64,35.73,35.59,35.65,868066
2013-03-28 16:00:00,35.62,35.84,35.6,35.82,1231293
2013-04-01 09:45:00,35.57,35.67,35.05,35.13,174928
2013-04-01 10:00:00,35.14,35.45,35.13,35.44,232210
2013-04-01 10:15:00,35.44,35.46,35.33,35.415,269896
2013-04-01 10:30:00,35.41,35.52,35.39,35.52,291896
2013-04-01 10:45:00,35.52,35.69,35.49,35.69,353435
2013-04-01 11:00:00,35.69,35.7,35.5,35.52,441037
2013-04-01 11:15:00,35.51,35.51,35.39,35.45,456892
2013-04-01 11:30:00,35.4792,35.48,35.37,35.48,468411
2013-04-01 11:45:00,35.48,35.495,35.39,35.41,498934
2013-04-01 12:00:00,35.405,35.48,35.4,35.43,507717
2013-04-01 12:15:00,35.405,35.42,35.35,35.41,549270
2013-04-01 12:30:00,35.4,35.41,35.35,35.395,562925
2013-04-01 12:45:00,35.39,35.4,35.345,35.36,573684
2013-04-01 13:00:00,35.35,35.39,35.32,35.39,585394
2013-04-01 13:15:00,35.38,35.4,35.33,35.4,618691
2013-04-01 13:30:00,35.4,35.4,35.3,35.34,643239
2013-04-01 13:45:00,35.34,35.37,35.32,35.33,668262
2013-04-01 14:00:00,35.33,35.37,35.33,35.36,684654
2013-04-01 14:15:00,35.36,35.4,35.35,35.4,718715
2013-04-01 14:30:00,35.4,35.4,35.385,35.4,754312
2013-04-01 14:45:00,35.4,35.43,35.32,35.32,822815
2013-04-01 15:00:00,35.32,35.33,35.27,35.275,852410
2013-04-01 15:15:00,35.275,35.38,35.27,35.355,879862
2013-04-01 15:30:00,35.34,35.385,35.28,35.335,910584
2013-04-01 15:45:00,35.33,35.36,35.27,35.27,983313
2013-04-01 16:00:00,35.28,35.37,35.28,35.37,1153165
2013-04-02 09:45:00,35.55,35.55,35.29,35.3374,47051
2013-04-02 10:00:00,35.34,35.38,35.285,35.31,117627
2013-04-02 10:15:00,35.31,35.335,35.28,35.295,151921
2013-04-02 10:30:00,35.31,35.33,35.275,35.3,178958
2013-04-02 10:45:00,35.29,35.2925,35.17,35.26,232658
2013-04-02 11:00:00,35.28,35.38,35.265,35.35,271270
2013-04-02 11:15:00,35.35,35.37,35.25,35.29,325235
2013-04-02 11:30:00,35.3,35.35,35.29,35.34,338992
2013-04-02 11:45:00,35.345,35.37,35.32,35.34,350492
2013-04-02 12:00:00,35.34,35.39,35.3,35.3,395099
2013-04-02 12:15:00,35.32,35.365,35.31,35.34,422081
2013-04-02 12:30:00,35.34,35.35,35.3,35.3,434360
2013-04-02 12:45:00,35.3,35.34,35.26,35.285,455360
2013-04-02 13:00:00,35.29,35.33,35.28,35.33,477714
2013-04-02 13:15:00,35.32,35.33,35.27,35.31,593319
2013-04-02 13:30:00,35.31,35.37,35.31,35.36,618217
2013-04-02 13:45:00,35.35,35.375,35.35,35.37,628697
2013-04-02 14:00:00,35.37,35.44,35.37,35.42,642128
2013-04-02 14:15:00,35.41,35.44,35.4,35.4,659458
2013-04-02 14:30:00,35.4,35.4001,35.34,35.365,676509
2013-04-02 14:45:00,35.3499,35.3499,35.28,35.33,689207
2013-04-02 15:00:00,35.34,35.36,35.29,35.345,711997
2013-04-02 15:15:00,35.345,35.37,35.34,35.36,758103
2013-04-02 15:30:00,35.365,35.39,35.36,35.38,790311
2013-04-02 15:45:00,35.37,35.38,35.3,35.33,821933
2013-04-02 16:00:00,35.33,35.38,35.295,35.35,1055024
2013-04-03 09:45:00,35.23,35.45,34.95,35.18,127813
2013-04-03 10:00:00,35.18,35.19,34.89,34.9375,191434
2013-04-03 10:15:00,34.93,34.95,34.79,34.81,332550
2013-04-03 10:30:00,34.84,34.86,34.75,34.76,380796
2013-04-03 10:45:00,34.75,34.92,34.705,34.92,415852
2013-04-03 11:00:00,34.92,34.97,34.89,34.935,473727
2013-04-03 11:15:00,34.93,35.0,34.93,34.96,500492
2013-04-03 11:30:00,34.955,35.0,34.94,34.98,516969
2013-04-03 11:45:00,34.98,35.03,34.91,34.96,562830
2013-04-03 12:00:00,34.96,35.015,34.96,34.985,574880
2013-04-03 12:15:00,34.9801,34.99,34.97,34.98,582223
2013-04-03 12:30:00,34.98,34.98,34.93,34.945,593227
2013-04-03 12:45:00,34.945,34.96,34.935,34.945,605354
2013-04-03 13:00:00,34.95,34.97,34.94,34.96,613918
2013-04-03 13:15:00,34.97,35.0,34.96,34.97,638370
2013-04-03 13:30:00,34.96,34.97,34.95,34.97,644870
2013-04-03 13:45:00,34.97,34.97,34.84,34.855,660713
2013-04-03 14:00:00,34.86,34.88,34.82,34.83,668717
2013-04-03 14:15:00,34.83,34.92,34.825,34.87,690756
2013-04-03 14:30:00,34.87,34.91,34.865,34.89,700526
2013-04-03 14:45:00,34.89,34.93,34.885,34.93,709572
2013-04-03 15:00:00,34.92,34.965,34.9,34.92,741716
2013-04-03 15:15:00,34.93,34.96,34.9,34.95,769345
2013-04-03 15:30:00,34.955,35.02,34.955,35.02,817108
2013-04-03 15:45:00,35.02,35.02,34.9,34.965,890721
2013-04-03 16:00:00,34.98,35.03,34.96,35.02,989986
2013-04-04 09:45:00,35.09,35.09,34.91,35.005,11377
2013-04-04 10:00:00,34.9901,35.04,34.97,35.04,29343
2013-04-04 10:15:00,35.04,35.145,35.04,35.125,49643
2013-04-04 10:30:00,35.12,35.125,34.99,34.99,64343
2013-04-04 10:45:00,35.0,35.03,34.95,35.005,87743
2013-04-04 11:00:00,35.01,35.01,34.94,34.975,127448
2013-04-04 11:15:00,34.995,35.0,34.9,34.915,137461
2013-04-04 11:30:00,34.93,34.985,34.905,34.975,145185
2013-04-04 11:45:00,34.99,34.99,34.88,34.8811,153790
2013-04-04 12:00:00,34.88,34.88,34.84,34.84,154990
2013-04-04 12:15:00,34.86,34.9,34.84,34.87,168590
2013-04-04 12:30:00,34.87,34.95,34.87,34.94,174690
2013-04-04 12:45:00,34.94,34.98,34.935,34.935,177890
2013-04-04 13:00:00,34.94,34.98,34.94,34.9675,186965
2013-04-04 13:15:00,34.97,34.99,34.94,34.95,200116
2013-04-04 13:30:00,34.945,34.98,34.94,34.98,204759
2013-04-04 13:45:00,34.98,34.981,34.96,34.98,209871
2013-04-04 14:00:00,34.9849,34.99,34.95,34.96,213796
2013-04-04 14:15:00,34.96,34.98,34.96,34.98,221991
2013-04-04 14:30:00,34.99,35.04,34.99,35.0,226691
2013-04-04 14:45:00,35.0,35.0,34.98,35.0,231591
2013-04-04 15:00:00,35.014,35.02,34.97,35.005,245496
2013-04-04 15:15:00,35.01,35.015,34.99,35.01,256366
2013-04-04 15:30:00,35.01,35.01,34.9,34.9,269066
2013-04-04 15:45:00,34.901,34.97,34.9,34.95,293044
2013-04-04 16:00:00,34.93,34.97,34.9,34.96,407898
2013-04-05 09:45:00,34.59,34.78,34.5,34.67,33173
2013-04-05 10:00:00,34.675,34.79,34.66,34.715,64864
2013-04-05 10:15:00,34.72,34.81,34.72,34.81,83264
2013-04-05 10:30:00,34.79,34.85,34.75,34.76,117204
2013-04-05 10:45:00,34.77,34.79,34.71,34.75,157913
2013-04-05 11:00:00,34.73,34.77,34.67,34.74,165368
2013-04-05 11:15:00,34.77,34.77,34.66,34.69,223404
2013-04-05 11:30:00,34.68,34.73,34.61,34.69,312377
2013-04-05 11:45:00,34.7,34.78,34.62,34.72,396377
2013-04-05 12:00:00,34.73,34.73,34.67,34.7,404077
2013-04-05 12:15:00,34.705,34.74,34.67,34.69,421981
2013-04-05 12:30:00,34.71,34.74,34.68,34.6925,443715
2013-04-05 12:45:00,34.695,34.73,34.67,34.71,463954
2013-04-05 13:00:00,34.705,34.705,34.63,34.64,478354
2013-04-05 13:15:00,34.64,34.66,34.63,34.64,491831
2013-04-05 13:30:00,34.645,34.655,34.63,34.65,507222
2013-04-05 13:45:00,34.65,34.671,34.64,34.65,529226
2013-04-05 14:00:00,34.66,34.665,34.64,34.65,551538
2013-04-05 14:15:00,34.655,34.675,34.57,34.575,593684
2013-04-05 14:30:00,34.575,34.61,34.57,34.595,622667
2013-04-05 14:45:00,34.595,34.6,34.59,34.595,635871
2013-04-05 15:00:00,34.595,34.625,34.59,34.6,665080
2013-04-05 15:15:00,34.595,34.6,34.58,34.585,697336
2013-04-05 15:30:00,34.585,34.59,34.52,34.52,719611
2013-04-05 15:45:00,34.52,34.58,34.52,34.57,760447
2013-04-05 16:00:00,34.58,34.65,34.57,34.6,881513
2013-04-08 09:45:00,34.54,34.93,34.54,34.93,26207
2013-04-08 10:00:00,34.89,34.92,34.86,34.91,47287
2013-04-08 10:15:00,34.91,34.91,34.86,34.87,56332
2013-04-08 10:30:00,34.87,34.88,34.81,34.8235,76832
2013-04-08 10:45:00,34.82,34.89,34.82,34.86,107458
2013-04-08 11:00:00,34.845,34.91,34.8,34.87,126154
2013-04-08 11:15:00,34.88,34.88,34.79,34.82,138733
2013-04-08 11:30:00,34.82,34.84,34.8,34.81,156621
2013-04-08 11:45:00,34.81,34.825,34.8,34.8,161321
2013-04-08 12:00:00,34.8,34.85,34.8,34.82,172905
2013-04-08 12:15:00,34.81,34.86,34.81,34.84,183879
2013-04-08 12:30:00,34.835,34.86,34.82,34.845,200377
2013-04-08 12:45:00,34.85,34.89,34.84,34.85,216495
2013-04-08 13:00:00,34.85,34.85,34.84,34.84,226417
2013-04-08 13:15:00,34.85,34.85,34.78,34.81,265978
2013-04-08 13:30:00,34.81,34.83,34.78,34.8,272478
2013-04-08 13:45:00,34.79,34.81,34.76,34.8,285293
2013-04-08 14:00:00,34.78,34.81,34.78,34.795,302343
2013-04-08 14:15:00,34.79,34.83,34.77,34.77,327343
2013-04-08 14:30:00,34.77,34.81,34.77,34.78,337543
2013-04-08 14:45:00,34.78,34.82,34.78,34.8,371860
2013-04-08 15:00:00,34.805,34.83,34.79,34.82,388880
2013-04-08 15:15:00,34.83,34.83,34.79,34.805,415249
2013-04-08 15:30:00,34.81,34.82,34.77,34.8,462823
2013-04-08 15:45:00,34.8,34.85,34.75,34.765,530025
2013-04-08 16:00:00,34.77,34.86,34.74,34.85,720481
2013-04-09 09:45:00,34.91,34.99,34.84,34.94,16842
2013-04-09 10:00:00,34.95,35.05,34.92,34.96,92257
2013-04-09 10:15:00,34.96,35.01,34.91,34.91,173967
2013-04-09 10:30:00,34.89,34.92,34.85,34.9,193472
2013-04-09 10:45:00,34.89,34.91,34.87,34.9,207972
2013-04-09 11:00:00,34.88,34.89,34.84,34.85,213042
2013-04-09 11:15:00,34.84,34.915,34.84,34.9,226203
2013-04-09 11:30:00,34.89,34.89,34.83,34.85,237108
2013-04-09 11:45:00,34.85,34.9,34.845,34.89,246946
2013-04-09 12:00:00,34.88,34.89,34.85,34.87,263906
2013-04-09 12:15:00,34.86,34.88,34.79,34.82,272170
2013-04-09 12:30:00,34.83,34.84,34.82,34.82,273670
2013-04-09 12:45:00,34.83,34.865,34.82,34.83,326835
2013-04-09 13:00:00,34.828,34.88,34.81,34.83,350573
2013-04-09 13:15:00,34.832,34.88,34.832,34.85,359762
2013-04-09 13:30:00,34.85,34.91,34.85,34.89,365880
2013-04-09 13:45:00,34.89,34.9,34.87,34.88,375844
2013-04-09 14:00:00,34.88,34.885,34.85,34.885,384181
2013-04-09 14:15:00,34.885,34.915,34.845,34.89,413801
2013-04-09 14:30:00,34.89,34.91,34.85,34.85,438441
2013-04-09 14:45:00,34.85,34.88,34.84,34.8646,451581
2013-04-09 15:00:00,34.87,34.89,34.84,34.844,491171
2013-04-09 15:15:00,34.85,34.87,34.79,34.795,535734
2013-04-09 15:30:00,34.79,34.8699,34.79,34.855,568982
2013-04-09 15:45:00,34.86,34.87,34.82,34.83,599240
2013-04-09 16:00:00,34.84,34.94,34.84,34.9,737538
2013-04-10 09:45:00,35.02,35.23,34.94,35.21,9297
2013-04-10 10:00:00,35.22,35.39,35.213,35.33,50678
2013-04-10 10:15:00,35.39,35.47,35.365,35.39,61660
2013-04-10 10:30:00,35.43,35.43,35.32,35.35,77559
2013-04-10 10:45:00,35.35,35.435,35.33,35.3805,126311
2013-04-10 11:00:00,35.4,35.415,35.39,35.405,133554
2013-04-10 11:15:00,35.4,35.455,35.3731,35.42,202362
2013-04-10 11:30:00,35.41,35.415,35.35,35.378,209834
2013-04-10 11:45:00,35.37,35.38,35.34,35.35,232650
2013-04-10 12:00:00,35.35,35.4,35.34,35.38,239095
2013-04-10 12:15:00,35.38,35.43,35.3675,35.42,256186
2013-04-10 12:30:00,35.43,35.43,35.395,35.395,263605
2013-04-10 12:45:00,35.4,35.41,35.38,35.38,298657
2013-04-10 13:00:00,35.39,35.39,35.34,35.35,314357
2013-04-10 13:15:00,35.36,35.39,35.36,35.37,324922
2013-04-10 13:30:00,35.35,35.37,35.34,35.35,377471
2013-04-10 13:45:00,35.36,35.38,35.34,35.36,412579
2013-04-10 14:00:00,35.37,35.47,35.37,35.47,422332
2013-04-10 14:15:00,35.47,35.53,35.47,35.52,441380
2013-04-10 14:30:00,35.512,35.56,35.49,35.5,479055
2013-04-10 14:45:00,35.5,35.5,35.43,35.46,484928
2013-04-10 15:00:00,35.4534,35.46,35.41,35.41,494894
2013-04-10 15:15:00,35.42,35.46,35.415,35.44,524226
2013-04-10 15:30:00,35.44,35.47,35.44,35.44,535026
2013-04-10 15:45:00,35.44,35.47,35.43,35.45,554067
2013-04-10 16:00:00,35.46,35.54,35.455,35.5,717143
2013-04-11 09:45:00,35.58,35.69,35.41,35.69,42595
2013-04-11 10:00:00,35.69,35.7399,35.66,35.67,58474
2013-04-11 10:15:00,35.66,35.75,35.66,35.74,79844
2013-04-11 10:30:00,35.74,35.86,35.72,35.85,125589
2013-04-11 10:45:00,35.85,35.9,35.84,35.86,134605
2013-04-11 11:00:00,35.89,35.94,35.88,35.89,147604
2013-04-11 11:15:00,35.92,35.94,35.83,35.845,185065
2013-04-11 11:30:00,35.85,35.85,35.76,35.77,238565
2013-04-11 11:45:00,35.76,35.81,35.76,35.8025,252787
2013-04-11 12:00:00,35.785,35.8,35.77,35.79,260535
2013-04-11 12:15:00,35.79,35.79,35.72,35.73,317032
2013-04-11 12:30:00,35.75,35.76,35.73,35.76,374783
2013-04-11 12:45:00,35.76,35.76,35.75,35.76,382515
2013-04-11 13:00:00,35.75,35.8,35.741,35.8,403185
2013-04-11 13:15:00,35.8,35.81,35.765,35.8,435061
2013-04-11 13:30:00,35.8,35.84,35.8,35.82,471961
2013-04-11 13:45:00,35.82,35.84,35.794,35.82,487687
2013-04-11 14:00:00,35.8135,35.86,35.795,35.8,537888
2013-04-11 14:15:00,35.8,35.84,35.68,35.77,830902
2013-04-11 14:30:00,35.77,35.78,35.715,35.745,845095
2013-04-11 14:45:00,35.745,35.76,35.74,35.745,856519
2013-04-11 15:00:00,35.75,35.82,35.74,35.82,870000
2013-04-11 15:15:00,35.83,35.915,35.82,35.865,888976
2013-04-11 15:30:00,35.86,35.868,35.79,35.81,919781
2013-04-11 15:45:00,35.82,35.88,35.815,35.835,958457
2013-04-11 16:00:00,35.83,35.89,35.79,35.85,1179638
2013-04-12 09:45:00,35.81,35.82,35.67,35.815,62811
2013-04-12 10:00:00,35.805,35.84,35.5901,35.6104,107278
2013-04-12 10:15:00,35.64,35.69,35.6,35.6,117529
2013-04-12 10:30:00,35.59,35.64,35.57,35.62,127029
2013-04-12 10:45:00,35.615,35.62,35.56,35.59,132721
2013-04-12 11:00:00,35.59,35.59,35.44,35.45,153721
2013-04-12 11:15:00,35.44,35.445,35.36,35.39,170056
2013-04-12 11:30:00,35.39,35.486,35.39,35.486,196084
2013-04-12 11:45:00,35.47,35.49,35.44,35.45,220530
2013-04-12 12:00:00,35.45,35.46,35.41,35.45,233660
2013-04-12 12:15:00,35.46,35.5,35.46,35.5,236960
2013-04-12 12:30:00,35.49,35.49,35.44,35.44,241861
2013-04-12 12:45:00,35.435,35.5,35.435,35.4735,245332
2013-04-12 13:00:00,35.47,35.47,35.4,35.44,258745
2013-04-12 13:15:00,35.47,35.5,35.38,35.41,279260
2013-04-12 13:30:00,35.41,35.41,35.34,35.36,290934
2013-04-12 13:45:00,35.355,35.48,35.355,35.48,300534
2013-04-12 14:00:00,35.47,35.47,35.405,35.43,313749
2013-04-12 14:15:00,35.43,35.45,35.43,35.44,317859
2013-04-12 14:30:00,35.43,35.45,35.4,35.44,329167
2013-04-12 14:45:00,35.45,35.48,35.44,35.47,335267
2013-04-12 15:00:00,35.47,35.5,35.4336,35.47,391074
2013-04-12 15:15:00,35.47,35.5,35.42,35.495,425792
2013-04-12 15:30:00,35.495,35.51,35.49,35.501,447007
2013-04-12 15:45:00,35.51,35.51,35.45,35.485,474489
2013-04-12 16:00:00,35.48,35.53,35.445,35.5,618568
2013-04-15 09:45:00,35.25,35.445,35.25,35.43,29244
2013-04-15 10:00:00,35.394,35.43,35.32,35.35,58471
2013-04-15 10:15:00,35.36,35.37,35.2,35.245,90162
2013-04-15 10:30:00,35.245,35.25,35.17,35.21,120093
2013-04-15 10:45:00,35.21,35.22,35.14,35.16,136242
2013-04-15 11:00:00,35.16,35.18,35.11,35.11,153656
2013-04-15 11:15:00,35.11,35.11,35.055,35.09,175901
2013-04-15 11:30:00,35.09,35.1,35.05,35.05,191956
2013-04-15 11:45:00,35.05,35.12,35.04,35.11,205626
2013-04-15 12:00:00,35.12,35.13,34.97,34.99,221036
2013-04-15 12:15:00,35.0,35.06,35.0,35.06,222536
2013-04-15 12:30:00,35.11,35.12,35.045,35.06,231836
2013-04-15 12:45:00,35.07,35.07,35.0,35.05,236441
2013-04-15 13:00:00,35.05,35.07,34.97,35.02,246672
2013-04-15 13:15:00,35.04,35.07,35.02,35.06,252818
2013-04-15 13:30:00,35.06,35.07,35.03,35.05,267627
2013-04-15 13:45:00,35.05,35.07,35.01,35.02,276090
2013-04-15 14:00:00,35.02,35.04,35.015,35.0201,282866
2013-04-15 14:15:00,35.02,35.03,34.98,34.985,300423
2013-04-15 14:30:00,34.98,34.98,34.94,34.97,341848
2013-04-15 14:45:00,34.97,34.99,34.97,34.99,381646
2013-04-15 15:00:00,34.98,34.99,34.79,34.8,414856
2013-04-15 15:15:00,34.79,34.7901,34.685,34.7,451270
2013-04-15 15:30:00,34.7,34.79,34.7,34.715,493400
2013-04-15 15:45:00,34.71,34.725,34.62,34.67,598634
2013-04-15 16:00:00,34.66,34.72,34.64,34.69,797131
2013-04-16 09:45:00,34.95,35.12,34.92,35.03,19172
2013-04-16 10:00:00,35.03,35.03,34.87,34.9,34439
2013-04-16 10:15:00,34.91,34.98,34.89,34.97,48371
2013-04-16 10:30:00,34.98,35.05,34.96,35.04,67383
2013-04-16 10:45:00,35.04,35.06,35.02,35.05,75837
2013-04-16 11:00:00,35.03,35.06,35.03,35.05,90151
2013-04-16 11:15:00,35.05,35.06,35.03,35.04,105290
2013-04-16 11:30:00,35.02,35.04,34.88,34.9,135190
2013-04-16 11:45:00,34.9,34.9,34.86,34.86,158951
2013-04-16 12:00:00,34.88,34.9,34.86,34.885,175751
2013-04-16 12:15:00,34.89,34.91,34.88,34.88,189551
2013-04-16 12:30:00,34.88,34.91,34.88,34.9,202858
2013-04-16 12:45:00,34.9,34.93,34.88,34.92,218197
2013-04-16 13:00:00,34.92,34.94,34.9,34.92,236236
2013-04-16 13:15:00,34.929,34.93,34.89,34.89,256032
2013-04-16 13:30:00,34.9,34.93,34.89,34.91,266096
2013-04-16 13:45:00,34.93,34.94,34.92,34.93,280955
2013-04-16 14:00:00,34.93,34.93,34.89,34.91,322805
2013-04-16 14:15:00,34.91,34.92,34.89,34.92,343510
2013-04-16 14:30:00,34.915,34.915,34.89,34.91,358945
2013-04-16 14:45:00,34.9,34.91,34.864,34.91,385945
2013-04-16 15:00:00,34.91,34.92,34.892,34.9,411595
2013-04-16 15:15:00,34.91,34.96,34.91,34.95,424238
2013-04-16 15:30:00,34.95,34.98,34.94,34.97,440412
2013-04-16 15:45:00,34.97,35.07,34.965,35.07,459798
2013-04-16 16:00:00,35.07,35.1,35.02,35.06,530251
2013-04-17 09:45:00,35.02,35.06,34.692,34.75,23142
2013-04-17 10:00:00,34.77,34.89,34.68,34.7,123125
2013-04-17 10:15:00,34.71,34.8,34.6601,34.75,163372
2013-04-17 10:30:00,34.75,34.8,34.73,34.78,178948
2013-04-17 10:45:00,34.76,34.76,34.74,34.75,200448
2013-04-17 11:00:00,34.75,34.785,34.75,34.75,240376
2013-04-17 11:15:00,34.75,34.765,34.74,34.755,267033
2013-04-17 11:30:00,34.75,34.8,34.75,34.79,291670
2013-04-17 11:45:00,34.79,34.81,34.75,34.805,314372
2013-04-17 12:00:00,34.8,34.82,34.76,34.76,396204
2013-04-17 12:15:00,34.77,34.81,34.77,34.78,444799
2013-04-17 12:30:00,34.79,34.81,34.75,34.76,497376
2013-04-17 12:45:00,34.76,34.77,34.745,34.75,516811
2013-04-17 13:00:00,34.75,34.79,34.74,34.78,560564
2013-04-17 13:15:00,34.79,34.79,34.68,34.74,586564
2013-04-17 13:30:00,34.74,34.77,34.74,34.76,601644
2013-04-17 13:45:00,34.75,34.78,34.75,34.77,640306
2013-04-17 14:00:00,34.78,34.78,34.74,34.77,673238
2013-04-17 14:15:00,34.77,34.79,34.75,34.758,697744
2013-04-17 14:30:00,34.75,34.8,34.735,34.79,733237
2013-04-17 14:45:00,34.79,34.79,34.71,34.71,750744
2013-04-17 15:00:00,34.71,34.78,34.71,34.78,777594
2013-04-17 15:15:00,34.78,34.83,34.75,34.83,891601
2013-04-17 15:30:00,34.84,34.89,34.81,34.85,934825
2013-04-17 15:45:00,34.85,34.85,34.78,34.805,1008621
2013-04-17 16:00:00,34.81,34.95,34.805,34.94,1186365
2013-04-18 09:45:00,34.92,35.0,34.69,34.85,48600
2013-04-18 10:00:00,34.85,34.88,34.78,34.785,119035
2013-04-18 10:15:00,34.78,34.785,34.665,34.7,185208
2013-04-18 10:30:00,34.72,34.74,34.601,34.74,221870
2013-04-18 10:45:00,34.75,34.85,34.725,34.73,245746
2013-04-18 11:00:00,34.73,34.78,34.72,34.75,256478
2013-04-18 11:15:00,34.75,34.76,34.72,34.7225,266422
2013-04-18 11:30:00,34.725,34.77,34.72,34.76,338135
2013-04-18 11:45:00,34.76,34.76,34.67,34.75,546934
2013-04-18 12:00:00,34.745,34.81,34.72,34.805,604864
2013-04-18 12:15:00,34.805,34.805,34.76,34.79,623127
2013-04-18 12:30:00,34.785,34.795,34.71,34.745,656211
2013-04-18 12:45:00,34.74,34.76,34.72,34.73,676153
2013-04-18 13:00:00,34.75,34.76,34.73,34.74,701314
2013-04-18 13:15:00,34.7325,34.76,34.73,34.75,725019
2013-04-18 13:30:00,34.75,34.76,34.7,34.7,767661
2013-04-18 13:45:00,34.7,34.73,34.69,34.695,784011
2013-04-18 14:00:00,34.69,34.72,34.67,34.71,806258
2013-04-18 14:15:00,34.715,34.72,34.69,34.71,840930
2013-04-18 14:30:00,34.7,34.75,34.69,34.75,875666
2013-04-18 14:45:00,34.75,34.75,34.69,34.7,926298
2013-04-18 15:00:00,34.68,34.71,34.64,34.669,979802
2013-04-18 15:15:00,34.67,34.7,34.652,34.68,1041795
2013-04-18 15:30:00,34.68,34.695,34.66,34.68,1084129
2013-04-18 15:45:00,34.68,34.71,34.68,34.68,1161497
2013-04-18 16:00:00,34.69,34.73,34.6,34.71,1318128
2013-04-19 09:45:00,35.0,35.0,34.64,34.78,29024
2013-04-19 10:00:00,34.78,34.8,34.58,34.625,43809
2013-04-19 10:15:00,34.62,34.68,34.58,34.61,81212
2013-04-19 10:30:00,34.605,34.62,34.54,34.54,93812
2013-04-19 10:45:00,34.55,34.59,34.465,34.58,133892
2013-04-19 11:00:00,34.57,34.61,34.55,34.6,154135
2013-04-19 11:15:00,34.605,34.64,34.6,34.63,186022
2013-04-19 11:30:00,34.64,34.65,34.6,34.65,215234
2013-04-19 11:45:00,34.645,34.65,34.62,34.63,244410
2013-04-19 12:00:00,34.63,34.65,34.625,34.65,255342
2013-04-19 12:15:00,34.65,34.65,34.58,34.585,309796
2013-04-19 12:30:00,34.59,34.59,34.53,34.54,324772
2013-04-19 12:45:00,34.54,34.56,34.5,34.535,392948
2013-04-19 13:00:00,34.54,34.575,34.53,34.57,491584
2013-04-19 13:15:00,34.57,34.58,34.565,34.575,500384
2013-04-19 13:30:00,34.58,34.65,34.565,34.65,525420
2013-04-19 13:45:00,34.65,34.7,34.65,34.69,549664
2013-04-19 14:00:00,34.68,34.685,34.645,34.65,563355
2013-04-19 14:15:00,34.65,34.78,34.65,34.775,616529
2013-04-19 14:30:00,34.78,34.78,34.765,34.775,642103
2013-04-19 14:45:00,34.78,34.865,34.775,34.85,683937
2013-04-19 15:00:00,34.86,34.9,34.84,34.865,745616
2013-04-19 15:15:00,34.86,34.96,34.86,34.96,773389
2013-04-19 15:30:00,34.96,34.96,34.92,34.94,814680
2013-04-19 15:45:00,34.93,34.95,34.91,34.938,886205
2013-04-19 16:00:00,34.94,35.0,34.91,34.94,1048323
2013-04-22 09:45:00,34.9,34.92,34.63,34.75,17902
2013-04-22 10:00:00,34.74,34.76,34.67,34.74,25606
2013-04-22 10:15:00,34.74,34.74,34.56,34.58,48774
2013-04-22 10:30:00,34.555,34.568,34.46,34.51,76174
2013-04-22 10:45:00,34.49,34.49,34.42,34.445,105170
2013-04-22 11:00:00,34.445,34.45,34.415,34.42,122591
2013-04-22 11:15:00,34.43,34.43,34.395,34.4,131450
2013-04-22 11:30:00,34.39,34.43,34.35,34.4101,147089
2013-04-22 11:45:00,34.42,34.43,34.415,34.42,152489
2013-04-22 12:00:00,34.42,34.485,34.42,34.449,297534
2013-04-22 12:15:00,34.45,34.45,34.3966,34.415,328094
2013-04-22 12:30:00,34.42,34.42,34.38,34.38,341964
2013-04-22 12:45:00,34.385,34.39,34.34,34.375,358974
2013-04-22 13:00:00,34.375,34.38,34.35,34.355,367961
2013-04-22 13:15:00,34.355,34.355,34.295,34.305,381962
2013-04-22 13:30:00,34.305,34.31,34.27,34.3,449289
2013-04-22 13:45:00,34.3,34.35,34.29,34.34,468331
2013-04-22 14:00:00,34.35,34.35,34.3,34.32,492050
2013-04-22 14:15:00,34.32,34.33,34.3,34.325,516864
2013-04-22 14:30:00,34.33,34.38,34.33,34.36,695484
2013-04-22 14:45:00,34.35,34.39,34.35,34.365,750614
2013-04-22 15:00:00,34.36,34.36,34.32,34.35,801182
2013-04-22 15:15:00,34.36,34.36,34.35,34.36,853304
2013-04-22 15:30:00,34.35,34.4,34.32,34.4,962859
2013-04-22 15:45:00,34.4,34.49,34.36,34.49,1233658
2013-04-22 16:00:00,34.48,34.565,34.38,34.42,1687326
2013-04-23 09:45:00,34.52,34.5799,34.2,34.23,60795
2013-04-23 10:00:00,34.23,34.24,33.97,33.98,192087
2013-04-23 10:15:00,33.989,34.07,33.95,34.01,279169
2013-04-23 10:30:00,34.03,34.24,34.01,34.24,377284
2013-04-23 10:45:00,34.255,34.3,34.205,34.22,405666
2013-04-23 11:00:00,34.205,34.315,34.205,34.3,442889
2013-04-23 11:15:00,34.3,34.34,34.26,34.305,541426
2013-04-23 11:30:00,34.305,34.42,34.305,34.4,557326
2013-04-23 11:45:00,34.41,34.43,34.4,34.42,564584
2013-04-23 12:00:00,34.41,34.44,34.38,34.44,582045
2013-04-23 12:15:00,34.43,34.46,34.41,34.41,595916
2013-04-23 12:30:00,34.42,34.43,34.36,34.37,615302
2013-04-23 12:45:00,34.37,34.37,34.31,34.37,635211
2013-04-23 13:00:00,34.37,34.37,34.3,34.3,647465
2013-04-23 13:15:00,34.3,34.38,34.25,34.38,711498
2013-04-23 13:30:00,34.36,34.485,34.35,34.45,725123
2013-04-23 13:45:00,34.435,34.485,34.42,34.46,738963
2013-04-23 14:00:00,34.45,34.48,34.4,34.43,755968
2013-04-23 14:15:00,34.43,34.44,34.4,34.42,773335
2013-04-23 14:30:00,34.41,34.42,34.35,34.365,784350
2013-04-23 14:45:00,34.36,34.4,34.32,34.39,793376
2013-04-23 15:00:00,34.395,34.44,34.39,34.4084,808281
2013-04-23 15:15:00,34.4,34.44,34.4,34.4,819768
2013-04-23 15:30:00,34.41,34.41,34.39,34.4,837143
2013-04-23 15:45:00,34.4,34.435,34.35,34.37,877779
2013-04-23 16:00:00,34.37,34.45,34.34,34.405,1110784
2013-04-24 09:45:00,34.37,34.56,33.37,34.4975,66726
2013-04-24 10:00:00,34.5,34.57,34.42,34.53,88969
2013-04-24 10:15:00,34.54,34.54,34.41,34.42,112078
2013-04-24 10:30:00,34.43,34.46,34.4,34.405,193202
2013-04-24 10:45:00,34.415,34.57,34.4,34.57,209747
2013-04-24 11:00:00,34.58,34.58,34.44,34.49,276482
2013-04-24 11:15:00,34.5,34.5,34.43,34.45,287811
2013-04-24 11:30:00,34.46,34.47,34.43,34.45,344102
2013-04-24 11:45:00,34.46,34.5,34.455,34.5,353042
2013-04-24 12:00:00,34.5,34.59,34.46,34.46,367742
2013-04-24 12:15:00,34.46,34.47,34.38,34.3801,391403
2013-04-24 12:30:00,34.38,34.38,34.34,34.35,406585
2013-04-24 12:45:00,34.35,34.37,34.26,34.3,423108
2013-04-24 13:00:00,34.3,34.32,34.29,34.3,437100
2013-04-24 13:15:00,34.3,34.31,34.28,34.3,451000
2013-04-24 13:30:00,34.29,34.3,34.24,34.27,495241
2013-04-24 13:45:00,34.27,34.3,34.2,34.2,537071
2013-04-24 14:00:00,34.21,34.29,34.205,34.23,780789
2013-04-24 14:15:00,34.235,34.37,34.19,34.32,983384
2013-04-24 14:30:00,34.33,34.42,34.3,34.42,1066401
2013-04-24 14:45:00,34.41,34.59,34.41,34.4817,1090381
2013-04-24 15:00:00,34.485,34.5,34.43,34.44,1165300
2013-04-24 15:15:00,34.44,34.47,34.23,34.26,1237859
2013-04-24 15:30:00,34.26,34.265,34.14,34.14,1354278
2013-04-24 15:45:00,34.15,34.255,34.04,34.23,1500610
2013-04-24 16:00:00,34.24,34.44,34.24,34.35,1724475
2013-04-25 09:45:00,35.5,36.74,34.86,35.45,253743
2013-04-25 10:00:00,35.45,35.97,35.45,35.63,656232
2013-04-25 10:15:00,35.68,35.75,35.34,35.34,817348
2013-04-25 10:30:00,35.32,35.36,35.25,35.32,902269
2013-04-25 10:45:00,35.29,35.33,35.115,35.15,963460
2013-04-25 11:00:00,35.16,35.21,34.96,35.06,1255354
2013-04-25 11:15:00,35.07,35.24,35.05,35.19,1371052
2013-04-25 11:30:00,35.21,35.29,35.14,35.235,1434244
2013-04-25 11:45:00,35.24,35.265,35.195,35.2498,1483769
2013-04-25 12:00:00,35.25,35.25,35.135,35.145,1541067
2013-04-25 12:15:00,35.1497,35.21,35.08,35.13,1672988
2013-04-25 12:30:00,35.12,35.22,35.06,35.11,1764008
2013-04-25 12:45:00,35.12,35.215,35.115,35.15,1803007
2013-04-25 13:00:00,35.15,35.2,35.145,35.185,1825468
2013-04-25 13:15:00,35.185,35.2,35.185,35.2,1841116
2013-04-25 13:30:00,35.195,35.22,35.02,35.06,1886277
2013-04-25 13:45:00,35.05,35.08,35.04,35.04,1906590
2013-04-25 14:00:00,35.04,35.04,34.84,34.925,1970497
2013-04-25 14:15:00,34.925,34.98,34.86,34.87,2017232
2013-04-25 14:30:00,34.865,34.87,34.74,34.83,2100106
2013-04-25 14:45:00,34.82,34.83,34.78,34.83,2166416
2013-04-25 15:00:00,34.825,34.83,34.69,34.72,2256571
2013-04-25 15:15:00,34.73,34.76,34.69,34.7,2329054
2013-04-25 15:30:00,34.7,34.75,34.63,34.69,2446327
2013-04-25 15:45:00,34.7,34.7,34.54,34.58,2598978
2013-04-25 16:00:00,34.58,34.63,34.47,34.63,3027830
2013-04-26 09:45:00,34.75,34.99,34.53,34.76,69244
2013-04-26 10:00:00,34.76,34.83,34.72,34.81,88220
2013-04-26 10:15:00,34.815,34.82,34.605,34.61,174245
2013-04-26 10:30:00,34.605,34.75,34.5775,34.74,193340
2013-04-26 10:45:00,34.735,34.755,34.535,34.58,266711
2013-04-26 11:00:00,34.575,34.6,34.48,34.5,306124
2013-04-26 11:15:00,34.5,34.58,34.48,34.55,351497
2013-04-26 11:30:00,34.55,34.61,34.53,34.6,425545
2013-04-26 11:45:00,34.6,34.615,34.57,34.58,454595
2013-04-26 12:00:00,34.58,34.69,34.58,34.69,471234
2013-04-26 12:15:00,34.68,34.69,34.66,34.66,482748
2013-04-26 12:30:00,34.66,34.68,34.535,34.54,512069
2013-04-26 12:45:00,34.54,34.6,34.535,34.57,538134
2013-04-26 13:00:00,34.56,34.58,34.54,34.55,549919
2013-04-26 13:15:00,34.55,34.61,34.52,34.52,575820
2013-04-26 13:30:00,34.52,34.53,34.48,34.49,605225
2013-04-26 13:45:00,34.49,34.5,34.45,34.48,630105
2013-04-26 14:00:00,34.48,34.49,34.44,34.485,666400
2013-04-26 14:15:00,34.485,34.51,34.41,34.41,716475
2013-04-26 14:30:00,34.42,34.44,34.415,34.44,734328
2013-04-26 14:45:00,34.44,34.49,34.43,34.475,758871
2013-04-26 15:00:00,34.475,34.6,34.475,34.57,852740
2013-04-26 15:15:00,34.57,34.685,34.55,34.685,958982
2013-04-26 15:30:00,34.69,34.7,34.61,34.695,1084575
2013-04-26 15:45:00,34.7,34.74,34.6,34.65,1163765
2013-04-26 16:00:00,34.65,34.79,34.59,34.735,1352218
2013-04-29 09:45:00,34.47,34.64,34.26,34.53,90402
2013-04-29 10:00:00,34.535,34.535,34.345,34.345,135393
2013-04-29 10:15:00,34.335,34.49,34.26,34.265,196479
2013-04-29 10:30:00,34.27,34.3,34.22,34.24,287385
2013-04-29 10:45:00,34.25,34.255,34.18,34.2,323885
2013-04-29 11:00:00,34.2,34.26,34.11,34.12,384270
2013-04-29 11:15:00,34.125,34.17,34.12,34.12,450777
2013-04-29 11:30:00,34.13,34.17,34.07,34.07,489882
2013-04-29 11:45:00,34.08,34.11,33.99,34.0,760944
2013-04-29 12:00:00,34.0,34.04,33.93,34.04,867100
2013-04-29 12:15:00,34.04,34.1,34.01,34.065,944081
2013-04-29 12:30:00,34.05,34.11,34.05,34.1,977656
2013-04-29 12:45:00,34.1,34.1,33.98,33.995,1121852
2013-04-29 13:00:00,34.0,34.0,33.92,34.0,1167294
2013-04-29 13:15:00,33.99,34.19,33.99,34.15,1287240
2013-04-29 13:30:00,34.15,34.19,34.08,34.17,1325663
2013-04-29 13:45:00,34.18,34.24,34.15,34.24,1350050
2013-04-29 14:00:00,34.24,34.32,34.19,34.2,1458373
2013-04-29 14:15:00,34.19,34.28,34.18,34.28,1510870
2013-04-29 14:30:00,34.28,34.31,34.27,34.3,1581374
2013-04-29 14:45:00,34.29,34.32,34.26,34.3,1634734
2013-04-29 15:00:00,34.305,34.32,34.15,34.15,1694856
2013-04-29 15:15:00,34.17,34.17,34.12,34.12,1756094
2013-04-29 15:30:00,34.12,34.15,34.05,34.095,1861653
2013-04-29 15:45:00,34.09,34.14,34.03,34.13,1976016
2013-04-29 16:00:00,34.15,34.27,34.05,34.24,2341982
2013-04-30 09:45:00,34.2,34.28,34.0316,34.22,92758
2013-04-30 10:00:00,34.23,34.29,34.19,34.26,154189
2013-04-30 10:15:00,34.26,34.29,34.17,34.225,204893
2013-04-30 10:30:00,34.22,34.29,34.21,34.29,230958
2013-04-30 10:45:00,34.3,34.33,34.27,34.29,275940
2013-04-30 11:00:00,34.29,34.43,34.29,34.39,434616
2013-04-30 11:15:00,34.39,34.42,34.34,34.41,470658
2013-04-30 11:30:00,34.42,34.42,34.32,34.35,532604
2013-04-30 11:45:00,34.35,34.37,34.312,34.36,561042
2013-04-30 12:00:00,34.37,34.37,34.29,34.3,621114
2013-04-30 12:15:00,34.31,34.33,34.3,34.32,636456
2013-04-30 12:30:00,34.31,34.35,34.29,34.33,659764
2013-04-30 12:45:00,34.34,34.34,34.28,34.31,696009
2013-04-30 13:00:00,34.31,34.34,34.3001,34.3355,721808
2013-04-30 13:15:00,34.34,34.37,34.33,34.35,770929
2013-04-30 13:30:00,34.34,34.38,34.31,34.35,918628
2013-04-30 13:45:00,34.38,34.39,34.35,34.37,973603
2013-04-30 14:00:00,34.37,34.4,34.33,34.36,1110049
2013-04-30 14:15:00,34.33,34.37,34.25,34.3,1184088
2013-04-30 14:30:00,34.3,34.34,34.29,34.31,1228260
2013-04-30 14:45:00,34.315,34.36,34.25,34.36,1299929
2013-04-30 15:00:00,34.36,34.45,34.32,34.39,1389264
2013-04-30 15:15:00,34.39,34.435,34.34,34.38,1504883
2013-04-30 15:30:00,34.37,34.41,34.31,34.38,1652017
2013-04-30 15:45:00,34.38,34.6,34.35,34.53,1804483
2013-04-30 16:00:00,34.53,34.71,34.52,34.61,2308274
2013-05-01 09:45:00,34.63,34.71,34.06,34.69,118040
2013-05-01 10:00:00,34.69,34.8,34.5713,34.7699,199182
2013-05-01 10:15:00,34.78,34.86,34.74,34.74,265882
2013-05-01 10:30:00,34.74,34.8,34.71,34.8,335470
2013-05-01 10:45:00,34.79,34.93,34.73,34.91,513123
2013-05-01 11:00:00,34.91,35.07,34.91,35.06,587161
2013-05-01 11:15:00,35.08,35.08,35.04,35.04,605777
2013-05-01 11:30:00,35.05,35.12,35.05,35.12,621944
2013-05-01 11:45:00,35.1001,35.2,35.06,35.2,738563
2013-05-01 12:00:00,35.21,35.26,35.18,35.19,768815
2013-05-01 12:15:00,35.1901,35.2,35.14,35.1725,906472
2013-05-01 12:30:00,35.17,35.29,35.17,35.27,979026
2013-05-01 12:45:00,35.27,35.28,35.23,35.26,1053554
2013-05-01 13:00:00,35.26,35.2699,35.21,35.25,1100441
2013-05-01 13:15:00,35.25,35.52,35.24,35.52,1244619
2013-05-01 13:30:00,35.525,35.53,35.38,35.4499,1271669
2013-05-01 13:45:00,35.45,35.47,35.45,35.46,1302368
2013-05-01 14:00:00,35.47,35.605,35.46,35.6,1350844
2013-05-01 14:15:00,35.605,35.74,35.46,35.73,1405597
2013-05-01 14:30:00,35.73,35.74,35.57,35.61,1462289
2013-05-01 14:45:00,35.61,35.62,35.52,35.52,1507321
2013-05-01 15:00:00,35.52,35.59,35.47,35.58,1572175
2013-05-01 15:15:00,35.59,35.59,35.48,35.48,1657392
2013-05-01 15:30:00,35.47,35.5,35.45,35.46,1699687
2013-05-01 15:45:00,35.46,35.5,35.36,35.365,1814346
2013-05-01 16:00:00,35.36,35.4,35.305,35.32,2104556
2013-05-02 09:45:00,35.47,35.52,35.28,35.46,14937
2013-05-02 10:00:00,35.468,35.52,35.26,35.26,81738
2013-05-02 10:15:00,35.26,35.28,35.11,35.22,96538
2013-05-02 10:30:00,35.2,35.3,35.2,35.28,122048
2013-05-02 10:45:00,35.28,35.4,35.24,35.31,141788
2013-05-02 11:00:00,35.31,35.33,35.28,35.29,158784
2013-05-02 11:15:00,35.29,35.32,35.21,35.32,171901
2013-05-02 11:30:00,35.33,35.38,35.33,35.33,186388
2013-05-02 11:45:00,35.35,35.395,35.31,35.39,208572
2013-05-02 12:00:00,35.39,35.42,35.345,35.35,286557
2013-05-02 12:15:00,35.35,35.36,35.23,35.3,484591
2013-05-02 12:30:00,35.3,35.305,35.27,35.28,499791
2013-05-02 12:45:00,35.29,35.305,35.28,35.29,524464
2013-05-02 13:00:00,35.29,35.3,35.29,35.3,537698
2013-05-02 13:15:00,35.3,35.3,35.28,35.3,555744
2013-05-02 13:30:00,35.291,35.291,35.27,35.29,573477
2013-05-02 13:45:00,35.28,35.31,35.28,35.3,596230
2013-05-02 14:00:00,35.2975,35.3,35.29,35.299,609023
2013-05-02 14:15:00,35.3,35.3,35.28,35.28,669819
2013-05-02 14:30:00,35.285,35.3,35.28,35.3,688369
2013-05-02 14:45:00,35.3,35.35,35.3,35.32,708089
2013-05-02 15:00:00,35.31,35.34,35.3,35.33,725550
2013-05-02 15:15:00,35.32,35.35,35.3,35.35,1758246
2013-05-02 15:30:00,35.36,35.36,35.32,35.35,1840401
2013-05-02 15:45:00,35.35,35.36,35.34,35.36,1878406
2013-05-02 16:00:00,35.35,35.37,35.305,35.34,1990414
2013-05-03 09:45:00,35.44,35.76,35.44,35.6795,27424
2013-05-03 10:00:00,35.69,35.7,35.58,35.63,257881
2013-05-03 10:15:00,35.63,35.63,35.46,35.56,340088
2013-05-03 10:30:00,35.58,35.65,35.56,35.64,354908
2013-05-03 10:45:00,35.64,35.65,35.55,35.57,377735
2013-05-03 11:00:00,35.6,35.61,35.58,35.6,385635
2013-05-03 11:15:00,35.6,35.71,35.6,35.71,396735
2013-05-03 11:30:00,35.7,35.71,35.68,35.7,405876
2013-05-03 11:45:00,35.7,35.7,35.67,35.67,417622
2013-05-03 12:00:00,35.67,35.67,35.63,35.648,426743
2013-05-03 12:15:00,35.64,35.65,35.63,35.63,432410
2013-05-03 12:30:00,35.63,35.64,35.62,35.64,434610
2013-05-03 12:45:00,35.65,35.65,35.64,35.64,437641
2013-05-03 13:00:00,35.65,35.65,35.645,35.65,445141
2013-05-03 13:15:00,35.65,35.655,35.622,35.65,458670
2013-05-03 13:30:00,35.65,35.65,35.63,35.63,462110
2013-05-03 13:45:00,35.62,35.62,35.6,35.6,468710
2013-05-03 14:00:00,35.6,35.6,35.59,35.59,475903
2013-05-03 14:15:00,35.58,35.6,35.58,35.6,485812
2013-05-03 14:30:00,35.6,35.61,35.6,35.61,493613
2013-05-03 14:45:00,35.61,35.63,35.5,35.51,533680
2013-05-03 15:00:00,35.52,35.66,35.52,35.64,578008
2013-05-03 15:15:00,35.64,35.65,35.594,35.61,606267
2013-05-03 15:30:00,35.61,35.63,35.595,35.61,640041
2013-05-03 15:45:00,35.61,35.62,35.6,35.61,693076
2013-05-03 16:00:00,35.605,35.655,35.585,35.6499,766971
2013-05-06 09:45:00,36.05,36.31,35.84,36.265,209148
2013-05-06 10:00:00,36.28,36.3,36.13,36.13,516549
2013-05-06 10:15:00,36.11,36.12,35.98,36.0,683156
2013-05-06 10:30:00,36.0,36.01,35.89,35.9,769848
2013-05-06 10:45:00,35.8999,35.94,35.8999,35.93,782222
2013-05-06 11:00:00,35.92,35.9499,35.82,35.86,814838
2013-05-06 11:15:00,35.86,35.93,35.85,35.91,839534
2013-05-06 11:30:00,35.91,35.91,35.83,35.83,852889
2013-05-06 11:45:00,35.83,35.885,35.81,35.85,878603
2013-05-06 12:00:00,35.85,35.94,35.85,35.9,913257
2013-05-06 12:15:00,35.9,35.92,35.88,35.9,1000409
2013-05-06 12:30:00,35.9,35.92,35.82,35.86,1052792
2013-05-06 12:45:00,35.86,35.9,35.84,35.84,1076896
2013-05-06 13:00:00,35.87,35.97,35.86,35.96,1095891
2013-05-06 13:15:00,35.96,36.0,35.95,35.97,1128846
2013-05-06 13:30:00,35.99,35.99,35.945,35.95,1148351
2013-05-06 13:45:00,35.96,35.98,35.95,35.96,1156692
2013-05-06 14:00:00,35.965,35.99,35.94,35.95,1201533
2013-05-06 14:15:00,35.95,36.02,35.9,36.0,1319995
2013-05-06 14:30:00,36.0,36.01,35.98,35.9975,1367848
2013-05-06 14:45:00,35.99,36.0,35.92,36.0,1425600
2013-05-06 15:00:00,35.99,36.01,35.98,35.99,1456598
2013-05-06 15:15:00,36.0,36.03,35.96,35.99,1504907
2013-05-06 15:30:00,36.0,36.0,35.99,35.99,1531641
2013-05-06 15:45:00,35.99,36.01,35.965,36.01,1632028
2013-05-06 16:00:00,36.0,36.05,35.94,36.04,2062313
2013-05-07 09:45:00,36.07,36.29,36.0225,36.11,19072
2013-05-07 10:00:00,36.1276,36.17,36.04,36.04,26445
2013-05-07 10:15:00,36.05,36.08,35.97,36.03,39670
2013-05-07 10:30:00,36.05,36.13,36.03,36.08,50772
2013-05-07 10:45:00,36.09,36.15,36.08,36.14,80754
2013-05-07 11:00:00,36.15,36.24,36.15,36.22,93343
2013-05-07 11:15:00,36.22,36.29,36.22,36.285,120479
2013-05-07 11:30:00,36.28,36.37,36.28,36.37,147692
2013-05-07 11:45:00,36.375,36.4,36.32,36.34,174640
2013-05-07 12:00:00,36.33,36.37,36.305,36.36,193921
2013-05-07 12:15:00,36.37,36.41,36.28,36.28,219251
2013-05-07 12:30:00,36.28,36.28,36.2,36.2,229419
2013-05-07 12:45:00,36.22,36.24,36.2,36.21,360554
2013-05-07 13:00:00,36.21,36.31,36.21,36.27,376150
2013-05-07 13:15:00,36.27,36.37,36.26,36.37,389471
2013-05-07 13:30:00,36.36,36.37,36.33,36.35,403171
2013-05-07 13:45:00,36.35,36.35,36.3,36.3,418469
2013-05-07 14:00:00,36.3,36.31,36.29,36.305,431836
2013-05-07 14:15:00,36.305,36.32,36.23,36.26,536114
2013-05-07 14:30:00,36.26,36.26,36.24,36.24,548614
2013-05-07 14:45:00,36.24,36.25,36.19,36.23,636710
2013-05-07 15:00:00,36.22,36.28,36.2,36.28,749069
2013-05-07 15:15:00,36.29,36.29,36.22,36.2601,774626
2013-05-07 15:30:00,36.26,36.31,36.25,36.28,805056
2013-05-07 15:45:00,36.28,36.285,36.25,36.255,859527
2013-05-07 16:00:00,36.25,36.31,36.24,36.28,1028730
2013-05-08 09:45:00,36.31,36.49,36.24,36.26,107804
2013-05-08 10:00:00,36.32,36.32,36.22,36.3,152840
2013-05-08 10:15:00,36.3,36.3,36.29,36.29,210295
2013-05-08 10:30:00,36.295,36.3,36.29,36.295,278252
2013-05-08 10:45:00,36.29,36.31,36.27,36.29,333080
2013-05-08 11:00:00,36.295,36.35,36.29,36.29,353824
2013-05-08 11:15:00,36.31,36.33,36.29,36.29,374265
2013-05-08 11:30:00,36.3,36.34,36.29,36.34,410712
2013-05-08 11:45:00,36.34,36.37,36.335,36.37,422394
2013-05-08 12:00:00,36.37,36.37,36.35,36.35,435029
2013-05-08 12:15:00,36.36,36.41,36.36,36.4,531628
2013-05-08 12:30:00,36.395,36.395,36.36,36.38,638628
2013-05-08 12:45:00,36.38,36.39,36.365,36.39,649443
2013-05-08 13:00:00,36.39,36.46,36.39,36.4,678112
2013-05-08 13:15:00,36.42,36.45,36.41,36.44,688655
2013-05-08 13:30:00,36.42,36.475,36.42,36.45,720858
2013-05-08 13:45:00,36.44,36.5,36.42,36.42,767108
2013-05-08 14:00:00,36.42,36.43,36.41,36.425,772008
2013-05-08 14:15:00,36.42,36.44,36.42,36.435,779108
2013-05-08 14:30:00,36.43,36.45,36.41,36.42,840780
2013-05-08 14:45:00,36.43,36.445,36.38,36.38,932764
2013-05-08 15:00:00,36.38,36.49,36.38,36.445,1184131
2013-05-08 15:15:00,36.44,36.5,36.44,36.47,1259340
2013-05-08 15:30:00,36.47,36.5,36.44,36.48,1351382
2013-05-08 15:45:00,36.47,36.5,36.46,36.475,1444840
2013-05-08 16:00:00,36.48,36.54,36.48,36.53,1611837
2013-05-09 09:45:00,36.48,36.74,36.48,36.59,29634
2013-05-09 10:00:00,36.62,36.7,36.44,36.7,47378
2013-05-09 10:15:00,36.7,36.7,36.63,36.69,83714
2013-05-09 10:30:00,36.69,36.74,36.65,36.7,97914
2013-05-09 10:45:00,36.676,36.72,36.67,36.675,106138
2013-05-09 11:00:00,36.6844,36.74,36.68,36.74,158091
2013-05-09 11:15:00,36.73,36.8,36.72,36.76,170580
2013-05-09 11:30:00,36.73,36.8,36.69,36.775,241595
2013-05-09 11:45:00,36.76,36.87,36.75,36.8,380352
2013-05-09 12:00:00,36.79,36.81,36.765,36.8,421189
2013-05-09 12:15:00,36.8,36.815,36.78,36.8,454832
2013-05-09 12:30:00,36.8,36.8,36.77,36.8,485237
2013-05-09 12:45:00,36.8,36.81,36.79,36.79,542605
2013-05-09 13:00:00,36.792,36.8,36.75,36.78,576555
2013-05-09 13:15:00,36.77,36.8,36.77,36.775,590943
2013-05-09 13:30:00,36.78,36.795,36.77,36.79,602162
2013-05-09 13:45:00,36.79,36.83,36.78,36.8,634688
2013-05-09 14:00:00,36.801,36.83,36.8,36.82,649800
2013-05-09 14:15:00,36.8299,36.8299,36.77,36.77,659972
2013-05-09 14:30:00,36.77,36.818,36.77,36.81,677345
2013-05-09 14:45:00,36.82,36.82,36.75,36.7925,727776
2013-05-09 15:00:00,36.795,36.81,36.78,36.785,746097
2013-05-09 15:15:00,36.785,36.8,36.66,36.6601,841484
2013-05-09 15:30:00,36.67,36.765,36.63,36.755,911022
2013-05-09 15:45:00,36.77,36.8,36.75,36.75,945322
2013-05-09 16:00:00,36.75,36.88,36.74,36.81,1076976
2013-05-10 09:45:00,36.86,37.06,36.86,37.04,51003
2013-05-10 10:00:00,37.06,37.09,36.95,37.0,219790
2013-05-10 10:15:00,37.0,37.01,36.96,36.98,273916
2013-05-10 10:30:00,37.0,37.0,36.89,36.89,707170
2013-05-10 10:45:00,36.8947,36.8947,36.83,36.89,724260
2013-05-10 11:00:00,36.9,36.94,36.895,36.91,735885
2013-05-10 11:15:00,36.91,36.96,36.91,36.96,744309
2013-05-10 11:30:00,36.96,36.96,36.895,36.95,754677
2013-05-10 11:45:00,36.94,36.95,36.89,36.89,772991
2013-05-10 12:00:00,36.895,36.91,36.87,36.9,798271
2013-05-10 12:15:00,36.89,36.94,36.88,36.94,817811
2013-05-10 12:30:00,36.94,36.99,36.94,36.99,823532
2013-05-10 12:45:00,36.99,36.99,36.89,36.8925,832367
2013-05-10 13:00:00,36.8925,36.945,36.89,36.93,867906
2013-05-10 13:15:00,36.92,36.94,36.88,36.89,886740
2013-05-10 13:30:00,36.89,36.91,36.89,36.895,901040
2013-05-10 13:45:00,36.89,36.9,36.885,36.89,943178
2013-05-10 14:00:00,36.88,36.9,36.87,36.89,963142
2013-05-10 14:15:00,36.88,36.96,36.88,36.89,1005697
2013-05-10 14:30:00,36.89,36.905,36.88,36.89,1027350
2013-05-10 14:45:00,36.89,36.94,36.88,36.94,1048403
2013-05-10 15:00:00,36.94,36.94,36.89,36.9,1063503
2013-05-10 15:15:00,36.9,36.9,36.89,36.895,1079103
2013-05-10 15:30:00,36.89,36.9,36.88,36.89,1103250
2013-05-10 15:45:00,36.89,36.91,36.88,36.9,1164320
2013-05-10 16:00:00,36.91,36.91,36.87,36.91,1266530
2013-05-13 09:45:00,35.56,36.2,35.56,36.14,194627
2013-05-13 10:00:00,36.12,36.15,35.93,36.11,351973
2013-05-13 10:15:00,36.11,36.25,36.1,36.16,401087
2013-05-13 10:30:00,36.17,36.19,35.93,35.94,511289
2013-05-13 10:45:00,35.945,36.03,35.92,36.0,576605
2013-05-13 11:00:00,35.99,36.06,35.97,36.0,656688
2013-05-13 11:15:00,35.99,35.995,35.94,35.995,714279
2013-05-13 11:30:00,35.995,36.1,35.94,35.94,786193
2013-05-13 11:45:00,35.94,36.0,35.83,35.9,993474
2013-05-13 12:00:00,35.92,35.935,35.76,35.82,1083632
2013-05-13 12:15:00,35.8,35.9,35.7999,35.87,1340745
2013-05-13 12:30:00,35.86,35.91,35.775,35.795,1421721
2013-05-13 12:45:00,35.79,35.8,35.74,35.76,1526072
2013-05-13 13:00:00,35.76,35.76,35.65,35.67,1592005
2013-05-13 13:15:00,35.67,35.71,35.61,35.615,1699943
2013-05-13 13:30:00,35.615,35.62,35.35,35.35,1876991
2013-05-13 13:45:00,35.34,35.43,35.28,35.3,2023139
2013-05-13 14:00:00,35.3,35.38,35.23,35.3607,2167684
2013-05-13 14:15:00,35.35,35.36,35.25,35.26,2282627
2013-05-13 14:30:00,35.27,35.38,35.25,35.36,2378260
2013-05-13 14:45:00,35.36,35.48,35.36,35.445,2459558
2013-05-13 15:00:00,35.4406,35.62,35.44,35.62,2675374
2013-05-13 15:15:00,35.61,35.61,35.4,35.4337,2792008
2013-05-13 15:30:00,35.42,35.5,35.34,35.34,2967582
2013-05-13 15:45:00,35.34,35.34,35.14,35.21,3472318
2013-05-13 16:00:00,35.2,35.24,35.0,35.01,4409209
2013-05-14 09:45:00,34.67,34.87,34.6,34.82,6145909
2013-05-14 10:00:00,34.81,34.92,34.78,34.8,7604118
2013-05-14 10:15:00,34.8,34.94,34.8,34.92,8598643
2013-05-14 10:30:00,34.92,35.0,34.9,34.94,10269524
2013-05-14 10:45:00,34.945,34.99,34.9,34.92,12013160
2013-05-14 11:00:00,34.92,35.05,34.915,35.05,13125460
2013-05-14 11:15:00,35.04,35.13,35.0,35.09,14217818
2013-05-14 11:30:00,35.09,35.09,34.9,34.98,14778228
2013-05-14 11:45:00,34.985,35.04,34.96,35.0,15094709
2013-05-14 12:00:00,35.0,35.05,34.98,34.9801,16690266
2013-05-14 12:15:00,34.9801,35.0,34.96,34.99,16922607
2013-05-14 12:30:00,34.99,35.02,34.98,35.0016,17256993
2013-05-14 12:45:00,35.0,35.03,34.99,35.015,17573320
2013-05-14 13:00:00,35.015,35.03,35.0,35.01,17754644
2013-05-14 13:15:00,35.015,35.02,34.96,34.97,18050201
2013-05-14 13:30:00,34.97,34.9701,34.92,34.955,18151940
2013-05-14 13:45:00,34.96,34.99,34.95,34.98,18274774
2013-05-14 14:00:00,34.99,35.0,34.96,34.975,18504002
2013-05-14 14:15:00,34.97,35.005,34.95,34.995,18765711
2013-05-14 14:30:00,34.995,34.995,34.83,34.86,19106479
2013-05-14 14:45:00,34.86,34.89,34.76,34.88,19475660
2013-05-14 15:00:00,34.88,34.9,34.8,34.8,19713964
2013-05-14 15:15:00,34.8,34.81,34.65,34.77,20185655
2013-05-14 15:30:00,34.77,34.81,34.67,34.695,20585838
2013-05-14 15:45:00,34.7,34.75,34.64,34.7,21084314
2013-05-14 16:00:00,34.7,34.84,34.65,34.66,22366865
2013-05-15 09:45:00,34.95,35.0,34.75,34.995,1087546
2013-05-15 10:00:00,34.98,35.1,34.98,35.09,1852417
2013-05-15 10:15:00,35.08,35.1,34.92,34.96,2161160
2013-05-15 10:30:00,34.965,34.965,34.86,34.88,2257989
2013-05-15 10:45:00,34.88,34.91,34.8,34.8175,2332702
2013-05-15 11:00:00,34.8135,34.87,34.77,34.87,2479583
2013-05-15 11:15:00,34.87,34.875,34.82,34.83,2570235
2013-05-15 11:30:00,34.83,34.85,34.81,34.84,2632952
2013-05-15 11:45:00,34.84,34.85,34.83,34.83,2679129
2013-05-15 12:00:00,34.83,34.92,34.83,34.92,2828458
2013-05-15 12:15:00,34.92,34.92,34.84,34.9,2919112
2013-05-15 12:30:00,34.9,34.94,34.89,34.92,2971611
2013-05-15 12:45:00,34.925,34.99,34.92,34.96,3144669
2013-05-15 13:00:00,34.95,35.01,34.94,35.01,3334729
2013-05-15 13:15:00,35.0,35.0207,34.96,34.99,3459722
2013-05-15 13:30:00,34.99,35.0,34.95,34.985,3535574
2013-05-15 13:45:00,34.99,34.99,34.96,34.98,3640100
2013-05-15 14:00:00,34.97,34.985,34.9597,34.97,3781451
2013-05-15 14:15:00,34.97,35.01,34.97,35.01,4059991
2013-05-15 14:30:00,35.01,35.02,34.98,35.01,4388765
2013-05-15 14:45:00,35.01,35.02,34.98,34.99,4687428
2013-05-15 15:00:00,34.9999,35.02,34.94,35.015,4955515
2013-05-15 15:15:00,35.02,35.03,35.01,35.03,5234029
2013-05-15 15:30:00,35.03,35.03,34.97,34.99,5393200
2013-05-15 15:45:00,34.98,34.995,34.97,34.99,5602383
2013-05-15 16:00:00,34.985,35.0,34.93,35.0,6300438
2013-05-16 09:45:00,35.1,35.1,34.788,34.97,276350
2013-05-16 10:00:00,34.9717,35.01,34.86,34.94,327364
2013-05-16 10:15:00,34.95,35.0,34.91,35.0,407786
2013-05-16 10:30:00,35.0,35.0,34.91,34.93,572620
2013-05-16 10:45:00,34.921,35.0,34.921,34.97,657235
2013-05-16 11:00:00,34.97,34.97,34.9275,34.93,694360
2013-05-16 11:15:00,34.94,35.0,34.925,35.0,761926
2013-05-16 11:30:00,35.0,35.0,34.86,34.89,870612
2013-05-16 11:45:00,34.89,34.9,34.79,34.8,1029320
2013-05-16 12:00:00,34.8,34.91,34.79,34.85,1083748
2013-05-16 12:15:00,34.86,34.91,34.85,34.9,1168594
2013-05-16 12:30:00,34.9,34.96,34.88,34.95,1243720
2013-05-16 12:45:00,34.95,35.01,34.94,35.0,1346570
2013-05-16 13:00:00,35.0,35.11,34.97,35.1,1538077
2013-05-16 13:15:00,35.1,35.11,35.07,35.1,1649603
2013-05-16 13:30:00,35.0901,35.1,35.06,35.1,1701432
2013-05-16 13:45:00,35.095,35.1,35.06,35.1,1852102
2013-05-16 14:00:00,35.1,35.11,35.045,35.055,1958679
2013-05-16 14:15:00,35.06,35.06,34.97,35.005,2089903
2013-05-16 14:30:00,35.004,35.005,34.99,34.99,2143138
2013-05-16 14:45:00,35.0,35.06,34.97,35.04,2438606
2013-05-16 15:00:00,35.04,35.12,35.03,35.095,2571299
2013-05-16 15:15:00,35.09,35.1,35.04,35.06,2696490
2013-05-16 15:30:00,35.045,35.08,34.98,34.99,2916624
2013-05-16 15:45:00,34.99,35.0,34.94,34.98,3070600
2013-05-16 16:00:00,34.98,35.0,34.96,34.99,3339280
2013-05-17 09:45:00,35.0,35.0,34.835,34.88,64182
2013-05-17 10:00:00,34.88,34.94,34.86,34.92,157978
2013-05-17 10:15:00,34.92,34.96,34.9,34.935,210840
2013-05-17 10:30:00,34.94,35.0,34.92,34.94,320226
2013-05-17 10:45:00,34.948,35.005,34.92,35.0,386170
2013-05-17 11:00:00,35.0,35.08,34.99,35.07,555134
2013-05-17 11:15:00,35.08,35.11,35.04,35.07,659882
2013-05-17 11:30:00,35.07,35.11,35.07,35.11,701992
2013-05-17 11:45:00,35.11,35.26,35.1,35.25,891495
2013-05-17 12:00:00,35.25,35.2837,35.205,35.22,996040
2013-05-17 12:15:00,35.21,35.26,35.21,35.24,1065909
2013-05-17 12:30:00,35.25,35.37,35.24,35.29,1169106
2013-05-17 12:45:00,35.3,35.3,35.235,35.25,1246041
2013-05-17 13:00:00,35.25,35.2793,35.24,35.24,1298955
2013-05-17 13:15:00,35.24,35.255,35.24,35.24,1341611
2013-05-17 13:30:00,35.24,35.26,35.23,35.25,1383840
2013-05-17 13:45:00,35.25,35.26,35.222,35.2516,1504115
2013-05-17 14:00:00,35.25,35.29,35.25,35.29,1525637
2013-05-17 14:15:00,35.28,35.31,35.27,35.31,1632206
2013-05-17 14:30:00,35.3,35.31,35.26,35.291,1719871
2013-05-17 14:45:00,35.295,35.3,35.28,35.28,1769546
2013-05-17 15:00:00,35.28,35.36,35.28,35.36,1854182
2013-05-17 15:15:00,35.36,35.36,35.29,35.31,1940856
2013-05-17 15:30:00,35.3,35.49,35.3,35.47,2108413
2013-05-17 15:45:00,35.47,35.49,35.35,35.35,2333263
2013-05-17 16:00:00,35.35,35.35,35.19,35.29,2727797
2013-05-20 09:45:00,35.28,35.28,35.19,35.205,30778
2013-05-20 10:00:00,35.2,35.4,35.195,35.34,90612
2013-05-20 10:15:00,35.35,35.37,35.225,35.24,134659
2013-05-20 10:30:00,35.23,35.33,35.23,35.33,323227
2013-05-20 10:45:00,35.325,35.35,35.31,35.34,391931
2013-05-20 11:00:00,35.33,35.355,35.32,35.32,459397
2013-05-20 11:15:00,35.3237,35.35,35.26,35.26,548177
2013-05-20 11:30:00,35.26,35.26,35.24,35.24,586285
2013-05-20 11:45:00,35.25,35.26,35.23,35.24,643678
2013-05-20 12:00:00,35.24,35.24,35.075,35.12,744474
2013-05-20 12:15:00,35.11,35.185,35.02,35.18,885658
2013-05-20 12:30:00,35.19,35.24,35.15,35.22,942970
2013-05-20 12:45:00,35.22,35.31,35.22,35.31,992148
2013-05-20 13:00:00,35.3,35.39,35.29,35.35,1042127
2013-05-20 13:15:00,35.36,35.37,35.34,35.35,1079552
2013-05-20 13:30:00,35.35,35.35,35.24,35.241,1119764
2013-05-20 13:45:00,35.2436,35.27,35.23,35.23,1158676
2013-05-20 14:00:00,35.2319,35.36,35.23,35.36,1221337
2013-05-20 14:15:00,35.355,35.36,35.29,35.295,1271807
2013-05-20 14:30:00,35.29,35.37,35.29,35.36,1344978
2013-05-20 14:45:00,35.3601,35.37,35.33,35.33,1397463
2013-05-20 15:00:00,35.33,35.37,35.32,35.32,1435677
2013-05-20 15:15:00,35.325,35.38,35.325,35.38,1490062
2013-05-20 15:30:00,35.39,35.39,35.345,35.39,1561549
2013-05-20 15:45:00,35.38,35.425,35.32,35.42,1959668
2013-05-20 16:00:00,35.43,35.47,35.34,35.41,2457823
2013-05-21 09:45:00,35.26,35.34,35.02,35.15,225565
2013-05-21 10:00:00,35.16,35.19,35.14,35.15,277663
2013-05-21 10:15:00,35.15,35.24,35.0,35.05,431566
2013-05-21 10:30:00,35.05,35.09,34.92,35.005,568976
2013-05-21 10:45:00,35.01,35.04,34.92,34.925,648913
2013-05-21 11:00:00,34.925,34.93,34.84,34.91,731101
2013-05-21 11:15:00,34.89,34.9,34.78,34.81,811415
2013-05-21 11:30:00,34.81,34.86,34.8,34.84,872377
2013-05-21 11:45:00,34.85,34.905,34.84,34.89,911757
2013-05-21 12:00:00,34.89,34.91,34.835,34.9,962080
2013-05-21 12:15:00,34.9,34.91,34.845,34.855,1011679
2013-05-21 12:30:00,34.845,34.91,34.84,34.89,1058890
2013-05-21 12:45:00,34.89,34.94,34.89,34.9237,1118136
2013-05-21 13:00:00,34.925,34.93,34.88,34.91,1152987
2013-05-21 13:15:00,34.9,34.94,34.875,34.875,1204329
2013-05-21 13:30:00,34.88,34.97,34.88,34.95,1247243
2013-05-21 13:45:00,34.95,34.97,34.945,34.95,1282843
2013-05-21 14:00:00,34.95,35.0,34.9475,34.991,1374452
2013-05-21 14:15:00,35.0,35.05,34.995,35.03,1424366
2013-05-21 14:30:00,35.02,35.03,34.97,34.97,1480883
2013-05-21 14:45:00,34.96,34.99,34.935,34.945,1698992
2013-05-21 15:00:00,34.95,34.96,34.88,34.88,1771727
2013-05-21 15:15:00,34.88,34.92,34.88,34.89,1833677
2013-05-21 15:30:00,34.9,34.9,34.86,34.88,1899846
2013-05-21 15:45:00,34.87,34.88,34.78,34.825,2149018
2013-05-21 16:00:00,34.83,34.91,34.81,34.88,2475386
2013-05-22 09:45:00,34.71,35.05,34.49,34.96,223704
2013-05-22 10:00:00,34.92,35.03,34.85,34.97,259977
2013-05-22 10:15:00,34.98,35.03,34.98,35.02,303378
2013-05-22 10:30:00,35.01,35.02,34.96,34.98,375475
2013-05-22 10:45:00,34.98,34.98,34.89,34.98,474602
2013-05-22 11:00:00,34.99,35.01,34.91,34.91,543310
2013-05-22 11:15:00,34.91,34.98,34.89,34.976,578826
2013-05-22 11:30:00,34.99,35.0,34.95,35.0,620404
2013-05-22 11:45:00,35.0,35.01,34.94,34.98,657738
2013-05-22 12:00:00,34.98,35.0,34.98,35.0,684204
2013-05-22 12:15:00,35.0,35.0,34.95,34.96,713509
2013-05-22 12:30:00,34.97,34.99,34.925,34.925,759970
2013-05-22 12:45:00,34.94,34.95,34.9,34.92,776181
2013-05-22 13:00:00,34.925,34.99,34.92,34.99,794733
2013-05-22 13:15:00,34.99,35.0,34.915,34.955,818243
2013-05-22 13:30:00,34.96,34.96,34.815,34.815,866693
2013-05-22 13:45:00,34.82,34.82,34.72,34.75,907192
2013-05-22 14:00:00,34.75,34.83,34.74,34.825,974332
2013-05-22 14:15:00,34.83,34.86,34.6,34.61,1051732
2013-05-22 14:30:00,34.605,34.83,34.58,34.78,1133168
2013-05-22 14:45:00,34.77,34.78,34.6,34.66,1213256
2013-05-22 15:00:00,34.66,34.71,34.62,34.65,1280007
2013-05-22 15:15:00,34.65,34.65,34.6,34.63,1332831
2013-05-22 15:30:00,34.625,34.64,34.535,34.54,1393495
2013-05-22 15:45:00,34.53,34.58,34.46,34.56,1481473
2013-05-22 16:00:00,34.56,34.58,34.51,34.58,1755927
2013-05-23 09:45:00,34.44,34.44,34.105,34.12,49166
2013-05-23 10:00:00,34.1,34.17,34.01,34.14,110778
2013-05-23 10:15:00,34.16,34.32,34.16,34.23,127289
2013-05-23 10:30:00,34.23,34.28,34.2154,34.27,139700
2013-05-23 10:45:00,34.26,34.29,34.22,34.275,182972
2013-05-23 11:00:00,34.28,34.38,34.275,34.37,216010
2013-05-23 11:15:00,34.38,34.47,34.37,34.442,261734
2013-05-23 11:30:00,34.44,34.48,34.4137,34.42,276931
2013-05-23 11:45:00,34.41,34.44,34.3645,34.42,308188
2013-05-23 12:00:00,34.42,34.47,34.39,34.4501,387884
2013-05-23 12:15:00,34.46,34.5,34.45,34.47,435938
2013-05-23 12:30:00,34.46,34.49,34.45,34.46,446838
2013-05-23 12:45:00,34.46,34.46,34.45,34.45,476685
2013-05-23 13:00:00,34.45,34.46,34.45,34.455,521144
2013-05-23 13:15:00,34.45,34.46,34.42,34.43,550569
2013-05-23 13:30:00,34.43,34.47,34.42,34.42,578138
2013-05-23 13:45:00,34.41,34.41,34.331,34.35,616675
2013-05-23 14:00:00,34.34,34.45,34.32,34.45,633793
2013-05-23 14:15:00,34.45,34.5,34.45,34.49,648298
2013-05-23 14:30:00,34.49,34.5,34.46,34.465,671492
2013-05-23 14:45:00,34.47,34.47,34.365,34.46,712247
2013-05-23 15:00:00,34.47,34.5,34.44,34.45,747316
2013-05-23 15:15:00,34.4445,34.51,34.42,34.51,774691
2013-05-23 15:30:00,34.51,34.52,34.44,34.48,830801
2013-05-23 15:45:00,34.48,34.53,34.47,34.48,879711
2013-05-23 16:00:00,34.49,34.54,34.489,34.5,1087038
2013-05-24 09:45:00,34.46,34.46,34.38,34.45,21463
2013-05-24 10:00:00,34.465,34.56,34.35,34.35,52887
2013-05-24 10:15:00,34.34,34.345,34.165,34.22,82210
2013-05-24 10:30:00,34.22,34.34,34.215,34.33,102902
2013-05-24 10:45:00,34.33,34.38,34.33,34.36,120716
2013-05-24 11:00:00,34.37,34.46,34.3656,34.44,135337
2013-05-24 11:15:00,34.44,34.44,34.35,34.41,156803
2013-05-24 11:30:00,34.4,34.44,34.38,34.41,191292
2013-05-24 11:45:00,34.41,34.49,34.41,34.49,206434
2013-05-24 12:00:00,34.48,34.48,34.42,34.42,214134
2013-05-24 12:15:00,34.43,34.45,34.426,34.44,241385
2013-05-24 12:30:00,34.44,34.49,34.44,34.475,273850
2013-05-24 12:45:00,34.47,34.47,34.43,34.44,282050
2013-05-24 13:00:00,34.44,34.48,34.435,34.44,371447
2013-05-24 13:15:00,34.44,34.48,34.43,34.47,526442
2013-05-24 13:30:00,34.47,34.48,34.46,34.46,537250
2013-05-24 13:45:00,34.47,34.49,34.46,34.47,549935
2013-05-24 14:00:00,34.47,34.5,34.46,34.5,568499
2013-05-24 14:15:00,34.5,34.57,34.495,34.55,586312
2013-05-24 14:30:00,34.56,34.665,34.56,34.65,642826
2013-05-24 14:45:00,34.64,34.74,34.64,34.74,674002
2013-05-24 15:00:00,34.75,34.86,34.75,34.81,747841
2013-05-24 15:15:00,34.8,34.83,34.75,34.83,777216
2013-05-24 15:30:00,34.82,34.83,34.73,34.73,813847
2013-05-24 15:45:00,34.73,34.87,34.73,34.86,914903
2013-05-24 16:00:00,34.86,35.0,34.79,35.0,1602275
2013-05-28 09:45:00,35.01,35.16,35.0,35.08,106687
2013-05-28 10:00:00,35.09,35.28,35.09,35.149,264351
2013-05-28 10:15:00,35.2,35.22,35.15,35.155,322748
2013-05-28 10:30:00,35.155,35.23,35.15,35.215,360290
2013-05-28 10:45:00,35.22,35.23,35.17,35.17,395956
2013-05-28 11:00:00,35.17,35.2,35.115,35.12,428067
2013-05-28 11:15:00,35.12,35.13,35.07,35.105,459892
2013-05-28 11:30:00,35.105,35.105,35.0,35.045,569182
2013-05-28 11:45:00,35.0432,35.055,34.95,34.96,604233
2013-05-28 12:00:00,34.96,34.97,34.91,34.94,620724
2013-05-28 12:15:00,34.95,35.005,34.94,34.96,654803
2013-05-28 12:30:00,34.96,34.96,34.86,34.9,707409
2013-05-28 12:45:00,34.9,35.03,34.86,35.02,792820
2013-05-28 13:00:00,35.01,35.04,35.0,35.03,812120
2013-05-28 13:15:00,35.02,35.02,34.96,34.975,868882
2013-05-28 13:30:00,34.97,34.98,34.88,34.89,913457
2013-05-28 13:45:00,34.89,34.91,34.885,34.9,957291
2013-05-28 14:00:00,34.91,34.92,34.85,34.87,1039096
2013-05-28 14:15:00,34.87,34.88,34.75,34.79,1064863
2013-05-28 14:30:00,34.78,34.8,34.71,34.75,1092689
2013-05-28 14:45:00,34.741,34.75,34.69,34.72,1127555
2013-05-28 15:00:00,34.72,34.765,34.69,34.735,1200845
2013-05-28 15:15:00,34.74,35.0,34.73,34.965,1343582
2013-05-28 15:30:00,34.96,35.08,34.87,34.9,1523326
2013-05-28 15:45:00,34.91,34.97,34.88,34.89,1571318
2013-05-28 16:00:00,34.89,34.95,34.89,34.92,1743859
2013-05-29 09:45:00,34.87,34.87,34.62,34.64,22637
2013-05-29 10:00:00,34.64,34.68,34.61,34.64,75565
2013-05-29 10:15:00,34.65,34.7,34.56,34.57,111085
2013-05-29 10:30:00,34.56,34.57,34.455,34.49,134236
2013-05-29 10:45:00,34.48,34.57,34.48,34.5,207088
2013-05-29 11:00:00,34.495,34.495,34.31,34.31,264919
2013-05-29 11:15:00,34.31,34.31,34.0,34.07,1194266
2013-05-29 11:30:00,34.07,34.27,34.0,34.26,1905645
2013-05-29 11:45:00,34.26,34.41,34.26,34.3675,1995968
2013-05-29 12:00:00,34.37,34.37,34.28,34.3,2049862
2013-05-29 12:15:00,34.31,34.365,34.23,34.335,2162369
2013-05-29 12:30:00,34.34,34.35,34.24,34.26,2242560
2013-05-29 12:45:00,34.25,34.32,34.23,34.23,2277626
2013-05-29 13:00:00,34.22,34.26,34.175,34.18,2318571
2013-05-29 13:15:00,34.18,34.23,34.11,34.12,2346671
2013-05-29 13:30:00,34.12,34.14,34.06,34.1,2384646
2013-05-29 13:45:00,34.1,34.18,34.09,34.18,2404742
2013-05-29 14:00:00,34.18,34.34,34.18,34.32,2426504
2013-05-29 14:15:00,34.31,34.37,34.28,34.33,2458584
2013-05-29 14:30:00,34.33,34.35,34.23,34.24,2485259
2013-05-29 14:45:00,34.24,34.28,34.225,34.28,2522130
2013-05-29 15:00:00,34.28,34.28,34.14,34.14,2625710
2013-05-29 15:15:00,34.14,34.17,34.13,34.15,2735334
2013-05-29 15:30:00,34.15,34.16,34.04,34.09,2866214
2013-05-29 15:45:00,34.09,34.09,33.96,33.97,3018685
2013-05-29 16:00:00,33.98,34.0,33.88,33.9,3481565
2013-05-30 09:45:00,33.92,33.96,33.71,33.87,108070
2013-05-30 10:00:00,33.88,33.99,33.88,33.9,160317
2013-05-30 10:15:00,33.9,33.99,33.9,33.97,213361
2013-05-30 10:30:00,33.97,34.05,33.93,34.0,255930
2013-05-30 10:45:00,33.99,34.0,33.98,33.99,279491
2013-05-30 11:00:00,33.99,34.01,33.87,33.9,340872
2013-05-30 11:15:00,33.9,33.94,33.895,33.9317,379950
2013-05-30 11:30:00,33.935,33.94,33.8575,33.87,407789
2013-05-30 11:45:00,33.87,33.87,33.84,33.84,433745
2013-05-30 12:00:00,33.85,33.87,33.84,33.87,460248
2013-05-30 12:15:00,33.86,33.87,33.77,33.78,525174
2013-05-30 12:30:00,33.77,33.82,33.75,33.78,605420
2013-05-30 12:45:00,33.775,33.91,33.77,33.905,639870
2013-05-30 13:00:00,33.9,33.97,33.9,33.95,679897
2013-05-30 13:15:00,33.95,33.98,33.94,33.98,700027
2013-05-30 13:30:00,33.98,34.02,33.945,34.02,725804
2013-05-30 13:45:00,34.02,34.075,34.02,34.07,743216
2013-05-30 14:00:00,34.07,34.11,34.0,34.0,786775
2013-05-30 14:15:00,34.0,34.03,33.925,33.925,832248
2013-05-30 14:30:00,33.93,33.93,33.85,33.89,894857
2013-05-30 14:45:00,33.9,33.99,33.88,33.89,928231
2013-05-30 15:00:00,33.88,33.94,33.86,33.87,971548
2013-05-30 15:15:00,33.87,33.98,33.86,33.92,1016797
2013-05-30 15:30:00,33.91,33.92,33.865,33.88,1060162
2013-05-30 15:45:00,33.88,33.91,33.82,33.85,1109345
2013-05-30 16:00:00,33.86,33.89,33.83,33.85,1257729
2013-05-31 09:45:00,33.78,33.78,33.46,33.65,45342
2013-05-31 10:00:00,33.63,33.69,33.43,33.43,106889
2013-05-31 10:15:00,33.41,33.54,33.4,33.48,165281
2013-05-31 10:30:00,33.48,33.515,33.46,33.5,213624
2013-05-31 10:45:00,33.49,33.58,33.48,33.58,242165
2013-05-31 11:00:00,33.58,33.66,33.58,33.6,284487
2013-05-31 11:15:00,33.59,33.67,33.58,33.65,315705
2013-05-31 11:30:00,33.65,33.67,33.63,33.67,338155
2013-05-31 11:45:00,33.67,33.74,33.67,33.695,362079
2013-05-31 12:00:00,33.69,33.75,33.69,33.72,378445
2013-05-31 12:15:00,33.71,33.71,33.63,33.635,404345
2013-05-31 12:30:00,33.635,33.64,33.62,33.62,413566
2013-05-31 12:45:00,33.62,33.71,33.62,33.68,440782
2013-05-31 13:00:00,33.69,33.71,33.67,33.71,461936
2013-05-31 13:15:00,33.71,33.79,33.71,33.76,510702
2013-05-31 13:30:00,33.76,33.8,33.76,33.8,525483
2013-05-31 13:45:00,33.8,33.84,33.79,33.83,587813
2013-05-31 14:00:00,33.84,33.84,33.76,33.83,657495
2013-05-31 14:15:00,33.83,34.04,33.83,33.98,826893
2013-05-31 14:30:00,33.98,33.995,33.77,33.84,917238
2013-05-31 14:45:00,33.84,33.845,33.69,33.76,955950
2013-05-31 15:00:00,33.76,33.88,33.75,33.87,1005108
2013-05-31 15:15:00,33.86,33.86,33.765,33.85,1062253
2013-05-31 15:30:00,33.85,33.91,33.84,33.84,1144558
2013-05-31 15:45:00,33.84,33.9,33.79,33.89,1205763
2013-05-31 16:00:00,33.9,33.96,33.83,33.89,1902194
2013-06-03 09:45:00,33.83,33.836,33.62,33.74,113870
2013-06-03 10:00:00,33.74,33.88,33.74,33.85,198112
2013-06-03 10:15:00,33.85,34.0,33.8,33.965,260491
2013-06-03 10:30:00,33.952,34.0,33.935,33.955,328401
2013-06-03 10:45:00,33.955,34.0,33.82,33.86,470153
2013-06-03 11:00:00,33.86,34.04,33.86,34.0,549499
2013-06-03 11:15:00,33.98,34.03,33.92,33.94,607268
2013-06-03 11:30:00,33.93,34.0,33.9,33.93,707341
2013-06-03 11:45:00,33.93,33.961,33.79,33.89,810823
2013-06-03 12:00:00,33.89,33.89,33.79,33.86,867683
2013-06-03 12:15:00,33.84,33.88,33.7825,33.84,912757
2013-06-03 12:30:00,33.84,33.87,33.83,33.85,981333
2013-06-03 12:45:00,33.86,33.88,33.74,33.74,1027342
2013-06-03 13:00:00,33.75,33.78,33.71,33.72,1070071
2013-06-03 13:15:00,33.72,33.78,33.7,33.77,1123214
2013-06-03 13:30:00,33.77,33.87,33.77,33.85,1151565
2013-06-03 13:45:00,33.86,33.87,33.84,33.85,1172454
2013-06-03 14:00:00,33.86,33.89,33.805,33.82,1216130
2013-06-03 14:15:00,33.8104,33.975,33.81,33.9416,1251193
2013-06-03 14:30:00,33.95,33.95,33.94,33.95,1271393
2013-06-03 14:45:00,33.945,34.005,33.945,33.97,1345099
2013-06-03 15:00:00,33.97,34.015,33.94,33.98,1401909
2013-06-03 15:15:00,33.985,33.99,33.88,33.88,1464875
2013-06-03 15:30:00,33.88,33.94,33.85,33.895,1525973
2013-06-03 15:45:00,33.895,33.98,33.89,33.98,1618096
2013-06-03 16:00:00,33.97,34.04,33.911,34.03,1903707
2013-06-04 09:45:00,33.94,34.05,33.94,34.05,23176
2013-06-04 10:00:00,34.03,34.05,33.95,33.98,48429
2013-06-04 10:15:00,33.97,33.97,33.87,33.9,118948
2013-06-04 10:30:00,33.9,33.9,33.85,33.885,133881
2013-06-04 10:45:00,33.88,33.9,33.82,33.86,177454
2013-06-04 11:00:00,33.855,33.86,33.79,33.81,198383
2013-06-04 11:15:00,33.815,33.835,33.775,33.83,292836
2013-06-04 11:30:00,33.84,33.845,33.8,33.8,309338
2013-06-04 11:45:00,33.81,33.84,33.79,33.835,380493
2013-06-04 12:00:00,33.84,33.84,33.79,33.791,423710
2013-06-04 12:15:00,33.795,33.82,33.78,33.81,467356
2013-06-04 12:30:00,33.8,33.825,33.78,33.78,493374
2013-06-04 12:45:00,33.79,33.8,33.79,33.8,502305
2013-06-04 13:00:00,33.79,33.8,33.72,33.73,544525
2013-06-04 13:15:00,33.735,33.74,33.71,33.735,556975
2013-06-04 13:30:00,33.74,33.76,33.715,33.74,631875
2013-06-04 13:45:00,33.7325,33.75,33.695,33.7,647271
2013-06-04 14:00:00,33.695,33.71,33.63,33.685,678554
2013-06-04 14:15:00,33.685,33.685,33.6,33.64,710793
2013-06-04 14:30:00,33.635,33.69,33.61,33.68,778494
2013-06-04 14:45:00,33.68,33.7,33.675,33.695,789294
2013-06-04 15:00:00,33.695,33.78,33.69,33.77,818053
2013-06-04 15:15:00,33.77,33.85,33.755,33.8,844352
2013-06-04 15:30:00,33.8,33.81,33.75,33.75,863342
2013-06-04 15:45:00,33.75,33.79,33.74,33.78,927117
2013-06-04 16:00:00,33.79,33.82,33.65,33.65,1231385
2013-06-05 09:45:00,33.7,33.77,33.55,33.57,27477
2013-06-05 10:00:00,33.57,33.59,33.46,33.49,39782
2013-06-05 10:15:00,33.5,33.53,33.43,33.48,62796
2013-06-05 10:30:00,33.48,33.51,33.48,33.49,107628
2013-06-05 10:45:00,33.4835,33.505,33.48,33.49,147725
2013-06-05 11:00:00,33.49,33.505,33.44,33.46,189995
2013-06-05 11:15:00,33.445,33.445,33.36,33.37,201519
2013-06-05 11:30:00,33.39,33.415,33.38,33.385,218386
2013-06-05 11:45:00,33.381,33.45,33.38,33.39,244796
2013-06-05 12:00:00,33.38,33.45,33.38,33.44,335424
2013-06-05 12:15:00,33.44,33.45,33.37,33.38,399485
2013-06-05 12:30:00,33.38,33.43,33.37,33.43,417593
2013-06-05 12:45:00,33.43,33.43,33.38,33.4,437154
2013-06-05 13:00:00,33.4,33.4,33.39,33.4,495381
2013-06-05 13:15:00,33.4,33.53,33.39,33.5,623055
2013-06-05 13:30:00,33.51,33.54,33.485,33.49,664380
2013-06-05 13:45:00,33.49,33.51,33.48,33.5,702743
2013-06-05 14:00:00,33.5,33.5,33.48,33.5,734509
2013-06-05 14:15:00,33.495,33.5,33.48,33.485,771610
2013-06-05 14:30:00,33.485,33.495,33.39,33.395,837088
2013-06-05 14:45:00,33.39,33.4,33.38,33.4,904467
2013-06-05 15:00:00,33.395,33.45,33.395,33.415,993179
2013-06-05 15:15:00,33.419,33.42,33.36,33.375,1055184
2013-06-05 15:30:00,33.379,33.38,33.294,33.325,1134668
2013-06-05 15:45:00,33.325,33.375,33.31,33.36,1186550
2013-06-05 16:00:00,33.37,33.46,33.35,33.41,1485028
2013-06-06 09:45:00,33.33,33.46,33.17,33.4124,29772
2013-06-06 10:00:00,33.46,33.5,33.41,33.47,53162
2013-06-06 10:15:00,33.4701,33.48,33.42,33.45,92792
2013-06-06 10:30:00,33.46,33.495,33.45,33.475,118374
2013-06-06 10:45:00,33.48,33.52,33.48,33.52,198466
2013-06-06 11:00:00,33.5,33.5,33.39,33.42,210470
2013-06-06 11:15:00,33.42,33.465,33.39,33.42,278966
2013-06-06 11:30:00,33.42,33.45,33.38,33.41,445508
2013-06-06 11:45:00,33.4,33.5,33.39,33.45,492134
2013-06-06 12:00:00,33.46,33.46,33.4,33.42,514487
2013-06-06 12:15:00,33.42,33.42,33.32,33.32,550479
2013-06-06 12:30:00,33.32,33.34,33.2202,33.24,587407
2013-06-06 12:45:00,33.24,33.2735,33.22,33.24,604574
2013-06-06 13:00:00,33.23,33.23,33.16,33.17,625847
2013-06-06 13:15:00,33.17,33.29,33.17,33.27,680961
2013-06-06 13:30:00,33.27,33.27,33.2406,33.26,702686
2013-06-06 13:45:00,33.25,33.26,33.23,33.245,733785
2013-06-06 14:00:00,33.25,33.29,33.23,33.24,800586
2013-06-06 14:15:00,33.25,33.25,33.21,33.2101,888379
2013-06-06 14:30:00,33.21,33.27,33.21,33.25,933623
2013-06-06 14:45:00,33.255,33.27,33.23,33.255,983725
2013-06-06 15:00:00,33.26,33.34,33.245,33.32,1037639
2013-06-06 15:15:00,33.32,33.49,33.315,33.465,1157741
2013-06-06 15:30:00,33.46,33.57,33.39,33.56,1226321
2013-06-06 15:45:00,33.555,33.59,33.49,33.5,1300205
2013-06-06 16:00:00,33.51,33.62,33.51,33.62,1571677
2013-06-07 09:45:00,33.6,33.66,33.42,33.42,24540
2013-06-07 10:00:00,33.44,33.63,33.44,33.57,34820
2013-06-07 10:15:00,33.61,33.78,33.61,33.78,56853
2013-06-07 10:30:00,33.78,33.88,33.78,33.85,77333
2013-06-07 10:45:00,33.84,33.875,33.79,33.805,103074
2013-06-07 11:00:00,33.8001,34.03,33.785,34.0065,158248
2013-06-07 11:15:00,34.005,34.02,33.98,34.01,180048
2013-06-07 11:30:00,34.01,34.12,33.985,34.07,216732
2013-06-07 11:45:00,34.07,34.08,34.03,34.07,222086
2013-06-07 12:00:00,34.08,34.09,34.0,34.05,242320
2013-06-07 12:15:00,34.05,34.05,34.0,34.01,250082
2013-06-07 12:30:00,34.02,34.03,33.99,33.99,280802
2013-06-07 12:45:00,33.99,34.075,33.99,34.075,321356
2013-06-07 13:00:00,34.08,34.14,34.065,34.14,350228
2013-06-07 13:15:00,34.14,34.15,34.135,34.15,373421
2013-06-07 13:30:00,34.145,34.25,34.14,34.23,465153
2013-06-07 13:45:00,34.23,34.27,34.21,34.25,507832
2013-06-07 14:00:00,34.25,34.265,34.22,34.255,546476
2013-06-07 14:15:00,34.25,34.27,34.18,34.25,631749
2013-06-07 14:30:00,34.25,34.33,34.25,34.31,705691
2013-06-07 14:45:00,34.32,34.32,34.205,34.205,748948
2013-06-07 15:00:00,34.21,34.28,34.205,34.275,779197
2013-06-07 15:15:00,34.275,34.28,34.27,34.275,799993
2013-06-07 15:30:00,34.275,34.29,34.24,34.25,912948
2013-06-07 15:45:00,34.25,34.25,34.23,34.24,976935
2013-06-07 16:00:00,34.24,34.26,34.21,34.26,1237921
2013-06-10 09:45:00,34.3,34.31,34.06,34.21,46348
2013-06-10 10:00:00,34.21,34.21,34.1175,34.16,74148
2013-06-10 10:15:00,34.16,34.18,34.03,34.06,88916
2013-06-10 10:30:00,34.03,34.06,34.01,34.015,93328
2013-06-10 10:45:00,34.01,34.11,34.0,34.09,112843
2013-06-10 11:00:00,34.1,34.14,34.08,34.14,136179
2013-06-10 11:15:00,34.13,34.17,34.12,34.15,165834
2013-06-10 11:30:00,34.145,34.19,34.13,34.15,199101
2013-06-10 11:45:00,34.145,34.21,34.13,34.2,226619
2013-06-10 12:00:00,34.2,34.24,34.1301,34.1301,248026
2013-06-10 12:15:00,34.14,34.18,34.13,34.14,268160
2013-06-10 12:30:00,34.14,34.15,34.13,34.14,277360
2013-06-10 12:45:00,34.15,34.15,34.14,34.15,282801
2013-06-10 13:00:00,34.15,34.17,34.06,34.06,316857
2013-06-10 13:15:00,34.0658,34.09,34.02,34.04,345219
2013-06-10 13:30:00,34.05,34.07,34.01,34.01,357248
2013-06-10 13:45:00,34.01,34.02,33.97,34.015,368668
2013-06-10 14:00:00,34.02,34.02,34.0,34.005,396032
2013-06-10 14:15:00,34.0096,34.02,33.97,34.01,443565
2013-06-10 14:30:00,34.02,34.06,34.0,34.0399,476841
2013-06-10 14:45:00,34.03,34.06,33.98,33.98,505203
2013-06-10 15:00:00,33.99,34.05,33.99,34.01,519531
2013-06-10 15:15:00,34.02,34.07,34.005,34.06,539744
2013-06-10 15:30:00,34.06,34.08,34.01,34.06,577322
2013-06-10 15:45:00,34.055,34.08,33.98,34.04,675478
2013-06-10 16:00:00,34.05,34.1,33.98,33.99,983392
2013-06-11 09:45:00,33.72,33.82,33.6,33.82,16739
2013-06-11 10:00:00,33.82,33.98,33.76,33.92,40034
2013-06-11 10:15:00,33.93,33.94,33.89,33.93,68686
2013-06-11 10:30:00,33.9,33.91,33.87,33.89,88991
2013-06-11 10:45:00,33.89,34.02,33.88,33.95,130320
2013-06-11 11:00:00,33.95,33.96,33.92,33.92,161118
2013-06-11 11:15:00,33.9,33.93,33.855,33.92,172411
2013-06-11 11:30:00,33.92,33.93,33.87,33.91,182906
2013-06-11 11:45:00,33.91,33.95,33.87,33.87,194518
2013-06-11 12:00:00,33.86,33.89,33.81,33.82,226437
2013-06-11 12:15:00,33.82,33.86,33.81,33.82,256476
2013-06-11 12:30:00,33.81,33.82,33.74,33.79,277345
2013-06-11 12:45:00,33.795,33.81,33.72,33.72,304498
2013-06-11 13:00:00,33.72,33.72,33.63,33.64,360482
2013-06-11 13:15:00,33.65,33.75,33.64,33.75,397393
2013-06-11 13:30:00,33.75,33.85,33.74,33.8,435176
2013-06-11 13:45:00,33.8,33.81,33.77,33.8,471597
2013-06-11 14:00:00,33.8,33.815,33.68,33.7,508580
2013-06-11 14:15:00,33.685,33.8,33.67,33.78,569869
2013-06-11 14:30:00,33.772,33.8,33.74,33.755,620507
2013-06-11 14:45:00,33.76,33.81,33.75,33.805,669110
2013-06-11 15:00:00,33.81,33.835,33.75,33.83,720450
2013-06-11 15:15:00,33.84,33.84,33.78,33.8,761724
2013-06-11 15:30:00,33.8,33.81,33.79,33.81,795269
2013-06-11 15:45:00,33.805,33.93,33.8,33.91,915937
2013-06-11 16:00:00,33.91,33.96,33.86,33.92,1214025
2013-06-12 09:45:00,34.02,34.13,33.98,33.98,14468
2013-06-12 10:00:00,33.99,34.06,33.98,34.05,46153
2013-06-12 10:15:00,34.05,34.08,33.93,34.06,96108
2013-06-12 10:30:00,34.07,34.105,34.02,34.06,134985
2013-06-12 10:45:00,34.06,34.1,34.01,34.1,162797
2013-06-12 11:00:00,34.09,34.09,34.0,34.02,192781
2013-06-12 11:15:00,34.011,34.075,33.995,34.051,276971
2013-06-12 11:30:00,34.05,34.13,34.02,34.09,327048
2013-06-12 11:45:00,34.09,34.1,34.04,34.04,371162
2013-06-12 12:00:00,34.03,34.03,33.8934,33.96,414405
2013-06-12 12:15:00,33.95,34.02,33.94,33.99,450317
2013-06-12 12:30:00,34.0,34.01,33.97,33.99,476716
2013-06-12 12:45:00,33.99,34.0,33.94,33.99,519531
2013-06-12 13:00:00,33.99,34.02,33.98,34.01,535231
2013-06-12 13:15:00,34.015,34.05,34.0,34.02,548623
2013-06-12 13:30:00,34.01,34.045,33.99,34.03,570342
2013-06-12 13:45:00,34.03,34.04,34.0,34.04,601246
2013-06-12 14:00:00,34.035,34.06,34.03,34.04,624699
2013-06-12 14:15:00,34.035,34.06,33.97,33.99,668772
2013-06-12 14:30:00,33.99,34.03,33.93,33.98,709226
2013-06-12 14:45:00,33.9745,33.99,33.91,33.96,751275
2013-06-12 15:00:00,33.96,33.98,33.94,33.97,799255
2013-06-12 15:15:00,33.98,33.98,33.87,33.931,933057
2013-06-12 15:30:00,33.93,33.985,33.89,33.98,1093842
2013-06-12 15:45:00,33.97,33.98,33.9,33.91,1149064
2013-06-12 16:00:00,33.9,33.99,33.89,33.91,1433056
2013-06-13 09:45:00,33.98,33.98,33.79,33.91,16001
2013-06-13 10:00:00,33.9,33.92,33.85,33.91,26636
2013-06-13 10:15:00,33.92,34.06,33.92,33.99,50116
2013-06-13 10:30:00,33.99,34.0,33.92,33.95,74423
2013-06-13 10:45:00,33.95,34.005,33.95,33.99,96408
2013-06-13 11:00:00,33.99,34.015,33.9674,33.97,127236
2013-06-13 11:15:00,33.98,34.01,33.93,33.96,156393
2013-06-13 11:30:00,33.95,33.97,33.95,33.96,178754
2013-06-13 11:45:00,33.96,33.97,33.95,33.97,203388
2013-06-13 12:00:00,33.97,34.05,33.96,34.045,273983
2013-06-13 12:15:00,34.05,34.05,34.02,34.03,285882
2013-06-13 12:30:00,34.03,34.03,33.97,34.015,391297
2013-06-13 12:45:00,34.015,34.02,33.98,33.99,434457
2013-06-13 13:00:00,33.98,34.01,33.96,34.0,453307
2013-06-13 13:15:00,34.0,34.01,33.99,34.0,464138
2013-06-13 13:30:00,33.995,33.995,33.95,33.95,474947
2013-06-13 13:45:00,33.94,33.945,33.895,33.9,485254
2013-06-13 14:00:00,33.905,33.91,33.89,33.9,517141
2013-06-13 14:15:00,33.89,33.9,33.81,33.89,622752
2013-06-13 14:30:00,33.89,33.99,33.86,33.99,747025
2013-06-13 14:45:00,33.99,34.06,33.98,34.05,775154
2013-06-13 15:00:00,34.045,34.16,34.045,34.16,788736
2013-06-13 15:15:00,34.16,34.23,34.16,34.23,812227
2013-06-13 15:30:00,34.225,34.275,34.15,34.15,862967
2013-06-13 15:45:00,34.15,34.31,34.15,34.31,920860
2013-06-13 16:00:00,34.31,34.41,34.29,34.34,1182688
2013-06-14 09:45:00,34.29,34.48,34.28,34.41,73050
2013-06-14 10:00:00,34.42,34.42,34.29,34.31,93940
2013-06-14 10:15:00,34.31,34.4176,34.3,34.4,157249
2013-06-14 10:30:00,34.4,34.405,34.35,34.375,191574
2013-06-14 10:45:00,34.38,34.4,34.315,34.35,236614
2013-06-14 11:00:00,34.36,34.36,34.2,34.23,275107
2013-06-14 11:15:00,34.23,34.27,34.21,34.245,304782
2013-06-14 11:30:00,34.245,34.3,34.23,34.3,344691
2013-06-14 11:45:00,34.3,34.315,34.28,34.31,385357
2013-06-14 12:00:00,34.31,34.32,34.29,34.31,417420
2013-06-14 12:15:00,34.31,34.36,34.3,34.35,442738
2013-06-14 12:30:00,34.36,34.41,34.33,34.35,462682
2013-06-14 12:45:00,34.34,34.39,34.32,34.32,486489
2013-06-14 13:00:00,34.35,34.385,34.33,34.345,522825
2013-06-14 13:15:00,34.34,34.41,34.29,34.355,625748
2013-06-14 13:30:00,34.36,34.41,34.34,34.41,661368
2013-06-14 13:45:00,34.41,34.42,34.35,34.36,705084
2013-06-14 14:00:00,34.36,34.4,34.32,34.4,762779
2013-06-14 14:15:00,34.4,34.42,34.35,34.42,822262
2013-06-14 14:30:00,34.42,34.43,34.3,34.3,914803
2013-06-14 14:45:00,34.3,34.385,34.285,34.37,978584
2013-06-14 15:00:00,34.37,34.41,34.36,34.395,1015365
2013-06-14 15:15:00,34.395,34.41,34.39,34.405,1067139
2013-06-14 15:30:00,34.4,34.41,34.39,34.395,1100422
2013-06-14 15:45:00,34.39,34.41,34.34,34.34,1176338
2013-06-14 16:00:00,34.34,34.385,34.28,34.35,1699147
2013-06-17 09:45:00,34.5,34.5,34.29,34.41,100301
2013-06-17 10:00:00,34.43,34.49,34.43,34.4701,145891
2013-06-17 10:15:00,34.48,34.63,34.46,34.55,222440
2013-06-17 10:30:00,34.55,34.585,34.5,34.58,250430
2013-06-17 10:45:00,34.5824,34.62,34.58,34.62,272223
2013-06-17 11:00:00,34.62,34.72,34.62,34.66,307580
2013-06-17 11:15:00,34.655,34.6899,34.59,34.66,335393
2013-06-17 11:30:00,34.66,34.66,34.6,34.6,353124
2013-06-17 11:45:00,34.6,34.64,34.58,34.58,382289
2013-06-17 12:00:00,34.59,34.64,34.575,34.61,409744
2013-06-17 12:15:00,34.62,34.67,34.61,34.67,425770
2013-06-17 12:30:00,34.67,34.71,34.66,34.695,449329
2013-06-17 12:45:00,34.7,34.72,34.68,34.72,478437
2013-06-17 13:00:00,34.72,34.8,34.715,34.745,522080
2013-06-17 13:15:00,34.74,34.76,34.6725,34.68,610465
2013-06-17 13:30:00,34.68,34.725,34.6,34.7,664108
2013-06-17 13:45:00,34.7,34.76,34.69,34.75,681373
2013-06-17 14:00:00,34.76,34.77,34.6,34.64,728215
2013-06-17 14:15:00,34.65,34.715,34.58,34.65,784649
2013-06-17 14:30:00,34.66,34.67,34.55,34.59,841294
2013-06-17 14:45:00,34.59,34.65,34.59,34.64,873873
2013-06-17 15:00:00,34.64,34.64,34.57,34.61,948641
2013-06-17 15:15:00,34.61,34.7,34.6,34.63,1003257
2013-06-17 15:30:00,34.64,34.66,34.61,34.66,1085473
2013-06-17 15:45:00,34.655,34.71,34.65,34.68,1167678
2013-06-17 16:00:00,34.68,34.68,34.55,34.6,1565980
2013-06-18 09:45:00,34.67,34.77,34.6025,34.69,25224
2013-06-18 10:00:00,34.67,34.68,34.61,34.64,73066
2013-06-18 10:15:00,34.68,34.71,34.65,34.68,87166
2013-06-18 10:30:00,34.7,34.78,34.65,34.76,148733
2013-06-18 10:45:00,34.76,34.85,34.76,34.85,187523
2013-06-18 11:00:00,34.85,34.97,34.85,34.97,233101
2013-06-18 11:15:00,34.97,35.06,34.97,35.005,286089
2013-06-18 11:30:00,35.0,35.045,34.85,34.9499,338341
2013-06-18 11:45:00,34.95,35.06,34.94,35.02,418381
2013-06-18 12:00:00,35.03,35.08,34.97,34.971,474460
2013-06-18 12:15:00,34.97,35.03,34.97,35.025,510409
2013-06-18 12:30:00,35.0221,35.035,34.98,35.015,544375
2013-06-18 12:45:00,35.02,35.08,35.01,35.03,579784
2013-06-18 13:00:00,35.03,35.09,35.03,35.085,617497
2013-06-18 13:15:00,35.09,35.115,35.09,35.11,643673
2013-06-18 13:30:00,35.111,35.12,35.08,35.1,676065
2013-06-18 13:45:00,35.11,35.11,35.09,35.11,699692
2013-06-18 14:00:00,35.105,35.12,35.05,35.07,748250
2013-06-18 14:15:00,35.07,35.115,35.06,35.09,789269
2013-06-18 14:30:00,35.08,35.14,35.08,35.14,822425
2013-06-18 14:45:00,35.14,35.2,35.13,35.19,877429
2013-06-18 15:00:00,35.2,35.24,35.18,35.19,929932
2013-06-18 15:15:00,35.195,35.21,35.16,35.16,987553
2013-06-18 15:30:00,35.16,35.17,35.13,35.13,1042380
2013-06-18 15:45:00,35.135,35.14,35.02,35.04,1141162
2013-06-18 16:00:00,35.05,35.07,35.03,35.06,1276091
2013-06-19 09:45:00,34.99,35.11,34.97,35.03,35745
2013-06-19 10:00:00,35.06,35.18,35.0,35.06,86413
2013-06-19 10:15:00,35.07,35.16,35.07,35.16,145811
2013-06-19 10:30:00,35.17,35.33,35.17,35.32,220087
2013-06-19 10:45:00,35.32,35.43,35.29,35.41,284035
2013-06-19 11:00:00,35.42,35.435,35.25,35.36,348923
2013-06-19 11:15:00,35.36,35.36,35.29,35.29,391942
2013-06-19 11:30:00,35.29,35.33,35.25,35.32,438778
2013-06-19 11:45:00,35.33,35.37,35.32,35.36,490917
2013-06-19 12:00:00,35.36,35.48,35.35,35.46,568188
2013-06-19 12:15:00,35.455,35.54,35.42,35.525,633879
2013-06-19 12:30:00,35.53,35.635,35.5,35.635,781750
2013-06-19 12:45:00,35.63,35.64,35.551,35.59,883535
2013-06-19 13:00:00,35.59,35.72,35.58,35.72,976916
2013-06-19 13:15:00,35.72,35.77,35.63,35.67,1102453
2013-06-19 13:30:00,35.675,35.72,35.675,35.7004,1288215
2013-06-19 13:45:00,35.7,35.74,35.69,35.695,1498154
2013-06-19 14:00:00,35.69,35.69,35.55,35.56,1931201
2013-06-19 14:15:00,35.56,35.581,35.25,35.581,2073148
2013-06-19 14:30:00,35.58,35.63,35.45,35.54,2228214
2013-06-19 14:45:00,35.54,35.545,35.41,35.47,2522219
2013-06-19 15:00:00,35.46,35.4679,35.07,35.09,2652093
2013-06-19 15:15:00,35.091,35.23,35.07,35.1,2826086
2013-06-19 15:30:00,35.09,35.16,35.0,35.14,2967779
2013-06-19 15:45:00,35.15,35.19,35.03,35.03,3129638
2013-06-19 16:00:00,35.03,35.06,34.89,35.06,3441008
2013-06-20 09:45:00,34.72,34.74,34.43,34.57,61507
2013-06-20 10:00:00,34.58,34.84,34.555,34.77,206096
2013-06-20 10:15:00,34.77,34.85,34.71,34.71,311775
2013-06-20 10:30:00,34.72,34.78,34.54,34.55,450111
2013-06-20 10:45:00,34.56,34.59,34.44,34.59,530464
2013-06-20 11:00:00,34.58,34.76,34.5,34.6,636166
2013-06-20 11:15:00,34.6,34.78,34.56,34.75,680740
2013-06-20 11:30:00,34.75,34.77,34.7,34.73,718979
2013-06-20 11:45:00,34.72,34.81,34.7,34.77,766887
2013-06-20 12:00:00,34.79,34.81,34.7,34.75,824510
2013-06-20 12:15:00,34.74,34.87,34.72,34.87,863311
2013-06-20 12:30:00,34.87,34.87,34.79,34.87,893046
2013-06-20 12:45:00,34.87,34.87,34.8,34.84,926095
2013-06-20 13:00:00,34.84,34.87,34.82,34.85,963705
2013-06-20 13:15:00,34.85,34.88,34.83,34.88,996438
2013-06-20 13:30:00,34.87,34.88,34.75,34.75,1100166
2013-06-20 13:45:00,34.75,34.77,34.64,34.68,1137669
2013-06-20 14:00:00,34.68,34.7,34.61,34.68,1176373
2013-06-20 14:15:00,34.67,34.71,34.63,34.63,1227276
2013-06-20 14:30:00,34.635,34.64,34.47,34.48,1298163
2013-06-20 14:45:00,34.48,34.48,34.38,34.45,1359711
2013-06-20 15:00:00,34.45,34.45,34.34,34.38,1454563
2013-06-20 15:15:00,34.36,34.41,34.315,34.395,1538775
2013-06-20 15:30:00,34.39,34.51,34.33,34.38,1643438
2013-06-20 15:45:00,34.38,34.44,34.3,34.41,1793816
2013-06-20 16:00:00,34.4,34.51,34.33,34.46,2071307
2013-06-21 09:45:00,34.44,34.62,34.22,34.3,97882
2013-06-21 10:00:00,34.3,34.3,34.2,34.29,138759
2013-06-21 10:15:00,34.29,34.31,34.245,34.25,238630
2013-06-21 10:30:00,34.25,34.25,34.14,34.15,344955
2013-06-21 10:45:00,34.15,34.17,34.09,34.12,401305
2013-06-21 11:00:00,34.11,34.14,34.07,34.12,458071
2013-06-21 11:15:00,34.1275,34.16,34.085,34.09,507427
2013-06-21 11:30:00,34.1,34.13,34.04,34.08,552158
2013-06-21 11:45:00,34.07,34.08,34.01,34.05,609209
2013-06-21 12:00:00,34.05,34.06,33.9,33.9,647517
2013-06-21 12:15:00,33.91,34.03,33.91,33.985,688440
2013-06-21 12:30:00,34.0,34.01,33.94,33.95,713742
2013-06-21 12:45:00,33.94,33.97,33.93,33.96,754227
2013-06-21 13:00:00,33.96,34.08,33.95,34.075,794085
2013-06-21 13:15:00,34.09,34.13,34.06,34.122,840978
2013-06-21 13:30:00,34.12,34.13,34.045,34.065,871770
2013-06-21 13:45:00,34.0601,34.1,34.05,34.08,903229
2013-06-21 14:00:00,34.08,34.09,34.0,34.03,937618
2013-06-21 14:15:00,34.04,34.06,34.02,34.03,999649
2013-06-21 14:30:00,34.025,34.05,33.98,34.01,1052573
2013-06-21 14:45:00,34.01,34.04,33.98,34.02,1152809
2013-06-21 15:00:00,34.03,34.15,34.03,34.14,1222007
2013-06-21 15:15:00,34.14,34.25,34.1,34.22,1276673
2013-06-21 15:30:00,34.22,34.27,34.135,34.17,1373402
2013-06-21 15:45:00,34.17,34.23,34.15,34.15,1419248
2013-06-21 16:00:00,34.15,34.17,33.98,34.03,1822986
2013-06-24 09:45:00,33.75,33.75,33.24,33.34,52620
2013-06-24 10:00:00,33.33,33.57,33.33,33.4,144152
2013-06-24 10:15:00,33.38,33.56,33.38,33.56,169610
2013-06-24 10:30:00,33.56,33.65,33.532,33.65,214353
2013-06-24 10:45:00,33.61,33.7,33.54,33.7,237241
2013-06-24 11:00:00,33.7,33.72,33.64,33.64,265317
2013-06-24 11:15:00,33.63,33.7,33.62,33.63,282439
2013-06-24 11:30:00,33.62,33.62,33.47,33.47,306265
2013-06-24 11:45:00,33.48,33.61,33.48,33.52,335957
2013-06-24 12:00:00,33.52,33.6,33.5,33.59,362457
2013-06-24 12:15:00,33.6,33.64,33.5,33.52,390755
2013-06-24 12:30:00,33.52,33.545,33.4,33.51,421681
2013-06-24 12:45:00,33.52,33.565,33.5,33.54,443382
2013-06-24 13:00:00,33.54,33.58,33.48,33.53,473539
2013-06-24 13:15:00,33.53,33.63,33.48,33.61,521080
2013-06-24 13:30:00,33.62,33.65,33.56,33.64,566960
2013-06-24 13:45:00,33.63,33.66,33.53,33.66,601213
2013-06-24 14:00:00,33.66,33.66,33.54,33.57,643334
2013-06-24 14:15:00,33.58,33.66,33.53,33.6,708464
2013-06-24 14:30:00,33.61,33.75,33.605,33.75,780932
2013-06-24 14:45:00,33.75,33.92,33.73,33.89,846806
2013-06-24 15:00:00,33.88,33.91,33.75,33.81,916526
2013-06-24 15:15:00,33.82,34.0,33.81,33.9,994703
2013-06-24 15:30:00,33.9,33.93,33.82,33.91,1046707
2013-06-24 15:45:00,33.91,33.99,33.85,33.99,1225483
2013-06-24 16:00:00,33.99,34.01,33.84,33.91,1522361
2013-06-25 09:45:00,34.03,34.08,33.88,33.97,46651
2013-06-25 10:00:00,33.98,33.98,33.71,33.71,82875
2013-06-25 10:15:00,33.71,33.81,33.65,33.68,127233
2013-06-25 10:30:00,33.69,33.71,33.575,33.7,172087
2013-06-25 10:45:00,33.67,33.7,33.62,33.688,227917
2013-06-25 11:00:00,33.69,33.7,33.63,33.645,261667
2013-06-25 11:15:00,33.645,33.655,33.595,33.61,318209
2013-06-25 11:30:00,33.61,33.676,33.59,33.62,388917
2013-06-25 11:45:00,33.63,33.74,33.63,33.72,438388
2013-06-25 12:00:00,33.73,34.11,33.7,34.06,530711
2013-06-25 12:15:00,34.06,34.15,34.03,34.125,572185
2013-06-25 12:30:00,34.125,34.13,34.06,34.07,600057
2013-06-25 12:45:00,34.08,34.13,34.07,34.09,619481
2013-06-25 13:00:00,34.1,34.12,34.07,34.095,630235
2013-06-25 13:15:00,34.095,34.16,33.985,33.985,668412
2013-06-25 13:30:00,33.99,33.99,33.85,33.92,695612
2013-06-25 13:45:00,33.915,33.92,33.79,33.82,732901
2013-06-25 14:00:00,33.83,33.89,33.73,33.74,758319
2013-06-25 14:15:00,33.75,33.79,33.7,33.75,802201
2013-06-25 14:30:00,33.74,33.78,33.67,33.69,839157
2013-06-25 14:45:00,33.7,33.76,33.68,33.68,877015
2013-06-25 15:00:00,33.67,33.67,33.6,33.62,915532
2013-06-25 15:15:00,33.62,33.67,33.6,33.6,952287
2013-06-25 15:30:00,33.6,33.68,33.59,33.68,1007462
2013-06-25 15:45:00,33.68,33.795,33.66,33.79,1125883
2013-06-25 16:00:00,33.79,33.83,33.67,33.81,1359647
2013-06-26 09:45:00,34.01,34.03,33.84,33.85,137999
2013-06-26 10:00:00,33.85,33.89,33.45,33.56,356657
2013-06-26 10:15:00,33.57,33.59,33.45,33.5,476794
2013-06-26 10:30:00,33.5,33.5,33.3,33.31,643369
2013-06-26 10:45:00,33.32,33.36,33.19,33.2,766043
2013-06-26 11:00:00,33.2,33.33,33.13,33.22,917637
2013-06-26 11:15:00,33.23,33.44,33.21,33.44,1015964
2013-06-26 11:30:00,33.44,33.57,33.43,33.47,1059963
2013-06-26 11:45:00,33.48,33.59,33.48,33.5,1086075
2013-06-26 12:00:00,33.51,33.66,33.505,33.65,1108275
2013-06-26 12:15:00,33.66,33.67,33.5,33.515,1177430
2013-06-26 12:30:00,33.51,33.6,33.485,33.55,1228418
2013-06-26 12:45:00,33.55,33.64,33.485,33.56,1337757
2013-06-26 13:00:00,33.55,33.56,33.47,33.53,1391409
2013-06-26 13:15:00,33.53,33.56,33.48,33.49,1425736
2013-06-26 13:30:00,33.491,33.51,33.48,33.5,1504438
2013-06-26 13:45:00,33.49,33.5,33.48,33.49,1545149
2013-06-26 14:00:00,33.5,33.5,33.48,33.5,1604228
2013-06-26 14:15:00,33.5,33.5,33.46,33.495,1661007
2013-06-26 14:30:00,33.5,33.54,33.49,33.52,1799224
2013-06-26 14:45:00,33.53,33.53,33.49,33.53,1869011
2013-06-26 15:00:00,33.53,33.65,33.52,33.645,1928537
2013-06-26 15:15:00,33.645,33.68,33.56,33.61,2010711
2013-06-26 15:30:00,33.61,33.695,33.59,33.67,2081690
2013-06-26 15:45:00,33.66,33.76,33.63,33.72,2276713
2013-06-26 16:00:00,33.72,33.85,33.7,33.78,2777473
2013-06-27 09:45:00,33.98,34.15,33.88,34.07,36103
2013-06-27 10:00:00,34.07,34.26,34.07,34.09,67573
2013-06-27 10:15:00,34.075,34.13,34.03,34.04,98791
2013-06-27 10:30:00,34.06,34.11,34.0,34.07,128863
2013-06-27 10:45:00,34.06,34.12,34.06,34.09,161108
2013-06-27 11:00:00,34.08,34.08,33.98,33.98,179353
2013-06-27 11:15:00,33.98,33.99,33.935,33.9429,210745
2013-06-27 11:30:00,33.9475,33.95,33.85,33.9,247394
2013-06-27 11:45:00,33.9,33.95,33.89,33.95,259943
2013-06-27 12:00:00,33.96,34.2,33.96,34.19,314980
2013-06-27 12:15:00,34.16,34.16,34.02,34.08,336719
2013-06-27 12:30:00,34.08,34.14,34.08,34.13,353867
2013-06-27 12:45:00,34.13,34.13,34.08,34.1,386355
2013-06-27 13:00:00,34.1,34.1,33.98,34.01,426512
2013-06-27 13:15:00,34.0,34.06,33.99,34.06,451246
2013-06-27 13:30:00,34.06,34.12,34.01,34.09,499364
2013-06-27 13:45:00,34.1,34.19,34.1,34.17,521675
2013-06-27 14:00:00,34.17,34.175,34.105,34.135,545348
2013-06-27 14:15:00,34.14,34.16,34.03,34.06,580440
2013-06-27 14:30:00,34.08,34.08,33.96,33.96,619303
2013-06-27 14:45:00,33.97,34.07,33.965,34.0,661295
2013-06-27 15:00:00,34.0,34.02,33.975,33.98,693595
2013-06-27 15:15:00,33.99,34.03,33.94,33.99,740709
2013-06-27 15:30:00,33.9901,34.04,33.98,33.98,795017
2013-06-27 15:45:00,33.99,34.015,33.97,34.0,863153
2013-06-27 16:00:00,34.0,34.09,33.98,34.08,1132460
2013-06-28 09:45:00,34.21,34.26,34.03,34.06,71755
2013-06-28 10:00:00,34.06,34.07,33.87,34.015,356006
2013-06-28 10:15:00,34.015,34.03,33.86,33.91,406204
2013-06-28 10:30:00,33.91,34.03,33.89,34.0,877690
2013-06-28 10:45:00,34.0,34.06,33.87,34.06,982500
2013-06-28 11:00:00,34.045,34.11,34.03,34.1,1185714
2013-06-28 11:15:00,34.09,34.13,34.06,34.11,1227708
2013-06-28 11:30:00,34.1,34.1,34.05,34.07,1257196
2013-06-28 11:45:00,34.07,34.09,33.97,34.0175,1289025
2013-06-28 12:00:00,34.04,34.05,33.995,34.01,1345484
2013-06-28 12:15:00,34.02,34.02,33.89,33.915,1362489
2013-06-28 12:30:00,33.91,33.91,33.815,33.88,1387988
2013-06-28 12:45:00,33.88,33.93,33.845,33.925,1406474
2013-06-28 13:00:00,33.93,33.97,33.89,33.89,1439004
2013-06-28 13:15:00,33.87,33.91,33.855,33.875,1465262
2013-06-28 13:30:00,33.88,33.91,33.84,33.84,1493108
2013-06-28 13:45:00,33.83,33.89,33.8,33.84,1570898
2013-06-28 14:00:00,33.85,33.89,33.84,33.86,1599965
2013-06-28 14:15:00,33.85,33.87,33.83,33.84,1648332
2013-06-28 14:30:00,33.84,33.85,33.8,33.85,1684249
2013-06-28 14:45:00,33.85,33.86,33.8,33.85,2020311
2013-06-28 15:00:00,33.85,33.855,33.84,33.845,2182993
2013-06-28 15:15:00,33.85,33.85,33.78,33.85,2260784
2013-06-28 15:30:00,33.85,33.86,33.8,33.85,2333817
2013-06-28 15:45:00,33.86,33.87,33.68,33.8,2698994
2013-06-28 16:00:00,33.79,33.79,33.55,33.61,3429333
2013-07-01 09:45:00,33.64,33.68,33.47,33.485,205939
2013-07-01 10:00:00,33.485,33.54,33.42,33.45,383725
2013-07-01 10:15:00,33.46,33.55,33.42,33.47,539391
2013-07-01 10:30:00,33.48,33.52,33.43,33.47,643977
2013-07-01 10:45:00,33.47,33.51,33.46,33.48,722696
2013-07-01 11:00:00,33.48,33.49,33.43,33.43,797208
2013-07-01 11:15:00,33.43,33.45,33.38,33.395,862901
2013-07-01 11:30:00,33.395,33.4,33.31,33.31,985628
2013-07-01 11:45:00,33.31,33.319,33.27,33.27,1104145
2013-07-01 12:00:00,33.28,33.4,33.25,33.4,1235430
2013-07-01 12:15:00,33.4,33.4,33.35,33.37,1361927
2013-07-01 12:30:00,33.375,33.4,33.35,33.39,1528532
2013-07-01 12:45:00,33.4,33.4,33.37,33.39,1586480
2013-07-01 13:00:00,33.395,33.4,33.39,33.4,1637508
2013-07-01 13:15:00,33.395,33.49,33.39,33.465,1716106
2013-07-01 13:30:00,33.47,33.5,33.43,33.44,1795062
2013-07-01 13:45:00,33.44,33.45,33.43,33.445,1859574
2013-07-01 14:00:00,33.44,33.45,33.43,33.44,1916225
2013-07-01 14:15:00,33.43,33.45,33.375,33.41,2220348
2013-07-01 14:30:00,33.41,33.43,33.33,33.33,2376039
2013-07-01 14:45:00,33.3375,33.34,33.33,33.335,2440924
2013-07-01 15:00:00,33.335,33.34,33.15,33.15,2595976
2013-07-01 15:15:00,33.14,33.28,33.14,33.18,2749596
2013-07-01 15:30:00,33.16,33.165,33.07,33.1,2919533
2013-07-01 15:45:00,33.1,33.26,33.09,33.23,3124797
2013-07-01 16:00:00,33.23,33.33,33.23,33.27,3489171
2013-07-02 09:45:00,34.6,34.75,34.18,34.39,975563
2013-07-02 10:00:00,34.38,34.58,34.295,34.34,1809217
2013-07-02 10:15:00,34.33,34.37,34.0,34.08,2406572
2013-07-02 10:30:00,34.07,34.14,34.01,34.09,2935192
2013-07-02 10:45:00,34.09,34.3,34.09,34.18,3287236
2013-07-02 11:00:00,34.175,34.25,34.175,34.24,3617546
2013-07-02 11:15:00,34.24,34.32,34.21,34.25,3915326
2013-07-02 11:30:00,34.25,34.46,34.22,34.33,4194380
2013-07-02 11:45:00,34.325,34.35,34.28,34.3,4473512
2013-07-02 12:00:00,34.3,34.49,34.25,34.37,4897067
2013-07-02 12:15:00,34.38,34.46,34.38,34.38,5039423
2013-07-02 12:30:00,34.3899,34.4289,34.38,34.4,5164878
2013-07-02 12:45:00,34.4,34.4,34.33,34.34,5491526
2013-07-02 13:00:00,34.33,34.35,34.27,34.33,5637647
2013-07-02 13:15:00,34.33,34.37,34.3,34.34,5863031
2013-07-02 13:30:00,34.35,34.39,34.32,34.38,6103632
2013-07-02 13:45:00,34.38,34.385,34.29,34.29,6329802
2013-07-02 14:00:00,34.29,34.31,34.24,34.31,6500338
2013-07-02 14:15:00,34.31,34.34,34.13,34.15,6696922
2013-07-02 14:30:00,34.15,34.2,34.0,34.13,7028807
2013-07-02 14:45:00,34.13,34.13,34.04,34.065,7275241
2013-07-02 15:00:00,34.06,34.07,33.945,34.02,7748629
2013-07-02 15:15:00,34.03,34.08,33.99,34.05,7958527
2013-07-02 15:30:00,34.045,34.07,33.995,34.01,8243866
2013-07-02 15:45:00,34.01,34.035,33.91,33.91,8783471
2013-07-02 16:00:00,33.915,33.99,33.88,33.97,9716920
2013-07-03 09:45:00,33.85,34.05,33.85,33.92,154308
2013-07-03 10:00:00,33.89,33.92,33.77,33.77,244029
2013-07-03 10:15:00,33.78,33.84,33.76,33.83,397808
2013-07-03 10:30:00,33.84,33.9,33.82,33.88,514112
2013-07-03 10:45:00,33.88,33.915,33.83,33.9,632291
2013-07-03 11:00:00,33.9,33.94,33.87,33.94,741255
2013-07-03 11:15:00,33.94,33.96,33.89,33.92,857603
2013-07-03 11:30:00,33.92,34.0,33.92,33.96,972604
2013-07-03 11:45:00,33.97,33.97,33.9,33.905,1072072
2013-07-03 12:00:00,33.92,34.0,33.9,33.99,1210285
2013-07-03 12:15:00,34.0,34.0,33.88,33.98,1387708
2013-07-03 12:30:00,33.99,33.99,33.9,33.925,1522199
2013-07-03 12:45:00,33.925,34.0,33.92,33.95,1681718
2013-07-03 13:00:00,33.94,34.0,33.88,33.95,2050021
2013-07-03 13:15:00,33.94,33.94,33.94,33.94,2167511
2013-07-05 09:45:00,34.04,34.17,33.95,33.989,83404
2013-07-05 10:00:00,33.99,34.02,33.93,33.95,239650
2013-07-05 10:15:00,33.96,33.99,33.905,33.98,333161
2013-07-05 10:30:00,33.97,34.0,33.94,33.97,417352
2013-07-05 10:45:00,33.99,34.045,33.95,34.04,688820
2013-07-05 11:00:00,34.045,34.12,34.04,34.11,893550
2013-07-05 11:15:00,34.115,34.33,34.1,34.315,1107482
2013-07-05 11:30:00,34.31,34.33,34.17,34.185,1275725
2013-07-05 11:45:00,34.185,34.215,34.175,34.185,1376009
2013-07-05 12:00:00,34.18,34.21,34.15,34.2,1534064
2013-07-05 12:15:00,34.195,34.325,34.19,34.29,1880207
2013-07-05 12:30:00,34.29,34.36,34.29,34.34,1961061
2013-07-05 12:45:00,34.33,34.39,34.33,34.38,2032838
2013-07-05 13:00:00,34.38,34.48,34.38,34.475,2103503
2013-07-05 13:15:00,34.46,34.54,34.44,34.49,2208968
2013-07-05 13:30:00,34.49,34.55,34.43,34.54,2327330
2013-07-05 13:45:00,34.535,34.57,34.46,34.49,2424222
2013-07-05 14:00:00,34.49,34.5,34.44,34.445,2535140
2013-07-05 14:15:00,34.45,34.5,34.45,34.5,2644252
2013-07-05 14:30:00,34.5,34.55,34.49,34.55,2779947
2013-07-05 14:45:00,34.55,34.77,34.545,34.64,2972751
2013-07-05 15:00:00,34.64,34.72,34.55,34.71,3093657
2013-07-05 15:15:00,34.71,34.8,34.63,34.7099,3386849
2013-07-05 15:30:00,34.69,34.73,34.47,34.47,3689771
2013-07-05 15:45:00,34.48,34.75,34.47,34.725,3947242
2013-07-05 16:00:00,34.73,34.79,34.67,34.68,4526679
2013-07-08 09:45:00,35.05,35.7,34.91,35.38,777393
2013-07-08 10:00:00,35.4,35.44,35.19,35.25,1227243
2013-07-08 10:15:00,35.25,35.33,35.19,35.21,1914887
2013-07-08 10:30:00,35.21,35.29,35.15,35.195,2389710
2013-07-08 10:45:00,35.1999,35.21,34.99,35.1,2742934
2013-07-08 11:00:00,35.1,35.205,35.07,35.19,3296608
2013-07-08 11:15:00,35.19,35.23,35.14,35.185,3615528
2013-07-08 11:30:00,35.18,35.25,35.17,35.245,3894316
2013-07-08 11:45:00,35.24,35.26,35.1,35.18,4238638
2013-07-08 12:00:00,35.18,35.23,35.09,35.19,4680203
2013-07-08 12:15:00,35.19,35.205,35.12,35.14,4967143
2013-07-08 12:30:00,35.13,35.21,35.12,35.195,5203402
2013-07-08 12:45:00,35.2,35.2,35.08,35.13,5464847
2013-07-08 13:00:00,35.13,35.14,34.99,35.0,5862686
2013-07-08 13:15:00,34.995,35.2,34.99,35.17,6228962
2013-07-08 13:30:00,35.16,35.2,35.13,35.16,6471532
2013-07-08 13:45:00,35.15,35.185,35.115,35.145,6668776
2013-07-08 14:00:00,35.145,35.24,35.135,35.24,7164668
2013-07-08 14:15:00,35.23,35.3,35.19,35.265,7668086
2013-07-08 14:30:00,35.265,35.34,35.22,35.31,8194449
2013-07-08 14:45:00,35.31,35.35,35.215,35.29,8563142
2013-07-08 15:00:00,35.29,35.48,35.285,35.36,9666022
2013-07-08 15:15:00,35.36,35.36,35.24,35.2499,10401500
2013-07-08 15:30:00,35.25,35.295,35.23,35.27,11060535
2013-07-08 15:45:00,35.27,35.37,35.25,35.32,11899433
2013-07-08 16:00:00,35.31,35.34,35.11,35.12,15129043
2013-07-09 09:45:00,35.14,35.26,34.63,34.71,358644
2013-07-09 10:00:00,34.715,34.715,34.47,34.65,552776
2013-07-09 10:15:00,34.655,34.66,34.405,34.44,863264
2013-07-09 10:30:00,34.431,34.5,34.31,34.32,1047016
2013-07-09 10:45:00,34.35,34.53,34.32,34.42,1174369
2013-07-09 11:00:00,34.43,34.57,34.42,34.48,1274622
2013-07-09 11:15:00,34.485,34.49,34.36,34.38,1504245
2013-07-09 11:30:00,34.379,34.4,34.36,34.37,1643469
2013-07-09 11:45:00,34.37,34.39,34.29,34.3,1737979
2013-07-09 12:00:00,34.309,34.36,34.26,34.315,1878528
2013-07-09 12:15:00,34.32,34.35,34.29,34.35,1998659
2013-07-09 12:30:00,34.35,34.355,34.29,34.31,2102231
2013-07-09 12:45:00,34.3,34.35,34.29,34.32,2190061
2013-07-09 13:00:00,34.31,34.35,34.29,34.32,2269624
2013-07-09 13:15:00,34.32,34.35,34.3,34.32,2338719
2013-07-09 13:30:00,34.325,34.35,34.3,34.33,2427030
2013-07-09 13:45:00,34.32,34.32,34.2,34.27,2501161
2013-07-09 14:00:00,34.275,34.29,34.22,34.25,2581992
2013-07-09 14:15:00,34.24,34.34,34.23,34.34,2659871
2013-07-09 14:30:00,34.35,34.415,34.31,34.4,2731171
2013-07-09 14:45:00,34.4,34.41,34.36,34.36,2780733
2013-07-09 15:00:00,34.36,34.395,34.34,34.35,2876498
2013-07-09 15:15:00,34.36,34.4,34.34,34.37,3063943
2013-07-09 15:30:00,34.36,34.365,34.23,34.25,3192431
2013-07-09 15:45:00,34.25,34.32,34.22,34.28,3420436
2013-07-09 16:00:00,34.28,34.28,34.19,34.22,3860781
2013-07-10 09:45:00,34.13,34.22,33.77,33.8,185388
2013-07-10 10:00:00,33.7702,33.81,33.68,33.7,379188
2013-07-10 10:15:00,33.7,33.75,33.49,33.53,633171
2013-07-10 10:30:00,33.53,33.535,33.41,33.51,869949
2013-07-10 10:45:00,33.51,33.64,33.5,33.585,1226889
2013-07-10 11:00:00,33.59,33.595,33.55,33.58,1340965
2013-07-10 11:15:00,33.58,33.64,33.56,33.64,1489807
2013-07-10 11:30:00,33.64,33.68,33.6,33.68,1721114
2013-07-10 11:45:00,33.68,33.75,33.62,33.62,1844291
2013-07-10 12:00:00,33.62,33.68,33.61,33.66,1930111
2013-07-10 12:15:00,33.66,33.675,33.56,33.59,2068198
2013-07-10 12:30:00,33.59,33.59,33.52,33.53,2182248
2013-07-10 12:45:00,33.53,33.565,33.39,33.44,2354964
2013-07-10 13:00:00,33.44,33.54,33.44,33.46,2442772
2013-07-10 13:15:00,33.462,33.51,33.46,33.5,2530056
2013-07-10 13:30:00,33.5,33.52,33.47,33.5,2612036
2013-07-10 13:45:00,33.495,33.54,33.49,33.5,2686228
2013-07-10 14:00:00,33.5059,33.56,33.5,33.53,2779787
2013-07-10 14:15:00,33.53,33.63,33.49,33.52,2972534
2013-07-10 14:30:00,33.51,33.58,33.41,33.42,3152264
2013-07-10 14:45:00,33.44,33.49,33.27,33.32,3310429
2013-07-10 15:00:00,33.32,33.44,33.3,33.43,3478973
2013-07-10 15:15:00,33.43,33.44,33.3,33.36,3592698
2013-07-10 15:30:00,33.37,33.46,33.33,33.45,3772897
2013-07-10 15:45:00,33.45,33.47,33.25,33.435,4236306
2013-07-10 16:00:00,33.45,33.53,33.42,33.51,4809877
2013-07-11 09:45:00,33.77,34.0,33.73,33.76,108496
2013-07-11 10:00:00,33.7701,33.88,33.73,33.74,336691
2013-07-11 10:15:00,33.74,33.81,33.69,33.8,470278
2013-07-11 10:30:00,33.8,33.85,33.78,33.83,567026
2013-07-11 10:45:00,33.84,33.89,33.77,33.83,657560
2013-07-11 11:00:00,33.83,33.84,33.75,33.79,753816
2013-07-11 11:15:00,33.8,33.82,33.76,33.8,855840
2013-07-11 11:30:00,33.8,33.86,33.77,33.86,947645
2013-07-11 11:45:00,33.86,33.97,33.83,33.97,1059823
2013-07-11 12:00:00,33.97,34.0,33.9,33.99,1135454
2013-07-11 12:15:00,34.0,34.03,33.98,34.02,1229567
2013-07-11 12:30:00,34.02,34.06,33.98,34.005,1309984
2013-07-11 12:45:00,34.01,34.03,33.98,34.0,1468019
2013-07-11 13:00:00,33.99,34.021,33.95,34.01,1565905
2013-07-11 13:15:00,34.01,34.07,33.99,34.0,1710691
2013-07-11 13:30:00,34.01,34.04,33.97,34.02,1803471
2013-07-11 13:45:00,34.015,34.02,33.94,33.941,1912412
2013-07-11 14:00:00,33.94,33.98,33.89,33.97,1997908
2013-07-11 14:15:00,33.97,34.01,33.95,34.0,2155408
2013-07-11 14:30:00,34.0,34.0625,34.0,34.0,2204763
2013-07-11 14:45:00,34.01,34.08,34.0,34.02,2266587
2013-07-11 15:00:00,34.02,34.105,34.0,34.025,2332132
2013-07-11 15:15:00,34.01,34.1,34.01,34.05,2427061
2013-07-11 15:30:00,34.04,34.13,34.03,34.13,2533047
2013-07-11 15:45:00,34.13,34.15,34.03,34.13,2808971
2013-07-11 16:00:00,34.13,34.27,34.13,34.24,3413064
2013-07-12 09:45:00,34.17,34.42,34.1,34.265,98962
2013-07-12 10:00:00,34.25,34.3,34.19,34.25,183434
2013-07-12 10:15:00,34.25,34.3,34.1,34.15,271163
2013-07-12 10:30:00,34.15,34.185,34.11,34.16,360633
2013-07-12 10:45:00,34.16,34.34,34.15,34.325,481086
2013-07-12 11:00:00,34.32,34.38,34.32,34.37,588812
2013-07-12 11:15:00,34.36,34.38,34.33,34.36,665573
2013-07-12 11:30:00,34.365,34.37,34.29,34.33,737639
2013-07-12 11:45:00,34.34,34.35,34.26,34.27,812236
2013-07-12 12:00:00,34.25,34.26,34.2,34.2,912827
2013-07-12 12:15:00,34.2,34.31,34.15,34.25,1205307
2013-07-12 12:30:00,34.25,34.29,34.2,34.255,1291721
2013-07-12 12:45:00,34.255,34.31,34.25,34.29,1356150
2013-07-12 13:00:00,34.29,34.41,34.28,34.41,1428512
2013-07-12 13:15:00,34.41,34.41,34.26,34.3,1526684
2013-07-12 13:30:00,34.3,34.34,34.295,34.33,1581838
2013-07-12 13:45:00,34.33,34.34,34.28,34.3,1625321
2013-07-12 14:00:00,34.29,34.37,34.29,34.34,1712523
2013-07-12 14:15:00,34.33,34.36,34.26,34.31,1827360
2013-07-12 14:30:00,34.31,34.33,34.26,34.31,1923241
2013-07-12 14:45:00,34.31,34.32,34.27,34.315,1989909
2013-07-12 15:00:00,34.32,34.35,34.3,34.32,2169158
2013-07-12 15:15:00,34.33,34.37,34.32,34.33,2299886
2013-07-12 15:30:00,34.335,34.365,34.33,34.36,2405359
2013-07-12 15:45:00,34.355,34.37,34.29,34.36,2532462
2013-07-12 16:00:00,34.37,34.53,34.35,34.46,3341973
2013-07-15 09:45:00,34.47,34.59,34.47,34.55,31845
2013-07-15 10:00:00,34.55,34.58,34.505,34.57,99449
2013-07-15 10:15:00,34.58,34.62,34.54,34.59,277357
2013-07-15 10:30:00,34.6,34.6425,34.55,34.63,444376
2013-07-15 10:45:00,34.62,34.76,34.6,34.615,661244
2013-07-15 11:00:00,34.61,34.68,34.54,34.565,771536
2013-07-15 11:15:00,34.57,34.63,34.51,34.58,879262
2013-07-15 11:30:00,34.575,34.645,34.53,34.6,985437
2013-07-15 11:45:00,34.6,34.61,34.5,34.51,1061851
2013-07-15 12:00:00,34.51,34.52,34.44,34.49,1118174
2013-07-15 12:15:00,34.49,34.57,34.47,34.505,1186460
2013-07-15 12:30:00,34.51,34.56,34.5,34.555,1226885
2013-07-15 12:45:00,34.56,34.61,34.52,34.56,1310360
2013-07-15 13:00:00,34.55,34.62,34.53,34.58,1370994
2013-07-15 13:15:00,34.57,34.57,34.49,34.56,1431721
2013-07-15 13:30:00,34.555,34.57,34.535,34.54,1502770
2013-07-15 13:45:00,34.54,34.58,34.51,34.56,1578053
2013-07-15 14:00:00,34.565,34.67,34.56,34.64,1684707
2013-07-15 14:15:00,34.62,34.635,34.56,34.62,1735120
2013-07-15 14:30:00,34.62,34.64,34.57,34.64,1796188
2013-07-15 14:45:00,34.64,34.65,34.575,34.61,1864620
2013-07-15 15:00:00,34.61,34.64,34.565,34.6,1925929
2013-07-15 15:15:00,34.6,34.625,34.56,34.59,1986846
2013-07-15 15:30:00,34.59,34.63,34.565,34.57,2062163
2013-07-15 15:45:00,34.57,34.57,34.52,34.55,2216265
2013-07-15 16:00:00,34.55,34.55,34.44,34.45,2578277
2013-07-16 09:45:00,34.41,34.52,34.04,34.04,197866
2013-07-16 10:00:00,34.04,34.04,33.74,33.77,305677
2013-07-16 10:15:00,33.8,33.97,33.76,33.96,468208
2013-07-16 10:30:00,33.95,33.955,33.77,33.78,556594
2013-07-16 10:45:00,33.785,33.93,33.72,33.9,666549
2013-07-16 11:00:00,33.905,33.94,33.79,33.87,767046
2013-07-16 11:15:00,33.87,33.975,33.85,33.96,891461
2013-07-16 11:30:00,33.96,33.99,33.88,33.99,959125
2013-07-16 11:45:00,33.99,34.0,33.96,33.96,1045566
2013-07-16 12:00:00,33.965,33.99,33.935,33.98,1140641
2013-07-16 12:15:00,34.0,34.0,33.89,33.92,1223056
2013-07-16 12:30:00,33.92,33.95,33.84,33.84,1316552
2013-07-16 12:45:00,33.84,33.895,33.76,33.85,1406977
2013-07-16 13:00:00,33.855,33.86,33.72,33.81,1478789
2013-07-16 13:15:00,33.81,33.81,33.63,33.67,1559420
2013-07-16 13:30:00,33.67,33.75,33.67,33.69,1620439
2013-07-16 13:45:00,33.7,33.72,33.59,33.64,1740018
2013-07-16 14:00:00,33.64,33.65,33.5,33.6399,1829873
2013-07-16 14:15:00,33.635,33.665,33.5,33.65,1977571
2013-07-16 14:30:00,33.65,33.655,33.57,33.62,2103355
2013-07-16 14:45:00,33.6277,33.65,33.58,33.645,2178682
2013-07-16 15:00:00,33.65,33.65,33.52,33.54,2379771
2013-07-16 15:15:00,33.5328,33.59,33.5,33.56,2612098
2013-07-16 15:30:00,33.57,33.66,33.57,33.65,2799116
2013-07-16 15:45:00,33.65,33.76,33.65,33.755,3137001
2013-07-16 16:00:00,33.76,33.83,33.76,33.83,3649475
2013-07-17 09:45:00,33.88,34.14,33.86,33.91,100272
2013-07-17 10:00:00,33.9,33.96,33.8575,33.9,221457
2013-07-17 10:15:00,33.89,33.94,33.87,33.89,249906
2013-07-17 10:30:00,33.92,33.97,33.77,33.77,300617
2013-07-17 10:45:00,33.77,33.78,33.57,33.59,377898
2013-07-17 11:00:00,33.6,33.63,33.43,33.48,485542
2013-07-17 11:15:00,33.49,33.51,33.42,33.48,586621
2013-07-17 11:30:00,33.48,33.5,33.41,33.42,658806
2013-07-17 11:45:00,33.42,33.46,33.4,33.46,828377
2013-07-17 12:00:00,33.45,33.5,33.41,33.44,1003803
2013-07-17 12:15:00,33.44,33.54,33.44,33.5,1240070
2013-07-17 12:30:00,33.5,33.58,33.415,33.4175,1374842
2013-07-17 12:45:00,33.41,33.48,33.28,33.44,1571539
2013-07-17 13:00:00,33.44,33.45,33.39,33.395,1630647
2013-07-17 13:15:00,33.405,33.41,33.275,33.34,1788335
2013-07-17 13:30:00,33.34,33.38,33.22,33.25,1920682
2013-07-17 13:45:00,33.25,33.28,33.21,33.23,2071697
2013-07-17 14:00:00,33.22,33.28,33.11,33.1275,2264704
2013-07-17 14:15:00,33.13,33.145,33.0,33.01,2688927
2013-07-17 14:30:00,33.015,33.05,32.91,33.0,3006110
2013-07-17 14:45:00,33.0,33.035,32.915,33.02,3127030
2013-07-17 15:00:00,33.02,33.03,32.63,32.725,3719834
2013-07-17 15:15:00,32.725,32.93,32.725,32.88,4007384
2013-07-17 15:30:00,32.875,32.98,32.85,32.98,4258566
2013-07-17 15:45:00,32.98,32.985,32.89,32.93,4515913
2013-07-17 16:00:00,32.935,32.99,32.89,32.96,5039190
2013-07-18 09:45:00,33.05,33.1,32.79,32.84,109441
2013-07-18 10:00:00,32.83,32.95,32.76,32.95,225830
2013-07-18 10:15:00,32.945,33.15,32.89,33.1,343529
2013-07-18 10:30:00,33.1,33.28,33.07,33.261,452823
2013-07-18 10:45:00,33.265,33.36,33.21,33.3425,592188
2013-07-18 11:00:00,33.32,33.39,33.29,33.33,660090
2013-07-18 11:15:00,33.33,33.46,33.33,33.45,741403
2013-07-18 11:30:00,33.46,33.535,33.41,33.5001,979904
2013-07-18 11:45:00,33.51,33.595,33.51,33.55,1059758
2013-07-18 12:00:00,33.56,33.66,33.51,33.55,1125753
2013-07-18 12:15:00,33.55,33.59,33.5,33.57,1202619
2013-07-18 12:30:00,33.57,33.63,33.51,33.55,1291583
2013-07-18 12:45:00,33.53,33.55,33.5,33.51,1334935
2013-07-18 13:00:00,33.51,33.53,33.49,33.515,1378968
2013-07-18 13:15:00,33.515,33.53,33.49,33.5,1503847
2013-07-18 13:30:00,33.505,33.505,33.43,33.435,1632980
2013-07-18 13:45:00,33.44,33.5,33.44,33.45,1701715
2013-07-18 14:00:00,33.45,33.49,33.41,33.49,1779566
2013-07-18 14:15:00,33.49,33.54,33.49,33.52,1854703
2013-07-18 14:30:00,33.53,33.538,33.48,33.5,1908430
2013-07-18 14:45:00,33.505,33.51,33.49,33.495,1971207
2013-07-18 15:00:00,33.5,33.545,33.49,33.5,2136720
2013-07-18 15:15:00,33.505,33.51,33.48,33.48,2250889
2013-07-18 15:30:00,33.48,33.51,33.48,33.5,2329587
2013-07-18 15:45:00,33.49,33.51,33.43,33.5,2423688
2013-07-18 16:00:00,33.49,33.52,33.4,33.42,2655941
2013-07-19 09:45:00,33.31,33.42,33.08,33.15,266465
2013-07-19 10:00:00,33.15,33.27,33.11,33.22,374757
2013-07-19 10:15:00,33.21,33.27,33.185,33.25,425608
2013-07-19 10:30:00,33.25,33.25,33.15,33.2,466744
2013-07-19 10:45:00,33.2,33.26,33.15,33.192,535178
2013-07-19 11:00:00,33.2,33.21,33.13,33.16,622460
2013-07-19 11:15:00,33.16,33.2,33.01,33.02,694053
2013-07-19 11:30:00,33.025,33.1,33.02,33.1,758295
2013-07-19 11:45:00,33.1,33.11,32.95,32.95,872092
2013-07-19 12:00:00,32.94,33.04,32.89,33.0075,1072302
2013-07-19 12:15:00,32.99,33.02,32.9303,32.96,1115475
2013-07-19 12:30:00,32.95,32.97,32.93,32.95,1152051
2013-07-19 12:45:00,32.95,33.05,32.94,33.03,1330011
2013-07-19 13:00:00,33.03,33.07,33.0,33.07,1369895
2013-07-19 13:15:00,33.07,33.12,33.07,33.12,1390056
2013-07-19 13:30:00,33.12,33.13,33.07,33.07,1415067
2013-07-19 13:45:00,33.07,33.14,33.07,33.07,1460952
2013-07-19 14:00:00,33.085,33.11,33.08,33.1,1476659
2013-07-19 14:15:00,33.1,33.14,33.1,33.13,1494801
2013-07-19 14:30:00,33.14,33.15,33.11,33.11,1509656
2013-07-19 14:45:00,33.12,33.13,33.095,33.105,1541944
2013-07-19 15:00:00,33.1,33.13,33.1,33.11,1565023
2013-07-19 15:15:00,33.105,33.14,33.1,33.14,1599357
2013-07-19 15:30:00,33.14,33.15,33.1,33.12,1632642
2013-07-19 15:45:00,33.12,33.14,33.07,33.09,1711066
2013-07-19 16:00:00,33.09,33.2,33.07,33.2,2028498
2013-07-22 09:45:00,33.37,33.38,33.15,33.25,80132
2013-07-22 10:00:00,33.31,33.33,33.1,33.12,110152
2013-07-22 10:15:00,33.12,33.18,33.09,33.18,154364
2013-07-22 10:30:00,33.19,33.25,33.18,33.25,205580
2013-07-22 10:45:00,33.25,33.28,33.19,33.248,230658
2013-07-22 11:00:00,33.25,33.29,33.21,33.27,251726
2013-07-22 11:15:00,33.26,33.36,33.23,33.35,506988
2013-07-22 11:30:00,33.34,33.44,33.335,33.44,550090
2013-07-22 11:45:00,33.43,33.47,33.4,33.46,569993
2013-07-22 12:00:00,33.45,33.48,33.425,33.44,590342
2013-07-22 12:15:00,33.435,33.435,33.38,33.42,620183
2013-07-22 12:30:00,33.42,33.45,33.41,33.45,633875
2013-07-22 12:45:00,33.45,33.45,33.35,33.37,664110
2013-07-22 13:00:00,33.36,33.49,33.35,33.465,697447
2013-07-22 13:15:00,33.47,33.49,33.41,33.41,711984
2013-07-22 13:30:00,33.41,33.43,33.38,33.385,724764
2013-07-22 13:45:00,33.39,33.39,33.315,33.34,735579
2013-07-22 14:00:00,33.33,33.35,33.305,33.305,765538
2013-07-22 14:15:00,33.31,33.35,33.295,33.315,797147
2013-07-22 14:30:00,33.31,33.32,33.27,33.27,826108
2013-07-22 14:45:00,33.28,33.36,33.27,33.355,840041
2013-07-22 15:00:00,33.36,33.41,33.34,33.41,866662
2013-07-22 15:15:00,33.4,33.42,33.33,33.41,903690
2013-07-22 15:30:00,33.42,33.46,33.41,33.455,951541
2013-07-22 15:45:00,33.45,33.46,33.32,33.35,1005329
2013-07-22 16:00:00,33.35,33.42,33.345,33.4,1124803
2013-07-23 09:45:00,33.4,33.51,33.18,33.4,160932
2013-07-23 10:00:00,33.4,33.45,33.32,33.34,217180
2013-07-23 10:15:00,33.33,33.41,33.275,33.324,258601
2013-07-23 10:30:00,33.32,33.32,33.2,33.22,400792
2013-07-23 10:45:00,33.23,33.28,33.19,33.22,430481
2013-07-23 11:00:00,33.21,33.37,33.21,33.32,507990
2013-07-23 11:15:00,33.32,33.365,33.29,33.34,544051
2013-07-23 11:30:00,33.34,33.44,33.34,33.4,577891
2013-07-23 11:45:00,33.4,33.405,33.34,33.39,679958
2013-07-23 12:00:00,33.38,33.42,33.35,33.385,788930
2013-07-23 12:15:00,33.38,33.43,33.37,33.399,831569
2013-07-23 12:30:00,33.4,33.41,33.39,33.39,876939
2013-07-23 12:45:00,33.39,33.4,33.37,33.374,898088
2013-07-23 13:00:00,33.38,33.39,33.32,33.329,963396
2013-07-23 13:15:00,33.33,33.36,33.28,33.3,990969
2013-07-23 13:30:00,33.29,33.3,33.25,33.27,1082258
2013-07-23 13:45:00,33.27,33.33,33.27,33.33,1178975
2013-07-23 14:00:00,33.32,33.33,33.29,33.295,1208910
2013-07-23 14:15:00,33.295,33.31,33.26,33.275,1252632
2013-07-23 14:30:00,33.275,33.32,33.27,33.295,1286890
2013-07-23 14:45:00,33.295,33.325,33.29,33.295,1351472
2013-07-23 15:00:00,33.305,33.33,33.27,33.27,1433932
2013-07-23 15:15:00,33.27,33.28,33.25,33.27,1502686
2013-07-23 15:30:00,33.2701,33.315,33.27,33.295,1601498
2013-07-23 15:45:00,33.309,33.34,33.27,33.29,1757564
2013-07-23 16:00:00,33.29,33.32,33.255,33.31,1999508
2013-07-24 09:45:00,33.45,33.75,33.43,33.555,58839
2013-07-24 10:00:00,33.57,33.63,33.5,33.5,141718
2013-07-24 10:15:00,33.49,33.58,33.43,33.51,224078
2013-07-24 10:30:00,33.51,33.51,33.41,33.46,348190
2013-07-24 10:45:00,33.46,33.5,33.41,33.5,395048
2013-07-24 11:00:00,33.51,33.55,33.49,33.52,434675
2013-07-24 11:15:00,33.51,33.56,33.51,33.525,466615
2013-07-24 11:30:00,33.53,33.6,33.525,33.56,518207
2013-07-24 11:45:00,33.56,33.56,33.465,33.5,612148
2013-07-24 12:00:00,33.5,33.55,33.41,33.44,665188
2013-07-24 12:15:00,33.45,33.465,33.42,33.435,687322
2013-07-24 12:30:00,33.43,33.47,33.425,33.45,719897
2013-07-24 12:45:00,33.46,33.47,33.43,33.44,769061
2013-07-24 13:00:00,33.445,33.46,33.43,33.44,796729
2013-07-24 13:15:00,33.44,33.45,33.38,33.4,836338
2013-07-24 13:30:00,33.39,33.42,33.38,33.4,860272
2013-07-24 13:45:00,33.39,33.41,33.37,33.389,879999
2013-07-24 14:00:00,33.39,33.435,33.385,33.42,912285
2013-07-24 14:15:00,33.42,33.46,33.41,33.44,939531
2013-07-24 14:30:00,33.44,33.44,33.395,33.415,983534
2013-07-24 14:45:00,33.415,33.45,33.4,33.42,1053899
2013-07-24 15:00:00,33.42,33.46,33.39,33.41,1148719
2013-07-24 15:15:00,33.41,33.42,33.33,33.34,1194481
2013-07-24 15:30:00,33.34,33.36,33.29,33.33,1299296
2013-07-24 15:45:00,33.34,33.34,33.26,33.29,1405861
2013-07-24 16:00:00,33.29,33.32,33.26,33.32,1624458
2013-07-25 09:45:00,33.11,33.39,33.11,33.34,76207
2013-07-25 10:00:00,33.34,33.38,33.23,33.36,185835
2013-07-25 10:15:00,33.345,33.345,33.24,33.268,266128
2013-07-25 10:30:00,33.25,33.26,33.19,33.21,294970
2013-07-25 10:45:00,33.22,33.25,33.19,33.23,344640
2013-07-25 11:00:00,33.2368,33.25,33.2,33.22,356843
2013-07-25 11:15:00,33.22,33.22,33.16,33.19,371836
2013-07-25 11:30:00,33.18,33.25,33.17,33.2,392241
2013-07-25 11:45:00,33.2,33.24,33.17,33.21,406991
2013-07-25 12:00:00,33.2,33.265,33.2,33.25,419639
2013-07-25 12:15:00,33.25,33.32,33.22,33.22,449328
2013-07-25 12:30:00,33.23,33.35,33.23,33.33,479999
2013-07-25 12:45:00,33.32,33.32,33.23,33.29,552641
2013-07-25 13:00:00,33.33,33.34,33.295,33.295,595297
2013-07-25 13:15:00,33.29,33.3,33.24,33.28,648930
2013-07-25 13:30:00,33.28,33.285,33.24,33.25,674010
2013-07-25 13:45:00,33.25,33.28,33.21,33.22,701230
2013-07-25 14:00:00,33.23,33.26,33.225,33.25,724989
2013-07-25 14:15:00,33.24,33.25,33.22,33.23,743600
2013-07-25 14:30:00,33.23,33.28,33.225,33.25,776650
2013-07-25 14:45:00,33.245,33.29,33.18,33.25,858835
2013-07-25 15:00:00,33.245,33.27,33.22,33.23,1010459
2013-07-25 15:15:00,33.235,33.26,33.22,33.23,1043252
2013-07-25 15:30:00,33.23,33.26,33.22,33.24,1074754
2013-07-25 15:45:00,33.24,33.27,33.22,33.24,1143833
2013-07-25 16:00:00,33.25,33.27,33.22,33.25,1498597
2013-07-26 09:45:00,33.25,33.28,33.1,33.12,77837
2013-07-26 10:00:00,33.14,33.14,33.01,33.1,128785
2013-07-26 10:15:00,33.11,33.16,33.05,33.05,185879
2013-07-26 10:30:00,33.06,33.07,33.01,33.015,264814
2013-07-26 10:45:00,33.015,33.065,33.015,33.06,301467
2013-07-26 11:00:00,33.065,33.07,32.99,33.01,338078
2013-07-26 11:15:00,33.01,33.06,32.996,33.01,371926
2013-07-26 11:30:00,33.02,33.03,32.98,33.03,408525
2013-07-26 11:45:00,33.04,33.07,33.0,33.04,466373
2013-07-26 12:00:00,33.05,33.1,33.04,33.04,505988
2013-07-26 12:15:00,33.04,33.1,33.04,33.1,546778
2013-07-26 12:30:00,33.11,33.14,33.08,33.11,574016
2013-07-26 12:45:00,33.12,33.18,33.1,33.17,612171
2013-07-26 13:00:00,33.18,33.185,33.13,33.14,644772
2013-07-26 13:15:00,33.14,33.16,33.09,33.13,679426
2013-07-26 13:30:00,33.12,33.15,33.09,33.12,736704
2013-07-26 13:45:00,33.12,33.13,33.09,33.099,796429
2013-07-26 14:00:00,33.1,33.12,33.09,33.1,826310
2013-07-26 14:15:00,33.1,33.18,33.1,33.18,842677
2013-07-26 14:30:00,33.17,33.18,33.12,33.13,868048
2013-07-26 14:45:00,33.14,33.17,33.14,33.155,899226
2013-07-26 15:00:00,33.16,33.195,33.155,33.165,925411
2013-07-26 15:15:00,33.165,33.24,33.165,33.235,945111
2013-07-26 15:30:00,33.235,33.25,33.18,33.18,985875
2013-07-26 15:45:00,33.18,33.21,33.16,33.18,1038207
2013-07-26 16:00:00,33.19,33.23,33.18,33.23,1141459
2013-07-29 09:45:00,33.06,33.3,33.05,33.22,53806
2013-07-29 10:00:00,33.22,33.33,33.22,33.3,87580
2013-07-29 10:15:00,33.31,33.37,33.25,33.255,103280
2013-07-29 10:30:00,33.25,33.25,33.18,33.2,132280
2013-07-29 10:45:00,33.19,33.28,33.175,33.28,186608
2013-07-29 11:00:00,33.28,33.36,33.262,33.32,271148
2013-07-29 11:15:00,33.32,33.46,33.32,33.39,370738
2013-07-29 11:30:00,33.39,33.43,33.35,33.35,446678
2013-07-29 11:45:00,33.35,33.4,33.35,33.37,535674
2013-07-29 12:00:00,33.36,33.455,33.35,33.435,608321
2013-07-29 12:15:00,33.44,33.46,33.43,33.44,654929
2013-07-29 12:30:00,33.44,33.48,33.43,33.45,694832
2013-07-29 12:45:00,33.455,33.46,33.41,33.42,789616
2013-07-29 13:00:00,33.43,33.45,33.39,33.44,853988
2013-07-29 13:15:00,33.44,33.46,33.415,33.435,886634
2013-07-29 13:30:00,33.435,33.46,33.42,33.44,927947
2013-07-29 13:45:00,33.42,33.47,33.34,33.34,993511
2013-07-29 14:00:00,33.34,33.38,33.34,33.35,1007383
2013-07-29 14:15:00,33.36,33.4,33.33,33.33,1057982
2013-07-29 14:30:00,33.34,33.39,33.33,33.36,1102994
2013-07-29 14:45:00,33.36,33.41,33.36,33.37,1166116
2013-07-29 15:00:00,33.38,33.4,33.37,33.37,1219665
2013-07-29 15:15:00,33.37,33.39,33.36,33.385,1254495
2013-07-29 15:30:00,33.38,33.39,33.36,33.37,1311280
2013-07-29 15:45:00,33.375,33.39,33.34,33.37,1439441
2013-07-29 16:00:00,33.37,33.4,33.25,33.34,1834030
2013-07-30 09:45:00,33.41,34.53,33.14,33.71,234350
2013-07-30 10:00:00,33.71,34.13,33.7,34.01,569339
2013-07-30 10:15:00,34.0,34.27,33.99,34.25,692603
2013-07-30 10:30:00,34.24,34.245,34.11,34.245,838804
2013-07-30 10:45:00,34.245,34.25,34.14,34.16,935468
2013-07-30 11:00:00,34.17,34.185,33.97,34.04,1062377
2013-07-30 11:15:00,34.03,34.04,33.83,33.83,1181906
2013-07-30 11:30:00,33.83,33.9,33.72,33.76,1387030
2013-07-30 11:45:00,33.755,33.8,33.75,33.7775,1482498
2013-07-30 12:00:00,33.78,33.79,33.67,33.7425,1611422
2013-07-30 12:15:00,33.73,33.765,33.66,33.67,1791780
2013-07-30 12:30:00,33.675,33.755,33.64,33.73,1873913
2013-07-30 12:45:00,33.71,33.91,33.7,33.91,2025919
2013-07-30 13:00:00,33.9,34.05,33.87,33.9,2139963
2013-07-30 13:15:00,33.89,33.91,33.86,33.895,2194134
2013-07-30 13:30:00,33.89,33.9,33.7575,33.76,2270129
2013-07-30 13:45:00,33.76,33.805,33.7,33.71,2337241
2013-07-30 14:00:00,33.715,33.72,33.655,33.67,2452540
2013-07-30 14:15:00,33.66,33.76,33.65,33.71,2576885
2013-07-30 14:30:00,33.7,33.76,33.6,33.67,2654112
2013-07-30 14:45:00,33.67,33.74,33.625,33.635,2807084
2013-07-30 15:00:00,33.63,33.71,33.56,33.7,2930195
2013-07-30 15:15:00,33.69,33.705,33.51,33.54,3043127
2013-07-30 15:30:00,33.54,33.56,33.445,33.48,3200686
2013-07-30 15:45:00,33.48,33.6,33.48,33.53,3451015
2013-07-30 16:00:00,33.53,33.61,33.51,33.56,3781818
2013-07-31 09:45:00,33.66,33.88,33.6,33.62,92985
2013-07-31 10:00:00,33.625,33.705,33.6,33.63,136328
2013-07-31 10:15:00,33.63,33.705,33.59,33.68,193455
2013-07-31 10:30:00,33.68,33.72,33.61,33.705,236686
2013-07-31 10:45:00,33.705,33.71,33.645,33.685,282822
2013-07-31 11:00:00,33.69,33.71,33.62,33.62,321215
2013-07-31 11:15:00,33.63,33.68,33.62,33.62,357435
2013-07-31 11:30:00,33.62,33.65,33.61,33.61,380192
2013-07-31 11:45:00,33.62,33.68,33.62,33.635,423217
2013-07-31 12:00:00,33.64,33.655,33.62,33.62,446808
2013-07-31 12:15:00,33.62,33.63,33.58,33.59,489326
2013-07-31 12:30:00,33.5925,33.6,33.55,33.55,518393
2013-07-31 12:45:00,33.5402,33.57,33.54,33.55,543085
2013-07-31 13:00:00,33.55,33.56,33.54,33.55,576827
2013-07-31 13:15:00,33.55,33.57,33.52,33.545,609301
2013-07-31 13:30:00,33.54,33.545,33.52,33.53,626554
2013-07-31 13:45:00,33.54,33.57,33.53,33.53,653081
2013-07-31 14:00:00,33.53,33.56,33.52,33.56,675553
2013-07-31 14:15:00,33.56,33.59,33.52,33.53,724520
2013-07-31 14:30:00,33.54,33.6,33.47,33.55,770489
2013-07-31 14:45:00,33.56,33.6,33.555,33.58,842127
2013-07-31 15:00:00,33.58,33.6,33.57,33.57,909013
2013-07-31 15:15:00,33.575,33.59,33.54,33.54,950312
2013-07-31 15:30:00,33.545,33.575,33.51,33.54,1025978
2013-07-31 15:45:00,33.53,33.535,33.46,33.525,1140912
2013-07-31 16:00:00,33.52,33.53,33.4,33.42,1647663
2013-08-01 09:45:00,33.74,33.74,33.46,33.5,104217
2013-08-01 10:00:00,33.51,33.86,33.5,33.855,271532
2013-08-01 10:15:00,33.85,33.92,33.85,33.915,345391
2013-08-01 10:30:00,33.91,33.92,33.75,33.75,529355
2013-08-01 10:45:00,33.75,33.75,33.51,33.515,738821
2013-08-01 11:00:00,33.52,33.52,33.4375,33.44,809875
2013-08-01 11:15:00,33.44,33.47,33.43,33.47,880513
2013-08-01 11:30:00,33.48,33.48,33.45,33.47,940993
2013-08-01 11:45:00,33.48,33.55,33.47,33.54,998689
2013-08-01 12:00:00,33.54,33.59,33.51,33.55,1078779
2013-08-01 12:15:00,33.56,33.58,33.55,33.55,1114916
2013-08-01 12:30:00,33.55,33.55,33.4975,33.52,1213921
2013-08-01 12:45:00,33.52,33.58,33.5,33.56,1273229
2013-08-01 13:00:00,33.57,33.58,33.5,33.5,1335216
2013-08-01 13:15:00,33.495,33.53,33.49,33.495,1377368
2013-08-01 13:30:00,33.505,33.53,33.5,33.52,1456015
2013-08-01 13:45:00,33.53,33.53,33.48,33.495,1508940
2013-08-01 14:00:00,33.495,33.58,33.495,33.56,1559829
2013-08-01 14:15:00,33.56,33.6,33.49,33.5699,1700141
2013-08-01 14:30:00,33.56,33.58,33.55,33.575,1750106
2013-08-01 14:45:00,33.575,33.59,33.56,33.58,1793596
2013-08-01 15:00:00,33.58,33.61,33.56,33.6,1917195
2013-08-01 15:15:00,33.6,33.61,33.54,33.59,2071981
2013-08-01 15:30:00,33.59,33.62,33.58,33.6199,2231914
2013-08-01 15:45:00,33.611,33.62,33.57,33.59,2578420
2013-08-01 16:00:00,33.59,33.63,33.54,33.57,2995617
2013-08-02 09:45:00,33.41,33.58,33.41,33.5,37930
2013-08-02 10:00:00,33.51,33.53,33.44,33.45,94095
2013-08-02 10:15:00,33.46,33.5,33.44,33.48,139990
2013-08-02 10:30:00,33.49,33.495,33.34,33.41,297077
2013-08-02 10:45:00,33.43,33.51,33.43,33.495,387378
2013-08-02 11:00:00,33.5,33.51,33.49,33.5,559575
2013-08-02 11:15:00,33.5,33.56,33.5,33.52,620740
2013-08-02 11:30:00,33.525,33.63,33.52,33.59,679428
2013-08-02 11:45:00,33.6,33.66,33.59,33.63,797693
2013-08-02 12:00:00,33.63,33.645,33.59,33.61,870248
2013-08-02 12:15:00,33.6,33.62,33.59,33.6,940727
2013-08-02 12:30:00,33.595,33.63,33.58,33.62,984788
2013-08-02 12:45:00,33.62,33.67,33.59,33.67,1086380
2013-08-02 13:00:00,33.67,33.755,33.66,33.75,1142924
2013-08-02 13:15:00,33.745,33.75,33.72,33.72,1176157
2013-08-02 13:30:00,33.73,33.81,33.725,33.79,1264507
2013-08-02 13:45:00,33.79,33.8,33.73,33.74,1356693
2013-08-02 14:00:00,33.75,33.77,33.74,33.75,1410805
2013-08-02 14:15:00,33.7565,33.76,33.69,33.75,1464106
2013-08-02 14:30:00,33.75,33.765,33.71,33.73,1501366
2013-08-02 14:45:00,33.74,33.75,33.69,33.71,1569840
2013-08-02 15:00:00,33.71,33.775,33.71,33.77,1633777
2013-08-02 15:15:00,33.765,33.785,33.74,33.77,1688835
2013-08-02 15:30:00,33.77,33.825,33.77,33.81,1777710
2013-08-02 15:45:00,33.81,33.84,33.75,33.75,2249571
2013-08-02 16:00:00,33.75,33.79,33.69,33.74,2908095
2013-08-05 09:45:00,33.77,33.84,33.63,33.82,67740
2013-08-05 10:00:00,33.83,33.95,33.82,33.95,144598
2013-08-05 10:15:00,33.95,33.95,33.9,33.91,282906
2013-08-05 10:30:00,33.91,33.92,33.83,33.88,350978
2013-08-05 10:45:00,33.88,33.89,33.8,33.83,451254
2013-08-05 11:00:00,33.83,33.85,33.7,33.725,602842
2013-08-05 11:15:00,33.73,33.75,33.67,33.68,639818
2013-08-05 11:30:00,33.68,33.72,33.63,33.68,747540
2013-08-05 11:45:00,33.68,33.765,33.665,33.75,864694
2013-08-05 12:00:00,33.75,33.76,33.72,33.735,899675
2013-08-05 12:15:00,33.73,33.75,33.71,33.73,939079
2013-08-05 12:30:00,33.74,33.77,33.69,33.7,1004043
2013-08-05 12:45:00,33.7,33.74,33.68,33.74,1040075
2013-08-05 13:00:00,33.74,33.74,33.7,33.71,1070724
2013-08-05 13:15:00,33.705,33.72,33.69,33.71,1103156
2013-08-05 13:30:00,33.7,33.755,33.68,33.75,1135095
2013-08-05 13:45:00,33.75,33.76,33.72,33.75,1215163
2013-08-05 14:00:00,33.75,33.76,33.73,33.735,1274573
2013-08-05 14:15:00,33.73,33.755,33.73,33.75,1325235
2013-08-05 14:30:00,33.75,33.75,33.72,33.75,1356037
2013-08-05 14:45:00,33.75,33.76,33.74,33.75,1402491
2013-08-05 15:00:00,33.75,33.76,33.74,33.75,1463024
2013-08-05 15:15:00,33.75,33.76,33.74,33.75,1501425
2013-08-05 15:30:00,33.75,33.7825,33.72,33.78,1610627
2013-08-05 15:45:00,33.77,33.78,33.73,33.74,1743924
2013-08-05 16:00:00,33.75,33.81,33.72,33.8,2063083
2013-08-06 09:45:00,33.7,33.71,33.58,33.67,26293
2013-08-06 10:00:00,33.66,33.78,33.66,33.77,48610
2013-08-06 10:15:00,33.77,33.81,33.74,33.77,68263
2013-08-06 10:30:00,33.77,33.82,33.76,33.774,115201
2013-08-06 10:45:00,33.77,33.77,33.72,33.75,189088
2013-08-06 11:00:00,33.74,33.7525,33.54,33.54,224979
2013-08-06 11:15:00,33.545,33.62,33.53,33.575,256953
2013-08-06 11:30:00,33.57,33.59,33.52,33.59,283184
2013-08-06 11:45:00,33.59,33.62,33.57,33.61,301205
2013-08-06 12:00:00,33.61,33.65,33.57,33.65,317436
2013-08-06 12:15:00,33.64,33.705,33.63,33.7,338435
2013-08-06 12:30:00,33.7,33.75,33.69,33.7399,382007
2013-08-06 12:45:00,33.73,33.75,33.7153,33.74,405111
2013-08-06 13:00:00,33.75,33.76,33.73,33.76,434985
2013-08-06 13:15:00,33.755,33.77,33.71,33.71,458927
2013-08-06 13:30:00,33.71,33.73,33.69,33.72,477657
2013-08-06 13:45:00,33.71,33.74,33.69,33.74,503873
2013-08-06 14:00:00,33.74,33.75,33.68,33.72,544074
2013-08-06 14:15:00,33.72,33.775,33.7,33.72,662113
2013-08-06 14:30:00,33.72,33.74,33.7,33.7,699806
2013-08-06 14:45:00,33.7,33.71,33.64,33.67,757639
2013-08-06 15:00:00,33.66,33.668,33.625,33.65,797397
2013-08-06 15:15:00,33.64,33.665,33.63,33.65,826651
2013-08-06 15:30:00,33.66,33.7,33.655,33.685,853199
2013-08-06 15:45:00,33.685,33.705,33.61,33.62,1115062
2013-08-06 16:00:00,33.63,33.695,33.615,33.68,1345423
2013-08-07 09:45:00,33.56,33.75,33.4,33.5,31695
2013-08-07 10:00:00,33.47,33.5,33.31,33.33,96610
2013-08-07 10:15:00,33.32,33.45,33.32,33.45,117820
2013-08-07 10:30:00,33.45,33.5395,33.43,33.5,146100
2013-08-07 10:45:00,33.495,33.535,33.46,33.5,222102
2013-08-07 11:00:00,33.5,33.51,33.47,33.5,238189
2013-08-07 11:15:00,33.5,33.5,33.44,33.48,287203
2013-08-07 11:30:00,33.48,33.48,33.4,33.4,322052
2013-08-07 11:45:00,33.4,33.41,33.38,33.4,374222
2013-08-07 12:00:00,33.4,33.42,33.38,33.39,418113
2013-08-07 12:15:00,33.4,33.47,33.4,33.47,452749
2013-08-07 12:30:00,33.47,33.485,33.43,33.45,474286
2013-08-07 12:45:00,33.44,33.46,33.42,33.45,534286
2013-08-07 13:00:00,33.44,33.46,33.43,33.44,589359
2013-08-07 13:15:00,33.45,33.45,33.4,33.4,616241
2013-08-07 13:30:00,33.4,33.41,33.38,33.4,687801
2013-08-07 13:45:00,33.41,33.41,33.34,33.35,735650
2013-08-07 14:00:00,33.34,33.37,33.34,33.355,764722
2013-08-07 14:15:00,33.36,33.36,33.3,33.33,803341
2013-08-07 14:30:00,33.33,33.34,33.25,33.26,835868
2013-08-07 14:45:00,33.27,33.3,33.23,33.23,934879
2013-08-07 15:00:00,33.23,33.26,33.22,33.25,1003488
2013-08-07 15:15:00,33.25,33.31,33.24,33.29,1123799
2013-08-07 15:30:00,33.3,33.3,33.24,33.26,1330657
2013-08-07 15:45:00,33.26,33.29,33.18,33.19,1520951
2013-08-07 16:00:00,33.19,33.2,33.13,33.17,1807925
2013-08-08 09:45:00,33.26,33.38,33.255,33.34,61764
2013-08-08 10:00:00,33.37,33.47,33.36,33.46,87191
2013-08-08 10:15:00,33.48,33.55,33.45,33.5,164704
2013-08-08 10:30:00,33.48,33.48,33.39,33.41,196283
2013-08-08 10:45:00,33.41,33.41,33.31,33.33,209744
2013-08-08 11:00:00,33.33,33.37,33.26,33.29,241824
2013-08-08 11:15:00,33.29,33.36,33.28,33.325,265697
2013-08-08 11:30:00,33.32,33.36,33.3,33.3,315719
2013-08-08 11:45:00,33.31,33.33,33.26,33.26,347301
2013-08-08 12:00:00,33.26,33.26,33.2,33.21,378596
2013-08-08 12:15:00,33.21,33.22,33.175,33.175,406462
2013-08-08 12:30:00,33.18,33.2,33.115,33.12,459551
2013-08-08 12:45:00,33.12,33.13,33.08,33.09,511723
2013-08-08 13:00:00,33.09,33.09,33.05,33.05,549874
2013-08-08 13:15:00,33.05,33.07,32.98,32.98,596818
2013-08-08 13:30:00,32.98,33.02,32.955,33.0,653458
2013-08-08 13:45:00,33.01,33.01,32.95,32.96,701426
2013-08-08 14:00:00,32.95,32.96,32.9,32.9,754939
2013-08-08 14:15:00,32.9,32.95,32.87,32.88,812830
2013-08-08 14:30:00,32.88,32.92,32.855,32.92,862075
2013-08-08 14:45:00,32.92,32.95,32.895,32.95,916625
2013-08-08 15:00:00,32.95,32.98,32.92,32.94,994799
2013-08-08 15:15:00,32.94,32.95,32.89,32.91,1078164
2013-08-08 15:30:00,32.91,32.92,32.895,32.9,1144745
2013-08-08 15:45:00,32.91,32.92,32.9,32.9,1240535
2013-08-08 16:00:00,32.9,32.91,32.815,32.86,1554339
2013-08-09 09:45:00,33.21,33.33,32.86,33.3,70947
2013-08-09 10:00:00,33.33,33.35,33.29,33.32,117790
2013-08-09 10:15:00,33.32,33.35,33.29,33.35,185683
2013-08-09 10:30:00,33.35,33.35,33.29,33.35,234379
2013-08-09 10:45:00,33.34,33.435,33.33,33.4,314207
2013-08-09 11:00:00,33.39,33.405,33.3,33.34,354077
2013-08-09 11:15:00,33.34,33.34,33.2,33.2,441240
2013-08-09 11:30:00,33.2,33.26,33.14,33.19,491955
2013-08-09 11:45:00,33.195,33.255,33.16,33.24,549985
2013-08-09 12:00:00,33.24,33.32,33.235,33.295,574085
2013-08-09 12:15:00,33.295,33.32,33.275,33.3,603099
2013-08-09 12:30:00,33.3,33.32,33.26,33.29,626803
2013-08-09 12:45:00,33.29,33.325,33.29,33.31,655864
2013-08-09 13:00:00,33.315,33.32,33.28,33.295,673525
2013-08-09 13:15:00,33.295,33.305,33.28,33.295,691766
2013-08-09 13:30:00,33.295,33.31,33.27,33.27,724311
2013-08-09 13:45:00,33.27,33.29,33.26,33.285,755075
2013-08-09 14:00:00,33.285,33.285,33.235,33.25,789820
2013-08-09 14:15:00,33.26,33.275,33.2,33.23,833441
2013-08-09 14:30:00,33.22,33.27,33.2,33.26,878312
2013-08-09 14:45:00,33.25,33.26,33.21,33.22,908387
2013-08-09 15:00:00,33.215,33.23,33.19,33.23,940072
2013-08-09 15:15:00,33.23,33.26,33.2,33.21,1020022
2013-08-09 15:30:00,33.22,33.225,33.18,33.18,1058088
2013-08-09 15:45:00,33.19,33.19,33.115,33.14,1164940
2013-08-09 16:00:00,33.14,33.16,33.08,33.09,1382119
2013-08-12 09:45:00,33.01,33.26,32.89,33.25,63188
2013-08-12 10:00:00,33.27,33.31,33.2,33.27,141906
2013-08-12 10:15:00,33.26,33.31,33.21,33.28,261890
2013-08-12 10:30:00,33.29,33.41,33.29,33.37,313332
2013-08-12 10:45:00,33.36,33.385,33.33,33.33,345298
2013-08-12 11:00:00,33.34,33.43,33.34,33.42,379163
2013-08-12 11:15:00,33.42,33.435,33.375,33.39,454095
2013-08-12 11:30:00,33.39,33.45,33.38,33.445,499954
2013-08-12 11:45:00,33.445,33.5,33.44,33.5,534258
2013-08-12 12:00:00,33.5,33.52,33.46,33.46,559140
2013-08-12 12:15:00,33.465,33.47,33.435,33.46,581178
2013-08-12 12:30:00,33.46,33.48,33.44,33.44,618260
2013-08-12 12:45:00,33.45,33.45,33.39,33.44,644757
2013-08-12 13:00:00,33.44,33.47,33.42,33.45,693076
2013-08-12 13:15:00,33.45,33.48,33.42,33.43,730526
2013-08-12 13:30:00,33.42,33.45,33.4,33.45,757843
2013-08-12 13:45:00,33.46,33.47,33.45,33.46,782681
2013-08-12 14:00:00,33.4552,33.48,33.43,33.46,821284
2013-08-12 14:15:00,33.46,33.51,33.4532,33.49,859541
2013-08-12 14:30:00,33.49,33.495,33.43,33.43,896046
2013-08-12 14:45:00,33.435,33.46,33.42,33.46,918932
2013-08-12 15:00:00,33.46,33.49,33.44,33.46,968331
2013-08-12 15:15:00,33.46,33.4675,33.43,33.44,1005926
2013-08-12 15:30:00,33.45,33.46,33.42,33.42,1057533
2013-08-12 15:45:00,33.425,33.46,33.405,33.43,1153036
2013-08-12 16:00:00,33.43,33.45,33.405,33.43,1367184
2013-08-13 09:45:00,33.53,33.63,33.4575,33.49,46365
2013-08-13 10:00:00,33.505,33.55,33.39,33.39,137173
2013-08-13 10:15:00,33.41,33.41,33.28,33.375,256121
2013-08-13 10:30:00,33.37,33.5,33.33,33.5,298312
2013-08-13 10:45:00,33.49,33.53,33.45,33.48,336518
2013-08-13 11:00:00,33.48,33.545,33.47,33.53,375640
2013-08-13 11:15:00,33.55,33.585,33.5,33.54,438045
2013-08-13 11:30:00,33.55,33.57,33.51,33.52,528384
2013-08-13 11:45:00,33.52,33.57,33.51,33.5325,587132
2013-08-13 12:00:00,33.53,33.6325,33.53,33.61,643888
2013-08-13 12:15:00,33.6,33.61,33.55,33.58,690316
2013-08-13 12:30:00,33.57,33.6,33.54,33.55,729917
2013-08-13 12:45:00,33.55,33.56,33.45,33.5,833279
2013-08-13 13:00:00,33.5,33.53,33.4601,33.485,919101
2013-08-13 13:15:00,33.485,33.51,33.465,33.495,969580
2013-08-13 13:30:00,33.5,33.53,33.49,33.505,1017990
2013-08-13 13:45:00,33.505,33.51,33.48,33.49,1036319
2013-08-13 14:00:00,33.48,33.5,33.47,33.49,1072913
2013-08-13 14:15:00,33.49,33.51,33.4801,33.5,1105875
2013-08-13 14:30:00,33.5,33.51,33.47,33.47,1131130
2013-08-13 14:45:00,33.47,33.48,33.43,33.48,1168700
2013-08-13 15:00:00,33.48,33.49,33.45,33.46,1207756
2013-08-13 15:15:00,33.47,33.48,33.45,33.46,1243034
2013-08-13 15:30:00,33.45,33.47,33.42,33.44,1274876
2013-08-13 15:45:00,33.44,33.44,33.42,33.43,1468248
2013-08-13 16:00:00,33.44,33.44,33.37,33.39,1648784
2013-08-14 09:45:00,33.15,33.33,32.94,32.97,67528
2013-08-14 10:00:00,32.94,33.01,32.92,32.97,150405
2013-08-14 10:15:00,32.97,32.98,32.82,32.9,194041
2013-08-14 10:30:00,32.9075,32.91,32.845,32.875,249916
2013-08-14 10:45:00,32.875,32.9,32.745,32.77,356800
2013-08-14 11:00:00,32.775,32.8,32.69,32.78,483705
2013-08-14 11:15:00,32.79,32.8,32.73,32.755,650654
2013-08-14 11:30:00,32.76,32.77,32.64,32.66,726260
2013-08-14 11:45:00,32.67,32.74,32.59,32.74,783084
2013-08-14 12:00:00,32.73,32.74,32.68,32.71,841098
2013-08-14 12:15:00,32.7,32.71,32.685,32.695,863691
2013-08-14 12:30:00,32.69,32.7,32.67,32.68,890056
2013-08-14 12:45:00,32.685,32.71,32.66,32.68,920496
2013-08-14 13:00:00,32.675,32.675,32.56,32.57,983873
2013-08-14 13:15:00,32.58,32.68,32.55,32.68,1021066
2013-08-14 13:30:00,32.68,32.75,32.675,32.73,1154010
2013-08-14 13:45:00,32.735,32.755,32.69,32.72,1194402
2013-08-14 14:00:00,32.71,32.73,32.699,32.73,1227533
2013-08-14 14:15:00,32.715,32.77,32.715,32.72,1281744
2013-08-14 14:30:00,32.72,32.75,32.71,32.72,1328901
2013-08-14 14:45:00,32.71,32.74,32.695,32.74,1427926
2013-08-14 15:00:00,32.74,32.77,32.72,32.76,1698673
2013-08-14 15:15:00,32.75,32.81,32.75,32.81,1831215
2013-08-14 15:30:00,32.8,32.82,32.79,32.805,1908691
2013-08-14 15:45:00,32.805,32.84,32.79,32.84,2041106
2013-08-14 16:00:00,32.85,32.88,32.82,32.85,2480132
2013-08-15 09:45:00,32.68,32.77,32.57,32.73,53533
2013-08-15 10:00:00,32.74,32.75,32.65,32.69,103832
2013-08-15 10:15:00,32.67,32.69,32.59,32.6,175896
2013-08-15 10:30:00,32.61,32.83,32.6,32.82,238210
2013-08-15 10:45:00,32.815,32.93,32.79,32.88,294536
2013-08-15 11:00:00,32.9,32.95,32.825,32.8351,350089
2013-08-15 11:15:00,32.84,32.86,32.77,32.77,412837
2013-08-15 11:30:00,32.78,32.8,32.735,32.76,450909
2013-08-15 11:45:00,32.76,32.79,32.76,32.7799,485346
2013-08-15 12:00:00,32.77,32.855,32.77,32.84,527060
2013-08-15 12:15:00,32.84,32.9,32.81,32.9,556372
2013-08-15 12:30:00,32.895,32.9,32.78,32.79,580771
2013-08-15 12:45:00,32.79,32.81,32.78,32.79,603990
2013-08-15 13:00:00,32.79,32.8,32.74,32.785,631554
2013-08-15 13:15:00,32.79,32.79,32.75,32.77,655673
2013-08-15 13:30:00,32.76,32.78,32.745,32.75,680056
2013-08-15 13:45:00,32.755,32.81,32.75,32.795,707899
2013-08-15 14:00:00,32.81,32.82,32.78,32.8,730762
2013-08-15 14:15:00,32.8,32.83,32.77,32.78,766662
2013-08-15 14:30:00,32.77,32.8,32.76,32.78,808254
2013-08-15 14:45:00,32.78,32.79,32.75,32.78,866989
2013-08-15 15:00:00,32.78,32.79,32.745,32.75,939174
2013-08-15 15:15:00,32.76,32.77,32.68,32.68,997050
2013-08-15 15:30:00,32.69,32.72,32.66,32.68,1056300
2013-08-15 15:45:00,32.68,32.74,32.68,32.7301,1156799
2013-08-15 16:00:00,32.73,32.73,32.63,32.65,1374310
2013-08-16 09:45:00,32.57,32.64,32.47,32.62,101076
2013-08-16 10:00:00,32.63,32.73,32.62,32.72,124313
2013-08-16 10:15:00,32.74,32.82,32.7,32.76,149620
2013-08-16 10:30:00,32.76,32.8,32.74,32.8,195614
2013-08-16 10:45:00,32.795,32.82,32.77,32.815,216807
2013-08-16 11:00:00,32.8101,32.86,32.81,32.86,251386
2013-08-16 11:15:00,32.87,32.97,32.845,32.97,334838
2013-08-16 11:30:00,32.96,33.02,32.96,33.0,392237
2013-08-16 11:45:00,33.0,33.0,32.88,32.8825,475787
2013-08-16 12:00:00,32.8846,32.9,32.825,32.88,520119
2013-08-16 12:15:00,32.875,32.875,32.765,32.77,559998
2013-08-16 12:30:00,32.77,32.79,32.72,32.725,604820
2013-08-16 12:45:00,32.73,32.78,32.71,32.7226,654471
2013-08-16 13:00:00,32.73,32.74,32.7,32.7,682325
2013-08-16 13:15:00,32.71,32.72,32.64,32.64,717248
2013-08-16 13:30:00,32.65,32.77,32.65,32.75,761516
2013-08-16 13:45:00,32.75,32.76,32.7,32.74,779725
2013-08-16 14:00:00,32.73,32.79,32.73,32.78,810719
2013-08-16 14:15:00,32.789,32.82,32.76,32.772,849146
2013-08-16 14:30:00,32.78,32.78,32.7,32.75,899747
2013-08-16 14:45:00,32.745,32.76,32.73,32.73,920656
2013-08-16 15:00:00,32.72,32.79,32.705,32.78,1004241
2013-08-16 15:15:00,32.78,32.81,32.77,32.77,1030973
2013-08-16 15:30:00,32.77,32.7703,32.74,32.75,1063918
2013-08-16 15:45:00,32.75,32.82,32.745,32.76,1140047
2013-08-16 16:00:00,32.77,32.79,32.74,32.74,1453228
2013-08-19 09:45:00,32.6,32.81,32.4,32.73,50863
2013-08-19 10:00:00,32.73,32.86,32.73,32.84,74935
2013-08-19 10:15:00,32.84,32.985,32.84,32.88,646777
2013-08-19 10:30:00,32.86,32.87,32.81,32.84,681551
2013-08-19 10:45:00,32.835,32.86,32.8,32.85,714920
2013-08-19 11:00:00,32.85,32.86,32.81,32.82,766837
2013-08-19 11:15:00,32.82,32.825,32.75,32.8,806237
2013-08-19 11:30:00,32.8,32.805,32.73,32.77,840547
2013-08-19 11:45:00,32.76,32.76,32.74,32.76,868146
2013-08-19 12:00:00,32.76,32.79,32.73,32.74,905482
2013-08-19 12:15:00,32.74,32.7899,32.72,32.78,942652
2013-08-19 12:30:00,32.78,32.785,32.72,32.7275,986699
2013-08-19 12:45:00,32.72,32.74,32.685,32.74,1044193
2013-08-19 13:00:00,32.73,32.78,32.72,32.77,1068529
2013-08-19 13:15:00,32.77,32.775,32.72,32.75,1088247
2013-08-19 13:30:00,32.74,32.75,32.67,32.67,1105234
2013-08-19 13:45:00,32.67,32.7,32.64,32.7,1149138
2013-08-19 14:00:00,32.7,32.71,32.63,32.63,1172259
2013-08-19 14:15:00,32.63,32.69,32.63,32.67,1209131
2013-08-19 14:30:00,32.67,32.67,32.64,32.65,1234693
2013-08-19 14:45:00,32.66,32.66,32.6,32.63,1270964
2013-08-19 15:00:00,32.63,32.63,32.595,32.605,1308392
2013-08-19 15:15:00,32.61,32.61,32.525,32.55,1362302
2013-08-19 15:30:00,32.55,32.63,32.55,32.56,1445946
2013-08-19 15:45:00,32.56,32.6,32.53,32.55,1644270
2013-08-19 16:00:00,32.55,32.59,32.51,32.54,1900603
2013-08-20 09:45:00,33.01,34.06,33.01,34.06,268833
2013-08-20 10:00:00,34.07,34.27,33.81,33.85,428183
2013-08-20 10:15:00,33.85,34.01,33.85,33.9,666155
2013-08-20 10:30:00,33.9,33.98,33.84,33.87,716300
2013-08-20 10:45:00,33.88,33.93,33.845,33.87,763691
2013-08-20 11:00:00,33.88,33.915,33.875,33.9,808683
2013-08-20 11:15:00,33.9,33.921,33.835,33.85,867712
2013-08-20 11:30:00,33.8575,33.8599,33.79,33.84,935942
2013-08-20 11:45:00,33.835,33.92,33.835,33.91,1006125
2013-08-20 12:00:00,33.91,33.95,33.89,33.94,1091727
2013-08-20 12:15:00,33.94,34.01,33.93,33.94,1176505
2013-08-20 12:30:00,33.93,33.98,33.9,33.975,1332171
2013-08-20 12:45:00,33.97,33.98,33.915,33.94,1398964
2013-08-20 13:00:00,33.935,33.96,33.92,33.955,1458241
2013-08-20 13:15:00,33.96,33.99,33.925,33.9432,1495013
2013-08-20 13:30:00,33.95,33.96,33.81,33.815,1543689
2013-08-20 13:45:00,33.82,33.87,33.815,33.82,1572551
2013-08-20 14:00:00,33.82,33.89,33.76,33.76,1605321
2013-08-20 14:15:00,33.76,33.91,33.76,33.89,1728301
2013-08-20 14:30:00,33.9,33.95,33.86,33.92,1795879
2013-08-20 14:45:00,33.91,33.91,33.83,33.885,1831958
2013-08-20 15:00:00,33.88,33.89,33.85,33.85,1863707
2013-08-20 15:15:00,33.85,33.88,33.85,33.85,1887339
2013-08-20 15:30:00,33.85,33.885,33.82,33.87,1937219
2013-08-20 15:45:00,33.875,33.89,33.79,33.79,2011608
2013-08-20 16:00:00,33.79,33.791,33.62,33.66,2492819
2013-08-21 09:45:00,33.55,33.68,33.28,33.6,68466
2013-08-21 10:00:00,33.61,33.62,33.45,33.53,114697
2013-08-21 10:15:00,33.516,33.615,33.51,33.52,162006
2013-08-21 10:30:00,33.51,33.71,33.51,33.6749,221955
2013-08-21 10:45:00,33.67,33.67,33.585,33.635,252741
2013-08-21 11:00:00,33.63,33.7,33.63,33.66,301364
2013-08-21 11:15:00,33.66,33.72,33.64,33.69,339767
2013-08-21 11:30:00,33.695,33.775,33.695,33.75,394984
2013-08-21 11:45:00,33.75,33.76,33.7,33.72,449326
2013-08-21 12:00:00,33.72,33.73,33.69,33.71,497069
2013-08-21 12:15:00,33.71,33.71,33.67,33.69,532058
2013-08-21 12:30:00,33.69,33.72,33.665,33.7,574149
2013-08-21 12:45:00,33.7,33.71,33.68,33.7,608196
2013-08-21 13:00:00,33.695,33.73,33.69,33.72,669935
2013-08-21 13:15:00,33.71,33.75,33.68,33.75,721259
2013-08-21 13:30:00,33.74,33.75,33.685,33.69,778792
2013-08-21 13:45:00,33.69,33.71,33.69,33.7,818472
2013-08-21 14:00:00,33.71,33.75,33.71,33.73,902729
2013-08-21 14:15:00,33.74,33.74,33.56,33.67,994601
2013-08-21 14:30:00,33.67,33.72,33.6,33.65,1071154
2013-08-21 14:45:00,33.64,33.77,33.64,33.76,1181800
2013-08-21 15:00:00,33.75,33.82,33.75,33.8,1224570
2013-08-21 15:15:00,33.8,33.81,33.735,33.78,1299032
2013-08-21 15:30:00,33.78,33.78,33.65,33.69,1369607
2013-08-21 15:45:00,33.69,33.74,33.67,33.69,1476735
2013-08-21 16:00:00,33.67,33.68,33.56,33.57,1747484
2013-08-22 09:45:00,33.68,33.68,33.42,33.625,59674
2013-08-22 10:00:00,33.61,33.76,33.59,33.75,97476
2013-08-22 10:15:00,33.76,33.87,33.71,33.85,157189
2013-08-22 10:30:00,33.85,33.86,33.77,33.79,192780
2013-08-22 10:45:00,33.79,33.85,33.79,33.82,224610
2013-08-22 11:00:00,33.82,33.83,33.73,33.75,251777
2013-08-22 11:15:00,33.745,33.81,33.74,33.8,306249
2013-08-22 11:30:00,33.79,33.81,33.77,33.78,348524
2013-08-22 11:45:00,33.78,33.8,33.75,33.8,415115
2013-08-22 12:00:00,33.8,33.81,33.72,33.74,470019
2013-08-22 12:15:00,33.74,33.8,33.735,33.79,492528
2013-08-22 12:30:00,33.79,33.81,33.77,33.78,522097
2013-08-22 12:45:00,33.78,33.805,33.78,33.8,556881
2013-08-22 13:00:00,33.8,33.8,33.79,33.8,586805
2013-08-22 13:15:00,33.8,33.85,33.8,33.85,621453
2013-08-22 13:30:00,33.85,33.85,33.83,33.84,627221
2013-08-22 13:45:00,33.84,33.85,33.8201,33.85,630440
2013-08-22 14:00:00,33.84,33.85,33.84,33.85,642421
2013-08-22 14:15:00,33.84,33.87,33.82,33.87,657632
2013-08-22 14:30:00,33.88,33.945,33.88,33.945,664032
2013-08-22 14:45:00,33.94,33.95,33.92,33.94,676970
2013-08-22 15:00:00,33.93,33.93,33.91,33.91,680770
2013-08-22 15:15:00,33.91,33.911,33.85,33.9,694883
2013-08-22 15:30:00,33.88,33.93,33.87,33.92,721096
2013-08-22 15:45:00,33.92,33.97,33.8975,33.92,828932
2013-08-22 16:00:00,33.92,33.94,33.86,33.88,1191083
2013-08-23 09:45:00,33.92,33.99,33.6,33.895,46665
2013-08-23 10:00:00,33.9,33.96,33.89,33.95,66700
2013-08-23 10:15:00,33.97,33.98,33.905,33.95,155544
2013-08-23 10:30:00,33.94,33.945,33.885,33.9,242670
2013-08-23 10:45:00,33.89,33.95,33.89,33.91,336663
2013-08-23 11:00:00,33.9,34.01,33.9,34.0,428010
2013-08-23 11:15:00,34.005,34.095,34.0,34.08,530115
2013-08-23 11:30:00,34.08,34.11,34.05,34.085,572864
2013-08-23 11:45:00,34.08,34.16,34.07,34.13,615826
2013-08-23 12:00:00,34.12,34.165,34.12,34.16,638266
2013-08-23 12:15:00,34.16,34.19,34.14,34.155,1011790
2013-08-23 12:30:00,34.16,34.21,34.15,34.17,1056817
2013-08-23 12:45:00,34.17,34.21,34.125,34.165,1316846
2013-08-23 13:00:00,34.17,34.23,34.16,34.21,1355889
2013-08-23 13:15:00,34.21,34.21,34.14,34.14,1386098
2013-08-23 13:30:00,34.14,34.145,34.095,34.095,1404653
2013-08-23 13:45:00,34.1,34.12,34.07,34.07,1422928
2013-08-23 14:00:00,34.06,34.085,34.045,34.07,1728357
2013-08-23 14:15:00,34.06,34.08,34.04,34.07,1768945
2013-08-23 14:30:00,34.07,34.07,34.01,34.035,1799366
2013-08-23 14:45:00,34.03,34.06,34.02,34.02,1841309
2013-08-23 15:00:00,34.02,34.02,33.9975,34.0,1859009
2013-08-23 15:15:00,34.0,34.02,34.0,34.01,1900372
2013-08-23 15:30:00,34.02,34.1,34.005,34.08,1985168
2013-08-23 15:45:00,34.08,34.08,34.005,34.01,2061590
2013-08-23 16:00:00,34.02,34.09,34.02,34.06,2311779
2013-08-26 09:45:00,33.85,34.12,33.79,34.09,78469
2013-08-26 10:00:00,34.12,34.31,34.1,34.27,246085
2013-08-26 10:15:00,34.27,34.35,34.26,34.32,318904
2013-08-26 10:30:00,34.32,34.425,34.31,34.42,390350
2013-08-26 10:45:00,34.41,34.48,34.4,34.48,437114
2013-08-26 11:00:00,34.475,34.53,34.4675,34.52,494125
2013-08-26 11:15:00,34.51,34.57,34.5,34.57,546511
2013-08-26 11:30:00,34.565,34.62,34.55,34.61,609568
2013-08-26 11:45:00,34.6,34.65,34.57,34.61,734863
2013-08-26 12:00:00,34.61,34.72,34.6,34.7,820196
2013-08-26 12:15:00,34.69,34.73,34.66,34.69,864681
2013-08-26 12:30:00,34.68,34.7,34.65,34.66,899907
2013-08-26 12:45:00,34.66,34.7,34.65,34.7,1003640
2013-08-26 13:00:00,34.7,34.77,34.69,34.75,1224743
2013-08-26 13:15:00,34.75,34.75,34.715,34.735,1344425
2013-08-26 13:30:00,34.74,34.76,34.68,34.69,1490166
2013-08-26 13:45:00,34.68,34.705,34.62,34.705,1560545
2013-08-26 14:00:00,34.7,34.7,34.66,34.6627,1597620
2013-08-26 14:15:00,34.67,34.68,34.645,34.67,1633031
2013-08-26 14:30:00,34.67,34.78,34.65,34.74,1731247
2013-08-26 14:45:00,34.735,34.735,34.69,34.7,1769214
2013-08-26 15:00:00,34.7,34.72,34.68,34.6901,1811956
2013-08-26 15:15:00,34.7,34.71,34.595,34.595,1854114
2013-08-26 15:30:00,34.595,34.62,34.42,34.45,2089020
2013-08-26 15:45:00,34.44,34.46,34.36,34.41,2213104
2013-08-26 16:00:00,34.415,34.43,34.29,34.3,2847704
2013-08-27 09:45:00,33.96,34.12,33.9,34.06,83329
2013-08-27 10:00:00,34.07,34.19,34.07,34.18,141763
2013-08-27 10:15:00,34.18,34.18,34.09,34.1,193337
2013-08-27 10:30:00,34.1,34.14,34.02,34.02,288679
2013-08-27 10:45:00,34.03,34.05,33.995,34.03,337287
2013-08-27 11:00:00,34.02,34.08,33.99,34.06,391790
2013-08-27 11:15:00,34.05,34.05,33.9695,33.99,471686
2013-08-27 11:30:00,34.0,34.04,33.98,33.98,571003
2013-08-27 11:45:00,33.99,34.035,33.915,33.93,717904
2013-08-27 12:00:00,33.91,33.95,33.86,33.95,756273
2013-08-27 12:15:00,33.95,34.0,33.94,33.98,802307
2013-08-27 12:30:00,33.97,33.985,33.91,33.925,831493
2013-08-27 12:45:00,33.92,33.93,33.83,33.87,872286
2013-08-27 13:00:00,33.87,33.88,33.84,33.85,896800
2013-08-27 13:15:00,33.845,33.905,33.83,33.905,938858
2013-08-27 13:30:00,33.9,33.91,33.8325,33.855,978311
2013-08-27 13:45:00,33.845,33.86,33.83,33.85,1036400
2013-08-27 14:00:00,33.85,33.875,33.83,33.85,1059140
2013-08-27 14:15:00,33.845,33.85,33.8,33.8,1088526
2013-08-27 14:30:00,33.8,33.84,33.79,33.82,1117579
2013-08-27 14:45:00,33.82,33.87,33.78,33.87,1161638
2013-08-27 15:00:00,33.87,33.89,33.83,33.85,1196682
2013-08-27 15:15:00,33.845,33.87,33.75,33.78,1289670
2013-08-27 15:30:00,33.7799,33.79,33.69,33.72,1395375
2013-08-27 15:45:00,33.73,33.74,33.67,33.7,1463144
2013-08-27 16:00:00,33.7,33.82,33.7,33.77,1891836
2013-08-28 09:45:00,33.75,33.95,33.68,33.91,47522
2013-08-28 10:00:00,33.91,33.991,33.86,33.89,86546
2013-08-28 10:15:00,33.9,33.925,33.81,33.86,149378
2013-08-28 10:30:00,33.86,33.88,33.83,33.85,221695
2013-08-28 10:45:00,33.845,33.87,33.815,33.845,275745
2013-08-28 11:00:00,33.85,33.91,33.8,33.91,347864
2013-08-28 11:15:00,33.91,33.92,33.86,33.86,418497
2013-08-28 11:30:00,33.861,33.97,33.849,33.93,560441
2013-08-28 11:45:00,33.93,33.985,33.9,33.985,603683
2013-08-28 12:00:00,33.98,34.04,33.965,34.04,655595
2013-08-28 12:15:00,34.04,34.13,34.02,34.11,722926
2013-08-28 12:30:00,34.12,34.14,34.1,34.14,747713
2013-08-28 12:45:00,34.14,34.14,34.09,34.13,784012
2013-08-28 13:00:00,34.13,34.21,34.12,34.205,822731
2013-08-28 13:15:00,34.2,34.25,34.2,34.23,870906
2013-08-28 13:30:00,34.23,34.2525,34.2,34.24,916928
2013-08-28 13:45:00,34.25,34.3,34.25,34.29,952343
2013-08-28 14:00:00,34.29,34.3,34.24,34.3,995782
2013-08-28 14:15:00,34.3,34.31,34.27,34.28,1036277
2013-08-28 14:30:00,34.27,34.29,34.27,34.285,1068411
2013-08-28 14:45:00,34.285,34.3,34.25,34.265,1153780
2013-08-28 15:00:00,34.26,34.288,34.24,34.28,1234802
2013-08-28 15:15:00,34.28,34.3,34.25,34.29,1304343
2013-08-28 15:30:00,34.29,34.325,34.25,34.3,1450620
2013-08-28 15:45:00,34.29,34.305,34.165,34.21,1599646
2013-08-28 16:00:00,34.2,34.21,34.14,34.2,1899898
2013-08-29 09:45:00,34.1,34.23,33.9725,34.19,23719
2013-08-29 10:00:00,34.2,34.23,34.09,34.09,43862
2013-08-29 10:15:00,34.09,34.12,34.01,34.04,100497
2013-08-29 10:30:00,34.04,34.09,33.97,34.09,258112
2013-08-29 10:45:00,34.09,34.15,34.08,34.13,337537
2013-08-29 11:00:00,34.14,34.17,34.13,34.14,374982
2013-08-29 11:15:00,34.145,34.2,34.14,34.19,427277
2013-08-29 11:30:00,34.19,34.22,34.19,34.22,499915
2013-08-29 11:45:00,34.22,34.28,34.22,34.256,536977
2013-08-29 12:00:00,34.25,34.3,34.25,34.29,565298
2013-08-29 12:15:00,34.29,34.32,34.27,34.27,583511
2013-08-29 12:30:00,34.27,34.32,34.27,34.32,609748
2013-08-29 12:45:00,34.33,34.3565,34.31,34.34,653628
2013-08-29 13:00:00,34.35,34.44,34.34,34.435,711461
2013-08-29 13:15:00,34.435,34.51,34.43,34.5,772420
2013-08-29 13:30:00,34.5,34.53,34.45,34.45,841057
2013-08-29 13:45:00,34.45,34.46,34.42,34.445,876563
2013-08-29 14:00:00,34.44,34.505,34.44,34.48,948637
2013-08-29 14:15:00,34.48,34.58,34.48,34.55,1007098
2013-08-29 14:30:00,34.55,34.57,34.53,34.55,1054257
2013-08-29 14:45:00,34.55,34.6,34.55,34.57,1095302
2013-08-29 15:00:00,34.57,34.58,34.56,34.58,1129601
2013-08-29 15:15:00,34.58,34.58,34.51,34.545,1207939
2013-08-29 15:30:00,34.54,34.58,34.54,34.575,1317901
2013-08-29 15:45:00,34.58,34.63,34.56,34.63,1500863
2013-08-29 16:00:00,34.63,34.63,34.53,34.54,1795415
2013-08-30 09:45:00,34.52,34.56,34.42,34.55,22305
2013-08-30 10:00:00,34.56,34.63,34.45,34.52,48838
2013-08-30 10:15:00,34.52,34.54,34.43,34.44,96349
2013-08-30 10:30:00,34.43,34.46,34.38,34.45,125187
2013-08-30 10:45:00,34.44,34.48,34.43,34.44,159556
2013-08-30 11:00:00,34.43,34.52,34.42,34.52,200677
2013-08-30 11:15:00,34.51,34.55,34.49,34.54,247453
2013-08-30 11:30:00,34.54,34.54,34.51,34.51,275833
2013-08-30 11:45:00,34.51,34.54,34.49,34.51,315964
2013-08-30 12:00:00,34.51,34.55,34.45,34.46,342395
2013-08-30 12:15:00,34.46,34.48,34.45,34.47,363996
2013-08-30 12:30:00,34.46,34.49,34.45,34.46,386187
2013-08-30 12:45:00,34.47,34.48,34.45,34.47,410373
2013-08-30 13:00:00,34.46,34.54,34.46,34.54,445989
2013-08-30 13:15:00,34.54,34.55,34.49,34.55,563743
2013-08-30 13:30:00,34.54,34.64,34.505,34.53,611107
2013-08-30 13:45:00,34.52,34.55,34.45,34.45,637074
2013-08-30 14:00:00,34.45,34.52,34.45,34.4625,690874
2013-08-30 14:15:00,34.46,34.49,34.45,34.48,720721
2013-08-30 14:30:00,34.48,34.5,34.47,34.48,742924
2013-08-30 14:45:00,34.48,34.65,34.48,34.58,875586
2013-08-30 15:00:00,34.58,34.6197,34.55,34.58,927115
2013-08-30 15:15:00,34.56,34.56,34.45,34.52,979244
2013-08-30 15:30:00,34.52,34.53,34.445,34.47,1035816
2013-08-30 15:45:00,34.47,34.48,34.44,34.45,1118495
2013-08-30 16:00:00,34.44,34.51,34.36,34.48,1449657
2013-09-03 09:45:00,34.8,34.9,34.76,34.8,49279
2013-09-03 10:00:00,34.79,34.82,34.73,34.73,112139
2013-09-03 10:15:00,34.73,34.83,34.6901,34.82,170362
2013-09-03 10:30:00,34.83,34.84,34.78,34.82,209912
2013-09-03 10:45:00,34.83,34.91,34.83,34.905,280446
2013-09-03 11:00:00,34.91,34.92,34.88,34.91,322551
2013-09-03 11:15:00,34.905,34.97,34.905,34.945,357721
2013-09-03 11:30:00,34.93,34.94,34.76,34.77,392630
2013-09-03 11:45:00,34.77,34.815,34.75,34.78,428064
2013-09-03 12:00:00,34.77,34.77,34.7,34.75,476780
2013-09-03 12:15:00,34.75,34.77,34.74,34.75,514055
2013-09-03 12:30:00,34.75,34.79,34.74,34.76,545111
2013-09-03 12:45:00,34.765,34.79,34.74,34.76,572397
2013-09-03 13:00:00,34.75,34.77,34.73,34.73,619666
2013-09-03 13:15:00,34.74,34.77,34.72,34.76,690810
2013-09-03 13:30:00,34.751,34.77,34.73,34.77,776138
2013-09-03 13:45:00,34.7635,34.77,34.7,34.71,819272
2013-09-03 14:00:00,34.7,34.7002,34.51,34.52,867318
2013-09-03 14:15:00,34.515,34.56,34.51,34.56,901404
2013-09-03 14:30:00,34.56,34.58,34.52,34.57,938935
2013-09-03 14:45:00,34.58,34.6,34.52,34.56,987367
2013-09-03 15:00:00,34.56,34.675,34.55,34.67,1024327
2013-09-03 15:15:00,34.68,34.76,34.675,34.73,1067716
2013-09-03 15:30:00,34.73,34.75,34.69,34.71,1108338
2013-09-03 15:45:00,34.71,34.77,34.71,34.75,1179634
2013-09-03 16:00:00,34.74,34.745,34.62,34.66,1437245
2013-09-04 09:45:00,34.64,34.67,34.59,34.67,37673
2013-09-04 10:00:00,34.67,34.76,34.62,34.63,143537
2013-09-04 10:15:00,34.63,34.63,34.5,34.51,228020
2013-09-04 10:30:00,34.5075,34.52,34.46,34.48,285026
2013-09-04 10:45:00,34.475,34.48,34.425,34.44,323640
2013-09-04 11:00:00,34.445,34.46,34.38,34.4,396388
2013-09-04 11:15:00,34.4,34.51,34.395,34.48,548759
2013-09-04 11:30:00,34.485,34.515,34.475,34.5,675227
2013-09-04 11:45:00,34.5,34.54,34.49,34.5,720616
2013-09-04 12:00:00,34.51,34.565,34.51,34.555,778239
2013-09-04 12:15:00,34.56,34.58,34.54,34.54,820501
2013-09-04 12:30:00,34.55,34.56,34.53,34.56,854667
2013-09-04 12:45:00,34.555,34.59,34.54,34.55,905876
2013-09-04 13:00:00,34.55,34.555,34.53,34.54,942063
2013-09-04 13:15:00,34.55,34.55,34.53,34.54,977741
2013-09-04 13:30:00,34.53,34.56,34.53,34.56,1016816
2013-09-04 13:45:00,34.56,34.565,34.54,34.5499,1048980
2013-09-04 14:00:00,34.55,34.56,34.515,34.52,1082967
2013-09-04 14:15:00,34.52,34.56,34.51,34.515,1124616
2013-09-04 14:30:00,34.515,34.52,34.5,34.505,1157459
2013-09-04 14:45:00,34.5,34.52,34.49,34.51,1186609
2013-09-04 15:00:00,34.515,34.515,34.485,34.49,1238612
2013-09-04 15:15:00,34.485,34.51,34.48,34.49,1279328
2013-09-04 15:30:00,34.495,34.54,34.48,34.5,1474056
2013-09-04 15:45:00,34.5,34.57,34.495,34.57,1610756
2013-09-04 16:00:00,34.56,34.615,34.54,34.55,1804578
2013-09-05 09:45:00,34.54,34.845,34.54,34.795,51452
2013-09-05 10:00:00,34.79,34.94,34.75,34.77,177692
2013-09-05 10:15:00,34.77,34.81,34.735,34.81,222930
2013-09-05 10:30:00,34.81,34.84,34.78,34.8,244130
2013-09-05 10:45:00,34.8,34.84,34.74,34.84,292478
2013-09-05 11:00:00,34.83,34.875,34.825,34.83,333678
2013-09-05 11:15:00,34.83,34.9,34.82,34.88,374494
2013-09-05 11:30:00,34.88,34.92,34.73,34.73,463717
2013-09-05 11:45:00,34.72,34.728,34.68,34.72,505380
2013-09-05 12:00:00,34.72,34.77,34.713,34.75,609313
2013-09-05 12:15:00,34.75,34.78,34.74,34.77,642348
2013-09-05 12:30:00,34.76,34.8,34.76,34.79,653929
2013-09-05 12:45:00,34.783,34.79,34.765,34.78,673176
2013-09-05 13:00:00,34.78,34.785,34.76,34.77,690157
2013-09-05 13:15:00,34.77,34.795,34.75,34.76,717338
2013-09-05 13:30:00,34.7685,34.79,34.75,34.785,733838
2013-09-05 13:45:00,34.78,34.81,34.77,34.81,747038
2013-09-05 14:00:00,34.805,34.82,34.79,34.81,789395
2013-09-05 14:15:00,34.81,34.85,34.8,34.85,808286
2013-09-05 14:30:00,34.85,34.87,34.82,34.82,833068
2013-09-05 14:45:00,34.82,34.82,34.8,34.8,845144
2013-09-05 15:00:00,34.8,34.83,34.8,34.81,867889
2013-09-05 15:15:00,34.805,34.82,34.8,34.805,898157
2013-09-05 15:30:00,34.805,34.86,34.79,34.86,998407
2013-09-05 15:45:00,34.86,34.86,34.79,34.8,1117668
2013-09-05 16:00:00,34.81,34.84,34.8,34.81,1280596
2013-09-06 09:45:00,35.0,35.06,34.81,34.84,71036
2013-09-06 10:00:00,34.87,34.91,34.73,34.86,139637
2013-09-06 10:15:00,34.86,34.86,34.7,34.76,220461
2013-09-06 10:30:00,34.75,34.8,34.74,34.755,305447
2013-09-06 10:45:00,34.76,34.8,34.71,34.77,365561
2013-09-06 11:00:00,34.77,34.83,34.76,34.805,525890
2013-09-06 11:15:00,34.8075,34.87,34.805,34.81,603669
2013-09-06 11:30:00,34.82,34.88,34.8,34.85,692631
2013-09-06 11:45:00,34.86,34.8775,34.83,34.835,751620
2013-09-06 12:00:00,34.83,34.85,34.815,34.85,824162
2013-09-06 12:15:00,34.84,34.95,34.84,34.95,877218
2013-09-06 12:30:00,34.95,35.03,34.95,35.03,929809
2013-09-06 12:45:00,35.02,35.03,35.0,35.02,1059009
2013-09-06 13:00:00,35.02,35.1,35.01,35.085,1163419
2013-09-06 13:15:00,35.09,35.12,35.085,35.115,1204038
2013-09-06 13:30:00,35.12,35.26,35.12,35.2501,1278340
2013-09-06 13:45:00,35.25,35.325,35.245,35.31,1328772
2013-09-06 14:00:00,35.32,35.4,35.28,35.29,1396759
2013-09-06 14:15:00,35.3,35.31,35.26,35.266,1443472
2013-09-06 14:30:00,35.27,35.29,35.265,35.29,1469555
2013-09-06 14:45:00,35.29,35.29,35.24,35.24,1493264
2013-09-06 15:00:00,35.23,35.23,35.17,35.19,1532315
2013-09-06 15:15:00,35.195,35.2,35.08,35.1,1679214
2013-09-06 15:30:00,35.11,35.12,35.06,35.06,1763726
2013-09-06 15:45:00,35.065,35.065,35.015,35.04,1881309
2013-09-06 16:00:00,35.03,35.03,34.99,35.0,2510945
2013-09-09 09:45:00,35.03,35.14,34.99,35.01,45504
2013-09-09 10:00:00,35.015,35.11,34.99,35.08,91519
2013-09-09 10:15:00,35.09,35.1,35.005,35.005,145231
2013-09-09 10:30:00,35.005,35.025,34.99,34.995,202249
2013-09-09 10:45:00,35.0,35.14,34.99,35.095,313077
2013-09-09 11:00:00,35.09,35.11,35.07,35.1,342580
2013-09-09 11:15:00,35.11,35.12,35.07,35.12,375089
2013-09-09 11:30:00,35.12,35.18,35.12,35.18,395029
2013-09-09 11:45:00,35.18,35.19,35.14,35.15,419477
2013-09-09 12:00:00,35.15,35.15,35.1,35.12,446702
2013-09-09 12:15:00,35.13,35.18,35.12,35.18,471068
2013-09-09 12:30:00,35.18,35.185,35.15,35.16,489418
2013-09-09 12:45:00,35.16,35.17,35.14,35.165,502847
2013-09-09 13:00:00,35.1665,35.175,35.15,35.165,523490
2013-09-09 13:15:00,35.165,35.175,35.15,35.17,556037
2013-09-09 13:30:00,35.18,35.22,35.1601,35.205,581270
2013-09-09 13:45:00,35.21,35.24,35.1901,35.2,599569
2013-09-09 14:00:00,35.2,35.22,35.19,35.2,626460
2013-09-09 14:15:00,35.205,35.21,35.17,35.175,650432
2013-09-09 14:30:00,35.175,35.225,35.175,35.19,675832
2013-09-09 14:45:00,35.1801,35.21,35.18,35.205,698814
2013-09-09 15:00:00,35.2,35.2,35.17,35.18,717547
2013-09-09 15:15:00,35.18,35.18,35.11,35.14,785407
2013-09-09 15:30:00,35.14,35.15,35.12,35.125,845026
2013-09-09 15:45:00,35.13,35.14,35.09,35.11,971051
2013-09-09 16:00:00,35.105,35.13,35.045,35.09,1710391
2013-09-10 09:45:00,35.13,35.1925,35.076,35.175,94470
2013-09-10 10:00:00,35.175,35.3,35.13,35.19,164020
2013-09-10 10:15:00,35.19,35.23,35.15,35.18,258128
2013-09-10 10:30:00,35.19,35.21,35.16,35.19,299687
2013-09-10 10:45:00,35.2,35.26,35.18,35.23,341040
2013-09-10 11:00:00,35.23,35.25,35.18,35.22,385010
2013-09-10 11:15:00,35.225,35.27,35.22,35.25,422667
2013-09-10 11:30:00,35.26,35.35,35.255,35.35,454307
2013-09-10 11:45:00,35.35,35.355,35.27,35.27,575564
2013-09-10 12:00:00,35.27,35.355,35.25,35.34,606644
2013-09-10 12:15:00,35.35,35.3898,35.33,35.3898,631051
2013-09-10 12:30:00,35.39,35.39,35.33,35.35,661534
2013-09-10 12:45:00,35.36,35.4,35.355,35.4,672133
2013-09-10 13:00:00,35.4,35.41,35.38,35.39,703657
2013-09-10 13:15:00,35.4,35.42,35.36,35.365,722811
2013-09-10 13:30:00,35.36,35.405,35.34,35.38,746316
2013-09-10 13:45:00,35.38,35.41,35.38,35.405,767272
2013-09-10 14:00:00,35.4,35.44,35.38,35.44,789092
2013-09-10 14:15:00,35.45,35.455,35.4,35.44,822275
2013-09-10 14:30:00,35.44,35.49,35.4,35.405,895280
2013-09-10 14:45:00,35.405,35.44,35.36,35.395,987126
2013-09-10 15:00:00,35.39,35.415,35.375,35.4,1024394
2013-09-10 15:15:00,35.405,35.41,35.35,35.38,1071910
2013-09-10 15:30:00,35.38,35.4,35.34,35.355,1126963
2013-09-10 15:45:00,35.36,35.38,35.33,35.37,1229397
2013-09-10 16:00:00,35.37,35.41,35.36,35.39,1651506
2013-09-11 09:45:00,35.31,35.39,35.31,35.37,48925
2013-09-11 10:00:00,35.36,35.42,35.3,35.36,88366
2013-09-11 10:15:00,35.36,35.4,35.33,35.39,193619
2013-09-11 10:30:00,35.39,35.46,35.37,35.39,304002
2013-09-11 10:45:00,35.4,35.5,35.38,35.47,337133
2013-09-11 11:00:00,35.47,35.505,35.45,35.48,388088
2013-09-11 11:15:00,35.47,35.49,35.39,35.44,419240
2013-09-11 11:30:00,35.44,35.45,35.43,35.43,435457
2013-09-11 11:45:00,35.44,35.46,35.41,35.44,474956
2013-09-11 12:00:00,35.45,35.46,35.43,35.435,494323
2013-09-11 12:15:00,35.43,35.46,35.43,35.44,515541
2013-09-11 12:30:00,35.44,35.45,35.43,35.44,535589
2013-09-11 12:45:00,35.45,35.45,35.42,35.43,547316
2013-09-11 13:00:00,35.43,35.45,35.42,35.445,597319
2013-09-11 13:15:00,35.445,35.45,35.39,35.39,622791
2013-09-11 13:30:00,35.39,35.41,35.39,35.4,666053
2013-09-11 13:45:00,35.405,35.48,35.4,35.48,714936
2013-09-11 14:00:00,35.4801,35.5,35.4801,35.5,743071
2013-09-11 14:15:00,35.5,35.5,35.45,35.45,772925
2013-09-11 14:30:00,35.45,35.48,35.43,35.48,801450
2013-09-11 14:45:00,35.49,35.49,35.47,35.47,821194
2013-09-11 15:00:00,35.47,35.49,35.46,35.47,852087
2013-09-11 15:15:00,35.47,35.5,35.46,35.48,924997
2013-09-11 15:30:00,35.48,35.49,35.46,35.475,950555
2013-09-11 15:45:00,35.47,35.49,35.45,35.46,1065465
2013-09-11 16:00:00,35.46,35.47,35.43,35.45,1392039
2013-09-12 09:45:00,35.46,35.52,35.43,35.48,33053
2013-09-12 10:00:00,35.48,35.69,35.46,35.65,161819
2013-09-12 10:15:00,35.65,35.7,35.63,35.65,335963
2013-09-12 10:30:00,35.65,35.82,35.64,35.79,418941
2013-09-12 10:45:00,35.795,35.8,35.77,35.7746,460953
2013-09-12 11:00:00,35.78,35.79,35.735,35.745,508713
2013-09-12 11:15:00,35.75,35.77,35.62,35.62,561351
2013-09-12 11:30:00,35.62,35.64,35.6,35.601,612257
2013-09-12 11:45:00,35.6,35.685,35.555,35.68,683732
2013-09-12 12:00:00,35.69,35.745,35.69,35.745,718204
2013-09-12 12:15:00,35.745,35.765,35.73,35.74,770517
2013-09-12 12:30:00,35.75,35.75,35.72,35.73,795521
2013-09-12 12:45:00,35.7327,35.75,35.73,35.75,892747
2013-09-12 13:00:00,35.745,35.75,35.72,35.75,938174
2013-09-12 13:15:00,35.74,35.75,35.74,35.75,953158
2013-09-12 13:30:00,35.75,35.91,35.745,35.88,1005084
2013-09-12 13:45:00,35.89,35.93,35.89,35.89,1051049
2013-09-12 14:00:00,35.885,35.9,35.87,35.87,1068976
2013-09-12 14:15:00,35.875,35.875,35.8,35.81,1095495
2013-09-12 14:30:00,35.8,35.81,35.715,35.75,1181806
2013-09-12 14:45:00,35.75,35.75,35.69,35.72,1227097
2013-09-12 15:00:00,35.725,35.74,35.71,35.719,1282743
2013-09-12 15:15:00,35.715,35.74,35.66,35.66,1325370
2013-09-12 15:30:00,35.66,35.685,35.64,35.65,1428796
2013-09-12 15:45:00,35.66,35.71,35.6,35.68,1571623
2013-09-12 16:00:00,35.68,35.685,35.63,35.66,1708752
2013-09-13 09:45:00,35.6,35.75,35.59,35.61,113229
2013-09-13 10:00:00,35.59,35.62,35.58,35.6,137107
2013-09-13 10:15:00,35.62,35.62,35.46,35.51,158202
2013-09-13 10:30:00,35.51,35.51,35.44,35.45,198257
2013-09-13 10:45:00,35.45,35.51,35.44,35.47,257178
2013-09-13 11:00:00,35.47,35.51,35.47,35.4925,283778
2013-09-13 11:15:00,35.49,35.5195,35.48,35.49,315212
2013-09-13 11:30:00,35.5,35.51,35.49,35.5,354191
2013-09-13 11:45:00,35.5,35.5295,35.49,35.5,433104
2013-09-13 12:00:00,35.5,35.51,35.49,35.5,456598
2013-09-13 12:15:00,35.5,35.51,35.495,35.51,493885
2013-09-13 12:30:00,35.505,35.53,35.5,35.51,512214
2013-09-13 12:45:00,35.5,35.54,35.45,35.48,585547
2013-09-13 13:00:00,35.48,35.5,35.47,35.5,616688
2013-09-13 13:15:00,35.49,35.58,35.49,35.58,651179
2013-09-13 13:30:00,35.58,35.61,35.57,35.61,669574
2013-09-13 13:45:00,35.61,35.66,35.605,35.66,694008
2013-09-13 14:00:00,35.655,35.67,35.64,35.64,718897
2013-09-13 14:15:00,35.645,35.67,35.63,35.65,818937
2013-09-13 14:30:00,35.65,35.66,35.63,35.64,844227
2013-09-13 14:45:00,35.635,35.67,35.63,35.645,878570
2013-09-13 15:00:00,35.64,35.645,35.63,35.63,892959
2013-09-13 15:15:00,35.635,35.64,35.62,35.63,921247
2013-09-13 15:30:00,35.63,35.63,35.6,35.61,1029961
2013-09-13 15:45:00,35.605,35.63,35.56,35.57,1203526
2013-09-13 16:00:00,35.57,35.57,35.53,35.57,1398624
2013-09-16 09:45:00,35.98,36.04,35.47,35.59,112307
2013-09-16 10:00:00,35.59,35.61,35.46,35.475,286930
2013-09-16 10:15:00,35.475,35.58,35.45,35.579,382926
2013-09-16 10:30:00,35.58,35.58,35.535,35.535,445286
2013-09-16 10:45:00,35.54,35.59,35.53,35.56,484605
2013-09-16 11:00:00,35.56,35.59,35.53,35.565,663207
2013-09-16 11:15:00,35.56,35.575,35.49,35.56,732455
2013-09-16 11:30:00,35.56,35.57,35.49,35.57,857231
2013-09-16 11:45:00,35.565,35.57,35.55,35.565,909766
2013-09-16 12:00:00,35.57,35.57,35.54,35.565,982262
2013-09-16 12:15:00,35.565,35.57,35.55,35.57,1090089
2013-09-16 12:30:00,35.57,35.63,35.56,35.6,1143882
2013-09-16 12:45:00,35.605,35.64,35.59,35.64,1188456
2013-09-16 13:00:00,35.64,35.66,35.62,35.625,1243701
2013-09-16 13:15:00,35.63,35.66,35.62,35.655,1340165
2013-09-16 13:30:00,35.655,35.66,35.64,35.66,1401885
2013-09-16 13:45:00,35.655,35.67,35.5868,35.63,1445125
2013-09-16 14:00:00,35.63,35.67,35.6269,35.659,1490110
2013-09-16 14:15:00,35.66,35.66,35.6,35.64,1571841
2013-09-16 14:30:00,35.64,35.67,35.58,35.59,1601385
2013-09-16 14:45:00,35.58,35.59,35.54,35.585,1644820
2013-09-16 15:00:00,35.58,35.62,35.57,35.605,1704559
2013-09-16 15:15:00,35.59,35.66,35.59,35.66,1790055
2013-09-16 15:30:00,35.64,35.65,35.625,35.63,1839361
2013-09-16 15:45:00,35.63,35.64,35.59,35.6,1885126
2013-09-16 16:00:00,35.59,35.64,35.58,35.61,2099351
2013-09-17 09:45:00,35.64,35.87,35.62,35.87,31597
2013-09-17 10:00:00,35.86,35.9,35.77,35.9,74157
2013-09-17 10:15:00,35.9,35.96,35.82,35.96,159666
2013-09-17 10:30:00,35.97,36.16,35.95,36.045,293985
2013-09-17 10:45:00,36.04,36.105,36.02,36.02,333011
2013-09-17 11:00:00,36.02,36.095,36.02,36.08,390959
2013-09-17 11:15:00,36.085,36.105,36.07,36.08,434991
2013-09-17 11:30:00,36.075,36.29,36.07,36.28,516298
2013-09-17 11:45:00,36.29,36.29,36.23,36.24,576045
2013-09-17 12:00:00,36.23,36.46,36.21,36.46,642238
2013-09-17 12:15:00,36.46,36.47,36.275,36.33,702986
2013-09-17 12:30:00,36.32,36.5,36.315,36.48,798303
2013-09-17 12:45:00,36.48,36.49,36.39,36.39,845783
2013-09-17 13:00:00,36.39,36.48,36.35,36.44,898069
2013-09-17 13:15:00,36.45,36.45,36.35,36.35,935720
2013-09-17 13:30:00,36.35,36.42,36.34,36.4,987718
2013-09-17 13:45:00,36.4,36.4,36.32,36.35,1014639
2013-09-17 14:00:00,36.35,36.35,36.29,36.3,1065026
2013-09-17 14:15:00,36.29,36.36,36.28,36.345,1081822
2013-09-17 14:30:00,36.34,36.355,36.32,36.34,1098962
2013-09-17 14:45:00,36.34,36.395,36.34,36.38,1123346
2013-09-17 15:00:00,36.39,36.43,36.39,36.42,1149700
2013-09-17 15:15:00,36.41,36.415,36.37,36.39,1184212
2013-09-17 15:30:00,36.39,36.405,36.36,36.4,1210696
2013-09-17 15:45:00,36.39,36.39,36.36,36.365,1240772
2013-09-17 16:00:00,36.37,36.4,36.36,36.37,1328424
2013-09-18 09:45:00,36.37,36.46,36.27,36.39,21042
2013-09-18 10:00:00,36.4,36.4,36.35,36.36,40564
2013-09-18 10:15:00,36.36,36.37,36.29,36.3,75207
2013-09-18 10:30:00,36.3,36.32,36.27,36.29,100714
2013-09-18 10:45:00,36.3,36.32,36.28,36.3,126463
2013-09-18 11:00:00,36.31,36.31,36.26,36.3,164623
2013-09-18 11:15:00,36.31,36.34,36.3,36.31,179834
2013-09-18 11:30:00,36.3,36.31,36.27,36.31,200161
2013-09-18 11:45:00,36.31,36.34,36.29,36.34,265728
2013-09-18 12:00:00,36.34,36.37,36.32,36.36,287929
2013-09-18 12:15:00,36.37,36.44,36.35,36.43,326904
2013-09-18 12:30:00,36.43,36.5,36.42,36.49,373077
2013-09-18 12:45:00,36.4925,36.51,36.48,36.51,398969
2013-09-18 13:00:00,36.51,36.56,36.5,36.53,424833
2013-09-18 13:15:00,36.53,36.56,36.53,36.55,447359
2013-09-18 13:30:00,36.56,36.58,36.55,36.58,475271
2013-09-18 13:45:00,36.58,36.59,36.55,36.56,513980
2013-09-18 14:00:00,36.55,36.575,36.47,36.51,566975
2013-09-18 14:15:00,36.51,36.78,36.51,36.76,703389
2013-09-18 14:30:00,36.76,36.86,36.74,36.82,799971
2013-09-18 14:45:00,36.82,36.88,36.815,36.83,849519
2013-09-18 15:00:00,36.83,36.97,36.81,36.97,885873
2013-09-18 15:15:00,36.97,37.04,36.95,37.0,1009401
2013-09-18 15:30:00,37.0,37.01,36.93,36.985,1085721
2013-09-18 15:45:00,36.99,37.03,36.94,36.94,1175110
2013-09-18 16:00:00,36.94,36.96,36.92,36.95,1364985
2013-09-19 09:45:00,36.78,36.96,36.7,36.88,132383
2013-09-19 10:00:00,36.87,37.05,36.86,37.05,242503
2013-09-19 10:15:00,37.05,37.08,36.97,37.02,299596
2013-09-19 10:30:00,37.015,37.055,37.015,37.035,372617
2013-09-19 10:45:00,37.03,37.04,36.97,36.97,435190
2013-09-19 11:00:00,36.97,37.08,36.97,37.08,482253
2013-09-19 11:15:00,37.07,37.12,37.07,37.1,556033
2013-09-19 11:30:00,37.11,37.19,37.07,37.07,655250
2013-09-19 11:45:00,37.07,37.11,37.03,37.05,705874
2013-09-19 12:00:00,37.05,37.055,37.01,37.03,717625
2013-09-19 12:15:00,37.03,37.04,36.99,37.005,788959
2013-09-19 12:30:00,37.0,37.02,36.99,37.02,822889
2013-09-19 12:45:00,37.015,37.015,36.985,36.995,878482
2013-09-19 13:00:00,36.995,37.005,36.98,36.98,924840
2013-09-19 13:15:00,36.98,36.99,36.87,36.94,1006106
2013-09-19 13:30:00,36.93,36.95,36.85,36.86,1100698
2013-09-19 13:45:00,36.87,36.87,36.82,36.85,1136820
2013-09-19 14:00:00,36.85,36.85,36.71,36.76,1222639
2013-09-19 14:15:00,36.76,36.77,36.72,36.74,1263496
2013-09-19 14:30:00,36.74,36.75,36.72,36.735,1284549
2013-09-19 14:45:00,36.74,36.74,36.66,36.705,1326081
2013-09-19 15:00:00,36.7,36.97,36.68,36.91,1965959
2013-09-19 15:15:00,36.9,37.28,36.9,37.09,2477479
2013-09-19 15:30:00,37.08,37.14,37.05,37.09,2764979
2013-09-19 15:45:00,37.08,37.18,37.08,37.15,2975059
2013-09-19 16:00:00,37.15,37.3,37.145,37.19,3340317
2013-09-20 09:45:00,36.89,37.04,36.615,36.615,388208
2013-09-20 10:00:00,36.63,36.63,36.425,36.6,607666
2013-09-20 10:15:00,36.59,36.63,36.42,36.53,752115
2013-09-20 10:30:00,36.53,36.54,36.31,36.31,930390
2013-09-20 10:45:00,36.32,36.49,36.32,36.42,1018708
2013-09-20 11:00:00,36.41,36.42,36.25,36.395,1113029
2013-09-20 11:15:00,36.39,36.43,36.33,36.37,1175222
2013-09-20 11:30:00,36.37,36.37,36.28,36.33,1210092
2013-09-20 11:45:00,36.33,36.38,36.33,36.35,1253377
2013-09-20 12:00:00,36.35,36.39,36.31,36.325,1292686
2013-09-20 12:15:00,36.322,36.37,36.32,36.35,1328993
2013-09-20 12:30:00,36.35,36.36,36.33,36.36,1379136
2013-09-20 12:45:00,36.36,36.36,36.34,36.35,1398771
2013-09-20 13:00:00,36.34,36.34,36.32,36.34,1412333
2013-09-20 13:15:00,36.35,36.37,36.285,36.29,1442463
2013-09-20 13:30:00,36.29,36.3,36.27,36.28,1465508
2013-09-20 13:45:00,36.29,36.29,36.23,36.23,1497654
2013-09-20 14:00:00,36.23,36.25,36.17,36.17,1541572
2013-09-20 14:15:00,36.17,36.18,36.155,36.17,1571137
2013-09-20 14:30:00,36.17,36.24,36.15,36.24,1603728
2013-09-20 14:45:00,36.23,36.25,36.13,36.17,1711184
2013-09-20 15:00:00,36.16,36.21,36.135,36.19,1764569
2013-09-20 15:15:00,36.19,36.22,36.18,36.18,1796622
2013-09-20 15:30:00,36.18,36.2,35.98,35.98,1969877
2013-09-20 15:45:00,35.98,36.08,35.94,35.96,2240966
2013-09-20 16:00:00,35.96,35.97,35.87,35.87,2844368
2013-09-23 09:45:00,36.34,36.54,36.17,36.475,280245
2013-09-23 10:00:00,36.49,36.61,36.47,36.52,509168
2013-09-23 10:15:00,36.535,36.55,36.335,36.39,625275
2013-09-23 10:30:00,36.39,36.42,36.35,36.36,802243
2013-09-23 10:45:00,36.365,36.41,36.34,36.355,877516
2013-09-23 11:00:00,36.36,36.36,36.21,36.28,1011490
2013-09-23 11:15:00,36.28,36.3,36.18,36.185,1068968
2013-09-23 11:30:00,36.18,36.27,36.18,36.27,1251392
2013-09-23 11:45:00,36.28,36.33,36.27,36.32,1305113
2013-09-23 12:00:00,36.315,36.33,36.26,36.31,1366770
2013-09-23 12:15:00,36.31,36.41,36.31,36.375,1420731
2013-09-23 12:30:00,36.38,36.4,36.36,36.395,1456809
2013-09-23 12:45:00,36.4,36.405,36.375,36.375,1525475
2013-09-23 13:00:00,36.37,36.39,36.35,36.38,1564736
2013-09-23 13:15:00,36.39,36.39,36.33,36.33,1615469
2013-09-23 13:30:00,36.33,36.37,36.33,36.37,1655764
2013-09-23 13:45:00,36.37,36.39,36.37,36.38,1699485
2013-09-23 14:00:00,36.39,36.39,36.38,36.39,1748624
2013-09-23 14:15:00,36.39,36.425,36.39,36.4,1823718
2013-09-23 14:30:00,36.4,36.45,36.39,36.44,1918177
2013-09-23 14:45:00,36.44,36.45,36.42,36.435,1957184
2013-09-23 15:00:00,36.435,36.45,36.41,36.445,2009048
2013-09-23 15:15:00,36.445,36.45,36.37,36.41,2263067
2013-09-23 15:30:00,36.41,36.46,36.4,36.44,2450059
2013-09-23 15:45:00,36.44,36.45,36.4,36.415,2639920
2013-09-23 16:00:00,36.41,36.41,36.36,36.37,2857008
2013-09-24 09:45:00,36.42,36.64,36.42,36.545,103397
2013-09-24 10:00:00,36.54,36.7,36.54,36.63,199022
2013-09-24 10:15:00,36.635,36.7275,36.58,36.7,296945
2013-09-24 10:30:00,36.71,36.71,36.5,36.7,423058
2013-09-24 10:45:00,36.7,36.81,36.67,36.7675,488881
2013-09-24 11:00:00,36.76,36.88,36.74,36.88,522937
2013-09-24 11:15:00,36.87,36.8875,36.7,36.7,580159
2013-09-24 11:30:00,36.7,36.8375,36.7,36.81,640520
2013-09-24 11:45:00,36.81,36.88,36.8,36.8,686078
2013-09-24 12:00:00,36.8,36.8675,36.79,36.8301,731095
2013-09-24 12:15:00,36.84,36.89,36.82,36.84,779471
2013-09-24 12:30:00,36.85,36.85,36.8,36.81,805877
2013-09-24 12:45:00,36.81,36.8275,36.79,36.79,827583
2013-09-24 13:00:00,36.79,36.82,36.79,36.8175,916434
2013-09-24 13:15:00,36.8128,36.82,36.8,36.81,948609
2013-09-24 13:30:00,36.82,36.83,36.79,36.795,998275
2013-09-24 13:45:00,36.8,36.81,36.785,36.79,1020952
2013-09-24 14:00:00,36.795,36.8,36.74,36.74,1167067
2013-09-24 14:15:00,36.747,36.75,36.72,36.73,1202102
2013-09-24 14:30:00,36.72,36.7375,36.66,36.7124,1230144
2013-09-24 14:45:00,36.71,36.73,36.68,36.7,1264490
2013-09-24 15:00:00,36.69,36.71,36.675,36.6975,1316977
2013-09-24 15:15:00,36.69,36.71,36.67,36.6975,1361279
2013-09-24 15:30:00,36.69,36.71,36.62,36.645,1479511
2013-09-24 15:45:00,36.64,36.66,36.58,36.64,1550676
2013-09-24 16:00:00,36.635,36.64,36.51,36.57,1795672
2013-09-25 09:45:00,36.65,36.88,36.65,36.76,71077
2013-09-25 10:00:00,36.77,36.81,36.68,36.76,112674
2013-09-25 10:15:00,36.76,36.84,36.72,36.74,167191
2013-09-25 10:30:00,36.74,36.78,36.62,36.73,240405
2013-09-25 10:45:00,36.74,36.81,36.719,36.719,298776
2013-09-25 11:00:00,36.72,36.73,36.63,36.64,348853
2013-09-25 11:15:00,36.64,36.7,36.58,36.7,390922
2013-09-25 11:30:00,36.71,36.78,36.7,36.73,432921
2013-09-25 11:45:00,36.74,36.75,36.7,36.71,471808
2013-09-25 12:00:00,36.72,36.76,36.705,36.73,508688
2013-09-25 12:15:00,36.73,36.74,36.7,36.72,537034
2013-09-25 12:30:00,36.72,36.74,36.63,36.66,568373
2013-09-25 12:45:00,36.66,36.67,36.63,36.64,591001
2013-09-25 13:00:00,36.64,36.68,36.64,36.66,622855
2013-09-25 13:15:00,36.67,36.7,36.67,36.7,648784
2013-09-25 13:30:00,36.7,36.71,36.68,36.71,671404
2013-09-25 13:45:00,36.71,36.715,36.56,36.56,697292
2013-09-25 14:00:00,36.55,36.605,36.515,36.605,770525
2013-09-25 14:15:00,36.61,36.63,36.58,36.62,790629
2013-09-25 14:30:00,36.62,36.65,36.61,36.645,809909
2013-09-25 14:45:00,36.64,36.685,36.62,36.66,832727
2013-09-25 15:00:00,36.66,36.7,36.63,36.63,853580
2013-09-25 15:15:00,36.63,36.71,36.63,36.6729,887100
2013-09-25 15:30:00,36.67,36.69,36.63,36.65,919629
2013-09-25 15:45:00,36.65,36.695,36.63,36.688,970747
2013-09-25 16:00:00,36.69,36.695,36.57,36.57,1221317
2013-09-26 09:45:00,36.62,36.65,36.5,36.54,24003
2013-09-26 10:00:00,36.54,36.62,36.52,36.55,45232
2013-09-26 10:15:00,36.55,36.56,36.45,36.455,82917
2013-09-26 10:30:00,36.45,36.47,36.33,36.35,191498
2013-09-26 10:45:00,36.355,36.49,36.355,36.45,342228
2013-09-26 11:00:00,36.45,36.45,36.37,36.43,370147
2013-09-26 11:15:00,36.44,36.455,36.37,36.445,391161
2013-09-26 11:30:00,36.43,36.46,36.41,36.46,416843
2013-09-26 11:45:00,36.46,36.48,36.44,36.47,435553
2013-09-26 12:00:00,36.47,36.49,36.45,36.455,461933
2013-09-26 12:15:00,36.4599,36.47,36.39,36.39,499602
2013-09-26 12:30:00,36.39,36.395,36.34,36.37,548667
2013-09-26 12:45:00,36.365,36.37,36.33,36.348,617152
2013-09-26 13:00:00,36.35,36.37,36.33,36.365,671299
2013-09-26 13:15:00,36.37,36.41,36.36,36.4,731838
2013-09-26 13:30:00,36.41,36.42,36.37,36.38,783172
2013-09-26 13:45:00,36.371,36.38,36.33,36.34,876165
2013-09-26 14:00:00,36.34,36.4,36.33,36.39,890014
2013-09-26 14:15:00,36.39,36.485,36.39,36.47,928563
2013-09-26 14:30:00,36.46,36.49,36.44,36.4825,959426
2013-09-26 14:45:00,36.48,36.48,36.41,36.4279,984847
2013-09-26 15:00:00,36.425,36.45,36.39,36.45,1003370
2013-09-26 15:15:00,36.44,36.45,36.38,36.4,1039673
2013-09-26 15:30:00,36.4,36.42,36.38,36.39,1097630
2013-09-26 15:45:00,36.39,36.46,36.39,36.44,1174942
2013-09-26 16:00:00,36.45,36.53,36.41,36.51,1433921
2013-09-27 09:45:00,36.47,36.47,36.32,36.39,25615
2013-09-27 10:00:00,36.39,36.42,36.321,36.42,47464
2013-09-27 10:15:00,36.42,36.42,36.33,36.33,118017
2013-09-27 10:30:00,36.34,36.36,36.29,36.2985,141108
2013-09-27 10:45:00,36.291,36.31,36.25,36.29,228498
2013-09-27 11:00:00,36.29,36.3,36.27,36.28,268302
2013-09-27 11:15:00,36.28,36.285,36.23,36.255,297189
2013-09-27 11:30:00,36.25,36.26,36.2,36.235,330858
2013-09-27 11:45:00,36.24,36.295,36.175,36.175,377384
2013-09-27 12:00:00,36.17,36.195,36.14,36.18,431213
2013-09-27 12:15:00,36.182,36.21,36.18,36.21,449927
2013-09-27 12:30:00,36.205,36.27,36.19,36.19,489646
2013-09-27 12:45:00,36.19,36.21,36.15,36.185,592627
2013-09-27 13:00:00,36.19,36.225,36.1827,36.21,634180
2013-09-27 13:15:00,36.22,36.285,36.19,36.23,699114
2013-09-27 13:30:00,36.226,36.235,36.16,36.17,770853
2013-09-27 13:45:00,36.17,36.19,36.16,36.18,820337
2013-09-27 14:00:00,36.19,36.22,36.18,36.185,835933
2013-09-27 14:15:00,36.19,36.21,36.19,36.195,850692
2013-09-27 14:30:00,36.195,36.25,36.195,36.23,873228
2013-09-27 14:45:00,36.23,36.23,36.2,36.22,905244
2013-09-27 15:00:00,36.21,36.23,36.21,36.215,924875
2013-09-27 15:15:00,36.21,36.255,36.2,36.24,972579
2013-09-27 15:30:00,36.23,36.3,36.21,36.3,1002168
2013-09-27 15:45:00,36.3,36.32,36.265,36.29,1078963
2013-09-27 16:00:00,36.3,36.32,36.25,36.32,1333202
2013-09-30 09:45:00,36.36,36.36,36.01,36.02,78806
2013-09-30 10:00:00,36.0202,36.06,35.96,35.96,114910
2013-09-30 10:15:00,35.97,36.07,35.965,36.07,150698
2013-09-30 10:30:00,36.07,36.16,36.06,36.15,183810
2013-09-30 10:45:00,36.15,36.2,36.14,36.19,208200
2013-09-30 11:00:00,36.195,36.195,36.1,36.1,280175
2013-09-30 11:15:00,36.09,36.11,36.065,36.075,303922
2013-09-30 11:30:00,36.075,36.1,36.035,36.09,365851
2013-09-30 11:45:00,36.1,36.17,36.09,36.17,401298
2013-09-30 12:00:00,36.17,36.2,36.17,36.19,421956
2013-09-30 12:15:00,36.19,36.27,36.18,36.265,514368
2013-09-30 12:30:00,36.27,36.29,36.255,36.28,542891
2013-09-30 12:45:00,36.285,36.355,36.28,36.345,571156
2013-09-30 13:00:00,36.35,36.355,36.295,36.295,584656
2013-09-30 13:15:00,36.292,36.33,36.29,36.3,604499
2013-09-30 13:30:00,36.3,36.39,36.3,36.35,640118
2013-09-30 13:45:00,36.35,36.41,36.34,36.405,776967
2013-09-30 14:00:00,36.405,36.54,36.405,36.49,912548
2013-09-30 14:15:00,36.495,36.65,36.47,36.55,988791
2013-09-30 14:30:00,36.56,36.56,36.5,36.54,1033453
2013-09-30 14:45:00,36.54,36.57,36.45,36.45,1073384
2013-09-30 15:00:00,36.445,36.51,36.44,36.51,1114161
2013-09-30 15:15:00,36.505,36.56,36.5,36.52,1254047
2013-09-30 15:30:00,36.5202,36.54,36.5,36.5,1353148
2013-09-30 15:45:00,36.51,36.51,36.42,36.44,1585297
2013-09-30 16:00:00,36.44,36.5,36.4,36.44,1781961
2013-10-01 09:45:00,37.12,37.12,36.46,36.71,74248
2013-10-01 10:00:00,36.72,36.89,36.72,36.74,117183
2013-10-01 10:15:00,36.74,36.88,36.74,36.84,165322
2013-10-01 10:30:00,36.84,36.93,36.82,36.89,199860
2013-10-01 10:45:00,36.88,36.97,36.88,36.92,270245
2013-10-01 11:00:00,36.93,36.98,36.9,36.97,347291
2013-10-01 11:15:00,36.96,36.97,36.915,36.945,394687
2013-10-01 11:30:00,36.945,37.02,36.935,37.02,428072
2013-10-01 11:45:00,37.01,37.04,36.99,37.0001,466851
2013-10-01 12:00:00,37.005,37.04,36.97,37.02,509963
2013-10-01 12:15:00,37.025,37.045,37.005,37.02,548524
2013-10-01 12:30:00,37.014,37.07,37.0001,37.07,583751
2013-10-01 12:45:00,37.06,37.21,37.05,37.19,705707
2013-10-01 13:00:00,37.1835,37.22,37.08,37.08,769740
2013-10-01 13:15:00,37.08,37.085,37.0,37.015,793963
2013-10-01 13:30:00,37.015,37.03,37.01,37.03,810681
2013-10-01 13:45:00,37.025,37.03,37.0,37.005,834354
2013-10-01 14:00:00,37.01,37.01,37.0,37.005,888750
2013-10-01 14:15:00,37.005,37.04,36.99,37.04,974319
2013-10-01 14:30:00,37.04,37.04,37.0,37.0153,1045129
2013-10-01 14:45:00,37.01,37.03,37.01,37.03,1064078
2013-10-01 15:00:00,37.02,37.09,37.0,37.04,1271022
2013-10-01 15:15:00,37.03,37.06,37.0,37.01,1336711
2013-10-01 15:30:00,37.0,37.01,37.0,37.01,1392119
2013-10-01 15:45:00,37.01,37.1,37.005,37.07,1529332
2013-10-01 16:00:00,37.065,37.14,37.055,37.13,1706428
2013-10-02 09:45:00,37.0,37.0,36.783,36.783,50677
2013-10-02 10:00:00,36.78,36.98,36.77,36.98,101150
2013-10-02 10:15:00,36.97,36.98,36.865,36.98,173764
2013-10-02 10:30:00,36.98,36.98,36.91,36.92,218407
2013-10-02 10:45:00,36.92,36.98,36.84,36.93,270560
2013-10-02 11:00:00,36.9273,36.94,36.835,36.93,315051
2013-10-02 11:15:00,36.93,36.95,36.9001,36.91,348165
2013-10-02 11:30:00,36.91,36.93,36.875,36.92,377790
2013-10-02 11:45:00,36.92,36.94,36.82,36.825,407135
2013-10-02 12:00:00,36.82,36.88,36.8,36.86,428510
2013-10-02 12:15:00,36.85,36.915,36.84,36.9,443111
2013-10-02 12:30:00,36.9,36.91,36.8,36.8,501662
2013-10-02 12:45:00,36.8,36.81,36.77,36.78,558284
2013-10-02 13:00:00,36.791,36.795,36.71,36.73,624906
2013-10-02 13:15:00,36.73,36.86,36.72,36.83,682320
2013-10-02 13:30:00,36.83,36.835,36.77,36.79,728969
2013-10-02 13:45:00,36.795,36.8,36.745,36.78,766922
2013-10-02 14:00:00,36.78,36.81,36.71,36.72,847947
2013-10-02 14:15:00,36.72,36.72,36.67,36.68,887698
2013-10-02 14:30:00,36.67,36.72,36.64,36.715,928025
2013-10-02 14:45:00,36.71,36.7101,36.67,36.7,961189
2013-10-02 15:00:00,36.7,36.7,36.66,36.66,1017805
2013-10-02 15:15:00,36.665,36.67,36.59,36.6,1056383
2013-10-02 15:30:00,36.59,36.62,36.57,36.6,1166653
2013-10-02 15:45:00,36.61,36.6726,36.61,36.655,1314310
2013-10-02 16:00:00,36.65,36.655,36.6,36.63,1551947
2013-10-03 09:45:00,36.5,36.5,36.28,36.4,52763
2013-10-03 10:00:00,36.4,36.44,36.37,36.41,81963
2013-10-03 10:15:00,36.42,36.45,36.35,36.365,114423
2013-10-03 10:30:00,36.36,36.36,36.28,36.31,150886
2013-10-03 10:45:00,36.315,36.4,36.28,36.37,178395
2013-10-03 11:00:00,36.37,36.4,36.33,36.37,202095
2013-10-03 11:15:00,36.37,36.38,36.31,36.31,224487
2013-10-03 11:30:00,36.32,36.3303,36.27,36.295,258567
2013-10-03 11:45:00,36.285,36.335,36.28,36.305,312116
2013-10-03 12:00:00,36.3,36.3199,36.25,36.2699,365184
2013-10-03 12:15:00,36.2699,36.32,36.255,36.31,394946
2013-10-03 12:30:00,36.31,36.33,36.27,36.315,426073
2013-10-03 12:45:00,36.32,36.4,36.32,36.38,470227
2013-10-03 13:00:00,36.385,36.45,36.385,36.44,523870
2013-10-03 13:15:00,36.44,36.46,36.4,36.43,577810
2013-10-03 13:30:00,36.43,36.485,36.4,36.46,643151
2013-10-03 13:45:00,36.465,36.47,36.42,36.44,686004
2013-10-03 14:00:00,36.44,36.48,36.395,36.475,725088
2013-10-03 14:15:00,36.475,36.475,36.415,36.445,763467
2013-10-03 14:30:00,36.45,36.45,36.29,36.409,801785
2013-10-03 14:45:00,36.405,36.42,36.365,36.415,823017
2013-10-03 15:00:00,36.42,36.42,36.36,36.36,853205
2013-10-03 15:15:00,36.35,36.395,36.345,36.36,870801
2013-10-03 15:30:00,36.36,36.41,36.34,36.4,890991
2013-10-03 15:45:00,36.41,36.42,36.38,36.41,925148
2013-10-03 16:00:00,36.405,36.41,36.3,36.33,1022675
2013-10-04 09:45:00,36.25,36.36,36.19,36.31,44076
2013-10-04 10:00:00,36.305,36.32,36.15,36.22,85740
2013-10-04 10:15:00,36.22,36.34,36.21,36.24,130095
2013-10-04 10:30:00,36.25,36.27,36.185,36.24,392002
2013-10-04 10:45:00,36.25,36.4,36.249,36.29,436292
2013-10-04 11:00:00,36.29,36.29,36.21,36.27,493464
2013-10-04 11:15:00,36.29,36.35,36.25,36.35,541544
2013-10-04 11:30:00,36.35,36.39,36.27,36.27,568744
2013-10-04 11:45:00,36.275,36.3,36.24,36.26,598857
2013-10-04 12:00:00,36.27,36.37,36.27,36.36,629504
2013-10-04 12:15:00,36.37,36.39,36.29,36.29,656975
2013-10-04 12:30:00,36.29,36.335,36.29,36.32,697641
2013-10-04 12:45:00,36.32,36.325,36.28,36.29,717614
2013-10-04 13:00:00,36.29,36.33,36.285,36.31,736320
2013-10-04 13:15:00,36.32,36.39,36.31,36.37,767888
2013-10-04 13:30:00,36.37,36.385,36.34,36.36,805282
2013-10-04 13:45:00,36.36,36.38,36.35,36.37,826156
2013-10-04 14:00:00,36.36,36.375,36.33,36.34,836638
2013-10-04 14:15:00,36.35,36.45,36.34,36.43,863416
2013-10-04 14:30:00,36.425,36.44,36.4,36.42,909005
2013-10-04 14:45:00,36.42,36.45,36.395,36.4,931775
2013-10-04 15:00:00,36.4,36.44,36.395,36.41,962992
2013-10-04 15:15:00,36.41,36.43,36.39,36.4,1017501
2013-10-04 15:30:00,36.395,36.4,36.33,36.34,1048416
2013-10-04 15:45:00,36.33,36.35,36.305,36.31,1125047
2013-10-04 16:00:00,36.32,36.4,36.31,36.39,1335208
2013-10-07 09:45:00,36.24,36.24,35.86,36.028,57885
2013-10-07 10:00:00,36.025,36.12,35.99,36.05,88632
2013-10-07 10:15:00,36.06,36.265,36.06,36.25,121821
2013-10-07 10:30:00,36.26,36.34,36.245,36.34,145807
2013-10-07 10:45:00,36.34,36.43,36.34,36.41,179307
2013-10-07 11:00:00,36.41,36.43,36.36,36.36,193724
2013-10-07 11:15:00,36.355,36.355,36.2,36.31,299881
2013-10-07 11:30:00,36.3,36.315,36.28,36.28,308781
2013-10-07 11:45:00,36.29,36.36,36.285,36.3,332825
2013-10-07 12:00:00,36.295,36.335,36.28,36.285,348704
2013-10-07 12:15:00,36.285,36.285,36.26,36.26,359341
2013-10-07 12:30:00,36.26,36.26,36.21,36.22,380941
2013-10-07 12:45:00,36.22,36.25,36.21,36.25,401104
2013-10-07 13:00:00,36.25,36.32,36.25,36.25,419913
2013-10-07 13:15:00,36.255,36.28,36.24,36.245,443444
2013-10-07 13:30:00,36.25,36.26,36.185,36.19,459544
2013-10-07 13:45:00,36.195,36.22,36.185,36.2,479073
2013-10-07 14:00:00,36.2,36.29,36.195,36.29,507674
2013-10-07 14:15:00,36.29,36.31,36.225,36.27,528633
2013-10-07 14:30:00,36.27,36.29,36.25,36.29,545911
2013-10-07 14:45:00,36.3,36.34,36.28,36.3,608756
2013-10-07 15:00:00,36.3,36.33,36.29,36.325,628321
2013-10-07 15:15:00,36.325,36.325,36.3,36.31,657154
2013-10-07 15:30:00,36.3,36.3,36.2,36.225,699668
2013-10-07 15:45:00,36.23,36.255,36.2,36.235,848060
2013-10-07 16:00:00,36.24,36.27,36.2,36.2,1259124
2013-10-08 09:45:00,36.23,36.34,36.13,36.33,39039
2013-10-08 10:00:00,36.32,36.32,36.19,36.25,98423
2013-10-08 10:15:00,36.25,36.27,36.12,36.27,158872
2013-10-08 10:30:00,36.27,36.315,36.245,36.31,180740
2013-10-08 10:45:00,36.31,36.33,36.25,36.32,216010
2013-10-08 11:00:00,36.33,36.345,36.22,36.22,277190
2013-10-08 11:15:00,36.22,36.22,36.13,36.135,321759
2013-10-08 11:30:00,36.135,36.14,36.06,36.14,360364
2013-10-08 11:45:00,36.13,36.135,36.015,36.045,386686
2013-10-08 12:00:00,36.045,36.07,36.025,36.065,418350
2013-10-08 12:15:00,36.07,36.1,36.06,36.08,445282
2013-10-08 12:30:00,36.08,36.08,35.93,35.95,471509
2013-10-08 12:45:00,35.96,36.05,35.91,36.05,514377
2013-10-08 13:00:00,36.04,36.09,36.02,36.09,568024
2013-10-08 13:15:00,36.09,36.105,36.06,36.09,603238
2013-10-08 13:30:00,36.085,36.09,36.05,36.075,626086
2013-10-08 13:45:00,36.08,36.11,36.045,36.05,663563
2013-10-08 14:00:00,36.05,36.05,36.01,36.03,683678
2013-10-08 14:15:00,36.02,36.02,35.985,36.0,767760
2013-10-08 14:30:00,36.0,36.01,35.95,36.0,831559
2013-10-08 14:45:00,36.0,36.01,35.965,35.98,861032
2013-10-08 15:00:00,35.98,36.05,35.97,36.05,920074
2013-10-08 15:15:00,36.05,36.1,35.985,36.0,970181
2013-10-08 15:30:00,36.01,36.07,36.01,36.04,1028884
2013-10-08 15:45:00,36.04,36.06,35.96,35.96,1123093
2013-10-08 16:00:00,35.96,35.96,35.88,35.89,1437748
2013-10-09 09:45:00,36.05,36.09,35.95,35.98,59136
2013-10-09 10:00:00,35.96,36.165,35.95,36.165,95674
2013-10-09 10:15:00,36.165,36.17,36.01,36.03,163842
2013-10-09 10:30:00,36.04,36.1,36.01,36.07,190642
2013-10-09 10:45:00,36.06,36.09,36.03,36.075,218973
2013-10-09 11:00:00,36.07,36.07,35.99,36.02,260122
2013-10-09 11:15:00,36.01,36.07,36.01,36.05,297131
2013-10-09 11:30:00,36.06,36.07,36.0,36.06,365503
2013-10-09 11:45:00,36.05,36.1,36.04,36.07,396649
2013-10-09 12:00:00,36.08,36.15,36.08,36.11,420690
2013-10-09 12:15:00,36.1,36.11,36.04,36.055,445537
2013-10-09 12:30:00,36.06,36.08,36.04,36.04,478642
2013-10-09 12:45:00,36.045,36.1,36.045,36.055,506750
2013-10-09 13:00:00,36.055,36.09,36.05,36.065,549308
2013-10-09 13:15:00,36.06,36.1,36.05,36.09,592958
2013-10-09 13:30:00,36.09,36.22,36.09,36.2,622880
2013-10-09 13:45:00,36.2,36.24,36.13,36.14,657058
2013-10-09 14:00:00,36.14,36.15,36.09,36.1025,692438
2013-10-09 14:15:00,36.09,36.15,36.07,36.095,724149
2013-10-09 14:30:00,36.1,36.16,36.05,36.12,790226
2013-10-09 14:45:00,36.13,36.19,36.1,36.12,825871
2013-10-09 15:00:00,36.12,36.18,36.11,36.17,853193
2013-10-09 15:15:00,36.16,36.17,36.135,36.14,886753
2013-10-09 15:30:00,36.14,36.215,36.14,36.19,934963
2013-10-09 15:45:00,36.2,36.225,36.14,36.19,1057658
2013-10-09 16:00:00,36.19,36.195,36.08,36.12,1304103
2013-10-10 09:45:00,36.29,36.56,36.21,36.47,119227
2013-10-10 10:00:00,36.5,36.58,36.355,36.43,167060
2013-10-10 10:15:00,36.45,36.57,36.45,36.52,258156
2013-10-10 10:30:00,36.52,36.62,36.44,36.62,303739
2013-10-10 10:45:00,36.61,36.77,36.61,36.76,386905
2013-10-10 11:00:00,36.76,36.77,36.53,36.56,454912
2013-10-10 11:15:00,36.55,36.58,36.5,36.575,498530
2013-10-10 11:30:00,36.57,36.62,36.57,36.59,552344
2013-10-10 11:45:00,36.6,36.61,36.55,36.5701,623823
2013-10-10 12:00:00,36.575,36.64,36.541,36.6001,665688
2013-10-10 12:15:00,36.61,36.71,36.6,36.71,719854
2013-10-10 12:30:00,36.71,36.9,36.7001,36.74,824605
2013-10-10 12:45:00,36.7301,36.78,36.72,36.78,857486
2013-10-10 13:00:00,36.78,36.885,36.78,36.885,910724
2013-10-10 13:15:00,36.88,36.92,36.83,36.92,966874
2013-10-10 13:30:00,36.92,36.93,36.82,36.91,1037294
2013-10-10 13:45:00,36.91,36.94,36.84,36.87,1140923
2013-10-10 14:00:00,36.88,37.08,36.85,37.08,1258049
2013-10-10 14:15:00,37.075,37.075,36.99,37.05,1328249
2013-10-10 14:30:00,37.04,37.07,37.0,37.06,1375502
2013-10-10 14:45:00,37.05,37.12,37.03,37.105,1406185
2013-10-10 15:00:00,37.11,37.12,37.085,37.105,1447257
2013-10-10 15:15:00,37.11,37.36,37.11,37.36,1518059
2013-10-10 15:30:00,37.36,37.37,37.28,37.31,1676873
2013-10-10 15:45:00,37.31,37.33,37.18,37.18,1760669
2013-10-10 16:00:00,37.19,37.31,37.18,37.31,2060127
2013-10-11 09:45:00,37.28,37.28,37.09,37.17,172678
2013-10-11 10:00:00,37.16,37.175,37.015,37.13,274874
2013-10-11 10:15:00,37.13,37.15,37.1,37.11,355285
2013-10-11 10:30:00,37.12,37.265,37.105,37.24,445673
2013-10-11 10:45:00,37.25,37.26,37.12,37.12,477416
2013-10-11 11:00:00,37.12,37.14,37.095,37.1,562468
2013-10-11 11:15:00,37.105,37.17,37.1,37.145,615819
2013-10-11 11:30:00,37.145,37.15,37.08,37.1,680707
2013-10-11 11:45:00,37.09,37.185,37.09,37.18,715065
2013-10-11 12:00:00,37.18,37.27,37.16,37.25,756521
2013-10-11 12:15:00,37.25,37.33,37.25,37.3,821863
2013-10-11 12:30:00,37.295,37.33,37.23,37.23,867327
2013-10-11 12:45:00,37.24,37.255,37.21,37.235,895600
2013-10-11 13:00:00,37.235,37.24,37.195,37.195,917890
2013-10-11 13:15:00,37.2,37.24,37.19,37.22,946382
2013-10-11 13:30:00,37.22,37.2225,37.135,37.2,972243
2013-10-11 13:45:00,37.19,37.195,37.13,37.155,996051
2013-10-11 14:00:00,37.16,37.19,37.15,37.15,1015111
2013-10-11 14:15:00,37.15,37.19,37.15,37.18,1049362
2013-10-11 14:30:00,37.18,37.22,37.18,37.19,1094607
2013-10-11 14:45:00,37.18,37.26,37.18,37.23,1139958
2013-10-11 15:00:00,37.24,37.25,37.19,37.19,1174585
2013-10-11 15:15:00,37.195,37.195,37.14,37.15,1226088
2013-10-11 15:30:00,37.15,37.16,37.14,37.155,1256971
2013-10-11 15:45:00,37.1575,37.22,37.15,37.17,1337085
2013-10-11 16:00:00,37.16,37.25,37.16,37.25,1573196
2013-10-14 09:45:00,37.05,37.06,36.93,36.98,83710
2013-10-14 10:00:00,36.97,37.0,36.92,36.97,132894
2013-10-14 10:15:00,36.98,37.0,36.97,36.985,171757
2013-10-14 10:30:00,36.99,37.03,36.98,37.03,228575
2013-10-14 10:45:00,37.03,37.03,36.93,36.99,289103
2013-10-14 11:00:00,37.0,37.05,36.99,37.03,533558
2013-10-14 11:15:00,37.02,37.05,37.01,37.035,557445
2013-10-14 11:30:00,37.045,37.05,37.025,37.04,576235
2013-10-14 11:45:00,37.05,37.06,36.98,37.0,705096
2013-10-14 12:00:00,37.0,37.065,36.99,37.055,735940
2013-10-14 12:15:00,37.065,37.065,37.01,37.015,767638
2013-10-14 12:30:00,37.01,37.045,37.0,37.03,794978
2013-10-14 12:45:00,37.02,37.073,37.0,37.07,1372174
2013-10-14 13:00:00,37.08,37.14,37.065,37.09,1416019
2013-10-14 13:15:00,37.1,37.11,37.08,37.09,1587875
2013-10-14 13:30:00,37.1,37.12,37.09,37.09,1751610
2013-10-14 13:45:00,37.09,37.11,37.09,37.1,1803953
2013-10-14 14:00:00,37.1,37.13,37.09,37.11,1835755
2013-10-14 14:15:00,37.1,37.17,37.095,37.13,1887811
2013-10-14 14:30:00,37.139,37.14,37.1,37.1,1939287
2013-10-14 14:45:00,37.105,37.11,36.96,37.05,2031036
2013-10-14 15:00:00,37.05,37.1,37.04,37.1,2078004
2013-10-14 15:15:00,37.09,37.11,37.08,37.11,2137995
2013-10-14 15:30:00,37.12,37.13,37.09,37.1,2209969
2013-10-14 15:45:00,37.1,37.16,37.09,37.1,2377666
2013-10-14 16:00:00,37.09,37.16,37.0,37.16,2823611
2013-10-15 09:45:00,37.4,37.4,36.93,36.98,89224
2013-10-15 10:00:00,36.98,37.145,36.98,37.075,148715
2013-10-15 10:15:00,37.09,37.145,37.04,37.12,189488
2013-10-15 10:30:00,37.12,37.125,37.05,37.11,230338
2013-10-15 10:45:00,37.12,37.125,37.06,37.085,348802
2013-10-15 11:00:00,37.09,37.09,37.045,37.045,382911
2013-10-15 11:15:00,37.04,37.14,36.98,37.11,421573
2013-10-15 11:30:00,37.11,37.15,37.085,37.14,445341
2013-10-15 11:45:00,37.145,37.145,37.04,37.0428,463231
2013-10-15 12:00:00,37.04,37.095,37.0,37.06,486930
2013-10-15 12:15:00,37.06,37.07,37.035,37.055,504918
2013-10-15 12:30:00,37.055,37.055,37.0,37.04,523112
2013-10-15 12:45:00,37.03,37.035,36.99,37.0,603606
2013-10-15 13:00:00,37.0018,37.02,37.0,37.015,625378
2013-10-15 13:15:00,37.015,37.045,36.99,37.045,646840
2013-10-15 13:30:00,37.04,37.045,36.995,37.0,666715
2013-10-15 13:45:00,37.0,37.03,36.9936,37.03,685257
2013-10-15 14:00:00,37.03,37.09,37.02,37.09,701485
2013-10-15 14:15:00,37.09,37.12,37.03,37.05,731430
2013-10-15 14:30:00,37.05,37.1,36.98,37.03,780528
2013-10-15 14:45:00,37.03,37.04,36.95,37.0,850964
2013-10-15 15:00:00,37.0,37.03,36.92,37.0,917370
2013-10-15 15:15:00,37.01,37.06,36.96,37.03,982717
2013-10-15 15:30:00,37.03,37.04,36.99,36.99,1098579
2013-10-15 15:45:00,36.99,37.0,36.9,36.92,1368321
2013-10-15 16:00:00,36.91,36.93,36.85,36.85,1651334
2013-10-16 09:45:00,37.05,37.25,36.95,36.95,27810
2013-10-16 10:00:00,36.95,37.12,36.94,37.03,75974
2013-10-16 10:15:00,37.05,37.1,36.99,37.065,129192
2013-10-16 10:30:00,37.07,37.12,37.02,37.02,184225
2013-10-16 10:45:00,37.03,37.07,37.02,37.06,215934
2013-10-16 11:00:00,37.055,37.11,37.04,37.1,263381
2013-10-16 11:15:00,37.1,37.1,37.07,37.08,298752
2013-10-16 11:30:00,37.08,37.085,36.99,37.0,344402
2013-10-16 11:45:00,37.0,37.1,36.98,37.1,413710
2013-10-16 12:00:00,37.1,37.1,37.02,37.03,441330
2013-10-16 12:15:00,37.03,37.08,37.02,37.05,467815
2013-10-16 12:30:00,37.06,37.08,37.02,37.025,511905
2013-10-16 12:45:00,37.03,37.035,36.98,37.0,541919
2013-10-16 13:00:00,36.99,37.0,36.955,36.97,566276
2013-10-16 13:15:00,36.975,37.04,36.975,37.04,611914
2013-10-16 13:30:00,37.04,37.11,37.04,37.095,653165
2013-10-16 13:45:00,37.1,37.15,37.07,37.15,727348
2013-10-16 14:00:00,37.15,37.17,37.06,37.07,800103
2013-10-16 14:15:00,37.08,37.08,36.995,36.995,828807
2013-10-16 14:30:00,37.01,37.02,36.99,36.99,862408
2013-10-16 14:45:00,36.99,37.02,36.98,36.99,892995
2013-10-16 15:00:00,36.99,37.02,36.965,36.98,922894
2013-10-16 15:15:00,36.98,37.06,36.975,37.06,957903
2013-10-16 15:30:00,37.06,37.07,37.03,37.03,1001266
2013-10-16 15:45:00,37.03,37.075,37.01,37.065,1052078
2013-10-16 16:00:00,37.07,37.16,37.065,37.16,1317940
2013-10-17 09:45:00,37.12,37.15,37.02,37.03,45708
2013-10-17 10:00:00,37.03,37.14,37.01,37.12,97664
2013-10-17 10:15:00,37.13,37.13,37.06,37.1,143741
2013-10-17 10:30:00,37.1,37.26,37.1,37.2,231428
2013-10-17 10:45:00,37.2,37.23,37.175,37.195,315659
2013-10-17 11:00:00,37.19,37.31,37.175,37.29,358549
2013-10-17 11:15:00,37.305,37.31,37.27,37.3,408492
2013-10-17 11:30:00,37.3,37.35,37.29,37.34,437140
2013-10-17 11:45:00,37.34,37.47,37.34,37.47,468769
2013-10-17 12:00:00,37.47,37.485,37.45,37.48,505054
2013-10-17 12:15:00,37.49,37.52,37.49,37.5,555527
2013-10-17 12:30:00,37.5,37.54,37.49,37.51,583985
2013-10-17 12:45:00,37.51,37.555,37.51,37.53,608742
2013-10-17 13:00:00,37.53,37.63,37.52,37.63,637001
2013-10-17 13:15:00,37.63,37.66,37.62,37.64,665875
2013-10-17 13:30:00,37.64,37.64,37.6,37.625,682963
2013-10-17 13:45:00,37.63,37.69,37.63,37.685,710003
2013-10-17 14:00:00,37.68,37.69,37.67,37.67,733732
2013-10-17 14:15:00,37.675,37.755,37.67,37.74,789253
2013-10-17 14:30:00,37.74,37.765,37.72,37.72,827654
2013-10-17 14:45:00,37.72,37.73,37.7,37.72,852449
2013-10-17 15:00:00,37.71,37.73,37.69,37.72,874009
2013-10-17 15:15:00,37.73,37.835,37.71,37.835,932626
2013-10-17 15:30:00,37.83,37.868,37.82,37.868,992804
2013-10-17 15:45:00,37.86,37.89,37.84,37.87,1076802
2013-10-17 16:00:00,37.88,38.005,37.88,37.9,1471775
2013-10-18 09:45:00,38.07,38.14,37.96,38.12,129267
2013-10-18 10:00:00,38.12,38.17,38.12,38.12,156647
2013-10-18 10:15:00,38.12,38.21,38.12,38.17,197828
2013-10-18 10:30:00,38.17,38.17,38.09,38.09,222327
2013-10-18 10:45:00,38.09,38.23,38.03,38.23,332880
2013-10-18 11:00:00,38.23,38.315,38.21,38.31,379865
2013-10-18 11:15:00,38.3,38.36,38.29,38.32,408247
2013-10-18 11:30:00,38.33,38.35,38.32,38.33,430662
2013-10-18 11:45:00,38.33,38.38,38.33,38.38,450488
2013-10-18 12:00:00,38.38,38.39,38.32,38.34,496841
2013-10-18 12:15:00,38.33,38.36,38.32,38.34,516715
2013-10-18 12:30:00,38.34,38.37,38.32,38.36,545697
2013-10-18 12:45:00,38.36,38.395,38.355,38.38,560617
2013-10-18 13:00:00,38.38,38.44,38.38,38.4,581184
2013-10-18 13:15:00,38.4,38.46,38.4,38.4275,610370
2013-10-18 13:30:00,38.43,38.46,38.41,38.44,629546
2013-10-18 13:45:00,38.44,38.4699,38.4,38.43,759874
2013-10-18 14:00:00,38.4327,38.47,38.42,38.435,797306
2013-10-18 14:15:00,38.44,38.47,38.44,38.44,831798
2013-10-18 14:30:00,38.45,38.45,38.37,38.39,880831
2013-10-18 14:45:00,38.39,38.39,38.29,38.3,919978
2013-10-18 15:00:00,38.3,38.34,38.29,38.34,933554
2013-10-18 15:15:00,38.34,38.41,38.34,38.41,998347
2013-10-18 15:30:00,38.4,38.41,38.31,38.33,1049254
2013-10-18 15:45:00,38.325,38.38,38.32,38.38,1167197
2013-10-18 16:00:00,38.38,38.475,38.35,38.43,1463755
2013-10-21 09:45:00,38.44,38.61,38.44,38.52,69226
2013-10-21 10:00:00,38.51,38.66,38.51,38.6,119291
2013-10-21 10:15:00,38.62,38.72,38.6,38.68,167055
2013-10-21 10:30:00,38.685,38.69,38.59,38.63,210867
2013-10-21 10:45:00,38.63,38.66,38.58,38.59,261583
2013-10-21 11:00:00,38.58,38.65,38.58,38.64,294169
2013-10-21 11:15:00,38.64,38.655,38.59,38.605,367560
2013-10-21 11:30:00,38.6025,38.65,38.59,38.645,410031
2013-10-21 11:45:00,38.645,38.65,38.585,38.59,457522
2013-10-21 12:00:00,38.59,38.605,38.53,38.55,488872
2013-10-21 12:15:00,38.5401,38.56,38.54,38.55,530369
2013-10-21 12:30:00,38.5525,38.58,38.55,38.56,571842
2013-10-21 12:45:00,38.56,38.565,38.51,38.515,609577
2013-10-21 13:00:00,38.515,38.57,38.5,38.545,677983
2013-10-21 13:15:00,38.54,38.57,38.48,38.51,802780
2013-10-21 13:30:00,38.5,38.515,38.49,38.5,818670
2013-10-21 13:45:00,38.5,38.51,38.48,38.505,841840
2013-10-21 14:00:00,38.51,38.52,38.49,38.5,877584
2013-10-21 14:15:00,38.49,38.55,38.48,38.51,909780
2013-10-21 14:30:00,38.51,38.54,38.51,38.54,957764
2013-10-21 14:45:00,38.53,38.54,38.48,38.49,1005416
2013-10-21 15:00:00,38.49,38.54,38.49,38.505,1047459
2013-10-21 15:15:00,38.51,38.54,38.505,38.53,1106220
2013-10-21 15:30:00,38.53,38.59,38.52,38.5775,1192844
2013-10-21 15:45:00,38.58,38.66,38.58,38.65,1396540
2013-10-21 16:00:00,38.65,38.73,38.63,38.67,1587041
2013-10-22 09:45:00,38.58,38.76,38.58,38.66,61031
2013-10-22 10:00:00,38.65,38.67,38.55,38.67,173551
2013-10-22 10:15:00,38.66,38.76,38.605,38.75,264790
2013-10-22 10:30:00,38.76,38.84,38.715,38.79,363049
2013-10-22 10:45:00,38.795,38.9,38.77,38.875,435097
2013-10-22 11:00:00,38.875,38.875,38.69,38.75,495418
2013-10-22 11:15:00,38.755,38.775,38.685,38.73,538782
2013-10-22 11:30:00,38.72,38.775,38.712,38.77,572653
2013-10-22 11:45:00,38.77,38.875,38.745,38.87,609029
2013-10-22 12:00:00,38.86,38.93,38.855,38.92,638392
2013-10-22 12:15:00,38.93,38.945,38.88,38.92,678963
2013-10-22 12:30:00,38.92,39.025,38.92,39.0,936229
2013-10-22 12:45:00,38.99,39.05,38.965,38.99,1066394
2013-10-22 13:00:00,39.0,39.025,38.95,39.02,1169172
2013-10-22 13:15:00,39.025,39.07,39.01,39.065,1209844
2013-10-22 13:30:00,39.07,39.1,39.05,39.06,1264659
2013-10-22 13:45:00,39.05,39.1,39.01,39.015,1329136
2013-10-22 14:00:00,39.01,39.065,38.95,38.99,1426447
2013-10-22 14:15:00,38.995,39.095,38.995,39.075,1472893
2013-10-22 14:30:00,39.075,39.075,38.97,38.99,1531271
2013-10-22 14:45:00,38.995,39.01,38.97,38.97,1628068
2013-10-22 15:00:00,38.97,38.99,38.83,38.84,1691809
2013-10-22 15:15:00,38.83,38.89,38.8,38.815,1822039
2013-10-22 15:30:00,38.82,38.955,38.76,38.88,1967363
2013-10-22 15:45:00,38.87,38.9,38.82,38.9,2140882
2013-10-22 16:00:00,38.9,38.91,38.76,38.83,2515189
2013-10-23 09:45:00,38.24,38.49,36.95,37.52,275424
2013-10-23 10:00:00,37.52,37.85,37.49,37.765,556686
2013-10-23 10:15:00,37.775,37.83,37.32,37.71,777237
2013-10-23 10:30:00,37.701,37.87,37.54,37.59,923386
2013-10-23 10:45:00,37.5899,37.92,37.575,37.9,1083293
2013-10-23 11:00:00,37.9,38.11,37.845,38.03,1231349
2013-10-23 11:15:00,38.03,38.09,37.95,38.005,1319817
2013-10-23 11:30:00,38.005,38.06,37.89,38.04,1398160
2013-10-23 11:45:00,38.04,38.41,38.0,38.3925,1534214
2013-10-23 12:00:00,38.38,38.395,38.16,38.17,1596021
2013-10-23 12:15:00,38.16,38.17,38.01,38.15,1652901
2013-10-23 12:30:00,38.15,38.1925,38.1,38.13,1782221
2013-10-23 12:45:00,38.14,38.23,38.14,38.225,1824425
2013-10-23 13:00:00,38.23,38.355,38.23,38.265,1881621
2013-10-23 13:15:00,38.265,38.44,38.26,38.42,2045682
2013-10-23 13:30:00,38.42,38.5,38.4,38.465,2166595
2013-10-23 13:45:00,38.465,38.465,38.21,38.21,2232196
2013-10-23 14:00:00,38.2,38.37,38.19,38.25,2291556
2013-10-23 14:15:00,38.25,38.355,38.21,38.25,2358374
2013-10-23 14:30:00,38.25,38.26,38.12,38.1201,2415373
2013-10-23 14:45:00,38.12,38.195,38.02,38.19,2495862
2013-10-23 15:00:00,38.2,38.29,38.14,38.22,2556461
2013-10-23 15:15:00,38.22,38.22,38.14,38.145,2661793
2013-10-23 15:30:00,38.15,38.205,38.095,38.17,2727670
2013-10-23 15:45:00,38.17,38.3,38.165,38.261,2894286
2013-10-23 16:00:00,38.27,38.33,38.23,38.28,3307363
2013-10-24 09:45:00,38.25,38.63,38.11,38.58,52628
2013-10-24 10:00:00,38.58,38.69,38.54,38.69,69087
2013-10-24 10:15:00,38.68,38.7,38.6,38.6625,111687
2013-10-24 10:30:00,38.66,38.81,38.62,38.795,147268
2013-10-24 10:45:00,38.79,38.8,38.64,38.65,228473
2013-10-24 11:00:00,38.645,38.659,38.585,38.65,285174
2013-10-24 11:15:00,38.65,38.67,38.57,38.63,330839
2013-10-24 11:30:00,38.63,38.7,38.605,38.685,390986
2013-10-24 11:45:00,38.69,38.7,38.63,38.645,404594
2013-10-24 12:00:00,38.64,38.66,38.57,38.63,509335
2013-10-24 12:15:00,38.63,38.88,38.63,38.88,650248
2013-10-24 12:30:00,38.86,39.03,38.86,38.86,713644
2013-10-24 12:45:00,38.84,38.86,38.78,38.78,725793
2013-10-24 13:00:00,38.78,38.9,38.78,38.85,770730
2013-10-24 13:15:00,38.85,38.85,38.82,38.84,807826
2013-10-24 13:30:00,38.85,38.93,38.83,38.895,863379
2013-10-24 13:45:00,38.89,38.955,38.88,38.91,899500
2013-10-24 14:00:00,38.9,38.96,38.89,38.902,936560
2013-10-24 14:15:00,38.905,38.94,38.89,38.92,962534
2013-10-24 14:30:00,38.92,39.005,38.9,38.99,1002064
2013-10-24 14:45:00,38.98,39.05,38.97,39.02,1184649
2013-10-24 15:00:00,39.01,39.065,38.99,39.055,1214121
2013-10-24 15:15:00,39.055,39.055,38.99,39.03,1261749
2013-10-24 15:30:00,39.04,39.1,39.02,39.08,1408184
2013-10-24 15:45:00,39.09,39.14,38.955,38.99,1699772
2013-10-24 16:00:00,38.985,39.02,38.95,38.97,2643141
2013-10-25 09:45:00,38.93,39.05,38.88,39.01,58230
2013-10-25 10:00:00,39.03,39.17,38.96,39.145,200036
2013-10-25 10:15:00,39.14,39.2,39.0,39.04,264611
2013-10-25 10:30:00,39.04,39.04,38.83,38.86,518461
2013-10-25 10:45:00,38.86,39.0,38.86,38.95,532025
2013-10-25 11:00:00,38.94,39.03,38.92,39.02,545033
2013-10-25 11:15:00,39.03,39.11,39.0,39.09,710273
2013-10-25 11:30:00,39.09,39.11,39.07,39.09,777888
2013-10-25 11:45:00,39.1,39.23,39.08,39.18,1003959
2013-10-25 12:00:00,39.19,39.26,39.12,39.25,1060979
2013-10-25 12:15:00,39.255,39.255,39.12,39.135,1089143
2013-10-25 12:30:00,39.14,39.2,39.09,39.1,1164380
2013-10-25 12:45:00,39.1,39.14,39.09,39.1,1186377
2013-10-25 13:00:00,39.1,39.14,39.085,39.12,1200415
2013-10-25 13:15:00,39.13,39.139,39.03,39.09,1243218
2013-10-25 13:30:00,39.1,39.13,39.04,39.05,1259336
2013-10-25 13:45:00,39.05,39.08,39.04,39.05,1274496
2013-10-25 14:00:00,39.05,39.05,39.02,39.03,1286706
2013-10-25 14:15:00,39.03,39.07,39.015,39.03,1310671
2013-10-25 14:30:00,39.03,39.03,38.98,38.98,1329791
2013-10-25 14:45:00,38.98,39.0,38.94,38.95,1346946
2013-10-25 15:00:00,38.95,38.96,38.93,38.93,1362029
2013-10-25 15:15:00,38.94,38.955,38.92,38.93,1382248
2013-10-25 15:30:00,38.925,38.955,38.89,38.895,1405025
2013-10-25 15:45:00,38.9,38.99,38.9,38.99,1438673
2013-10-25 16:00:00,38.99,39.05,38.99,39.05,1640361
2013-10-28 09:45:00,39.24,39.48,38.64,38.85,136940
2013-10-28 10:00:00,38.85,38.87,38.59,38.65,196489
2013-10-28 10:15:00,38.65,38.9,38.61,38.84,248916
2013-10-28 10:30:00,38.84,38.9,38.82,38.85,339270
2013-10-28 10:45:00,38.85,38.86,38.805,38.805,378069
2013-10-28 11:00:00,38.82,38.84,38.77,38.78,395658
2013-10-28 11:15:00,38.78,38.82,38.75,38.77,410796
2013-10-28 11:30:00,38.76,38.79,38.74,38.78,429024
2013-10-28 11:45:00,38.79,38.82,38.755,38.81,452577
2013-10-28 12:00:00,38.81,38.84,38.775,38.8,561426
2013-10-28 12:15:00,38.81,38.881,38.8,38.86,658998
2013-10-28 12:30:00,38.87,38.93,38.86,38.93,696697
2013-10-28 12:45:00,38.94,39.01,38.93,39.0,722736
2013-10-28 13:00:00,38.992,39.0,38.92,38.92,746608
2013-10-28 13:15:00,38.93,38.985,38.92,38.95,760911
2013-10-28 13:30:00,38.94,38.94,38.88,38.91,808111
2013-10-28 13:45:00,38.91,38.94,38.9,38.92,819470
2013-10-28 14:00:00,38.91,38.922,38.9,38.905,829104
2013-10-28 14:15:00,38.9,38.925,38.9,38.92,867270
2013-10-28 14:30:00,38.92,38.93,38.892,38.9,904498
2013-10-28 14:45:00,38.9,38.915,38.895,38.9,943059
2013-10-28 15:00:00,38.9,38.915,38.9,38.91,978218
2013-10-28 15:15:00,38.905,38.91,38.88,38.88,1028383
2013-10-28 15:30:00,38.885,38.9,38.86,38.8725,1055128
2013-10-28 15:45:00,38.87,38.94,38.86,38.935,1100178
2013-10-28 16:00:00,38.93,38.95,38.85,38.95,1416573
2013-10-29 09:45:00,38.85,39.41,38.85,39.34,47933
2013-10-29 10:00:00,39.34,39.39,39.29,39.32,61773
2013-10-29 10:15:00,39.31,39.32,39.19,39.29,82666
2013-10-29 10:30:00,39.29,39.29,39.201,39.24,109433
2013-10-29 10:45:00,39.25,39.27,39.2,39.21,129758
2013-10-29 11:00:00,39.21,39.21,39.155,39.16,142375
2013-10-29 11:15:00,39.155,39.18,39.07,39.09,204665
2013-10-29 11:30:00,39.09,39.23,39.09,39.23,237482
2013-10-29 11:45:00,39.22,39.315,39.18,39.29,299387
2013-10-29 12:00:00,39.28,39.3,39.24,39.27,337484
2013-10-29 12:15:00,39.29,39.295,39.23,39.24,386089
2013-10-29 12:30:00,39.24,39.35,39.23,39.35,423390
2013-10-29 12:45:00,39.34,39.36,39.335,39.36,432617
2013-10-29 13:00:00,39.36,39.38,39.33,39.37,470025
2013-10-29 13:15:00,39.36,39.39,39.34,39.34,499143
2013-10-29 13:30:00,39.345,39.39,39.34,39.35,539472
2013-10-29 13:45:00,39.35,39.39,39.35,39.365,554370
2013-10-29 14:00:00,39.38,39.385,39.34,39.35,574505
2013-10-29 14:15:00,39.355,39.37,39.345,39.36,593936
2013-10-29 14:30:00,39.36,39.41,39.34,39.4,616390
2013-10-29 14:45:00,39.3951,39.425,39.37,39.41,724805
2013-10-29 15:00:00,39.41,39.44,39.39,39.44,796367
2013-10-29 15:15:00,39.43,39.46,39.41,39.45,815484
2013-10-29 15:30:00,39.46,39.465,39.4,39.4,868416
2013-10-29 15:45:00,39.4047,39.4551,39.39,39.4551,1074041
2013-10-29 16:00:00,39.45,39.51,39.44,39.51,1321661
2013-10-30 09:45:00,39.3,39.75,39.3,39.67,39082
2013-10-30 10:00:00,39.69,39.71,39.6,39.61,61389
2013-10-30 10:15:00,39.61,39.63,39.46,39.52,89590
2013-10-30 10:30:00,39.52,39.53,39.47,39.5,120432
2013-10-30 10:45:00,39.49,39.51,39.44,39.48,162489
2013-10-30 11:00:00,39.48,39.48,39.36,39.45,200926
2013-10-30 11:15:00,39.45,39.465,39.398,39.398,214567
2013-10-30 11:30:00,39.39,39.39,39.26,39.27,239412
2013-10-30 11:45:00,39.26,39.26,39.185,39.2,268019
2013-10-30 12:00:00,39.19,39.25,39.175,39.25,276122
2013-10-30 12:15:00,39.25,39.25,39.14,39.14,297916
2013-10-30 12:30:00,39.13,39.14,39.08,39.1,329202
2013-10-30 12:45:00,39.095,39.2,39.095,39.2,344602
2013-10-30 13:00:00,39.21,39.39,39.21,39.39,392380
2013-10-30 13:15:00,39.38,39.38,39.27,39.28,403180
2013-10-30 13:30:00,39.29,39.32,39.27,39.27,417381
2013-10-30 13:45:00,39.26,39.29,39.23,39.26,430881
2013-10-30 14:00:00,39.25,39.25,39.19,39.21,459469
2013-10-30 14:15:00,39.21,39.31,39.14,39.18,499568
2013-10-30 14:30:00,39.17,39.17,38.98,39.01,541895
2013-10-30 14:45:00,39.01,39.12,39.01,39.03,586911
2013-10-30 15:00:00,39.04,39.105,39.04,39.07,638642
2013-10-30 15:15:00,39.08,39.17,39.07,39.1,695725
2013-10-30 15:30:00,39.1,39.14,39.08,39.14,734517
2013-10-30 15:45:00,39.13,39.19,39.12,39.16,775434
2013-10-30 16:00:00,39.17,39.17,39.075,39.08,893643
2013-10-31 09:45:00,38.99,39.37,38.99,39.35,23504
2013-10-31 10:00:00,39.36,39.4,39.24,39.31,50401
2013-10-31 10:15:00,39.28,39.33,39.18,39.32,108101
2013-10-31 10:30:00,39.29,39.29,39.24,39.28,124201
2013-10-31 10:45:00,39.28,39.29,39.165,39.24,145391
2013-10-31 11:00:00,39.24,39.305,39.24,39.28,161873
2013-10-31 11:15:00,39.287,39.4,39.287,39.39,177468
2013-10-31 11:30:00,39.39,39.47,39.39,39.45,187903
2013-10-31 11:45:00,39.45,39.52,39.45,39.47,226958
2013-10-31 12:00:00,39.46,39.48,39.44,39.45,236024
2013-10-31 12:15:00,39.46,39.55,39.455,39.545,257344
2013-10-31 12:30:00,39.55,39.595,39.54,39.57,277339
2013-10-31 12:45:00,39.56,39.635,39.55,39.63,295640
2013-10-31 13:00:00,39.63,39.63,39.57,39.575,304940
2013-10-31 13:15:00,39.57,39.66,39.57,39.635,328648
2013-10-31 13:30:00,39.63,39.65,39.59,39.615,362354
2013-10-31 13:45:00,39.62,39.62,39.59,39.61,385165
2013-10-31 14:00:00,39.601,39.62,39.59,39.595,420982
2013-10-31 14:15:00,39.6,39.6,39.545,39.555,465040
2013-10-31 14:30:00,39.55,39.58,39.54,39.55,521187
2013-10-31 14:45:00,39.55,39.575,39.54,39.56,556549
2013-10-31 15:00:00,39.56,39.565,39.52,39.52,587808
2013-10-31 15:15:00,39.51,39.545,39.49,39.53,651365
2013-10-31 15:30:00,39.535,39.56,39.48,39.485,764810
2013-10-31 15:45:00,39.48,39.515,39.45,39.47,840278
2013-10-31 16:00:00,39.49,39.51,39.4,39.43,1178047
2013-11-01 09:45:00,39.79,39.81,39.59,39.74,44042
2013-11-01 10:00:00,39.74,39.86,39.74,39.81,74181
2013-11-01 10:15:00,39.8,39.9,39.77,39.78,114132
2013-11-01 10:30:00,39.78,39.9,39.7,39.88,186229
2013-11-01 10:45:00,39.88,40.06,39.86,39.95,356319
2013-11-01 11:00:00,39.95,39.98,39.91,39.95,404165
2013-11-01 11:15:00,39.95,39.98,39.87,39.89,477577
2013-11-01 11:30:00,39.88,39.9361,39.86,39.92,518564
2013-11-01 11:45:00,39.93,39.93,39.868,39.8925,563940
2013-11-01 12:00:00,39.9,39.95,39.89,39.89,613014
2013-11-01 12:15:00,39.9,39.92,39.89,39.91,646574
2013-11-01 12:30:00,39.92,39.98,39.895,39.93,776553
2013-11-01 12:45:00,39.92,39.97,39.89,39.97,796280
2013-11-01 13:00:00,39.97,40.01,39.96,40.0,810558
2013-11-01 13:15:00,40.0,40.0,39.91,39.92,847472
2013-11-01 13:30:00,39.925,39.94,39.89,39.89,866239
2013-11-01 13:45:00,39.895,39.985,39.87,39.94,909074
2013-11-01 14:00:00,39.945,39.995,39.94,39.97,934397
2013-11-01 14:15:00,39.96,40.0,39.94,39.99,965488
2013-11-01 14:30:00,39.99,40.01,39.96,39.97,1008117
2013-11-01 14:45:00,39.97,40.01,39.96,39.97,1041058
2013-11-01 15:00:00,39.98,40.03,39.965,39.99,1073002
2013-11-01 15:15:00,39.98,40.0,39.94,40.0,1104722
2013-11-01 15:30:00,40.0,40.03,39.98,40.0,1193456
2013-11-01 15:45:00,40.0,40.02,39.95,39.99,1321722
2013-11-01 16:00:00,39.99,40.03,39.93,39.95,1424991
2013-11-04 09:45:00,39.96,40.05,39.88,39.99,56371
2013-11-04 10:00:00,39.962,39.962,39.79,39.82,93471
2013-11-04 10:15:00,39.82,39.95,39.81,39.94,118362
2013-11-04 10:30:00,39.93,39.96,39.89,39.96,131362
2013-11-04 10:45:00,39.97,40.0,39.8,39.81,164281
2013-11-04 11:00:00,39.81,39.88,39.75,39.76,188386
2013-11-04 11:15:00,39.75,39.8,39.73,39.73,213595
2013-11-04 11:30:00,39.73,39.81,39.7,39.81,244752
2013-11-04 11:45:00,39.81,39.81,39.762,39.78,267350
2013-11-04 12:00:00,39.79,39.86,39.755,39.84,294918
2013-11-04 12:15:00,39.84,39.85,39.79,39.82,312723
2013-11-04 12:30:00,39.82,39.93,39.815,39.885,398180
2013-11-04 12:45:00,39.89,40.0,39.86,39.98,505856
2013-11-04 13:00:00,39.97,40.0,39.95,39.95,517306
2013-11-04 13:15:00,39.955,39.97,39.925,39.93,528820
2013-11-04 13:30:00,39.93,39.96,39.885,39.94,548066
2013-11-04 13:45:00,39.94,39.945,39.89,39.89,562574
2013-11-04 14:00:00,39.89,39.915,39.86,39.9,580036
2013-11-04 14:15:00,39.9,39.94,39.89,39.9,589565
2013-11-04 14:30:00,39.9,39.92,39.88,39.91,604203
2013-11-04 14:45:00,39.92,39.95,39.92,39.94,617103
2013-11-04 15:00:00,39.94,39.94,39.9,39.9,638469
2013-11-04 15:15:00,39.91,39.95,39.9,39.91,666074
2013-11-04 15:30:00,39.91,39.94,39.88,39.93,732067
2013-11-04 15:45:00,39.93,39.94,39.83,39.83,784520
2013-11-04 16:00:00,39.83,39.86,39.785,39.83,1088233
2013-11-05 09:45:00,39.55,39.78,39.55,39.66,20074
2013-11-05 10:00:00,39.64,39.7,39.59,39.69,30405
2013-11-05 10:15:00,39.69,39.73,39.64,39.64,43524
2013-11-05 10:30:00,39.65,39.71,39.615,39.67,114124
2013-11-05 10:45:00,39.68,39.69,39.53,39.56,161814
2013-11-05 11:00:00,39.57,39.625,39.48,39.59,242180
2013-11-05 11:15:00,39.59,39.62,39.58,39.59,268842
2013-11-05 11:30:00,39.59,39.61,39.52,39.57,315545
2013-11-05 11:45:00,39.57,39.64,39.57,39.61,337500
2013-11-05 12:00:00,39.62,39.64,39.6,39.625,368596
2013-11-05 12:15:00,39.63,39.63,39.57,39.59,383029
2013-11-05 12:30:00,39.59,39.64,39.5875,39.62,433149
2013-11-05 12:45:00,39.62,39.62,39.56,39.57,445898
2013-11-05 13:00:00,39.57,39.58,39.54,39.58,452654
2013-11-05 13:15:00,39.58,39.63,39.58,39.6,463254
2013-11-05 13:30:00,39.6,39.635,39.6,39.63,477966
2013-11-05 13:45:00,39.63,39.64,39.61,39.63,497812
2013-11-05 14:00:00,39.62,39.64,39.62,39.62,505510
2013-11-05 14:15:00,39.63,39.64,39.49,39.5,574373
2013-11-05 14:30:00,39.5,39.51,39.48,39.485,616201
2013-11-05 14:45:00,39.49,39.51,39.49,39.5,648063
2013-11-05 15:00:00,39.5,39.51,39.48,39.5,677995
2013-11-05 15:15:00,39.5,39.51,39.48,39.4925,740838
2013-11-05 15:30:00,39.5,39.5,39.462,39.49,785755
2013-11-05 15:45:00,39.49,39.51,39.48,39.49,862707
2013-11-05 16:00:00,39.49,39.51,39.46,39.47,1259473
2013-11-06 09:45:00,39.4,40.32,39.4,39.49,48801
2013-11-06 10:00:00,39.4901,39.64,39.49,39.6,83946
2013-11-06 10:15:00,39.61,39.66,39.54,39.605,152565
2013-11-06 10:30:00,39.605,39.609,39.4174,39.505,233954
2013-11-06 10:45:00,39.5,39.535,39.42,39.5,277323
2013-11-06 11:00:00,39.49,39.52,39.395,39.44,369882
2013-11-06 11:15:00,39.45,39.475,39.405,39.47,399702
2013-11-06 11:30:00,39.47,39.525,39.45,39.49,450182
2013-11-06 11:45:00,39.5,39.64,39.49,39.625,597096
2013-11-06 12:00:00,39.6275,39.685,39.5,39.5,807739
2013-11-06 12:15:00,39.5,39.565,39.5,39.52,929655
2013-11-06 12:30:00,39.5175,39.54,39.5,39.51,1009789
2013-11-06 12:45:00,39.515,39.695,39.51,39.6705,1060867
2013-11-06 13:00:00,39.665,39.685,39.63,39.635,1073373
2013-11-06 13:15:00,39.63,39.71,39.63,39.69,1089043
2013-11-06 13:30:00,39.7,39.7,39.65,39.685,1102195
2013-11-06 13:45:00,39.69,39.705,39.65,39.7,1121870
2013-11-06 14:00:00,39.7,39.81,39.645,39.75,1205334
2013-11-06 14:15:00,39.75,39.79,39.75,39.765,1227179
2013-11-06 14:30:00,39.76,39.765,39.67,39.705,1251503
2013-11-06 14:45:00,39.7,39.75,39.69,39.75,1269151
2013-11-06 15:00:00,39.76,39.76,39.74,39.75,1279051
2013-11-06 15:15:00,39.75,39.755,39.69,39.69,1301533
2013-11-06 15:30:00,39.69,39.76,39.69,39.71,1388007
2013-11-06 15:45:00,39.71,39.725,39.69,39.71,1448759
2013-11-06 16:00:00,39.71,39.715,39.67,39.71,1601538
2013-11-07 09:45:00,39.64,39.86,39.565,39.719,35484
2013-11-07 10:00:00,39.69,39.69,39.5,39.63,55504
2013-11-07 10:15:00,39.63,39.65,39.46,39.5,92976
2013-11-07 10:30:00,39.51,39.52,39.35,39.46,119734
2013-11-07 10:45:00,39.46,39.46,39.33,39.36,146459
2013-11-07 11:00:00,39.36,39.41,39.33,39.39,213537
2013-11-07 11:15:00,39.395,39.44,39.37,39.4,258240
2013-11-07 11:30:00,39.41,39.45,39.39,39.43,283761
2013-11-07 11:45:00,39.44,39.46,39.4,39.4001,302103
2013-11-07 12:00:00,39.4101,39.425,39.4,39.415,317803
2013-11-07 12:15:00,39.42,39.43,39.41,39.42,334026
2013-11-07 12:30:00,39.42,39.42,39.36,39.37,352437
2013-11-07 12:45:00,39.37,39.41,39.31,39.315,377132
2013-11-07 13:00:00,39.315,39.32,39.23,39.23,393453
2013-11-07 13:15:00,39.24,39.295,39.23,39.23,406517
2013-11-07 13:30:00,39.24,39.25,39.1334,39.1334,424574
2013-11-07 13:45:00,39.14,39.18,39.11,39.11,445052
2013-11-07 14:00:00,39.11,39.135,39.07,39.11,464452
2013-11-07 14:15:00,39.11,39.11,39.02,39.075,521045
2013-11-07 14:30:00,39.08,39.11,39.06,39.06,633500
2013-11-07 14:45:00,39.05,39.125,38.99,39.125,686289
2013-11-07 15:00:00,39.12,39.175,39.12,39.16,731520
2013-11-07 15:15:00,39.15,39.17,39.09,39.15,824210
2013-11-07 15:30:00,39.14,39.215,39.12,39.14,913206
2013-11-07 15:45:00,39.145,39.24,39.13,39.19,1050844
2013-11-07 16:00:00,39.19,39.2,39.08,39.1099,1257446
2013-11-08 09:45:00,39.07,39.32,39.04,39.32,27596
2013-11-08 10:00:00,39.3,39.31,39.14,39.2,47195
2013-11-08 10:15:00,39.19,39.26,39.17,39.21,74648
2013-11-08 10:30:00,39.21,39.37,39.21,39.3,99354
2013-11-08 10:45:00,39.31,39.35,39.232,39.25,120919
2013-11-08 11:00:00,39.25,39.305,39.229,39.28,139976
2013-11-08 11:15:00,39.29,39.315,39.235,39.25,172221
2013-11-08 11:30:00,39.25,39.33,39.25,39.26,196932
2013-11-08 11:45:00,39.255,39.305,39.245,39.25,218904
2013-11-08 12:00:00,39.26,39.294,39.255,39.285,249653
2013-11-08 12:15:00,39.29,39.375,39.285,39.32,276979
2013-11-08 12:30:00,39.33,39.37,39.32,39.36,299976
2013-11-08 12:45:00,39.36,39.36,39.31,39.32,313529
2013-11-08 13:00:00,39.315,39.415,39.31,39.415,341114
2013-11-08 13:15:00,39.42,39.47,39.4,39.47,366381
2013-11-08 13:30:00,39.47,39.53,39.45,39.51,398761
2013-11-08 13:45:00,39.51,39.53,39.47,39.47,430984
2013-11-08 14:00:00,39.47,39.5,39.46,39.495,462924
2013-11-08 14:15:00,39.495,39.51,39.48,39.5,485967
2013-11-08 14:30:00,39.5,39.51,39.445,39.51,512410
2013-11-08 14:45:00,39.5,39.54,39.49,39.5,570437
2013-11-08 15:00:00,39.495,39.55,39.485,39.515,595223
2013-11-08 15:15:00,39.52,39.555,39.48,39.55,623758
2013-11-08 15:30:00,39.545,39.62,39.54,39.6,670623
2013-11-08 15:45:00,39.6,39.76,39.58,39.75,778447
2013-11-08 16:00:00,39.75,39.78,39.72,39.76,973099
2013-11-11 09:45:00,39.8,40.09,39.75,40.08,59553
2013-11-11 10:00:00,40.1,40.1,39.91,40.0,129922
2013-11-11 10:15:00,40.0,40.01,39.95,39.99,160225
2013-11-11 10:30:00,39.985,39.985,39.85,39.85,279368
2013-11-11 10:45:00,39.8499,39.8499,39.67,39.67,317565
2013-11-11 11:00:00,39.67,39.75,39.65,39.73,333124
2013-11-11 11:15:00,39.73,39.73,39.53,39.56,372784
2013-11-11 11:30:00,39.57,39.65,39.56,39.65,397166
2013-11-11 11:45:00,39.6466,39.655,39.605,39.622,413144
2013-11-11 12:00:00,39.6237,39.67,39.615,39.62,429453
2013-11-11 12:15:00,39.61,39.62,39.545,39.57,446208
2013-11-11 12:30:00,39.575,39.59,39.565,39.58,452043
2013-11-11 12:45:00,39.58,39.585,39.54,39.58,467560
2013-11-11 13:00:00,39.58,39.62,39.575,39.62,479901
2013-11-11 13:15:00,39.61,39.66,39.605,39.66,502491
2013-11-11 13:30:00,39.66,39.68,39.62,39.62,516991
2013-11-11 13:45:00,39.62,39.625,39.57,39.57,534728
2013-11-11 14:00:00,39.57,39.59,39.52,39.55,587011
2013-11-11 14:15:00,39.55,39.59,39.55,39.59,608190
2013-11-11 14:30:00,39.6,39.62,39.595,39.61,619801
2013-11-11 14:45:00,39.61,39.71,39.58,39.705,671316
2013-11-11 15:00:00,39.71,39.74,39.66,39.68,704110
2013-11-11 15:15:00,39.68,39.7,39.67,39.67,740022
2013-11-11 15:30:00,39.67,39.705,39.67,39.7,773723
2013-11-11 15:45:00,39.71,39.72,39.66,39.69,848996
2013-11-11 16:00:00,39.69,39.7,39.64,39.65,1016574
2013-11-12 09:45:00,39.67,39.7,39.49,39.65,26131
2013-11-12 10:00:00,39.65,39.81,39.58,39.69,115490
2013-11-12 10:15:00,39.69,39.705,39.605,39.62,143320
2013-11-12 10:30:00,39.61,39.66,39.6,39.63,189020
2013-11-12 10:45:00,39.64,39.64,39.61,39.63,202120
2013-11-12 11:00:00,39.63,39.64,39.6,39.6,221272
2013-11-12 11:15:00,39.61,39.655,39.61,39.63,237952
2013-11-12 11:30:00,39.63,39.73,39.625,39.71,338305
2013-11-12 11:45:00,39.72,39.72,39.61,39.62,353575
2013-11-12 12:00:00,39.62,39.665,39.62,39.64,381828
2013-11-12 12:15:00,39.65,39.685,39.58,39.67,403704
2013-11-12 12:30:00,39.67,39.69,39.6,39.605,419696
2013-11-12 12:45:00,39.6,39.65,39.575,39.65,436517
2013-11-12 13:00:00,39.65,39.74,39.65,39.74,461712
2013-11-12 13:15:00,39.73,39.77,39.71,39.76,479103
2013-11-12 13:30:00,39.76,39.76,39.71,39.71,502155
2013-11-12 13:45:00,39.71,39.71,39.63,39.64,595811
2013-11-12 14:00:00,39.64,39.69,39.63,39.69,606133
2013-11-12 14:15:00,39.69,39.745,39.69,39.73,643279
2013-11-12 14:30:00,39.74,39.79,39.73,39.74,659526
2013-11-12 14:45:00,39.74,39.85,39.74,39.85,704043
2013-11-12 15:00:00,39.85,39.9,39.81,39.86,750542
2013-11-12 15:15:00,39.85,39.91,39.84,39.89,877259
2013-11-12 15:30:00,39.885,39.9,39.85,39.88,936917
2013-11-12 15:45:00,39.875,39.98,39.87,39.98,1108832
2013-11-12 16:00:00,39.97,40.08,39.95,40.0,1420497
2013-11-13 09:45:00,39.68,39.95,39.68,39.88,50442
2013-11-13 10:00:00,39.87,40.0,39.8,39.83,138014
2013-11-13 10:15:00,39.86,39.905,39.66,39.73,218206
2013-11-13 10:30:00,39.74,39.76,39.6,39.74,276517
2013-11-13 10:45:00,39.74,39.81,39.67,39.81,307911
2013-11-13 11:00:00,39.84,39.94,39.81,39.86,451826
2013-11-13 11:15:00,39.855,39.91,39.83,39.9,477988
2013-11-13 11:30:00,39.9,39.94,39.88,39.9,530845
2013-11-13 11:45:00,39.9,39.97,39.82,39.85,659616
2013-11-13 12:00:00,39.86,40.0,39.86,39.99,711097
2013-11-13 12:15:00,39.99,39.99,39.96,39.97,730848
2013-11-13 12:30:00,39.97,40.0,39.945,39.995,826616
2013-11-13 12:45:00,39.995,40.0,39.96,39.98,852049
2013-11-13 13:00:00,39.99,40.0,39.97,39.995,870113
2013-11-13 13:15:00,40.0,40.0,39.945,39.95,886506
2013-11-13 13:30:00,39.95,40.01,39.945,40.01,935960
2013-11-13 13:45:00,40.01,40.11,40.0,40.1,992619
2013-11-13 14:00:00,40.105,40.18,40.0,40.005,1102319
2013-11-13 14:15:00,40.005,40.0726,39.99,40.06,1155455
2013-11-13 14:30:00,40.06,40.17,40.06,40.155,1199632
2013-11-13 14:45:00,40.155,40.17,40.12,40.12,1220402
2013-11-13 15:00:00,40.12,40.12,40.0,40.05,1327978
2013-11-13 15:15:00,40.06,40.06,39.985,40.02,1483753
2013-11-13 15:30:00,40.02,40.09,40.0,40.08,1571713
2013-11-13 15:45:00,40.08,40.21,40.06,40.19,1678954
2013-11-13 16:00:00,40.2,40.23,40.09,40.18,2105540
2013-11-14 09:45:00,40.09,40.35,40.09,40.24,37187
2013-11-14 10:00:00,40.24,40.2475,40.12,40.24,63062
2013-11-14 10:15:00,40.24,40.24,40.0,40.12,168541
2013-11-14 10:30:00,40.13,40.18,40.06,40.07,198741
2013-11-14 10:45:00,40.07,40.14,40.045,40.08,330840
2013-11-14 11:00:00,40.085,40.12,39.96,39.99,379124
2013-11-14 11:15:00,39.99,40.06,39.96,40.02,432986
2013-11-14 11:30:00,40.02,40.07,39.99,40.01,563342
2013-11-14 11:45:00,40.025,40.1,40.01,40.0399,665871
2013-11-14 12:00:00,40.04,40.07,40.015,40.02,699386
2013-11-14 12:15:00,40.02,40.04,39.99,39.99,730696
2013-11-14 12:30:00,39.99,40.03,39.91,40.005,877634
2013-11-14 12:45:00,40.02,40.04,39.9925,40.04,917058
2013-11-14 13:00:00,40.05,40.07,40.01,40.025,945091
2013-11-14 13:15:00,40.025,40.08,39.93,40.05,1089920
2013-11-14 13:30:00,40.041,40.14,40.04,40.04,1130923
2013-11-14 13:45:00,40.03,40.04,39.99,39.99,1201548
2013-11-14 14:00:00,40.0,40.09,40.0,40.03,1240864
2013-11-14 14:15:00,40.03,40.05,40.01,40.03,1261789
2013-11-14 14:30:00,40.022,40.05,39.995,40.05,1296112
2013-11-14 14:45:00,40.05,40.11,40.0,40.1,1338792
2013-11-14 15:00:00,40.1,40.13,40.06,40.1,1362487
2013-11-14 15:15:00,40.105,40.11,40.04,40.07,1421815
2013-11-14 15:30:00,40.07,40.08,39.98,39.98,1506240
2013-11-14 15:45:00,39.98,39.99,39.955,39.96,1568653
2013-11-14 16:00:00,39.96,39.98,39.91,39.96,1801089
2013-11-15 09:45:00,39.98,40.08,39.77,40.05,112133
2013-11-15 10:00:00,40.04,40.29,40.04,40.26,180149
2013-11-15 10:15:00,40.26,40.32,40.205,40.27,231812
2013-11-15 10:30:00,40.28,40.32,40.27,40.3,280075
2013-11-15 10:45:00,40.3,40.33,40.29,40.29,305987
2013-11-15 11:00:00,40.28,40.3,40.26,40.27,369390
2013-11-15 11:15:00,40.28,40.28,40.19,40.19,398121
2013-11-15 11:30:00,40.19,40.19,40.16,40.18,414194
2013-11-15 11:45:00,40.18,40.21,40.1475,40.16,436199
2013-11-15 12:00:00,40.16,40.17,40.07,40.12,468440
2013-11-15 12:15:00,40.11,40.14,40.11,40.14,484642
2013-11-15 12:30:00,40.13,40.16,40.11,40.13,508558
2013-11-15 12:45:00,40.13,40.145,40.07,40.1,536585
2013-11-15 13:00:00,40.105,40.13,40.1,40.13,551855
2013-11-15 13:15:00,40.12,40.14,40.09,40.14,575620
2013-11-15 13:30:00,40.14,40.14,40.09,40.14,611188
2013-11-15 13:45:00,40.14,40.22,40.13,40.22,631288
2013-11-15 14:00:00,40.21,40.21,40.15,40.16,647616
2013-11-15 14:15:00,40.16,40.19,40.15,40.19,664775
2013-11-15 14:30:00,40.19,40.23,40.18,40.2,682221
2013-11-15 14:45:00,40.21,40.25,40.2,40.23,703760
2013-11-15 15:00:00,40.24,40.25,40.19,40.2,723438
2013-11-15 15:15:00,40.2,40.29,40.19,40.28,780378
2013-11-15 15:30:00,40.29,40.34,40.27,40.3,869175
2013-11-15 15:45:00,40.31,40.31,40.28,40.28,901901
2013-11-15 16:00:00,40.29,40.34,40.29,40.33,1031208
2013-11-18 09:45:00,40.26,40.47,40.26,40.39,22069
2013-11-18 10:00:00,40.38,40.52,40.35,40.5,58763
2013-11-18 10:15:00,40.48,40.48,40.34,40.35,125381
2013-11-18 10:30:00,40.35,40.55,40.345,40.55,178548
2013-11-18 10:45:00,40.55,40.56,40.43,40.46,214568
2013-11-18 11:00:00,40.46,40.57,40.46,40.53,254319
2013-11-18 11:15:00,40.52,40.58,40.52,40.55,263431
2013-11-18 11:30:00,40.55,40.63,40.54,40.56,309564
2013-11-18 11:45:00,40.56,40.6,40.555,40.6,331870
2013-11-18 12:00:00,40.595,40.61,40.56,40.61,345964
2013-11-18 12:15:00,40.61,40.72,40.58,40.58,389827
2013-11-18 12:30:00,40.58,40.65,40.58,40.625,423919
2013-11-18 12:45:00,40.625,40.68,40.59,40.59,459166
2013-11-18 13:00:00,40.59,40.62,40.5,40.505,490907
2013-11-18 13:15:00,40.5,40.52,40.47,40.52,509537
2013-11-18 13:30:00,40.52,40.55,40.49,40.54,524368
2013-11-18 13:45:00,40.54,40.56,40.53,40.53,536827
2013-11-18 14:00:00,40.53,40.57,40.53,40.57,551449
2013-11-18 14:15:00,40.57,40.6,40.56,40.6,563420
2013-11-18 14:30:00,40.59,40.64,40.59,40.64,580597
2013-11-18 14:45:00,40.64,40.64,40.53,40.53,604606
2013-11-18 15:00:00,40.53,40.53,40.48,40.515,619371
2013-11-18 15:15:00,40.51,40.515,40.36,40.37,645430
2013-11-18 15:30:00,40.36,40.4,40.27,40.31,702891
2013-11-18 15:45:00,40.3,40.35,40.25,40.32,773416
2013-11-18 16:00:00,40.33,40.38,40.31,40.37,1082850
2013-11-19 09:45:00,40.42,40.92,40.41,40.64,81448
2013-11-19 10:00:00,40.62,40.75,40.53,40.74,157769
2013-11-19 10:15:00,40.75,40.75,40.64,40.73,191040
2013-11-19 10:30:00,40.73,40.78,40.63,40.6335,276593
2013-11-19 10:45:00,40.64,40.75,40.64,40.73,306289
2013-11-19 11:00:00,40.73,40.88,40.71,40.8,366838
2013-11-19 11:15:00,40.8,40.81,40.7138,40.78,402553
2013-11-19 11:30:00,40.79,40.845,40.77,40.82,452068
2013-11-19 11:45:00,40.81,40.815,40.7,40.722,481464
2013-11-19 12:00:00,40.74,40.8,40.74,40.78,541964
2013-11-19 12:15:00,40.77,40.77,40.68,40.7,567945
2013-11-19 12:30:00,40.69,40.7,40.65,40.665,578966
2013-11-19 12:45:00,40.66,40.705,40.64,40.69,597785
2013-11-19 13:00:00,40.69,40.74,40.67,40.7,645944
2013-11-19 13:15:00,40.7,40.7,40.55,40.59,697233
2013-11-19 13:30:00,40.59,40.6,40.42,40.47,755467
2013-11-19 13:45:00,40.47,40.535,40.46,40.49,784150
2013-11-19 14:00:00,40.5,40.54,40.48,40.52,815826
2013-11-19 14:15:00,40.52,40.62,40.52,40.575,918375
2013-11-19 14:30:00,40.58,40.61,40.575,40.58,952889
2013-11-19 14:45:00,40.59,40.71,40.59,40.71,985602
2013-11-19 15:00:00,40.72,40.745,40.65,40.69,1022212
2013-11-19 15:15:00,40.69,40.755,40.69,40.755,1052394
2013-11-19 15:30:00,40.755,40.78,40.73,40.75,1081062
2013-11-19 15:45:00,40.75,40.78,40.67,40.7,1191239
2013-11-19 16:00:00,40.7,40.73,40.66,40.69,1395409
2013-11-20 09:45:00,40.7,40.78,40.61,40.71,157547
2013-11-20 10:00:00,40.71,40.72,40.54,40.67,213560
2013-11-20 10:15:00,40.69,40.72,40.64,40.705,308924
2013-11-20 10:30:00,40.71,40.81,40.635,40.71,344750
2013-11-20 10:45:00,40.71,40.72,40.605,40.65,375519
2013-11-20 11:00:00,40.67,40.72,40.65,40.69,421493
2013-11-20 11:15:00,40.7,40.73,40.66,40.68,443293
2013-11-20 11:30:00,40.67,40.74,40.67,40.67,483371
2013-11-20 11:45:00,40.67,40.695,40.62,40.62,509975
2013-11-20 12:00:00,40.63,40.63,40.491,40.5,549744
2013-11-20 12:15:00,40.5,40.51,40.45,40.46,582807
2013-11-20 12:30:00,40.47,40.56,40.47,40.55,645877
2013-11-20 12:45:00,40.55,40.57,40.54,40.56,687942
2013-11-20 13:00:00,40.57,40.64,40.57,40.61,705105
2013-11-20 13:15:00,40.6,40.64,40.6,40.61,713440
2013-11-20 13:30:00,40.61,40.61,40.58,40.5825,736447
2013-11-20 13:45:00,40.59,40.61,40.58,40.5925,755717
2013-11-20 14:00:00,40.6,40.64,40.59,40.61,768659
2013-11-20 14:15:00,40.61,40.61,40.43,40.43,807062
2013-11-20 14:30:00,40.44,40.51,40.43,40.48,831671
2013-11-20 14:45:00,40.48,40.51,40.395,40.45,860294
2013-11-20 15:00:00,40.44,40.48,40.39,40.43,891875
2013-11-20 15:15:00,40.43,40.43,40.32,40.38,926312
2013-11-20 15:30:00,40.38,40.405,40.32,40.4,990946
2013-11-20 15:45:00,40.39,40.515,40.35,40.47,1079549
2013-11-20 16:00:00,40.47,40.54,40.44,40.5,1311541
2013-11-21 09:45:00,40.34,40.44,40.17,40.235,40697
2013-11-21 10:00:00,40.215,40.215,39.89,39.96,94705
2013-11-21 10:15:00,39.92,40.06,39.89,40.05,136392
2013-11-21 10:30:00,40.06,40.09,40.035,40.06,171826
2013-11-21 10:45:00,40.06,40.11,40.04,40.05,256843
2013-11-21 11:00:00,40.05,40.07,39.97,39.975,277495
2013-11-21 11:15:00,39.98,39.98,39.905,39.9286,302138
2013-11-21 11:30:00,39.921,39.93,39.855,39.9,323835
2013-11-21 11:45:00,39.89,39.91,39.79,39.8,355314
2013-11-21 12:00:00,39.81,39.87,39.79,39.87,386436
2013-11-21 12:15:00,39.87,39.88,39.84,39.84,415717
2013-11-21 12:30:00,39.84,39.84,39.79,39.795,444658
2013-11-21 12:45:00,39.805,39.85,39.78,39.78,462806
2013-11-21 13:00:00,39.78,39.79,39.76,39.78,487725
2013-11-21 13:15:00,39.78,39.915,39.775,39.91,523945
2013-11-21 13:30:00,39.92,39.95,39.895,39.92,558778
2013-11-21 13:45:00,39.92,40.0,39.91,40.0,601166
2013-11-21 14:00:00,40.0,40.02,39.97,39.985,626411
2013-11-21 14:15:00,39.98,40.0,39.95,39.965,649929
2013-11-21 14:30:00,39.965,40.06,39.96,40.05,680648
2013-11-21 14:45:00,40.06,40.11,40.025,40.11,703964
2013-11-21 15:00:00,40.12,40.12,40.08,40.1,737487
2013-11-21 15:15:00,40.11,40.23,40.09,40.22,860556
2013-11-21 15:30:00,40.21,40.23,40.16,40.16,879638
2013-11-21 15:45:00,40.16,40.265,40.16,40.23,1074835
2013-11-21 16:00:00,40.22,40.23,40.17,40.2,1165891
2013-11-22 09:45:00,39.94,40.04,39.65,39.89,4370322
2013-11-22 10:00:00,39.89,40.27,39.86,40.095,5222686
2013-11-22 10:15:00,40.1,40.21,40.05,40.1,5555979
2013-11-22 10:30:00,40.1,40.15,40.035,40.13,5960457
2013-11-22 10:45:00,40.14,40.39,40.13,40.35,6360013
2013-11-22 11:00:00,40.36,40.62,40.35,40.5,7022526
2013-11-22 11:15:00,40.5,40.5,40.3,40.3,7388076
2013-11-22 11:30:00,40.32,40.39,40.26,40.31,7684332
2013-11-22 11:45:00,40.31,40.38,40.22,40.32,7867966
2013-11-22 12:00:00,40.32,40.47,40.305,40.47,7987642
2013-11-22 12:15:00,40.46,40.5,40.41,40.48,8148690
2013-11-22 12:30:00,40.475,40.6,40.45,40.595,8381539
2013-11-22 12:45:00,40.6,40.86,40.59,40.71,8632618
2013-11-22 13:00:00,40.7,40.74,40.55,40.55,8744964
2013-11-22 13:15:00,40.54,40.72,40.48,40.63,9049177
2013-11-22 13:30:00,40.63,40.74,40.6,40.725,9123295
2013-11-22 13:45:00,40.72,40.725,40.6,40.61,9267743
2013-11-22 14:00:00,40.62,40.65,40.555,40.62,9449794
2013-11-22 14:15:00,40.62,40.62,40.5,40.58,9708095
2013-11-22 14:30:00,40.58,40.68,40.58,40.68,9942635
2013-11-22 14:45:00,40.675,41.14,40.605,41.12,10272928
2013-11-22 15:00:00,41.12,41.65,41.1139,41.285,11193409
2013-11-22 15:15:00,41.28,41.44,41.07,41.4,11735566
2013-11-22 15:30:00,41.395,41.47,41.34,41.395,12321612
2013-11-22 15:45:00,41.39,41.45,41.19,41.27,13020799
2013-11-22 16:00:00,41.28,41.41,41.1,41.145,14430971
2013-11-25 09:45:00,41.49,41.718,41.49,41.59,268113
2013-11-25 10:00:00,41.59,41.8,41.56,41.7925,421040
2013-11-25 10:15:00,41.795,41.99,41.79,41.88,702894
2013-11-25 10:30:00,41.8875,42.09,41.87,42.04,858004
2013-11-25 10:45:00,42.05,42.11,41.99,42.055,1035055
2013-11-25 11:00:00,42.055,42.29,42.01,42.28,1160516
2013-11-25 11:15:00,42.28,42.3,41.84,41.96,1399676
2013-11-25 11:30:00,41.95,42.0,41.68,41.71,1603867
2013-11-25 11:45:00,41.72,41.82,41.68,41.75,1705619
2013-11-25 12:00:00,41.75,41.8,41.67,41.7,1789730
2013-11-25 12:15:00,41.7,41.82,41.69,41.78,1878301
2013-11-25 12:30:00,41.79,41.81,41.75,41.79,1989698
2013-11-25 12:45:00,41.78,41.8,41.75,41.8,2045579
2013-11-25 13:00:00,41.8,41.8,41.74,41.79,2139285
2013-11-25 13:15:00,41.79,41.85,41.75,41.85,2215935
2013-11-25 13:30:00,41.84,41.845,41.78,41.83,2310969
2013-11-25 13:45:00,41.83,41.84,41.77,41.79,2484101
2013-11-25 14:00:00,41.79,41.84,41.76,41.83,2613662
2013-11-25 14:15:00,41.84,41.93,41.83,41.9,2746704
2013-11-25 14:30:00,41.89,42.055,41.88,42.0,2885610
2013-11-25 14:45:00,41.995,42.02,41.86,41.9,2995121
2013-11-25 15:00:00,41.9,42.07,41.89,42.02,3092926
2013-11-25 15:15:00,42.02,42.035,41.925,42.0,3209159
2013-11-25 15:30:00,42.01,42.1,41.97,42.08,3539489
2013-11-25 15:45:00,42.08,42.11,41.97,42.11,3714589
2013-11-25 16:00:00,42.1,42.11,41.92,41.97,4496280
2013-11-26 09:45:00,42.13,42.28,42.13,42.16,77995
2013-11-26 10:00:00,42.13,42.27,42.0,42.06,229523
2013-11-26 10:15:00,42.07,42.18,42.07,42.16,298425
2013-11-26 10:30:00,42.17,42.245,42.14,42.155,379339
2013-11-26 10:45:00,42.15,42.3,42.09,42.26,514361
2013-11-26 11:00:00,42.27,42.45,42.265,42.33,672868
2013-11-26 11:15:00,42.33,42.37,42.18,42.25,899931
2013-11-26 11:30:00,42.26,42.3,42.185,42.23,1055052
2013-11-26 11:45:00,42.22,42.28,42.155,42.27,1155480
2013-11-26 12:00:00,42.28,42.38,42.26,42.37,1248697
2013-11-26 12:15:00,42.36,42.39,42.31,42.315,1318722
2013-11-26 12:30:00,42.315,42.34,42.165,42.26,1412644
2013-11-26 12:45:00,42.24,42.25,42.13,42.2,1500852
2013-11-26 13:00:00,42.2,42.23,42.195,42.205,1551666
2013-11-26 13:15:00,42.205,42.28,42.189,42.28,1602412
2013-11-26 13:30:00,42.28,42.28,42.18,42.21,1686966
2013-11-26 13:45:00,42.2,42.33,42.19,42.315,1917562
2013-11-26 14:00:00,42.32,42.36,42.265,42.31,2089184
2013-11-26 14:15:00,42.32,42.42,42.3,42.4,2194295
2013-11-26 14:30:00,42.4,42.45,42.36,42.44,2246709
2013-11-26 14:45:00,42.44,42.45,42.29,42.3,2301598
2013-11-26 15:00:00,42.29,42.38,42.29,42.36,2363000
2013-11-26 15:15:00,42.36,42.39,42.28,42.39,2448523
2013-11-26 15:30:00,42.39,42.45,42.36,42.43,2556813
2013-11-26 15:45:00,42.42,42.55,42.4,42.54,2746027
2013-11-26 16:00:00,42.53,42.56,42.48,42.5,3165265
2013-11-27 09:45:00,42.36,42.49,42.13,42.28,123169
2013-11-27 10:00:00,42.3,42.63,42.3,42.63,169277
2013-11-27 10:15:00,42.65,42.66,42.51,42.545,215514
2013-11-27 10:30:00,42.545,42.72,42.54,42.66,286922
2013-11-27 10:45:00,42.67,42.675,42.62,42.62,404854
2013-11-27 11:00:00,42.62,42.63,42.49,42.52,488836
2013-11-27 11:15:00,42.51,42.515,42.41,42.45,550159
2013-11-27 11:30:00,42.45,42.48,42.435,42.45,577451
2013-11-27 11:45:00,42.45,42.47,42.435,42.445,637377
2013-11-27 12:00:00,42.44,42.6,42.44,42.58,701552
2013-11-27 12:15:00,42.58,42.74,42.575,42.73,751293
2013-11-27 12:30:00,42.73,42.8,42.71,42.8,827275
2013-11-27 12:45:00,42.8,42.81,42.75,42.75,875546
2013-11-27 13:00:00,42.76,42.8,42.72,42.73,917165
2013-11-27 13:15:00,42.73,42.77,42.72,42.72,958881
2013-11-27 13:30:00,42.72,42.75,42.69,42.73,1006677
2013-11-27 13:45:00,42.73,42.84,42.69,42.84,1074161
2013-11-27 14:00:00,42.84,42.855,42.79,42.84,1153378
2013-11-27 14:15:00,42.83,42.84,42.82,42.84,1187514
2013-11-27 14:30:00,42.8325,42.85,42.76,42.81,1255537
2013-11-27 14:45:00,42.8,42.81,42.79,42.8,1292503
2013-11-27 15:00:00,42.8,42.88,42.78,42.87,1331528
2013-11-27 15:15:00,42.87,42.94,42.85,42.89,1398244
2013-11-27 15:30:00,42.89,42.96,42.88,42.95,1444557
2013-11-27 15:45:00,42.945,42.95,42.93,42.95,1527960
2013-11-27 16:00:00,42.94,42.97,42.91,42.94,1804982
2013-11-29 09:45:00,43.23,43.33,42.96,43.3,174997
2013-11-29 10:00:00,43.29,43.29,43.06,43.09,205694
2013-11-29 10:15:00,43.09,43.15,43.05,43.09,269608
2013-11-29 10:30:00,43.085,43.085,42.96,43.06,313493
2013-11-29 10:45:00,43.06,43.16,43.06,43.1,386835
2013-11-29 11:00:00,43.1,43.16,43.07,43.125,416591
2013-11-29 11:15:00,43.13,43.17,43.08,43.08,461974
2013-11-29 11:30:00,43.09,43.15,43.085,43.14,486486
2013-11-29 11:45:00,43.14,43.24,43.105,43.11,592263
2013-11-29 12:00:00,43.11,43.16,43.065,43.1,622460
2013-11-29 12:15:00,43.1,43.16,43.1,43.16,653004
2013-11-29 12:30:00,43.16,43.17,43.135,43.15,680915
2013-11-29 12:45:00,43.15,43.17,43.08,43.11,763779
2013-11-29 13:00:00,43.12,43.16,43.045,43.155,1100840
2013-11-29 13:15:00,43.16,43.16,43.16,43.16,1368142
2013-12-02 09:45:00,42.98,43.45,42.98,43.11,247028
2013-12-02 10:00:00,43.1,43.13,42.97,43.1,384423
2013-12-02 10:15:00,43.1,43.3,43.1,43.28,514984
2013-12-02 10:30:00,43.28,43.32,43.19,43.19,629616
2013-12-02 10:45:00,43.19,43.2,42.95,43.02,1259412
2013-12-02 11:00:00,43.01,43.02,42.96,42.98,1505988
2013-12-02 11:15:00,42.97,42.99,42.89,42.91,1646835
2013-12-02 11:30:00,42.92,43.15,42.92,43.11,1830258
2013-12-02 11:45:00,43.11,43.14,43.105,43.12,1926493
2013-12-02 12:00:00,43.125,43.14,42.97,42.99,2126412
2013-12-02 12:15:00,42.98,43.22,42.97,43.22,2232342
2013-12-02 12:30:00,43.22,43.26,43.12,43.14,2341604
2013-12-02 12:45:00,43.13,43.14,43.075,43.1,2405041
2013-12-02 13:00:00,43.095,43.14,43.0,43.0,2548849
2013-12-02 13:15:00,43.0,43.01,42.97,42.97,2618241
2013-12-02 13:30:00,42.97,42.98,42.85,42.86,2712770
2013-12-02 13:45:00,42.855,42.94,42.84,42.895,2791770
2013-12-02 14:00:00,42.9,42.9,42.75,42.785,2944899
2013-12-02 14:15:00,42.78,42.88,42.765,42.795,3060311
2013-12-02 14:30:00,42.79,42.91,42.73,42.91,3192832
2013-12-02 14:45:00,42.91,43.025,42.9,42.985,3376225
2013-12-02 15:00:00,42.985,43.0,42.895,42.92,3554533
2013-12-02 15:15:00,42.92,42.93,42.61,42.685,3725774
2013-12-02 15:30:00,42.68,42.72,42.6,42.7,4019805
2013-12-02 15:45:00,42.7,42.821,42.66,42.74,4490113
2013-12-02 16:00:00,42.745,42.79,42.67,42.75,5133454
2013-12-03 09:45:00,42.71,42.82,42.53,42.67,77935
2013-12-03 10:00:00,42.66,42.72,42.57,42.57,175612
2013-12-03 10:15:00,42.59,42.61,42.45,42.48,283566
2013-12-03 10:30:00,42.49,42.5,42.42,42.45,378883
2013-12-03 10:45:00,42.45,42.53,42.43,42.48,464218
2013-12-03 11:00:00,42.48,42.605,42.46,42.59,569095
2013-12-03 11:15:00,42.6,42.615,42.55,42.5975,647690
2013-12-03 11:30:00,42.6,42.615,42.4875,42.5,738926
2013-12-03 11:45:00,42.49,42.54,42.41,42.4488,788975
2013-12-03 12:00:00,42.45,42.45,42.38,42.44,835818
2013-12-03 12:15:00,42.44,42.49,42.42,42.48,880700
2013-12-03 12:30:00,42.48,42.5184,42.46,42.5184,925814
2013-12-03 12:45:00,42.52,42.66,42.5,42.64,1025773
2013-12-03 13:00:00,42.64,42.65,42.595,42.6,1081277
2013-12-03 13:15:00,42.6,42.6,42.55,42.58,1107036
2013-12-03 13:30:00,42.58,42.67,42.58,42.59,1173847
2013-12-03 13:45:00,42.6,42.63,42.555,42.6,1202038
2013-12-03 14:00:00,42.59,42.71,42.59,42.69,1238639
2013-12-03 14:15:00,42.68,42.71,42.66,42.71,1264995
2013-12-03 14:30:00,42.7,42.705,42.62,42.62,1305929
2013-12-03 14:45:00,42.62,42.69,42.6,42.69,1358662
2013-12-03 15:00:00,42.69,42.77,42.68,42.74,1389321
2013-12-03 15:15:00,42.74,42.745,42.68,42.71,1426757
2013-12-03 15:30:00,42.7,42.71,42.61,42.61,1483887
2013-12-03 15:45:00,42.61,42.68,42.61,42.655,1646708
2013-12-03 16:00:00,42.65,42.71,42.605,42.68,2053198
2013-12-04 09:45:00,42.46,42.72,42.4175,42.52,79491
2013-12-04 10:00:00,42.52,42.59,42.495,42.56,144633
2013-12-04 10:15:00,42.57,42.835,42.57,42.83,242039
2013-12-04 10:30:00,42.825,42.88,42.76,42.87,319804
2013-12-04 10:45:00,42.87,42.87,42.72,42.72,496773
2013-12-04 11:00:00,42.73,42.76,42.7,42.72,533925
2013-12-04 11:15:00,42.725,42.725,42.66,42.7062,565822
2013-12-04 11:30:00,42.7,42.75,42.69,42.74,619368
2013-12-04 11:45:00,42.74,42.76,42.72,42.75,746818
2013-12-04 12:00:00,42.755,42.81,42.75,42.77,794838
2013-12-04 12:15:00,42.76,42.775,42.73,42.735,856357
2013-12-04 12:30:00,42.735,42.74,42.68,42.7,902005
2013-12-04 12:45:00,42.71,42.76,42.71,42.76,930581
2013-12-04 13:00:00,42.755,42.77,42.72,42.75,961094
2013-12-04 13:15:00,42.75,42.77,42.69,42.7,1017712
2013-12-04 13:30:00,42.7,42.72,42.66,42.66,1130198
2013-12-04 13:45:00,42.67,42.67,42.54,42.54,1221633
2013-12-04 14:00:00,42.54,42.59,42.51,42.52,1264243
2013-12-04 14:15:00,42.52,42.62,42.51,42.62,1321975
2013-12-04 14:30:00,42.61,42.6551,42.6,42.625,1373233
2013-12-04 14:45:00,42.63,42.71,42.625,42.71,1415276
2013-12-04 15:00:00,42.707,42.74,42.69,42.735,1472475
2013-12-04 15:15:00,42.73,42.74,42.7,42.71,1527146
2013-12-04 15:30:00,42.72,42.84,42.715,42.795,1595534
2013-12-04 15:45:00,42.79,42.86,42.77,42.84,1728457
2013-12-04 16:00:00,42.84,42.92,42.835,42.85,2140171
2013-12-05 09:45:00,42.83,42.83,42.52,42.54,46634
2013-12-05 10:00:00,42.53,42.66,42.52,42.65,92423
2013-12-05 10:15:00,42.64,42.84,42.63,42.8125,158008
2013-12-05 10:30:00,42.815,42.85,42.73,42.79,220727
2013-12-05 10:45:00,42.8,42.91,42.78,42.79,276509
2013-12-05 11:00:00,42.78,42.78,42.695,42.72,325369
2013-12-05 11:15:00,42.72,42.75,42.655,42.7,361048
2013-12-05 11:30:00,42.7,42.77,42.69,42.74,407580
2013-12-05 11:45:00,42.73,42.74,42.685,42.7,445919
2013-12-05 12:00:00,42.71,42.71,42.645,42.68,482810
2013-12-05 12:15:00,42.69,42.8,42.685,42.8,515407
2013-12-05 12:30:00,42.79,42.8,42.755,42.77,547411
2013-12-05 12:45:00,42.76,42.78,42.71,42.765,572136
2013-12-05 13:00:00,42.765,42.785,42.74,42.74,598146
2013-12-05 13:15:00,42.74,42.75,42.695,42.7,632886
2013-12-05 13:30:00,42.7099,42.71,42.665,42.71,661745
2013-12-05 13:45:00,42.715,42.74,42.71,42.71,678117
2013-12-05 14:00:00,42.7,42.74,42.66,42.7,705666
2013-12-05 14:15:00,42.7,42.76,42.7,42.71,771733
2013-12-05 14:30:00,42.71,42.71,42.67,42.7,826467
2013-12-05 14:45:00,42.71,42.71,42.675,42.69,852468
2013-12-05 15:00:00,42.7,42.7099,42.635,42.65,884197
2013-12-05 15:15:00,42.65,42.68,42.63,42.675,927305
2013-12-05 15:30:00,42.68,42.71,42.655,42.67,984503
2013-12-05 15:45:00,42.67,42.74,42.66,42.68,1184530
2013-12-05 16:00:00,42.68,42.7,42.635,42.69,1346656
2013-12-06 09:45:00,43.22,43.29,43.07,43.26,51243
2013-12-06 10:00:00,43.258,43.34,43.2,43.33,81486
2013-12-06 10:15:00,43.35,43.37,43.23,43.29,141964
2013-12-06 10:30:00,43.29,43.315,43.23,43.25,223195
2013-12-06 10:45:00,43.24,43.285,43.2,43.22,358297
2013-12-06 11:00:00,43.22,43.3,43.22,43.3,393189
2013-12-06 11:15:00,43.29,43.46,43.285,43.457,436975
2013-12-06 11:30:00,43.46,43.5,43.435,43.46,473031
2013-12-06 11:45:00,43.47,43.535,43.46,43.46,533003
2013-12-06 12:00:00,43.46,43.57,43.46,43.55,602135
2013-12-06 12:15:00,43.56,43.665,43.55,43.665,625727
2013-12-06 12:30:00,43.66,43.685,43.635,43.66,661880
2013-12-06 12:45:00,43.65,43.66,43.56,43.56,740119
2013-12-06 13:00:00,43.56,43.58,43.48,43.49,842301
2013-12-06 13:15:00,43.49,43.49,43.42,43.43,903814
2013-12-06 13:30:00,43.425,43.47,43.42,43.46,972412
2013-12-06 13:45:00,43.46,43.49,43.45,43.47,1036744
2013-12-06 14:00:00,43.47,43.525,43.47,43.48,1074964
2013-12-06 14:15:00,43.49,43.55,43.485,43.54,1118220
2013-12-06 14:30:00,43.54,43.55,43.53,43.54,1155655
2013-12-06 14:45:00,43.55,43.55,43.54,43.54,1202472
2013-12-06 15:00:00,43.55,43.56,43.54,43.56,1284687
2013-12-06 15:15:00,43.56,43.56,43.51,43.53,1339307
2013-12-06 15:30:00,43.535,43.57,43.46,43.47,1483956
2013-12-06 15:45:00,43.47,43.5,43.41,43.5,1691315
2013-12-06 16:00:00,43.51,43.58,43.45,43.54,2164665
2013-12-09 09:45:00,43.69,43.83,43.55,43.56,101839
2013-12-09 10:00:00,43.58,43.82,43.58,43.775,211465
2013-12-09 10:15:00,43.78,43.79,43.545,43.63,418769
2013-12-09 10:30:00,43.64,43.72,43.62,43.67,550136
2013-12-09 10:45:00,43.67,43.705,43.63,43.69,618718
2013-12-09 11:00:00,43.685,43.72,43.655,43.66,687688
2013-12-09 11:15:00,43.65,43.66,43.6,43.64,719385
2013-12-09 11:30:00,43.64,43.71,43.635,43.67,758494
2013-12-09 11:45:00,43.67,43.69,43.65,43.67,800852
2013-12-09 12:00:00,43.66,43.7,43.66,43.695,836654
2013-12-09 12:15:00,43.7,43.7,43.62,43.6201,858268
2013-12-09 12:30:00,43.62,43.63,43.58,43.59,884705
2013-12-09 12:45:00,43.6,43.62,43.56,43.605,935562
2013-12-09 13:00:00,43.6,43.62,43.56,43.57,968182
2013-12-09 13:15:00,43.58,43.59,43.51,43.575,1002152
2013-12-09 13:30:00,43.57,43.615,43.55,43.59,1035310
2013-12-09 13:45:00,43.58,43.62,43.57,43.595,1061685
2013-12-09 14:00:00,43.59,43.6,43.545,43.55,1080643
2013-12-09 14:15:00,43.55,43.5501,43.525,43.53,1114136
2013-12-09 14:30:00,43.54,43.55,43.51,43.53,1148078
2013-12-09 14:45:00,43.54,43.61,43.535,43.585,1187969
2013-12-09 15:00:00,43.58,43.585,43.53,43.53,1257448
2013-12-09 15:15:00,43.53,43.56,43.49,43.56,1350188
2013-12-09 15:30:00,43.57,43.59,43.56,43.57,1394670
2013-12-09 15:45:00,43.5737,43.64,43.57,43.63,1612724
2013-12-09 16:00:00,43.64,43.67,43.59,43.64,1811662
2013-12-10 09:45:00,43.46,43.77,43.41,43.76,33863
2013-12-10 10:00:00,43.75,43.76,43.5,43.53,194196
2013-12-10 10:15:00,43.54,43.65,43.54,43.6,261498
2013-12-10 10:30:00,43.6,43.63,43.57,43.58,353160
2013-12-10 10:45:00,43.57,43.63,43.56,43.605,512249
2013-12-10 11:00:00,43.605,43.62,43.555,43.56,603735
2013-12-10 11:15:00,43.56,43.6,43.55,43.6,638827
2013-12-10 11:30:00,43.59,43.595,43.56,43.585,683403
2013-12-10 11:45:00,43.59,43.6,43.55,43.59,732534
2013-12-10 12:00:00,43.6,43.6,43.5,43.535,786477
2013-12-10 12:15:00,43.53,43.53,43.48,43.515,832517
2013-12-10 12:30:00,43.52,43.52,43.43,43.45,907124
2013-12-10 12:45:00,43.445,43.47,43.42,43.435,956806
2013-12-10 13:00:00,43.43,43.46,43.4,43.43,997282
2013-12-10 13:15:00,43.43,43.45,43.41,43.44,1040238
2013-12-10 13:30:00,43.44,43.45,43.3,43.31,1164833
2013-12-10 13:45:00,43.31,43.41,43.305,43.36,1220247
2013-12-10 14:00:00,43.36,43.36,43.295,43.34,1283724
2013-12-10 14:15:00,43.34,43.37,43.3301,43.37,1305315
2013-12-10 14:30:00,43.3601,43.37,43.34,43.37,1340813
2013-12-10 14:45:00,43.36,43.45,43.35,43.445,1377052
2013-12-10 15:00:00,43.44,43.45,43.37,43.45,1426694
2013-12-10 15:15:00,43.45,43.48,43.405,43.42,1490447
2013-12-10 15:30:00,43.41,43.44,43.39,43.415,1558835
2013-12-10 15:45:00,43.415,43.5,43.38,43.445,1771562
2013-12-10 16:00:00,43.45,43.47,43.42,43.42,1910667
2013-12-11 09:45:00,43.7,44.01,43.57,43.87,86117
2013-12-11 10:00:00,43.87,43.93,43.75,43.84,156232
2013-12-11 10:15:00,43.83,43.86,43.67,43.7,284197
2013-12-11 10:30:00,43.7,43.7,43.48,43.49,399125
2013-12-11 10:45:00,43.49,43.52,43.38,43.42,510135
2013-12-11 11:00:00,43.42,43.44,43.37,43.39,569621
2013-12-11 11:15:00,43.4,43.51,43.39,43.49,671714
2013-12-11 11:30:00,43.49,43.51,43.42,43.47,725783
2013-12-11 11:45:00,43.47,43.49,43.4201,43.48,770194
2013-12-11 12:00:00,43.48,43.485,43.43,43.475,816933
2013-12-11 12:15:00,43.47,43.47,43.4,43.44,877931
2013-12-11 12:30:00,43.435,43.44,43.31,43.32,1020595
2013-12-11 12:45:00,43.32,43.33,43.3,43.32,1076920
2013-12-11 13:00:00,43.315,43.315,43.28,43.31,1118323
2013-12-11 13:15:00,43.31,43.4,43.3,43.395,1159096
2013-12-11 13:30:00,43.395,43.405,43.36,43.36,1221161
2013-12-11 13:45:00,43.355,43.41,43.35,43.38,1275737
2013-12-11 14:00:00,43.38,43.43,43.355,43.42,1314546
2013-12-11 14:15:00,43.43,43.43,43.35,43.35,1359003
2013-12-11 14:30:00,43.35,43.38,43.33,43.37,1408330
2013-12-11 14:45:00,43.37,43.42,43.35,43.41,1516266
2013-12-11 15:00:00,43.415,43.43,43.385,43.4,1612436
2013-12-11 15:15:00,43.41,43.435,43.31,43.33,1704715
2013-12-11 15:30:00,43.33,43.38,43.32,43.36,1782649
2013-12-11 15:45:00,43.37,43.38,43.325,43.345,2048379
2013-12-11 16:00:00,43.345,43.345,43.27,43.3,2233207
2013-12-12 09:45:00,43.14,43.35,43.11,43.155,41185
2013-12-12 10:00:00,43.14,43.155,42.93,42.97,115233
2013-12-12 10:15:00,42.97,43.03,42.86,42.9,198886
2013-12-12 10:30:00,42.9,42.94,42.79,42.93,258731
2013-12-12 10:45:00,42.92,42.96,42.88,42.96,294067
2013-12-12 11:00:00,42.97,43.01,42.91,42.98,319596
2013-12-12 11:15:00,42.98,43.1699,42.98,43.12,373221
2013-12-12 11:30:00,43.11,43.11,43.03,43.05,428483
2013-12-12 11:45:00,43.055,43.17,42.98,42.987,514339
2013-12-12 12:00:00,42.98,43.03,42.97,42.97,551746
2013-12-12 12:15:00,42.97,43.02,42.895,42.9,592882
2013-12-12 12:30:00,42.9,42.9,42.75,42.8,651499
2013-12-12 12:45:00,42.8,42.8049,42.69,42.73,706805
2013-12-12 13:00:00,42.73,42.8125,42.71,42.75,762328
2013-12-12 13:15:00,42.74,42.9,42.735,42.89,855949
2013-12-12 13:30:00,42.88,42.9,42.87,42.88,882802
2013-12-12 13:45:00,42.88,42.88,42.8,42.88,924375
2013-12-12 14:00:00,42.88,42.88,42.83,42.848,963525
2013-12-12 14:15:00,42.84,42.92,42.84,42.92,1037043
2013-12-12 14:30:00,42.92,42.97,42.83,42.945,1146982
2013-12-12 14:45:00,42.945,42.95,42.87,42.945,1193172
2013-12-12 15:00:00,42.945,42.95,42.885,42.92,1238333
2013-12-12 15:15:00,42.93,42.94,42.88,42.905,1295594
2013-12-12 15:30:00,42.89,42.95,42.88,42.92,1368867
2013-12-12 15:45:00,42.92,42.96,42.85,42.86,1454962
2013-12-12 16:00:00,42.87,42.98,42.83,42.96,1744899
2013-12-13 09:45:00,43.35,44.25,43.29,44.22,369454
2013-12-13 10:00:00,44.21,44.67,44.11,44.67,714352
2013-12-13 10:15:00,44.65,45.13,44.57,44.95,1380571
2013-12-13 10:30:00,44.95,45.33,44.86,44.955,1787535
2013-12-13 10:45:00,44.95,45.105,44.9,44.995,2013458
2013-12-13 11:00:00,45.0,45.24,44.99,45.175,2374741
2013-12-13 11:15:00,45.18,45.28,44.94,45.21,2535088
2013-12-13 11:30:00,45.21,45.4,45.17,45.2,2668696
2013-12-13 11:45:00,45.2,45.33,45.18,45.32,2739353
2013-12-13 12:00:00,45.314,45.35,45.19,45.235,2966783
2013-12-13 12:15:00,45.24,45.26,45.18,45.2,3043745
2013-12-13 12:30:00,45.21,45.22,45.13,45.2,3158082
2013-12-13 12:45:00,45.2,45.21,45.17,45.205,3254772
2013-12-13 13:00:00,45.205,45.245,45.12,45.15,3414830
2013-12-13 13:15:00,45.15,45.21,45.132,45.1601,3528731
2013-12-13 13:30:00,45.17,45.25,45.16,45.25,3573323
2013-12-13 13:45:00,45.25,45.47,45.25,45.4,3703317
2013-12-13 14:00:00,45.4,45.75,45.4,45.58,3912377
2013-12-13 14:15:00,45.58,45.68,45.56,45.61,4002823
2013-12-13 14:30:00,45.62,45.65,45.6,45.6,4059823
2013-12-13 14:45:00,45.61,45.66,45.57,45.65,4189109
2013-12-13 15:00:00,45.65,45.71,45.6,45.68,4295724
2013-12-13 15:15:00,45.7,45.74,45.57,45.675,4454987
2013-12-13 15:30:00,45.675,45.7,45.62,45.64,4580073
2013-12-13 15:45:00,45.65,45.77,45.58,45.77,4933973
2013-12-13 16:00:00,45.76,45.84,45.6,45.62,5440224
2013-12-16 09:45:00,44.98,45.7,44.98,45.66,467971
2013-12-16 10:00:00,45.66,45.69,45.46,45.555,725967
2013-12-16 10:15:00,45.56,45.6,45.5,45.58,951453
2013-12-16 10:30:00,45.59,45.65,45.5,45.5,1096638
2013-12-16 10:45:00,45.505,45.54,45.37,45.46,1256076
2013-12-16 11:00:00,45.46,45.59,45.42,45.505,1384410
2013-12-16 11:15:00,45.505,45.54,45.47,45.535,1454750
2013-12-16 11:30:00,45.535,45.5899,45.52,45.56,1561269
2013-12-16 11:45:00,45.55,45.59,45.44,45.49,1651528
2013-12-16 12:00:00,45.49,45.51,45.44,45.51,1695794
2013-12-16 12:15:00,45.51,45.52,45.49,45.5,1751624
2013-12-16 12:30:00,45.5,45.52,45.5,45.5,1791350
2013-12-16 12:45:00,45.51,45.555,45.5,45.54,1824921
2013-12-16 13:00:00,45.55,45.56,45.51,45.53,1882244
2013-12-16 13:15:00,45.53,45.59,45.5,45.55,1935904
2013-12-16 13:30:00,45.55,45.6,45.51,45.59,1961735
2013-12-16 13:45:00,45.6,45.61,45.56,45.6,1994204
2013-12-16 14:00:00,45.6,45.62,45.59,45.61,2041436
2013-12-16 14:15:00,45.61,45.65,45.57,45.6,2107861
2013-12-16 14:30:00,45.6,45.64,45.57,45.63,2148083
2013-12-16 14:45:00,45.63,45.75,45.62,45.745,2207044
2013-12-16 15:00:00,45.745,45.81,45.73,45.76,2311979
2013-12-16 15:15:00,45.76,45.76,45.72,45.725,2372074
2013-12-16 15:30:00,45.725,45.74,45.71,45.72,2493550
2013-12-16 15:45:00,45.72,45.725,45.6,45.64,2577690
2013-12-16 16:00:00,45.635,45.78,45.47,45.61,3328384
2013-12-17 09:45:00,45.58,45.65,45.35,45.425,85192
2013-12-17 10:00:00,45.425,45.46,45.27,45.32,238362
2013-12-17 10:15:00,45.32,45.47,45.26,45.46,379730
2013-12-17 10:30:00,45.47,45.5,45.39,45.42,450071
2013-12-17 10:45:00,45.43,45.54,45.37,45.54,499709
2013-12-17 11:00:00,45.55,45.56,45.34,45.36,588986
2013-12-17 11:15:00,45.35,45.38,45.2,45.3,651335
2013-12-17 11:30:00,45.3,45.32,45.25,45.26,682341
2013-12-17 11:45:00,45.26,45.33,45.26,45.33,698975
2013-12-17 12:00:00,45.33,45.4,45.29,45.3,732873
2013-12-17 12:15:00,45.31,45.315,45.225,45.25,771962
2013-12-17 12:30:00,45.25,45.3,45.24,45.27,789902
2013-12-17 12:45:00,45.27,45.31,45.26,45.29,839401
2013-12-17 13:00:00,45.3,45.31,45.28,45.29,872800
2013-12-17 13:15:00,45.28,45.28,45.23,45.24,902173
2013-12-17 13:30:00,45.24,45.27,45.195,45.205,981369
2013-12-17 13:45:00,45.21,45.22,45.19,45.19,1068436
2013-12-17 14:00:00,45.19,45.2,45.17,45.2,1096759
2013-12-17 14:15:00,45.19,45.26,45.19,45.25,1155097
2013-12-17 14:30:00,45.24,45.26,45.23,45.24,1200569
2013-12-17 14:45:00,45.24,45.25,45.17,45.2,1249840
2013-12-17 15:00:00,45.2,45.22,45.15,45.19,1303016
2013-12-17 15:15:00,45.19,45.2,45.13,45.13,1425902
2013-12-17 15:30:00,45.13,45.155,45.06,45.1,1539203
2013-12-17 15:45:00,45.1,45.305,45.1,45.27,1674363
2013-12-17 16:00:00,45.28,45.305,45.14,45.15,2178330
2013-12-18 09:45:00,45.45,45.65,45.22,45.5,195720
2013-12-18 10:00:00,45.51,45.51,45.38,45.4,247875
2013-12-18 10:15:00,45.4,45.41,45.34,45.38,309288
2013-12-18 10:30:00,45.38,45.385,45.14,45.15,397667
2013-12-18 10:45:00,45.15,45.26,45.15,45.25,477953
2013-12-18 11:00:00,45.25,45.25,45.15,45.18,555710
2013-12-18 11:15:00,45.17,45.19,45.12,45.14,599846
2013-12-18 11:30:00,45.145,45.145,45.05,45.05,694266
2013-12-18 11:45:00,45.05,45.15,45.02,45.03,787302
2013-12-18 12:00:00,45.02,45.05,45.01,45.03,812626
2013-12-18 12:15:00,45.03,45.03,44.99,45.03,862991
2013-12-18 12:30:00,45.025,45.03,44.92,44.93,919890
2013-12-18 12:45:00,44.925,44.94,44.86,44.86,959011
2013-12-18 13:00:00,44.865,44.93,44.865,44.88,1016286
2013-12-18 13:15:00,44.8801,44.89,44.755,44.8,1104860
2013-12-18 13:30:00,44.79,44.95,44.78,44.945,1157488
2013-12-18 13:45:00,44.95,44.96,44.94,44.95,1186900
2013-12-18 14:00:00,44.945,45.1,44.92,44.98,1256845
2013-12-18 14:15:00,44.99,45.25,44.68,45.14,1510069
2013-12-18 14:30:00,45.15,45.16,45.069,45.09,1627654
2013-12-18 14:45:00,45.085,45.235,45.085,45.2,1752968
2013-12-18 15:00:00,45.2,45.21,45.15,45.16,1829679
2013-12-18 15:15:00,45.17,45.3,45.16,45.3,1941704
2013-12-18 15:30:00,45.3,45.3,45.1,45.195,2232385
2013-12-18 15:45:00,45.2,45.24,45.17,45.19,2531604
2013-12-18 16:00:00,45.19,45.21,45.0,45.15,3537487
2013-12-19 09:45:00,45.09,45.48,45.09,45.44,66857
2013-12-19 10:00:00,45.44,45.48,45.22,45.3,290110
2013-12-19 10:15:00,45.32,45.32,45.19,45.22,486325
2013-12-19 10:30:00,45.215,45.26,45.05,45.07,699249
2013-12-19 10:45:00,45.07,45.07,44.99,45.055,937825
2013-12-19 11:00:00,45.06,45.08,44.98,45.0,1110415
2013-12-19 11:15:00,45.01,45.07,44.99,45.01,1200952
2013-12-19 11:30:00,45.005,45.02,44.985,45.02,1289526
2013-12-19 11:45:00,45.015,45.23,45.015,45.18,1379874
2013-12-19 12:00:00,45.19,45.19,45.11,45.15,1537529
2013-12-19 12:15:00,45.16,45.16,45.09,45.1,1633516
2013-12-19 12:30:00,45.11,45.11,45.05,45.09,1724279
2013-12-19 12:45:00,45.09,45.1,45.02,45.07,1818813
2013-12-19 13:00:00,45.075,45.075,45.0,45.06,1890208
2013-12-19 13:15:00,45.055,45.07,45.01,45.03,1999011
2013-12-19 13:30:00,45.04,45.08,45.03,45.05,2070215
2013-12-19 13:45:00,45.06,45.1,45.05,45.1,2143364
2013-12-19 14:00:00,45.1,45.1,45.07,45.1,2216544
2013-12-19 14:15:00,45.1,45.1,45.09,45.1,2269360
2013-12-19 14:30:00,45.1,45.11,45.085,45.1075,2635596
2013-12-19 14:45:00,45.1,45.21,45.09,45.11,2779722
2013-12-19 15:00:00,45.12,45.1451,45.08,45.09,3026876
2013-12-19 15:15:00,45.1,45.125,45.07,45.08,3236841
2013-12-19 15:30:00,45.085,45.12,45.07,45.12,3479592
2013-12-19 15:45:00,45.115,45.15,45.09,45.135,3707727
2013-12-19 16:00:00,45.135,45.16,45.08,45.12,4561550
2013-12-20 09:45:00,45.15,45.38,45.1,45.3,296762
2013-12-20 10:00:00,45.31,45.32,45.25,45.27,324107
2013-12-20 10:15:00,45.27,45.298,45.17,45.22,362942
2013-12-20 10:30:00,45.21,45.28,45.18,45.23,440285
2013-12-20 10:45:00,45.24,45.26,45.2,45.25,509288
2013-12-20 11:00:00,45.25,45.26,45.22,45.24,613728
2013-12-20 11:15:00,45.25,45.26,45.2,45.26,675363
2013-12-20 11:30:00,45.25,45.28,45.23,45.23,735674
2013-12-20 11:45:00,45.23,45.31,45.23,45.23,796388
2013-12-20 12:00:00,45.23,45.25,45.21,45.25,854997
2013-12-20 12:15:00,45.25,45.25,45.15,45.16,906145
2013-12-20 12:30:00,45.16,45.205,45.14,45.18,949684
2013-12-20 12:45:00,45.175,45.21,45.17,45.18,976540
2013-12-20 13:00:00,45.17,45.19,45.14,45.15,1009617
2013-12-20 13:15:00,45.16,45.18,45.13,45.14,1044603
2013-12-20 13:30:00,45.14,45.18,45.14,45.16,1079137
2013-12-20 13:45:00,45.16,45.17,45.13,45.155,1133078
2013-12-20 14:00:00,45.16,45.17,45.13,45.16,1191074
2013-12-20 14:15:00,45.16,45.17,45.14,45.155,1233606
2013-12-20 14:30:00,45.16,45.17,45.15,45.17,1288706
2013-12-20 14:45:00,45.17,45.25,45.165,45.24,1343873
2013-12-20 15:00:00,45.24,45.24,45.21,45.23,1380344
2013-12-20 15:15:00,45.23,45.24,45.2,45.22,1427052
2013-12-20 15:30:00,45.22,45.22,45.16,45.16,1514835
2013-12-20 15:45:00,45.17,45.22,45.16,45.18,1647936
2013-12-20 16:00:00,45.19,45.36,45.18,45.32,2517603
2013-12-23 09:45:00,46.0,46.02,45.75,45.835,241682
2013-12-23 10:00:00,45.82,45.83,45.46,45.48,401084
2013-12-23 10:15:00,45.49,45.75,45.47,45.61,474717
2013-12-23 10:30:00,45.6,45.74,45.56,45.69,547724
2013-12-23 10:45:00,45.69,45.74,45.64,45.72,590860
2013-12-23 11:00:00,45.72,45.74,45.47,45.585,723224
2013-12-23 11:15:00,45.59,45.68,45.45,45.66,846824
2013-12-23 11:30:00,45.6499,45.75,45.63,45.75,874228
2013-12-23 11:45:00,45.75,45.75,45.65,45.6599,1004790
2013-12-23 12:00:00,45.66,45.719,45.65,45.65,1031131
2013-12-23 12:15:00,45.6562,45.73,45.61,45.72,1073925
2013-12-23 12:30:00,45.72,45.7399,45.68,45.68,1109183
2013-12-23 12:45:00,45.6875,45.695,45.66,45.67,1142849
2013-12-23 13:00:00,45.66,45.69,45.66,45.675,1166720
2013-12-23 13:15:00,45.675,45.7,45.669,45.69,1202430
2013-12-23 13:30:00,45.69,45.69,45.66,45.68,1233762
2013-12-23 13:45:00,45.67,45.68,45.56,45.56,1293512
2013-12-23 14:00:00,45.56,45.59,45.53,45.58,1330297
2013-12-23 14:15:00,45.58,45.6,45.57,45.5901,1375814
2013-12-23 14:30:00,45.59,45.65,45.58,45.65,1450733
2013-12-23 14:45:00,45.64,45.65,45.62,45.63,1486752
2013-12-23 15:00:00,45.63,45.65,45.63,45.63,1534780
2013-12-23 15:15:00,45.64,45.65,45.62,45.645,1599580
2013-12-23 15:30:00,45.6462,45.66,45.61,45.64,1660048
2013-12-23 15:45:00,45.64,45.65,45.63,45.64,1741384
2013-12-23 16:00:00,45.645,45.65,45.54,45.56,2240683
2013-12-24 09:45:00,45.5,45.67,45.5,45.575,33815
2013-12-24 10:00:00,45.55,45.65,45.55,45.64,54390
2013-12-24 10:15:00,45.63,45.65,45.58,45.61,80507
2013-12-24 10:30:00,45.628,45.74,45.61,45.71,107643
2013-12-24 10:45:00,45.7055,45.7055,45.66,45.66,142755
2013-12-24 11:00:00,45.66,45.7,45.66,45.675,172210
2013-12-24 11:15:00,45.68,45.72,45.67,45.6761,209987
2013-12-24 11:30:00,45.67,45.677,45.58,45.61,275247
2013-12-24 11:45:00,45.62,45.66,45.6,45.61,303076
2013-12-24 12:00:00,45.609,45.64,45.59,45.62,330474
2013-12-24 12:15:00,45.63,45.65,45.63,45.64,372292
2013-12-24 12:30:00,45.65,45.65,45.635,45.64,390336
2013-12-24 12:45:00,45.64,45.7,45.62,45.63,452869
2013-12-24 13:00:00,45.63,45.66,45.56,45.64,523008
2013-12-24 13:15:00,45.64,45.64,45.64,45.64,540385
2013-12-24 15:00:00,45.6501,45.6501,45.65,45.65,541715
2013-12-26 09:45:00,45.82,46.0,45.7601,46.0,35457
2013-12-26 10:00:00,46.0,46.04,45.95,45.99,89072
2013-12-26 10:15:00,45.99,46.0,45.97,45.98,123215
2013-12-26 10:30:00,45.99,46.0,45.92,46.0,161062
2013-12-26 10:45:00,45.99,46.0,45.95,45.95,186742
2013-12-26 11:00:00,45.95,45.98,45.93,45.96,213070
2013-12-26 11:15:00,45.97,45.985,45.95,45.96,238608
2013-12-26 11:30:00,45.97,46.0,45.97,46.0,278360
2013-12-26 11:45:00,46.0,46.05,45.99,46.05,324329
2013-12-26 12:00:00,46.05,46.05,46.0299,46.04,350771
2013-12-26 12:15:00,46.04,46.05,46.0225,46.0225,378813
2013-12-26 12:30:00,46.025,46.04,46.015,46.035,401837
2013-12-26 12:45:00,46.04,46.06,45.97,46.0,437356
2013-12-26 13:00:00,46.0,46.01,45.97,46.01,452609
2013-12-26 13:15:00,46.01,46.01,45.95,46.0,472113
2013-12-26 13:30:00,46.0,46.0,45.95,45.9547,491139
2013-12-26 13:45:00,45.96,45.97,45.94,45.9499,511169
2013-12-26 14:00:00,45.95,46.01,45.95,46.0,528312
2013-12-26 14:15:00,46.01,46.03,45.99,46.03,547874
2013-12-26 14:30:00,46.02,46.04,45.9975,46.035,570495
2013-12-26 14:45:00,46.04,46.05,46.01,46.02,594224
2013-12-26 15:00:00,46.025,46.05,46.01,46.05,623764
2013-12-26 15:15:00,46.05,46.05,45.98,45.999,667704
2013-12-26 15:30:00,45.995,46.045,45.99,45.99,731969
2013-12-26 15:45:00,45.99,46.01,45.94,45.985,849855
2013-12-26 16:00:00,45.99,45.99,45.915,45.93,966549
2013-12-27 09:45:00,46.04,46.04,45.87,45.91,17378
2013-12-27 10:00:00,45.91,45.96,45.875,45.89,40659
2013-12-27 10:15:00,45.8999,45.91,45.805,45.86,77178
2013-12-27 10:30:00,45.86,45.91,45.835,45.88,112164
2013-12-27 10:45:00,45.87,45.88,45.735,45.74,136959
2013-12-27 11:00:00,45.73,45.73,45.655,45.669,170862
2013-12-27 11:15:00,45.66,45.75,45.655,45.74,188078
2013-12-27 11:30:00,45.74,45.81,45.74,45.81,212572
2013-12-27 11:45:00,45.82,45.86,45.79,45.79,231012
2013-12-27 12:00:00,45.795,45.82,45.725,45.75,278068
2013-12-27 12:15:00,45.75,45.765,45.725,45.73,288775
2013-12-27 12:30:00,45.74,45.75,45.6975,45.73,310179
2013-12-27 12:45:00,45.74,45.77,45.72,45.73,332580
2013-12-27 13:00:00,45.73,45.73,45.69,45.69,376745
2013-12-27 13:15:00,45.7,45.7,45.655,45.6793,392531
2013-12-27 13:30:00,45.67,45.7,45.66,45.7,401450
2013-12-27 13:45:00,45.7,45.72,45.68,45.715,417874
2013-12-27 14:00:00,45.72,45.745,45.71,45.72,433294
2013-12-27 14:15:00,45.715,45.77,45.715,45.77,449930
2013-12-27 14:30:00,45.78,45.815,45.75,45.76,480840
2013-12-27 14:45:00,45.755,45.76,45.65,45.68,552590
2013-12-27 15:00:00,45.69,45.69,45.61,45.63,605400
2013-12-27 15:15:00,45.63,45.63,45.61,45.61,635757
2013-12-27 15:30:00,45.615,45.66,45.59,45.66,696729
2013-12-27 15:45:00,45.66,45.69,45.64,45.69,757545
2013-12-27 16:00:00,45.69,45.73,45.67,45.69,892978
2013-12-30 09:45:00,45.79,45.8071,45.65,45.7,39115
2013-12-30 10:00:00,45.7,45.75,45.63,45.695,88352
2013-12-30 10:15:00,45.7,45.73,45.66,45.67,124248
2013-12-30 10:30:00,45.67,45.72,45.665,45.669,152679
2013-12-30 10:45:00,45.66,45.72,45.66,45.68,177747
2013-12-30 11:00:00,45.68,45.68,45.6,45.62,218872
2013-12-30 11:15:00,45.625,45.74,45.62,45.67,268966
2013-12-30 11:30:00,45.69,45.73,45.69,45.72,283973
2013-12-30 11:45:00,45.72,45.75,45.71,45.7462,2181596
2013-12-30 12:00:00,45.75,45.75,45.728,45.75,2210856
2013-12-30 12:15:00,45.75,45.8,45.74,45.8,2245608
2013-12-30 12:30:00,45.8,45.8,45.72,45.74,2281596
2013-12-30 12:45:00,45.75,45.78,45.74,45.78,2313433
2013-12-30 13:00:00,45.79,45.83,45.76,45.82,2322497
2013-12-30 13:15:00,45.82,45.9,45.81,45.9,2335092
2013-12-30 13:30:00,45.9,45.9,45.78,45.83,2409614
2013-12-30 13:45:00,45.83,45.85,45.78,45.8,2430005
2013-12-30 14:00:00,45.8,45.8,45.78,45.78,2443091
2013-12-30 14:15:00,45.78,45.82,45.775,45.82,2469426
2013-12-30 14:30:00,45.82,45.82,45.8,45.81,2497122
2013-12-30 14:45:00,45.82,45.89,45.818,45.89,2515888
2013-12-30 15:00:00,45.8884,45.9,45.8,45.88,2553591
2013-12-30 15:15:00,45.8748,45.89,45.71,45.71,2673160
2013-12-30 15:30:00,45.73,45.755,45.67,45.73,2755063
2013-12-30 15:45:00,45.72,45.77,45.67,45.73,2823382
2013-12-30 16:00:00,45.72,45.73,45.65,45.68,2982225
2013-12-31 09:45:00,45.7,46.0,45.65,45.89,56790
2013-12-31 10:00:00,45.89,46.13,45.86,46.1,167707
2013-12-31 10:15:00,46.11,46.2,45.98,46.04,218659
2013-12-31 10:30:00,46.03,46.08,46.0,46.055,240230
2013-12-31 10:45:00,46.05,46.05,45.995,46.01,257002
2013-12-31 11:00:00,46.015,46.07,45.98,46.06,275376
2013-12-31 11:15:00,46.07,46.13,46.04,46.11,294417
2013-12-31 11:30:00,46.1,46.11,46.01,46.01,330613
2013-12-31 11:45:00,46.01,46.03,46.01,46.01,353537
2013-12-31 12:00:00,46.01,46.015,45.88,45.88,374229
2013-12-31 12:15:00,45.89,45.93,45.885,45.93,392671
2013-12-31 12:30:00,45.93,45.96,45.91,45.91,410427
2013-12-31 12:45:00,45.91,45.94,45.89,45.89,436650
2013-12-31 13:00:00,45.895,45.905,45.88,45.89,457562
2013-12-31 13:15:00,45.895,45.92,45.89,45.895,471066
2013-12-31 13:30:00,45.9,45.92,45.895,45.92,540081
2013-12-31 13:45:00,45.92,45.94,45.91,45.93,554787
2013-12-31 14:00:00,45.93,45.95,45.93,45.94,578671
2013-12-31 14:15:00,45.95,45.99,45.95,45.97,602325
2013-12-31 14:30:00,45.96,45.97,45.9,45.92,664175
2013-12-31 14:45:00,45.92,45.93,45.87,45.87,684319
2013-12-31 15:00:00,45.87,45.9,45.8,45.86,743814
2013-12-31 15:15:00,45.86,45.88,45.835,45.85,761272
2013-12-31 15:30:00,45.85,45.9,45.8499,45.9,789770
2013-12-31 15:45:00,45.9,45.93,45.83,45.89,935469
2013-12-31 16:00:00,45.89,45.95,45.82,45.89,1176735
2014-01-02 09:45:00,45.8,45.9,45.635,45.68,135379
2014-01-02 10:00:00,45.67,45.72,45.64,45.7,259139
2014-01-02 10:15:00,45.7,45.72,45.53,45.66,331066
2014-01-02 10:30:00,45.67,45.675,45.57,45.6,407001
2014-01-02 10:45:00,45.6,45.605,45.56,45.59,483723
2014-01-02 11:00:00,45.59,45.59,45.54,45.55,538709
2014-01-02 11:15:00,45.54,45.56,45.505,45.515,625054
2014-01-02 11:30:00,45.515,45.52,45.45,45.47,669839
2014-01-02 11:45:00,45.48,45.49,45.44,45.455,704382
2014-01-02 12:00:00,45.45,45.455,45.35,45.39,756956
2014-01-02 12:15:00,45.39,45.39,45.35,45.355,778484
2014-01-02 12:30:00,45.35,45.36,45.25,45.26,812676
2014-01-02 12:45:00,45.26,45.27,45.185,45.2,856300
2014-01-02 13:00:00,45.2,45.21,45.15,45.195,890067
2014-01-02 13:15:00,45.2,45.26,45.0805,45.095,943766
2014-01-02 13:30:00,45.09,45.1499,45.09,45.135,979533
2014-01-02 13:45:00,45.14,45.15,45.08,45.08,1015138
2014-01-02 14:00:00,45.085,45.13,45.06,45.12,1068504
2014-01-02 14:15:00,45.12,45.12,44.97,44.97,1181712
2014-01-02 14:30:00,44.97,45.01,44.88,44.959,1225568
2014-01-02 14:45:00,44.959,45.0,44.93,44.99,1279985
2014-01-02 15:00:00,44.99,45.0,44.93,44.95,1322999
2014-01-02 15:15:00,44.96,45.07,44.96,45.06,1365563
2014-01-02 15:30:00,45.06,45.15,45.01,45.12,1454339
2014-01-02 15:45:00,45.12,45.12,44.89,45.01,1643616
2014-01-02 16:00:00,45.015,45.1,45.01,45.06,1843148
2014-01-03 09:45:00,45.22,45.42,45.22,45.34,40697
2014-01-03 10:00:00,45.31,45.4,45.29,45.3,74266
2014-01-03 10:15:00,45.31,45.37,45.29,45.37,151055
2014-01-03 10:30:00,45.38,45.5,45.38,45.5,191432
2014-01-03 10:45:00,45.5,45.5,45.46,45.49,221180
2014-01-03 11:00:00,45.49,45.52,45.46,45.52,255685
2014-01-03 11:15:00,45.52,45.52,45.41,45.47,320331
2014-01-03 11:30:00,45.4739,45.49,45.395,45.4,350478
2014-01-03 11:45:00,45.39,45.44,45.37,45.43,376018
2014-01-03 12:00:00,45.42,45.425,45.35,45.38,400320
2014-01-03 12:15:00,45.39,45.415,45.32,45.38,428660
2014-01-03 12:30:00,45.39,45.45,45.39,45.4499,446150
2014-01-03 12:45:00,45.447,45.45,45.42,45.43,472502
2014-01-03 13:00:00,45.42,45.43,45.385,45.385,487285
2014-01-03 13:15:00,45.4,45.41,45.39,45.4,506385
2014-01-03 13:30:00,45.39,45.435,45.39,45.414,530189
2014-01-03 13:45:00,45.42,45.4299,45.38,45.4,553667
2014-01-03 14:00:00,45.405,45.43,45.39,45.42,576524
2014-01-03 14:15:00,45.42,45.43,45.36,45.4,618431
2014-01-03 14:30:00,45.39,45.42,45.38,45.39,640133
2014-01-03 14:45:00,45.39,45.43,45.39,45.43,674276
2014-01-03 15:00:00,45.43,45.45,45.39,45.41,739773
2014-01-03 15:15:00,45.42,45.455,45.42,45.45,822349
2014-01-03 15:30:00,45.45,45.465,45.43,45.46,883459
2014-01-03 15:45:00,45.46,45.46,45.37,45.4,986350
2014-01-03 16:00:00,45.39,45.42,45.33,45.34,1106876
2014-01-06 09:45:00,45.59,45.6,45.35,45.395,63521
2014-01-06 10:00:00,45.4,45.4,45.24,45.24,114415
2014-01-06 10:15:00,45.24,45.35,45.2,45.34,158739
2014-01-06 10:30:00,45.34,45.37,45.33,45.37,208520
2014-01-06 10:45:00,45.37,45.37,45.295,45.32,245951
2014-01-06 11:00:00,45.32,45.36,45.26,45.29,278050
2014-01-06 11:15:00,45.289,45.34,45.28,45.3,304114
2014-01-06 11:30:00,45.3,45.325,45.22,45.315,337052
2014-01-06 11:45:00,45.315,45.37,45.3,45.35,364365
2014-01-06 12:00:00,45.34,45.37,45.32,45.325,389153
2014-01-06 12:15:00,45.33,45.35,45.29,45.31,407651
2014-01-06 12:30:00,45.3,45.37,45.3,45.3,426144
2014-01-06 12:45:00,45.3,45.32,45.27,45.2899,440761
2014-01-06 13:00:00,45.29,45.36,45.28,45.35,469142
2014-01-06 13:15:00,45.36,45.365,45.3,45.3,505006
2014-01-06 13:30:00,45.3,45.31,45.2575,45.26,523912
2014-01-06 13:45:00,45.26,45.29,45.23,45.28,557632
2014-01-06 14:00:00,45.29,45.34,45.27,45.29,621660
2014-01-06 14:15:00,45.29,45.35,45.285,45.335,655307
2014-01-06 14:30:00,45.33,45.35,45.27,45.33,705226
2014-01-06 14:45:00,45.34,45.37,45.27,45.35,758034
2014-01-06 15:00:00,45.35,45.37,45.31,45.34,795798
2014-01-06 15:15:00,45.33,45.35,45.3,45.31,831590
2014-01-06 15:30:00,45.31,45.32,45.3,45.32,888910
2014-01-06 15:45:00,45.31,45.32,45.23,45.28,978385
2014-01-06 16:00:00,45.29,45.3,45.07,45.25,1191851
2014-01-07 09:45:00,45.3,45.35,45.16,45.22,66603
2014-01-07 10:00:00,45.213,45.24,45.11,45.24,87143
2014-01-07 10:15:00,45.25,45.25,45.15,45.215,109121
2014-01-07 10:30:00,45.23,45.26,45.17,45.2449,140136
2014-01-07 10:45:00,45.25,45.33,45.22,45.25,175319
2014-01-07 11:00:00,45.26,45.26,45.2,45.25,202387
2014-01-07 11:15:00,45.255,45.28,45.23,45.24,221338
2014-01-07 11:30:00,45.24,45.25,45.22,45.24,240213
2014-01-07 11:45:00,45.23,45.24,45.15,45.15,272375
2014-01-07 12:00:00,45.15,45.16,45.055,45.07,315652
2014-01-07 12:15:00,45.07,45.09,45.005,45.02,362705
2014-01-07 12:30:00,45.02,45.06,45.0,45.0025,388305
2014-01-07 12:45:00,45.01,45.06,45.005,45.02,428840
2014-01-07 13:00:00,45.02,45.11,45.0,45.09,496160
2014-01-07 13:15:00,45.1,45.1,45.03,45.05,544018
2014-01-07 13:30:00,45.06,45.14,45.04,45.14,590064
2014-01-07 13:45:00,45.135,45.2,45.13,45.19,649709
2014-01-07 14:00:00,45.19,45.2,45.145,45.17,679148
2014-01-07 14:15:00,45.17,45.197,45.1,45.135,742203
2014-01-07 14:30:00,45.13,45.15,45.04,45.15,834202
2014-01-07 14:45:00,45.15,45.21,45.14,45.16,876654
2014-01-07 15:00:00,45.164,45.17,45.11,45.115,913433
2014-01-07 15:15:00,45.11,45.15,45.1,45.125,989371
2014-01-07 15:30:00,45.13,45.15,45.115,45.15,1066432
2014-01-07 15:45:00,45.14,45.14,45.07,45.08,1163994
2014-01-07 16:00:00,45.085,45.09,45.005,45.02,1366609
2014-01-08 09:45:00,45.03,45.03,44.76,44.81,91207
2014-01-08 10:00:00,44.8,44.89,44.66,44.89,198883
2014-01-08 10:15:00,44.89,44.98,44.85,44.9,277789
2014-01-08 10:30:00,44.91,45.0411,44.91,45.03,343987
2014-01-08 10:45:00,45.03,45.05,45.0,45.0,381392
2014-01-08 11:00:00,45.0,45.05,45.0,45.04,430222
2014-01-08 11:15:00,45.03,45.045,44.98,45.01,478152
2014-01-08 11:30:00,45.02,45.05,45.01,45.0499,507682
2014-01-08 11:45:00,45.05,45.05,45.02,45.03,549017
2014-01-08 12:00:00,45.04,45.06,45.025,45.04,581113
2014-01-08 12:15:00,45.04,45.06,45.03,45.03,606281
2014-01-08 12:30:00,45.03,45.05,45.005,45.005,632892
2014-01-08 12:45:00,45.01,45.03,44.97,45.03,681486
2014-01-08 13:00:00,45.03,45.04,45.0,45.02,705214
2014-01-08 13:15:00,45.03,45.05,45.0,45.05,732287
2014-01-08 13:30:00,45.05,45.05,44.99,45.0,784851
2014-01-08 13:45:00,44.99,45.0,44.99,44.99,826710
2014-01-08 14:00:00,45.0,45.0,44.97,44.984,885835
2014-01-08 14:15:00,44.98,44.99,44.89,44.97,968841
2014-01-08 14:30:00,44.98,45.01,44.96,45.005,1033389
2014-01-08 14:45:00,45.005,45.01,44.955,44.99,1088435
2014-01-08 15:00:00,44.98,45.0,44.915,44.97,1162435
2014-01-08 15:15:00,44.96,44.97,44.9,44.91,1234783
2014-01-08 15:30:00,44.905,44.91,44.715,44.725,1720529
2014-01-08 15:45:00,44.72,44.91,44.72,44.91,2116030
2014-01-08 16:00:00,44.91,44.95,44.84,44.86,2583555
2014-01-09 09:45:00,45.03,45.03,44.66,44.72,67986
2014-01-09 10:00:00,44.72,44.83,44.68,44.72,131348
2014-01-09 10:15:00,44.72,44.8,44.59,44.69,216865
2014-01-09 10:30:00,44.69,44.745,44.61,44.61,289440
2014-01-09 10:45:00,44.62,44.64,44.5,44.5,367201
2014-01-09 11:00:00,44.5,44.5,44.32,44.36,448202
2014-01-09 11:15:00,44.36,44.36,44.21,44.215,530778
2014-01-09 11:30:00,44.23,44.32,44.205,44.22,610787
2014-01-09 11:45:00,44.23,44.26,44.18,44.22,679601
2014-01-09 12:00:00,44.22,44.23,44.14,44.155,745293
2014-01-09 12:15:00,44.155,44.18,44.11,44.12,796994
2014-01-09 12:30:00,44.12,44.13,44.08,44.12,862803
2014-01-09 12:45:00,44.12,44.34,44.11,44.31,933826
2014-01-09 13:00:00,44.315,44.47,44.25,44.47,1026623
2014-01-09 13:15:00,44.47,44.5,44.44,44.49,1092826
2014-01-09 13:30:00,44.49,44.5,44.46,44.491,1148852
2014-01-09 13:45:00,44.5,44.5,44.39,44.46,1228187
2014-01-09 14:00:00,44.46,44.46,44.39,44.39,1288141
2014-01-09 14:15:00,44.395,44.405,44.29,44.4,1394572
2014-01-09 14:30:00,44.4,44.5,44.4,44.5,1465171
2014-01-09 14:45:00,44.49,44.5,44.46,44.5,1528582
2014-01-09 15:00:00,44.5,44.5,44.39,44.39,1610570
2014-01-09 15:15:00,44.4,44.46,44.39,44.46,1703758
2014-01-09 15:30:00,44.46,44.49,44.45,44.48,1819046
2014-01-09 15:45:00,44.47,44.5,44.29,44.3,2147019
2014-01-09 16:00:00,44.31,44.39,44.26,44.32,2511601
2014-01-10 09:45:00,44.57,44.59,44.35,44.37,42223
2014-01-10 10:00:00,44.35,44.38,44.22,44.22,83287
2014-01-10 10:15:00,44.21,44.27,44.05,44.09,201705
2014-01-10 10:30:00,44.11,44.2,44.05,44.16,322587
2014-01-10 10:45:00,44.18,44.2,44.13,44.16,438969
2014-01-10 11:00:00,44.15,44.2,44.145,44.17,523693
2014-01-10 11:15:00,44.16,44.285,44.14,44.266,618176
2014-01-10 11:30:00,44.26,44.26,44.11,44.11,724333
2014-01-10 11:45:00,44.1,44.11,44.03,44.03,836060
2014-01-10 12:00:00,44.025,44.08,44.01,44.035,917846
2014-01-10 12:15:00,44.03,44.095,43.95,44.05,1049770
2014-01-10 12:30:00,44.0484,44.11,44.02,44.05,1122035
2014-01-10 12:45:00,44.06,44.15,44.025,44.12,1288672
2014-01-10 13:00:00,44.12,44.21,44.04,44.14,1415209
2014-01-10 13:15:00,44.14,44.16,44.08,44.15,1477321
2014-01-10 13:30:00,44.15,44.16,44.12,44.16,1507833
2014-01-10 13:45:00,44.16,44.18,44.15,44.16,1565035
2014-01-10 14:00:00,44.17,44.17,43.995,44.04,1784375
2014-01-10 14:15:00,44.04,44.08,44.025,44.03,1861052
2014-01-10 14:30:00,44.04,44.1,44.03,44.1,1935953
2014-01-10 14:45:00,44.1,44.16,44.06,44.08,2102683
2014-01-10 15:00:00,44.085,44.1,44.07,44.09,2205613
2014-01-10 15:15:00,44.09,44.1,44.04,44.1,2411043
2014-01-10 15:30:00,44.095,44.12,44.07,44.12,2599897
2014-01-10 15:45:00,44.13,44.16,44.06,44.085,2815009
2014-01-10 16:00:00,44.09,44.11,43.99,44.1,3488888
2014-01-13 09:45:00,44.09,44.15,43.97,44.09,64250
2014-01-13 10:00:00,44.09,44.15,43.98,43.99,128683
2014-01-13 10:15:00,44.01,44.1,44.01,44.1,205531
2014-01-13 10:30:00,44.09,44.22,44.08,44.21,337186
2014-01-13 10:45:00,44.21,44.22,44.11,44.12,405339
2014-01-13 11:00:00,44.12,44.14,44.1,44.14,454866
2014-01-13 11:15:00,44.14,44.14,44.09,44.12,525296
2014-01-13 11:30:00,44.12,44.14,44.06,44.14,691977
2014-01-13 11:45:00,44.14,44.25,44.11,44.25,750964
2014-01-13 12:00:00,44.24,44.27,44.15,44.165,833122
2014-01-13 12:15:00,44.18,44.2,44.11,44.15,891862
2014-01-13 12:30:00,44.15,44.15,44.015,44.02,978880
2014-01-13 12:45:00,44.02,44.04,43.955,44.035,1028591
2014-01-13 13:00:00,44.04,44.05,43.92,43.94,1152427
2014-01-13 13:15:00,43.9304,43.9304,43.85,43.8575,1191064
2014-01-13 13:30:00,43.86,43.91,43.78,43.85,1228177
2014-01-13 13:45:00,43.85,43.87,43.8,43.83,1257279
2014-01-13 14:00:00,43.83,43.96,43.79,43.95,1325531
2014-01-13 14:15:00,43.95,43.96,43.87,43.89,1366368
2014-01-13 14:30:00,43.88,43.88,43.82,43.84,1420145
2014-01-13 14:45:00,43.83,43.85,43.8,43.82,1464599
2014-01-13 15:00:00,43.81,43.84,43.77,43.8,1563274
2014-01-13 15:15:00,43.8,43.81,43.725,43.77,1679389
2014-01-13 15:30:00,43.77,43.83,43.77,43.8,1778358
2014-01-13 15:45:00,43.79,43.79,43.685,43.7,1886347
2014-01-13 16:00:00,43.7,43.74,43.66,43.68,2188580
2014-01-14 09:45:00,43.89,43.9,43.79,43.85,42352
2014-01-14 10:00:00,43.84,43.91,43.76,43.91,81453
2014-01-14 10:15:00,43.9,43.97,43.85,43.96,146921
2014-01-14 10:30:00,43.96,43.99,43.93,43.98,184240
2014-01-14 10:45:00,43.98,44.0,43.95,44.0,215385
2014-01-14 11:00:00,43.993,44.0,43.95,43.99,248820
2014-01-14 11:15:00,44.0,44.0,43.96,43.97,290638
2014-01-14 11:30:00,43.98,44.0,43.95,43.97,343715
2014-01-14 11:45:00,43.97,43.98,43.9,43.9,373597
2014-01-14 12:00:00,43.9,44.01,43.9,44.01,417470
2014-01-14 12:15:00,44.018,44.02,44.0,44.02,451965
2014-01-14 12:30:00,44.017,44.12,44.0,44.08,564794
2014-01-14 12:45:00,44.08,44.15,44.0748,44.15,618722
2014-01-14 13:00:00,44.14,44.145,44.11,44.14,664932
2014-01-14 13:15:00,44.13,44.16,44.12,44.14,695746
2014-01-14 13:30:00,44.14,44.17,44.13,44.14,723705
2014-01-14 13:45:00,44.13,44.235,44.13,44.18,761266
2014-01-14 14:00:00,44.1893,44.23,44.16,44.22,795716
2014-01-14 14:15:00,44.22,44.29,44.21,44.21,849632
2014-01-14 14:30:00,44.2,44.27,44.18,44.27,876318
2014-01-14 14:45:00,44.27,44.29,44.235,44.25,910317
2014-01-14 15:00:00,44.25,44.315,44.25,44.28,954981
2014-01-14 15:15:00,44.27,44.29,44.25,44.26,989864
2014-01-14 15:30:00,44.26,44.359,44.26,44.35,1152528
2014-01-14 15:45:00,44.35,44.39,44.29,44.32,1213023
2014-01-14 16:00:00,44.33,44.41,44.32,44.37,1582275
2014-01-15 09:45:00,44.38,44.45,44.15,44.15,72799
2014-01-15 10:00:00,44.16,44.19,43.93,43.94,175991
2014-01-15 10:15:00,43.94,44.18,43.94,44.1336,242078
2014-01-15 10:30:00,44.15,44.34,44.11,44.34,401618
2014-01-15 10:45:00,44.34,44.34,44.215,44.23,448452
2014-01-15 11:00:00,44.235,44.28,44.155,44.1907,498705
2014-01-15 11:15:00,44.19,44.27,44.16,44.18,562950
2014-01-15 11:30:00,44.18,44.25,44.15,44.2,647249
2014-01-15 11:45:00,44.21,44.32,44.19,44.24,715445
2014-01-15 12:00:00,44.24,44.25,44.145,44.205,759090
2014-01-15 12:15:00,44.2,44.225,44.15,44.175,811228
2014-01-15 12:30:00,44.17,44.27,44.145,44.26,856728
2014-01-15 12:45:00,44.27,44.29,44.19,44.22,903302
2014-01-15 13:00:00,44.23,44.27,44.2,44.23,945178
2014-01-15 13:15:00,44.23,44.28,44.22,44.24,975681
2014-01-15 13:30:00,44.24,44.25,44.2,44.215,1011411
2014-01-15 13:45:00,44.21,44.25,44.18,44.22,1080987
2014-01-15 14:00:00,44.23,44.24,44.19,44.21,1122014
2014-01-15 14:15:00,44.21,44.235,44.19,44.23,1168357
2014-01-15 14:30:00,44.23,44.2699,44.21,44.22,1195993
2014-01-15 14:45:00,44.23,44.27,44.2,44.24,1244852
2014-01-15 15:00:00,44.24,44.29,44.24,44.28,1279311
2014-01-15 15:15:00,44.27,44.28,44.245,44.25,1320806
2014-01-15 15:30:00,44.25,44.27,44.24,44.24,1423574
2014-01-15 15:45:00,44.24,44.3,44.21,44.27,1520400
2014-01-15 16:00:00,44.28,44.3,44.24,44.27,1644454
2014-01-16 09:45:00,44.85,45.1,44.7,44.74,91608
2014-01-16 10:00:00,44.74,45.0,44.735,44.99,335132
2014-01-16 10:15:00,44.98,45.19,44.97,45.15,448147
2014-01-16 10:30:00,45.14,45.15,44.92,44.925,568309
2014-01-16 10:45:00,44.91,45.0,44.78,44.855,693566
2014-01-16 11:00:00,44.85,44.85,44.72,44.8,761823
2014-01-16 11:15:00,44.79,44.79,44.53,44.58,885709
2014-01-16 11:30:00,44.58,44.59,44.42,44.45,1015916
2014-01-16 11:45:00,44.47,44.51,44.42,44.485,1081016
2014-01-16 12:00:00,44.49,44.59,44.47,44.58,1171693
2014-01-16 12:15:00,44.58,44.58,44.52,44.55,1216106
2014-01-16 12:30:00,44.55,44.6,44.52,44.6,1246999
2014-01-16 12:45:00,44.6,44.6,44.54,44.58,1280066
2014-01-16 13:00:00,44.58,44.605,44.56,44.59,1307608
2014-01-16 13:15:00,44.59,44.59,44.55,44.59,1355626
2014-01-16 13:30:00,44.59,44.66,44.575,44.655,1459850
2014-01-16 13:45:00,44.66,44.66,44.58,44.63,1498755
2014-01-16 14:00:00,44.63,44.64,44.58,44.6,1565396
2014-01-16 14:15:00,44.59,44.6,44.46,44.46,1639559
2014-01-16 14:30:00,44.46,44.49,44.33,44.34,1762172
2014-01-16 14:45:00,44.34,44.36,44.18,44.25,1920276
2014-01-16 15:00:00,44.25,44.335,44.24,44.26,1982928
2014-01-16 15:15:00,44.25,44.27,44.18,44.2,2069392
2014-01-16 15:30:00,44.21,44.21,44.1,44.17,2213017
2014-01-16 15:45:00,44.18,44.18,44.08,44.12,2467340
2014-01-16 16:00:00,44.12,44.19,44.05,44.1103,2942344
2014-01-17 09:45:00,44.1,44.11,43.7,43.7014,227169
2014-01-17 10:00:00,43.72,43.74,43.57,43.61,439339
2014-01-17 10:15:00,43.63,44.0,43.58,43.93,609249
2014-01-17 10:30:00,43.95,44.06,43.91,43.92,704418
2014-01-17 10:45:00,43.92,44.02,43.85,43.9,869215
2014-01-17 11:00:00,43.9,44.04,43.88,43.99,1168093
2014-01-17 11:15:00,43.99,44.13,43.97,44.11,1293507
2014-01-17 11:30:00,44.1,44.17,44.01,44.14,1337641
2014-01-17 11:45:00,44.14,44.22,44.1,44.21,1879049
2014-01-17 12:00:00,44.2,44.2,44.07,44.16,2009679
2014-01-17 12:15:00,44.16,44.24,44.11,44.24,2115097
2014-01-17 12:30:00,44.23,44.34,44.23,44.32,2171914
2014-01-17 12:45:00,44.31,44.31,44.21,44.23,2209247
2014-01-17 13:00:00,44.22,44.25,44.18,44.19,2237176
2014-01-17 13:15:00,44.19,44.21,44.1,44.14,2305816
2014-01-17 13:30:00,44.14,44.15,44.09,44.11,2397379
2014-01-17 13:45:00,44.11,44.21,44.1,44.2,2440996
2014-01-17 14:00:00,44.19,44.2462,44.16,44.22,2477400
2014-01-17 14:15:00,44.23,44.24,44.195,44.2075,2527556
2014-01-17 14:30:00,44.21,44.25,44.2,44.21,2566667
2014-01-17 14:45:00,44.21,44.28,44.2,44.265,2619004
2014-01-17 15:00:00,44.265,44.36,44.26,44.32,2676857
2014-01-17 15:15:00,44.33,44.36,44.26,44.28,2753443
2014-01-17 15:30:00,44.29,44.32,44.27,44.29,2921778
2014-01-17 15:45:00,44.29,44.39,44.27,44.38,3069132
2014-01-17 16:00:00,44.37,44.47,44.33,44.41,3579877
2014-01-21 09:45:00,44.67,44.89,44.65,44.86,75329
2014-01-21 10:00:00,44.845,45.03,44.82,44.99,146956
2014-01-21 10:15:00,44.97,45.0,44.81,44.85,224132
2014-01-21 10:30:00,44.84,44.89,44.83,44.8563,286055
2014-01-21 10:45:00,44.85,44.85,44.71,44.71,330539
2014-01-21 11:00:00,44.71,44.835,44.675,44.835,379463
2014-01-21 11:15:00,44.83,44.835,44.59,44.59,446471
2014-01-21 11:30:00,44.59,44.645,44.59,44.63,478492
2014-01-21 11:45:00,44.61,44.64,44.57,44.6,534404
2014-01-21 12:00:00,44.61,44.65,44.58,44.645,592896
2014-01-21 12:15:00,44.645,44.645,44.56,44.59,631454
2014-01-21 12:30:00,44.585,44.72,44.585,44.68,674643
2014-01-21 12:45:00,44.68,44.78,44.68,44.74,730094
2014-01-21 13:00:00,44.7462,44.84,44.74,44.84,773604
2014-01-21 13:15:00,44.83,44.93,44.83,44.925,829997
2014-01-21 13:30:00,44.92,44.97,44.92,44.93,889816
2014-01-21 13:45:00,44.92,44.98,44.92,44.93,930098
2014-01-21 14:00:00,44.9356,44.95,44.92,44.92,956993
2014-01-21 14:15:00,44.92,44.95,44.92,44.94,993665
2014-01-21 14:30:00,44.94,44.97,44.92,44.94,1042010
2014-01-21 14:45:00,44.94,45.01,44.94,44.97,1091841
2014-01-21 15:00:00,44.97,44.98,44.91,44.98,1166466
2014-01-21 15:15:00,44.97,45.0,44.95,44.95,1235605
2014-01-21 15:30:00,44.95,44.99,44.95,44.95,1303591
2014-01-21 15:45:00,44.95,45.0,44.95,44.98,1405263
2014-01-21 16:00:00,44.97,45.04,44.95,45.03,1914715
2014-01-22 09:45:00,45.19,45.19,45.02,45.1,104289
2014-01-22 10:00:00,45.1,45.22,45.08,45.18,168066
2014-01-22 10:15:00,45.17,45.2,45.14,45.18,226072
2014-01-22 10:30:00,45.18,45.32,45.14,45.259,286110
2014-01-22 10:45:00,45.25,45.29,45.14,45.26,346304
2014-01-22 11:00:00,45.26,45.26,45.06,45.06,387351
2014-01-22 11:15:00,45.06,45.15,45.02,45.13,436132
2014-01-22 11:30:00,45.12,45.18,45.11,45.17,471516
2014-01-22 11:45:00,45.165,45.21,45.11,45.12,527239
2014-01-22 12:00:00,45.119,45.13,45.06,45.12,568360
2014-01-22 12:15:00,45.12,45.16,45.12,45.155,607249
2014-01-22 12:30:00,45.165,45.2,45.14,45.2,638381
2014-01-22 12:45:00,45.2,45.225,45.2,45.21,665350
2014-01-22 13:00:00,45.21,45.23,45.2,45.225,699272
2014-01-22 13:15:00,45.23,45.3,45.19,45.27,731284
2014-01-22 13:30:00,45.27,45.27,45.23,45.23,763794
2014-01-22 13:45:00,45.23,45.25,45.17,45.18,807083
2014-01-22 14:00:00,45.175,45.21,45.13,45.17,850964
2014-01-22 14:15:00,45.17,45.28,45.165,45.28,899157
2014-01-22 14:30:00,45.28,45.31,45.25,45.25,938831
2014-01-22 14:45:00,45.26,45.28,45.215,45.27,978855
2014-01-22 15:00:00,45.27,45.34,45.24,45.34,1031137
2014-01-22 15:15:00,45.32,45.34,45.25,45.305,1122995
2014-01-22 15:30:00,45.31,45.35,45.3,45.315,1191553
2014-01-22 15:45:00,45.31,45.35,45.295,45.315,1301578
2014-01-22 16:00:00,45.315,45.38,45.3,45.34,1496461
2014-01-23 09:45:00,44.96,45.14,44.83,44.95,92160
2014-01-23 10:00:00,44.94,45.09,44.94,44.96,174416
2014-01-23 10:15:00,44.96,45.09,44.95,45.02,253739
2014-01-23 10:30:00,45.02,45.11,44.95,44.95,327027
2014-01-23 10:45:00,44.96,45.12,44.94,45.06,403651
2014-01-23 11:00:00,45.05,45.055,44.98,45.01,455963
2014-01-23 11:15:00,45.0,45.05,44.99,45.05,489783
2014-01-23 11:30:00,45.042,45.18,45.042,45.05,524647
2014-01-23 11:45:00,45.06,45.12,45.0,45.04,552218
2014-01-23 12:00:00,45.05,45.1,45.035,45.0999,578424
2014-01-23 12:15:00,45.1,45.12,45.04,45.07,600406
2014-01-23 12:30:00,45.07,45.08,45.045,45.06,634145
2014-01-23 12:45:00,45.05,45.18,45.05,45.12,672390
2014-01-23 13:00:00,45.11,45.11,44.99,45.07,702214
2014-01-23 13:15:00,45.06,45.07,45.01,45.04,740031
2014-01-23 13:30:00,45.04,45.06,45.0,45.0199,776106
2014-01-23 13:45:00,45.02,45.05,44.975,45.0,817373
2014-01-23 14:00:00,45.0,45.03,44.98,44.98,882700
2014-01-23 14:15:00,44.975,45.01,44.94,45.0,947211
2014-01-23 14:30:00,45.0,45.08,45.0,45.08,995784
2014-01-23 14:45:00,45.08,45.1,45.06,45.09,1040267
2014-01-23 15:00:00,45.1,45.19,45.08,45.18,1095130
2014-01-23 15:15:00,45.17,45.19,45.01,45.02,1181476
2014-01-23 15:30:00,45.02,45.12,45.0,45.115,1287107
2014-01-23 15:45:00,45.115,45.14,44.97,45.0,1404491
2014-01-23 16:00:00,45.0,45.03,44.9,45.01,1733438
2014-01-24 09:45:00,44.59,44.59,44.23,44.23,54377
2014-01-24 10:00:00,44.19,44.29,44.19,44.28,82761
2014-01-24 10:15:00,44.27,44.33,44.19,44.28,118656
2014-01-24 10:30:00,44.2755,44.2755,44.15,44.18,168941
2014-01-24 10:45:00,44.175,44.175,43.96,43.99,221727
2014-01-24 11:00:00,43.99,44.09,43.94,44.09,264008
2014-01-24 11:15:00,44.08,44.105,43.92,43.94,330475
2014-01-24 11:30:00,43.93,43.95,43.74,43.77,368504
2014-01-24 11:45:00,43.76,43.82,43.72,43.75,410193
2014-01-24 12:00:00,43.75,43.84,43.72,43.83,464056
2014-01-24 12:15:00,43.82,43.84,43.67,43.68,526377
2014-01-24 12:30:00,43.69,43.69,43.63,43.65,585081
2014-01-24 12:45:00,43.66,43.66,43.55,43.555,660369
2014-01-24 13:00:00,43.56,43.6455,43.55,43.635,704726
2014-01-24 13:15:00,43.63,43.67,43.6,43.66,742060
2014-01-24 13:30:00,43.66,43.66,43.58,43.58,786374
2014-01-24 13:45:00,43.58,43.61,43.56,43.59,829262
2014-01-24 14:00:00,43.58,43.63,43.555,43.56,864245
2014-01-24 14:15:00,43.5655,43.5655,43.37,43.37,998223
2014-01-24 14:30:00,43.37,43.43,43.34,43.36,1039737
2014-01-24 14:45:00,43.35,43.42,43.34,43.4,1074743
2014-01-24 15:00:00,43.4,43.41,43.35,43.365,1103927
2014-01-24 15:15:00,43.35,43.42,43.32,43.415,1182911
2014-01-24 15:30:00,43.41,43.46,43.4,43.42,1289334
2014-01-24 15:45:00,43.42,43.46,43.39,43.4,1369969
2014-01-24 16:00:00,43.39,43.39,43.24,43.24,1724462
2014-01-27 09:45:00,43.26,43.31,42.82,43.0499,105206
2014-01-27 10:00:00,43.05,43.05,42.82,42.87,166501
2014-01-27 10:15:00,42.89,42.94,42.7,42.7,241923
2014-01-27 10:30:00,42.71,42.75,42.31,42.32,389272
2014-01-27 10:45:00,42.33,42.38,42.16,42.24,592400
2014-01-27 11:00:00,42.25,42.42,42.23,42.3,759357
2014-01-27 11:15:00,42.31,42.4,42.27,42.33,956299
2014-01-27 11:30:00,42.32,42.42,42.32,42.35,1147986
2014-01-27 11:45:00,42.36,42.36,42.26,42.28,1307794
2014-01-27 12:00:00,42.28,42.285,42.155,42.2,1387047
2014-01-27 12:15:00,42.2,42.28,42.16,42.25,1522481
2014-01-27 12:30:00,42.24,42.26,42.09,42.14,1625511
2014-01-27 12:45:00,42.13,42.2,42.1,42.2,1736302
2014-01-27 13:00:00,42.2,42.21,42.155,42.2,1799513
2014-01-27 13:15:00,42.2,42.435,42.175,42.435,1889627
2014-01-27 13:30:00,42.426,42.54,42.426,42.52,1933308
2014-01-27 13:45:00,42.53,42.75,42.505,42.75,2025412
2014-01-27 14:00:00,42.74,42.78,42.72,42.74,2097648
2014-01-27 14:15:00,42.74,42.9,42.735,42.89,2272211
2014-01-27 14:30:00,42.9,43.04,42.885,42.96,2385151
2014-01-27 14:45:00,42.96,43.05,42.94,43.015,2488763
2014-01-27 15:00:00,43.015,43.05,42.94,43.05,2650750
2014-01-27 15:15:00,43.05,43.18,42.98,43.17,2760904
2014-01-27 15:30:00,43.17,43.18,42.96,43.01,2856032
2014-01-27 15:45:00,42.99,43.05,42.935,42.945,2987087
2014-01-27 16:00:00,42.94,42.96,42.755,42.77,3316516
2014-01-28 09:45:00,42.9,43.28,42.85,43.28,97912
2014-01-28 10:00:00,43.26,43.43,43.25,43.305,214915
2014-01-28 10:15:00,43.31,43.4,43.265,43.27,318205
2014-01-28 10:30:00,43.26,43.26,43.055,43.09,404092
2014-01-28 10:45:00,43.1,43.12,43.0,43.0,457875
2014-01-28 11:00:00,43.005,43.05,42.935,42.98,523359
2014-01-28 11:15:00,42.97,43.08,42.94,42.95,573267
2014-01-28 11:30:00,42.94,42.94,42.77,42.78,637058
2014-01-28 11:45:00,42.78,42.87,42.74,42.76,677235
2014-01-28 12:00:00,42.77,42.77,42.65,42.66,726009
2014-01-28 12:15:00,42.67,42.84,42.6255,42.6255,820280
2014-01-28 12:30:00,42.62,42.67,42.6,42.67,893434
2014-01-28 12:45:00,42.67,42.71,42.61,42.615,958842
2014-01-28 13:00:00,42.61,42.62,42.45,42.5075,1069562
2014-01-28 13:15:00,42.52,42.52,42.41,42.43,1162089
2014-01-28 13:30:00,42.43,42.48,42.36,42.46,1321894
2014-01-28 13:45:00,42.45,42.57,42.45,42.55,1376089
2014-01-28 14:00:00,42.56,42.6,42.53,42.54,1453390
2014-01-28 14:15:00,42.54,42.62,42.53,42.575,1514288
2014-01-28 14:30:00,42.575,42.76,42.55,42.7,1644452
2014-01-28 14:45:00,42.7,42.705,42.54,42.5475,1766200
2014-01-28 15:00:00,42.56,42.6,42.5,42.51,1839992
2014-01-28 15:15:00,42.51,42.53,42.46,42.49,1928275
2014-01-28 15:30:00,42.49,42.52,42.46,42.49,1999566
2014-01-28 15:45:00,42.5,42.53,42.47,42.48,2107492
2014-01-28 16:00:00,42.49,42.51,42.425,42.48,2432090
2014-01-29 09:45:00,42.19,42.31,42.01,42.19,141705
2014-01-29 10:00:00,42.16,42.17,41.94,41.99,256404
2014-01-29 10:15:00,42.0,42.03,41.96,41.965,415684
2014-01-29 10:30:00,41.99,42.06,41.955,42.05,517284
2014-01-29 10:45:00,42.04,42.11,41.97,42.075,631384
2014-01-29 11:00:00,42.08,42.14,42.07,42.085,687536
2014-01-29 11:15:00,42.085,42.2,42.085,42.15,808560
2014-01-29 11:30:00,42.15,42.21,42.105,42.17,864585
2014-01-29 11:45:00,42.165,42.185,42.02,42.03,926404
2014-01-29 12:00:00,42.02,42.17,41.99,42.165,985730
2014-01-29 12:15:00,42.18,42.19,42.07,42.07,1102668
2014-01-29 12:30:00,42.08,42.17,42.04,42.1,1147944
2014-01-29 12:45:00,42.1,42.1,42.01,42.09,1192001
2014-01-29 13:00:00,42.1,42.11,42.04,42.1,1224652
2014-01-29 13:15:00,42.1,42.1,42.01,42.0546,1277063
2014-01-29 13:30:00,42.05,42.05,41.96,41.99,1328675
2014-01-29 13:45:00,42.0,42.03,41.92,41.92,1373693
2014-01-29 14:00:00,41.93,42.12,41.93,42.09,1442033
2014-01-29 14:15:00,42.08,42.28,41.99,42.05,1562579
2014-01-29 14:30:00,42.04,42.19,41.94,42.14,1644877
2014-01-29 14:45:00,42.13,42.34,42.11,42.29,1821931
2014-01-29 15:00:00,42.3,42.3,42.15,42.17,1881770
2014-01-29 15:15:00,42.17,42.18,42.11,42.115,1987612
2014-01-29 15:30:00,42.12,42.2,42.1,42.15,2071599
2014-01-29 15:45:00,42.14,42.17,42.06,42.17,2177845
2014-01-29 16:00:00,42.17,42.22,42.15,42.19,2372107
2014-01-30 09:45:00,42.42,42.565,42.4,42.42,85741
2014-01-30 10:00:00,42.44,42.55,42.38,42.54,119054
2014-01-30 10:15:00,42.52,42.65,42.485,42.533,161312
2014-01-30 10:30:00,42.53,42.75,42.52,42.68,271241
2014-01-30 10:45:00,42.69,42.7247,42.675,42.695,301619
2014-01-30 11:00:00,42.695,42.75,42.685,42.75,337763
2014-01-30 11:15:00,42.75,42.79,42.74,42.755,460082
2014-01-30 11:30:00,42.75,42.84,42.74,42.81,509177
2014-01-30 11:45:00,42.82,42.89,42.79,42.84,533563
2014-01-30 12:00:00,42.85,42.95,42.85,42.89,603247
2014-01-30 12:15:00,42.89,42.91,42.865,42.89,643269
2014-01-30 12:30:00,42.89,42.93,42.87,42.92,669930
2014-01-30 12:45:00,42.93,43.06,42.92,43.05,759574
2014-01-30 13:00:00,43.05,43.12,43.04,43.08,790014
2014-01-30 13:15:00,43.08,43.08,42.985,42.99,805832
2014-01-30 13:30:00,42.99,43.075,42.97,43.05,842647
2014-01-30 13:45:00,43.06,43.06,42.99,43.02,933722
2014-01-30 14:00:00,43.015,43.08,42.99,43.04,989017
2014-01-30 14:15:00,43.04,43.05,42.93,42.95,1019401
2014-01-30 14:30:00,42.93,43.0,42.91,43.0,1054804
2014-01-30 14:45:00,42.99,43.02,42.96,42.99,1148869
2014-01-30 15:00:00,42.97,42.99,42.89,42.92,1198569
2014-01-30 15:15:00,42.9176,42.99,42.9176,42.99,1237480
2014-01-30 15:30:00,42.99,43.0,42.93,42.95,1317835
2014-01-30 15:45:00,42.96,42.97,42.885,42.905,1400405
2014-01-30 16:00:00,42.91,42.98,42.855,42.94,1661144
2014-01-31 09:45:00,42.2,42.43,42.09,42.24,176822
2014-01-31 10:00:00,42.2475,42.45,42.12,42.345,349601
2014-01-31 10:15:00,42.34,42.41,42.28,42.295,492052
2014-01-31 10:30:00,42.295,42.32,42.22,42.25,614540
2014-01-31 10:45:00,42.25,42.305,42.2,42.25,700431
2014-01-31 11:00:00,42.26,42.31,42.185,42.21,789623
2014-01-31 11:15:00,42.21,42.35,42.17,42.35,850502
2014-01-31 11:30:00,42.35,42.36,42.265,42.35,929576
2014-01-31 11:45:00,42.355,42.355,42.31,42.34,980721
2014-01-31 12:00:00,42.34,42.35,42.31,42.35,1021226
2014-01-31 12:15:00,42.35,42.36,42.31,42.3123,1069602
2014-01-31 12:30:00,42.31,42.35,42.24,42.33,1124790
2014-01-31 12:45:00,42.33,42.33,42.27,42.29,1200175
2014-01-31 13:00:00,42.3,42.35,42.29,42.325,1260298
2014-01-31 13:15:00,42.33,42.37,42.32,42.36,1317862
2014-01-31 13:30:00,42.36,42.39,42.34,42.38,1349303
2014-01-31 13:45:00,42.38,42.43,42.36,42.4,1485990
2014-01-31 14:00:00,42.41,42.51,42.4,42.51,1601620
2014-01-31 14:15:00,42.51,42.545,42.39,42.415,1681541
2014-01-31 14:30:00,42.41,42.45,42.38,42.435,1736095
2014-01-31 14:45:00,42.43,42.51,42.43,42.51,1777447
2014-01-31 15:00:00,42.53,42.61,42.46,42.46,1837703
2014-01-31 15:15:00,42.47,42.47,42.35,42.37,1927833
2014-01-31 15:30:00,42.365,42.37,42.28,42.31,2062234
2014-01-31 15:45:00,42.31,42.35,42.28,42.28,2237923
2014-01-31 16:00:00,42.29,42.3,42.23,42.28,2675262
2014-02-03 09:45:00,42.17,42.26,42.0,42.03,82026
2014-02-03 10:00:00,42.02,42.07,41.83,41.9,137089
2014-02-03 10:15:00,41.9,41.9,41.51,41.5275,241479
2014-02-03 10:30:00,41.53,41.66,41.42,41.65,370433
2014-02-03 10:45:00,41.65,41.77,41.635,41.765,436398
2014-02-03 11:00:00,41.7675,41.81,41.74,41.76,537030
2014-02-03 11:15:00,41.76,41.78,41.57,41.57,677349
2014-02-03 11:30:00,41.57,41.64,41.52,41.58,721174
2014-02-03 11:45:00,41.58,41.66,41.55,41.59,765193
2014-02-03 12:00:00,41.58,41.58,41.43,41.43,805122
2014-02-03 12:15:00,41.44,41.44,41.37,41.4,829768
2014-02-03 12:30:00,41.41,41.485,41.362,41.47,857195
2014-02-03 12:45:00,41.48,41.56,41.47,41.52,890349
2014-02-03 13:00:00,41.54,41.58,41.44,41.44,939009
2014-02-03 13:15:00,41.45,41.46,41.291,41.36,988162
2014-02-03 13:30:00,41.3599,41.4,41.26,41.28,1025161
2014-02-03 13:45:00,41.28,41.33,41.25,41.28,1074854
2014-02-03 14:00:00,41.28,41.29,41.1,41.19,1296777
2014-02-03 14:15:00,41.19,41.21,41.16,41.18,1368054
2014-02-03 14:30:00,41.18,41.21,41.07,41.1,1493015
2014-02-03 14:45:00,41.09,41.1,40.949,40.98,1590958
2014-02-03 15:00:00,40.96,41.02,40.94,40.965,1698615
2014-02-03 15:15:00,40.97,41.03,40.95,41.03,1795341
2014-02-03 15:30:00,41.03,41.03,40.95,41.01,2004034
2014-02-03 15:45:00,41.01,41.02,40.96,40.96,2153717
2014-02-03 16:00:00,40.97,41.06,40.88,41.04,2774380
2014-02-04 09:45:00,41.57,41.83,41.29,41.33,245994
2014-02-04 10:00:00,41.33,41.42,41.25,41.28,325146
2014-02-04 10:15:00,41.28,41.36,41.2,41.23,551794
2014-02-04 10:30:00,41.24,41.305,41.15,41.165,647336
2014-02-04 10:45:00,41.175,41.2,40.96,41.0414,777172
2014-02-04 11:00:00,41.04,41.1,40.99,41.03,913121
2014-02-04 11:15:00,41.02,41.23,41.02,41.23,1027441
2014-02-04 11:30:00,41.23,41.305,41.18,41.255,1106441
2014-02-04 11:45:00,41.26,41.4,41.255,41.36,1199846
2014-02-04 12:00:00,41.355,41.52,41.33,41.46,1306759
2014-02-04 12:15:00,41.47,41.55,41.47,41.52,1367224
2014-02-04 12:30:00,41.51,41.58,41.47,41.5,1429684
2014-02-04 12:45:00,41.5,41.69,41.5,41.69,1466756
2014-02-04 13:00:00,41.69,41.7,41.63,41.67,1502659
2014-02-04 13:15:00,41.67,41.78,41.65,41.67,1571032
2014-02-04 13:30:00,41.68,41.745,41.67,41.73,1631941
2014-02-04 13:45:00,41.735,41.81,41.72,41.8,1682160
2014-02-04 14:00:00,41.79,41.795,41.67,41.67,1742287
2014-02-04 14:15:00,41.665,41.71,41.59,41.71,1808535
2014-02-04 14:30:00,41.7,41.825,41.69,41.82,1858073
2014-02-04 14:45:00,41.81,41.88,41.79,41.83,1915110
2014-02-04 15:00:00,41.83,41.87,41.79,41.86,1963737
2014-02-04 15:15:00,41.86,41.96,41.86,41.95,2052311
2014-02-04 15:30:00,41.95,42.03,41.9,41.91,2186841
2014-02-04 15:45:00,41.9,42.09,41.88,42.06,2464396
2014-02-04 16:00:00,42.05,42.18,42.05,42.1,2861929
2014-02-05 09:45:00,41.82,42.01,41.79,41.86,55718
2014-02-05 10:00:00,41.85,41.86,41.7301,41.79,132242
2014-02-05 10:15:00,41.79,41.99,41.78,41.86,279907
2014-02-05 10:30:00,41.86,41.885,41.72,41.81,379081
2014-02-05 10:45:00,41.82,42.21,41.8,42.18,512019
2014-02-05 11:00:00,42.17,42.27,42.15,42.21,677543
2014-02-05 11:15:00,42.21,42.24,42.04,42.12,781744
2014-02-05 11:30:00,42.12,42.25,42.11,42.24,825798
2014-02-05 11:45:00,42.25,42.33,42.23,42.29,873257
2014-02-05 12:00:00,42.3,42.39,42.3,42.37,910890
2014-02-05 12:15:00,42.38,42.38,42.24,42.28,943102
2014-02-05 12:30:00,42.29,42.34,42.235,42.34,984199
2014-02-05 12:45:00,42.34,42.4,42.335,42.39,1039228
2014-02-05 13:00:00,42.39,42.39,42.33,42.38,1069469
2014-02-05 13:15:00,42.37,42.56,42.36,42.52,1133550
2014-02-05 13:30:00,42.52,42.555,42.48,42.5,1192521
2014-02-05 13:45:00,42.5,42.53,42.46,42.465,1238553
2014-02-05 14:00:00,42.465,42.47,42.42,42.42,1284401
2014-02-05 14:15:00,42.43,42.44,42.27,42.3,1384567
2014-02-05 14:30:00,42.295,42.42,42.285,42.42,1464870
2014-02-05 14:45:00,42.415,42.46,42.32,42.34,1512536
2014-02-05 15:00:00,42.33,42.36,42.3,42.31,1560185
2014-02-05 15:15:00,42.31,42.51,42.3,42.5,1725180
2014-02-05 15:30:00,42.5,42.68,42.46,42.66,1933497
2014-02-05 15:45:00,42.65,42.69,42.5848,42.64,2243630
2014-02-05 16:00:00,42.64,42.64,42.45,42.47,2560807
2014-02-06 09:45:00,42.74,43.41,42.72,42.92,214597
2014-02-06 10:00:00,42.91,43.12,42.82,43.04,280201
2014-02-06 10:15:00,43.02,43.12,42.98,43.005,351488
2014-02-06 10:30:00,42.99,43.13,42.97,43.13,430187
2014-02-06 10:45:00,43.12,43.25,43.09,43.205,534877
2014-02-06 11:00:00,43.2,43.29,43.19,43.27,618830
2014-02-06 11:15:00,43.27,43.41,43.24,43.39,686776
2014-02-06 11:30:00,43.37,43.4,43.24,43.245,746468
2014-02-06 11:45:00,43.245,43.32,43.24,43.27,776180
2014-02-06 12:00:00,43.27,43.32,43.26,43.31,808333
2014-02-06 12:15:00,43.3,43.425,43.3,43.42,853474
2014-02-06 12:30:00,43.42,43.48,43.39,43.39,915718
2014-02-06 12:45:00,43.38,43.39,43.25,43.26,955864
2014-02-06 13:00:00,43.26,43.35,43.2563,43.28,991205
2014-02-06 13:15:00,43.27,43.31,43.255,43.26,1008615
2014-02-06 13:30:00,43.26,43.31,43.22,43.27,1055207
2014-02-06 13:45:00,43.27,43.31,43.25,43.28,1097544
2014-02-06 14:00:00,43.28,43.34,43.28,43.305,1152432
2014-02-06 14:15:00,43.31,43.39,43.29,43.39,1193634
2014-02-06 14:30:00,43.39,43.54,43.37,43.46,1254374
2014-02-06 14:45:00,43.47,43.51,43.44,43.49,1294213
2014-02-06 15:00:00,43.48,43.51,43.45,43.51,1343818
2014-02-06 15:15:00,43.51,43.535,43.39,43.39,1396179
2014-02-06 15:30:00,43.4,43.42,43.28,43.3,1520386
2014-02-06 15:45:00,43.295,43.41,43.28,43.41,1612785
2014-02-06 16:00:00,43.4,43.505,43.4,43.49,1817324
2014-02-07 09:45:00,43.66,44.3,43.58,44.1,148028
2014-02-07 10:00:00,44.11,44.3,43.89,43.92,343277
2014-02-07 10:15:00,43.94,44.02,43.68,43.68,385041
2014-02-07 10:30:00,43.67,43.68,43.5,43.55,424850
2014-02-07 10:45:00,43.54,43.6,43.48,43.56,479080
2014-02-07 11:00:00,43.58,43.69,43.54,43.63,519253
2014-02-07 11:15:00,43.62,43.65,43.57,43.65,551013
2014-02-07 11:30:00,43.64,43.7,43.58,43.64,595199
2014-02-07 11:45:00,43.64,43.74,43.63,43.72,625971
2014-02-07 12:00:00,43.71,43.79,43.71,43.77,652139
2014-02-07 12:15:00,43.76,43.8,43.73,43.74,677610
2014-02-07 12:30:00,43.74,43.81,43.74,43.81,706439
2014-02-07 12:45:00,43.81,43.84,43.755,43.77,729940
2014-02-07 13:00:00,43.76,43.785,43.74,43.78,754334
2014-02-07 13:15:00,43.79,43.88,43.755,43.86,800692
2014-02-07 13:30:00,43.87,43.93,43.85,43.91,825183
2014-02-07 13:45:00,43.92,44.05,43.91,44.02,886902
2014-02-07 14:00:00,44.03,44.13,44.03,44.11,942825
2014-02-07 14:15:00,44.12,44.14,44.0798,44.0798,983666
2014-02-07 14:30:00,44.08,44.11,44.035,44.11,1032170
2014-02-07 14:45:00,44.11,44.16,44.08,44.11,1071720
2014-02-07 15:00:00,44.1,44.14,44.07,44.12,1133212
2014-02-07 15:15:00,44.12,44.15,44.1,44.13,1190845
2014-02-07 15:30:00,44.13,44.16,44.1,44.1,1259940
2014-02-07 15:45:00,44.11,44.18,44.105,44.17,1350582
2014-02-07 16:00:00,44.17,44.22,44.13,44.17,1531459
2014-02-10 09:45:00,44.59,44.72,43.72,43.73,163623
2014-02-10 10:00:00,43.76,44.06,43.71,44.031,241050
2014-02-10 10:15:00,44.03,44.19,43.96,44.19,306162
2014-02-10 10:30:00,44.19,44.24,44.13,44.2,359588
2014-02-10 10:45:00,44.19,44.2,44.11,44.18,408211
2014-02-10 11:00:00,44.18,44.36,44.15,44.31,484618
2014-02-10 11:15:00,44.3,44.38,44.23,44.29,578014
2014-02-10 11:30:00,44.29,44.36,44.26,44.33,639068
2014-02-10 11:45:00,44.34,44.49,44.329,44.43,722204
2014-02-10 12:00:00,44.43,44.53,44.42,44.5,807676
2014-02-10 12:15:00,44.48,44.48,44.28,44.42,903963
2014-02-10 12:30:00,44.43,44.54,44.4099,44.4099,989788
2014-02-10 12:45:00,44.41,44.58,44.4,44.58,1124497
2014-02-10 13:00:00,44.58,44.68,44.5201,44.66,1193850
2014-02-10 13:15:00,44.66,44.88,44.625,44.77,1370988
2014-02-10 13:30:00,44.77,44.8,44.73,44.76,1456212
2014-02-10 13:45:00,44.76,44.85,44.75,44.79,1536311
2014-02-10 14:00:00,44.79,44.83,44.78,44.83,1613175
2014-02-10 14:15:00,44.82,44.93,44.79,44.91,1751539
2014-02-10 14:30:00,44.92,44.96,44.89,44.928,1884820
2014-02-10 14:45:00,44.93,44.98,44.89,44.97,1975317
2014-02-10 15:00:00,44.96,45.05,44.92,44.98,2194159
2014-02-10 15:15:00,44.97,44.97,44.88,44.939,2388417
2014-02-10 15:30:00,44.94,45.06,44.91,45.05,2609658
2014-02-10 15:45:00,45.05,45.13,45.02,45.12,2860897
2014-02-10 16:00:00,45.11,45.14,45.06,45.13,3184532
2014-02-11 09:45:00,45.02,45.07,44.45,44.85,294856
2014-02-11 10:00:00,44.83,44.87,44.37,44.44,421817
2014-02-11 10:15:00,44.44,44.48,44.41,44.44,535670
2014-02-11 10:30:00,44.45,44.64,44.45,44.64,600703
2014-02-11 10:45:00,44.65,44.73,44.586,44.65,689356
2014-02-11 11:00:00,44.65,44.71,44.59,44.64,783698
2014-02-11 11:15:00,44.64,44.73,44.59,44.7,863499
2014-02-11 11:30:00,44.7,45.1,44.66,45.09,961729
2014-02-11 11:45:00,45.1,45.35,45.06,45.2253,1183378
2014-02-11 12:00:00,45.21,45.2726,45.15,45.18,1246088
2014-02-11 12:15:00,45.18,45.2,45.0,45.18,1305504
2014-02-11 12:30:00,45.18,45.18,45.09,45.13,1336894
2014-02-11 12:45:00,45.125,45.14,45.07,45.08,1360947
2014-02-11 13:00:00,45.08,45.13,44.97,45.12,1524220
2014-02-11 13:15:00,45.12,45.26,45.11,45.26,1562017
2014-02-11 13:30:00,45.25,45.255,45.185,45.22,1651496
2014-02-11 13:45:00,45.22,45.22,45.12,45.15,1699363
2014-02-11 14:00:00,45.15,45.155,44.985,45.0,1794800
2014-02-11 14:15:00,44.99,45.01,44.9,44.97,1873310
2014-02-11 14:30:00,44.97,45.01,44.88,44.98,1987552
2014-02-11 14:45:00,44.98,45.05,44.94,45.01,2040462
2014-02-11 15:00:00,45.01,45.03,44.98,45.0,2104933
2014-02-11 15:15:00,45.0,45.04,44.95,44.95,2168922
2014-02-11 15:30:00,44.96,44.97,44.91,44.95,2253727
2014-02-11 15:45:00,44.95,44.98,44.9,44.915,2387388
2014-02-11 16:00:00,44.92,45.07,44.91,44.99,2736745
2014-02-12 09:45:00,45.11,45.35,45.09,45.3,46222
2014-02-12 10:00:00,45.325,45.5,45.28,45.48,126004
2014-02-12 10:15:00,45.48,45.54,45.38,45.41,247007
2014-02-12 10:30:00,45.4,45.51,45.35,45.51,314904
2014-02-12 10:45:00,45.52,45.57,45.49,45.51,363397
2014-02-12 11:00:00,45.503,45.57,45.37,45.4,471398
2014-02-12 11:15:00,45.39,45.52,45.37,45.42,648708
2014-02-12 11:30:00,45.42,45.42,45.26,45.4,728474
2014-02-12 11:45:00,45.4,45.46,45.38,45.455,799838
2014-02-12 12:00:00,45.46,45.49,45.42,45.4575,899713
2014-02-12 12:15:00,45.455,45.52,45.38,45.48,951356
2014-02-12 12:30:00,45.49,45.51,45.385,45.41,1012599
2014-02-12 12:45:00,45.43,45.46,45.4,45.41,1109578
2014-02-12 13:00:00,45.4149,45.5,45.36,45.45,1159962
2014-02-12 13:15:00,45.46,45.47,45.39,45.43,1183794
2014-02-12 13:30:00,45.43,45.43,45.36,45.38,1232115
2014-02-12 13:45:00,45.38,45.5075,45.36,45.47,1397826
2014-02-12 14:00:00,45.46,45.49,45.409,45.46,1431864
2014-02-12 14:15:00,45.47,45.59,45.42,45.5,1519202
2014-02-12 14:30:00,45.4999,45.56,45.4999,45.55,1558682
2014-02-12 14:45:00,45.54,45.56,45.47,45.53,1638213
2014-02-12 15:00:00,45.5325,45.565,45.41,45.46,1718808
2014-02-12 15:15:00,45.45,45.55,45.45,45.55,1801964
2014-02-12 15:30:00,45.555,45.62,45.55,45.595,1856320
2014-02-12 15:45:00,45.6,45.7,45.57,45.69,1965708
2014-02-12 16:00:00,45.685,45.69,45.52,45.65,2328318
2014-02-13 09:45:00,44.82,44.89,43.92,44.11,131095
2014-02-13 10:00:00,44.1,44.53,43.99,44.25,267387
2014-02-13 10:15:00,44.29,44.5,44.2,44.42,423138
2014-02-13 10:30:00,44.43,44.67,44.43,44.61,573791
2014-02-13 10:45:00,44.61,44.82,44.49,44.82,771359
2014-02-13 11:00:00,44.82,44.98,44.76,44.82,889178
2014-02-13 11:15:00,44.83,44.895,44.7,44.74,1029447
2014-02-13 11:30:00,44.75,44.87,44.74,44.8325,1084482
2014-02-13 11:45:00,44.83,44.855,44.77,44.82,1142093
2014-02-13 12:00:00,44.82,44.865,44.715,44.72,1230899
2014-02-13 12:15:00,44.73,44.74,44.5701,44.675,1294821
2014-02-13 12:30:00,44.675,44.685,44.615,44.6548,1398722
2014-02-13 12:45:00,44.65,44.67,44.6,44.64,1438882
2014-02-13 13:00:00,44.65,44.68,44.575,44.58,1498018
2014-02-13 13:15:00,44.575,44.59,44.5,44.56,1597238
2014-02-13 13:30:00,44.55,44.73,44.535,44.69,1647338
2014-02-13 13:45:00,44.7,44.719,44.595,44.7,1720123
2014-02-13 14:00:00,44.69,44.75,44.69,44.7,1777505
2014-02-13 14:15:00,44.6958,44.99,44.69,44.97,1918228
2014-02-13 14:30:00,44.9701,45.055,44.9,44.91,2009866
2014-02-13 14:45:00,44.9,45.11,44.9,45.11,2058271
2014-02-13 15:00:00,45.12,45.265,44.97,45.26,2154940
2014-02-13 15:15:00,45.26,45.29,45.175,45.29,2215273
2014-02-13 15:30:00,45.29,45.35,45.255,45.3,2336435
2014-02-13 15:45:00,45.31,45.33,45.2,45.3,2484610
2014-02-13 16:00:00,45.31,45.32,45.22,45.26,2705604
2014-02-14 09:45:00,45.22,45.49,45.2,45.25,42282
2014-02-14 10:00:00,45.25,45.4,45.135,45.155,149630
2014-02-14 10:15:00,45.1698,45.24,45.05,45.11,208284
2014-02-14 10:30:00,45.12,45.23,45.12,45.2,246525
2014-02-14 10:45:00,45.21,45.255,45.08,45.12,315604
2014-02-14 11:00:00,45.112,45.1712,45.095,45.125,359103
2014-02-14 11:15:00,45.13,45.22,45.09,45.19,413549
2014-02-14 11:30:00,45.2,45.26,45.15,45.24,467517
2014-02-14 11:45:00,45.24,45.32,45.24,45.3,518770
2014-02-14 12:00:00,45.3,45.31,45.25,45.29,592999
2014-02-14 12:15:00,45.29,45.33,45.2827,45.31,660187
2014-02-14 12:30:00,45.31,45.47,45.3001,45.47,697239
2014-02-14 12:45:00,45.4684,45.48,45.425,45.455,767382
2014-02-14 13:00:00,45.45,45.49,45.425,45.48,793455
2014-02-14 13:15:00,45.48,45.49,45.445,45.47,818616
2014-02-14 13:30:00,45.47,45.48,45.45,45.48,845208
2014-02-14 13:45:00,45.475,45.49,45.45,45.47,878978
2014-02-14 14:00:00,45.46,45.53,45.445,45.52,913416
2014-02-14 14:15:00,45.52,45.6,45.515,45.53,955642
2014-02-14 14:30:00,45.53,45.56,45.495,45.505,1000648
2014-02-14 14:45:00,45.51,45.55,45.485,45.535,1029710
2014-02-14 15:00:00,45.54,45.565,45.515,45.545,1091416
2014-02-14 15:15:00,45.55,45.6,45.53,45.6,1157858
2014-02-14 15:30:00,45.595,45.6,45.51,45.54,1217818
2014-02-14 15:45:00,45.54,45.575,45.49,45.5,1288429
2014-02-14 16:00:00,45.49,45.51,45.42,45.43,1580541
2014-02-18 09:45:00,45.59,45.89,45.52,45.85,149307
2014-02-18 10:00:00,45.84,46.12,45.79,46.09,280222
2014-02-18 10:15:00,46.09,46.19,45.95,46.17,396756
2014-02-18 10:30:00,46.17,46.3,46.13,46.27,504675
2014-02-18 10:45:00,46.28,46.37,46.255,46.31,618255
2014-02-18 11:00:00,46.31,46.4,46.22,46.23,925004
2014-02-18 11:15:00,46.23,46.27,46.15,46.22,1113975
2014-02-18 11:30:00,46.22,46.23,46.17,46.21,1209748
2014-02-18 11:45:00,46.21,46.23,46.11,46.17,1267549
2014-02-18 12:00:00,46.17,46.25,46.105,46.24,1445355
2014-02-18 12:15:00,46.23,46.3,46.145,46.19,1575180
2014-02-18 12:30:00,46.19,46.22,46.17,46.19,1678246
2014-02-18 12:45:00,46.19,46.29,46.185,46.25,1755197
2014-02-18 13:00:00,46.26,46.26,46.185,46.21,1836890
2014-02-18 13:15:00,46.21,46.21,46.18,46.2,1902096
2014-02-18 13:30:00,46.195,46.24,46.18,46.22,1996394
2014-02-18 13:45:00,46.22,46.26,46.17,46.26,2072823
2014-02-18 14:00:00,46.255,46.3,46.15,46.2,2178616
2014-02-18 14:15:00,46.2,46.38,46.195,46.3,2266169
2014-02-18 14:30:00,46.3,46.4,46.21,46.24,2447800
2014-02-18 14:45:00,46.23,46.32,46.16,46.31,2549798
2014-02-18 15:00:00,46.31,46.34,46.28,46.33,2601119
2014-02-18 15:15:00,46.32,46.34,46.28,46.29,2654171
2014-02-18 15:30:00,46.29,46.48,46.27,46.48,2748112
2014-02-18 15:45:00,46.47,46.52,46.43,46.52,2872697
2014-02-18 16:00:00,46.51,46.61,46.49,46.55,3195590
2014-02-19 09:45:00,46.51,46.81,46.46,46.55,47020
2014-02-19 10:00:00,46.55,46.66,46.51,46.6,98217
2014-02-19 10:15:00,46.6,46.61,46.49,46.59,171679
2014-02-19 10:30:00,46.58,46.76,46.58,46.67,250046
2014-02-19 10:45:00,46.67,46.73,46.65,46.69,330802
2014-02-19 11:00:00,46.69,46.9199,46.67,46.91,497424
2014-02-19 11:15:00,46.9,46.96,46.89,46.96,548582
2014-02-19 11:30:00,46.9552,47.0,46.93,46.97,613874
2014-02-19 11:45:00,46.975,46.99,46.87,46.93,650162
2014-02-19 12:00:00,46.93,46.99,46.77,46.77,718291
2014-02-19 12:15:00,46.76,46.82,46.71,46.76,766568
2014-02-19 12:30:00,46.76,46.76,46.56,46.57,821071
2014-02-19 12:45:00,46.56,46.585,46.48,46.49,903185
2014-02-19 13:00:00,46.48,46.57,46.38,46.555,976292
2014-02-19 13:15:00,46.54,46.65,46.52,46.62,1018582
2014-02-19 13:30:00,46.6,46.67,46.59,46.64,1085676
2014-02-19 13:45:00,46.66,46.75,46.62,46.74,1120030
2014-02-19 14:00:00,46.735,46.85,46.7,46.7,1169489
2014-02-19 14:15:00,46.71,46.8,46.66,46.73,1228763
2014-02-19 14:30:00,46.72,46.75,46.64,46.74,1285711
2014-02-19 14:45:00,46.74,46.77,46.54,46.57,1406117
2014-02-19 15:00:00,46.565,46.63,46.555,46.59,1450437
2014-02-19 15:15:00,46.6,46.63,46.5,46.55,1500547
2014-02-19 15:30:00,46.55,46.56,46.4,46.44,1573253
2014-02-19 15:45:00,46.435,46.45,46.38,46.3985,1676720
2014-02-19 16:00:00,46.39,46.42,46.31,46.39,1855209
2014-02-20 09:45:00,46.43,46.59,46.27,46.34,39385
2014-02-20 10:00:00,46.29,46.325,46.14,46.16,97449
2014-02-20 10:15:00,46.16,46.42,46.05,46.42,129268
2014-02-20 10:30:00,46.44,46.54,46.4,46.48,160257
2014-02-20 10:45:00,46.48,46.6,46.48,46.57,205500
2014-02-20 11:00:00,46.565,46.565,46.46,46.46,261596
2014-02-20 11:15:00,46.46,46.508,46.42,46.425,289364
2014-02-20 11:30:00,46.42,46.43,46.31,46.33,315447
2014-02-20 11:45:00,46.33,46.47,46.33,46.4,345018
2014-02-20 12:00:00,46.4,46.42,46.33,46.34,363454
2014-02-20 12:15:00,46.35,46.37,46.33,46.35,385047
2014-02-20 12:30:00,46.34,46.5,46.31,46.48,422635
2014-02-20 12:45:00,46.48,46.5,46.445,46.46,455651
2014-02-20 13:00:00,46.47,46.47,46.445,46.46,480317
2014-02-20 13:15:00,46.46,46.49,46.44,46.45,504535
2014-02-20 13:30:00,46.45,46.475,46.43,46.47,526367
2014-02-20 13:45:00,46.46,46.5,46.41,46.445,550963
2014-02-20 14:00:00,46.44,46.46,46.395,46.4,577757
2014-02-20 14:15:00,46.41,46.41,46.325,46.36,621509
2014-02-20 14:30:00,46.36,46.39,46.33,46.35,664137
2014-02-20 14:45:00,46.35,46.41,46.35,46.41,707805
2014-02-20 15:00:00,46.41,46.41,46.365,46.41,747091
2014-02-20 15:15:00,46.41,46.455,46.4,46.45,798281
2014-02-20 15:30:00,46.45,46.47,46.395,46.42,843217
2014-02-20 15:45:00,46.41,46.43,46.37,46.4038,903264
2014-02-20 16:00:00,46.41,46.45,46.38,46.39,1126814
2014-02-21 09:45:00,46.38,46.43,46.1,46.302,117655
2014-02-21 10:00:00,46.32,46.46,46.29,46.34,179546
2014-02-21 10:15:00,46.31,46.43,46.29,46.39,222580
2014-02-21 10:30:00,46.41,46.42,46.34,46.4,265147
2014-02-21 10:45:00,46.4178,46.5,46.4178,46.47,290767
2014-02-21 11:00:00,46.47,46.54,46.46,46.54,388513
2014-02-21 11:15:00,46.53,46.645,46.53,46.63,418799
2014-02-21 11:30:00,46.64,46.64,46.56,46.57,439628
2014-02-21 11:45:00,46.58,46.61,46.53,46.56,504023
2014-02-21 12:00:00,46.58,46.6,46.52,46.54,523502
2014-02-21 12:15:00,46.53,46.6161,46.51,46.61,570196
2014-02-21 12:30:00,46.61,46.62,46.59,46.59,583697
2014-02-21 12:45:00,46.59,46.61,46.58,46.58,601061
2014-02-21 13:00:00,46.57,46.57,46.48,46.49,638031
2014-02-21 13:15:00,46.5,46.51,46.42,46.4737,654714
2014-02-21 13:30:00,46.48,46.5,46.44,46.46,686618
2014-02-21 13:45:00,46.47,46.48,46.359,46.41,711275
2014-02-21 14:00:00,46.41,46.505,46.39,46.48,751581
2014-02-21 14:15:00,46.47,46.48,46.37,46.37,771194
2014-02-21 14:30:00,46.38,46.4,46.345,46.37,797462
2014-02-21 14:45:00,46.37,46.37,46.26,46.34,832425
2014-02-21 15:00:00,46.33,46.37,46.3,46.35,862684
2014-02-21 15:15:00,46.35,46.365,46.28,46.33,909437
2014-02-21 15:30:00,46.33,46.42,46.3266,46.42,961611
2014-02-21 15:45:00,46.42,46.46,46.37,46.39,1023531
2014-02-21 16:00:00,46.39,46.41,46.28,46.295,1161056
2014-02-24 09:45:00,46.54,46.64,46.42,46.59,23796
2014-02-24 10:00:00,46.58,46.74,46.57,46.6934,63448
2014-02-24 10:15:00,46.71,46.7599,46.68,46.68,89336
2014-02-24 10:30:00,46.68,46.7,46.64,46.6937,111290
2014-02-24 10:45:00,46.71,46.77,46.66,46.76,156866
2014-02-24 11:00:00,46.76,46.87,46.76,46.83,175140
2014-02-24 11:15:00,46.83,46.87,46.82,46.85,190392
2014-02-24 11:30:00,46.86,46.87,46.8,46.85,217946
2014-02-24 11:45:00,46.86,46.97,46.86,46.93,238447
2014-02-24 12:00:00,46.93,46.97,46.91,46.95,279807
2014-02-24 12:15:00,46.96,46.98,46.95,46.98,317778
2014-02-24 12:30:00,46.98,47.01,46.94,46.95,407418
2014-02-24 12:45:00,46.96,46.97,46.9,46.91,424631
2014-02-24 13:00:00,46.915,46.9316,46.89,46.93,439188
2014-02-24 13:15:00,46.93,46.94,46.84,46.8541,468732
2014-02-24 13:30:00,46.86,46.93,46.83,46.9,500345
2014-02-24 13:45:00,46.89,46.9,46.83,46.83,513208
2014-02-24 14:00:00,46.83,46.85,46.81,46.81,526703
2014-02-24 14:15:00,46.81,46.88,46.8,46.83,569070
2014-02-24 14:30:00,46.83,46.86,46.8,46.83,597423
2014-02-24 14:45:00,46.84,46.86,46.81,46.84,629993
2014-02-24 15:00:00,46.84,46.88,46.81,46.82,654383
2014-02-24 15:15:00,46.81,46.82,46.72,46.72,681497
2014-02-24 15:30:00,46.7261,46.8,46.69,46.69,719574
2014-02-24 15:45:00,46.7,46.84,46.69,46.83,810661
2014-02-24 16:00:00,46.84,46.9,46.7,46.7,1231593
2014-02-25 09:45:00,46.79,46.98,46.79,46.83,36425
2014-02-25 10:00:00,46.88,46.9,46.69,46.75,70277
2014-02-25 10:15:00,46.78,46.83,46.73,46.77,134481
2014-02-25 10:30:00,46.79,46.79,46.52,46.54,199092
2014-02-25 10:45:00,46.53,46.59,46.5,46.55,238129
2014-02-25 11:00:00,46.54,46.57,46.47,46.55,268809
2014-02-25 11:15:00,46.55,46.5999,46.455,46.55,317592
2014-02-25 11:30:00,46.55,46.64,46.55,46.61,356368
2014-02-25 11:45:00,46.62,46.64,46.53,46.56,384456
2014-02-25 12:00:00,46.55,46.55,46.36,46.37,456083
2014-02-25 12:15:00,46.38,46.4,46.31,46.31,498177
2014-02-25 12:30:00,46.31,46.36,46.23,46.3,547535
2014-02-25 12:45:00,46.3,46.42,46.28,46.4,597420
2014-02-25 13:00:00,46.4075,46.47,46.395,46.4,627738
2014-02-25 13:15:00,46.41,46.4525,46.4,46.4,662935
2014-02-25 13:30:00,46.39,46.44,46.37,46.39,691305
2014-02-25 13:45:00,46.39,46.39,46.25,46.27,774628
2014-02-25 14:00:00,46.27,46.315,46.25,46.3,815091
2014-02-25 14:15:00,46.31,46.34,46.21,46.27,859811
2014-02-25 14:30:00,46.27,46.28,46.22,46.26,909558
2014-02-25 14:45:00,46.27,46.28,46.22,46.23,951373
2014-02-25 15:00:00,46.22,46.23,46.18,46.21,1004419
2014-02-25 15:15:00,46.21,46.23,46.1,46.11,1074224
2014-02-25 15:30:00,46.1,46.13,46.03,46.03,1179586
2014-02-25 15:45:00,46.04,46.16,46.03,46.12,1300942
2014-02-25 16:00:00,46.11,46.14,46.02,46.14,1610456
2014-02-26 09:45:00,46.41,46.54,46.33,46.5,58200
2014-02-26 10:00:00,46.5,46.5,46.33,46.43,111326
2014-02-26 10:15:00,46.45,46.54,46.43,46.49,229957
2014-02-26 10:30:00,46.5,46.72,46.5,46.62,283531
2014-02-26 10:45:00,46.61,46.67,46.53,46.54,338234
2014-02-26 11:00:00,46.54,46.54,46.42,46.46,394350
2014-02-26 11:15:00,46.46,46.48,46.31,46.44,489662
2014-02-26 11:30:00,46.44,46.51,46.39,46.47,531435
2014-02-26 11:45:00,46.48,46.5,46.38,46.46,573508
2014-02-26 12:00:00,46.46,46.48,46.11,46.12,685311
2014-02-26 12:15:00,46.13,46.35,46.11,46.32,774674
2014-02-26 12:30:00,46.32,46.43,46.3,46.41,808647
2014-02-26 12:45:00,46.42,46.51,46.415,46.45,866256
2014-02-26 13:00:00,46.45,46.6,46.45,46.56,915376
2014-02-26 13:15:00,46.56,46.565,46.49,46.545,951872
2014-02-26 13:30:00,46.55,46.6,46.5,46.6,1008146
2014-02-26 13:45:00,46.61,46.66,46.56,46.65,1083100
2014-02-26 14:00:00,46.66,46.675,46.56,46.56,1127384
2014-02-26 14:15:00,46.56,46.57,46.4,46.4,1181296
2014-02-26 14:30:00,46.39,46.44,46.28,46.29,1253167
2014-02-26 14:45:00,46.295,46.38,46.26,46.38,1299886
2014-02-26 15:00:00,46.38,46.41,46.32,46.395,1399202
2014-02-26 15:15:00,46.395,46.4,46.26,46.34,1470587
2014-02-26 15:30:00,46.335,46.385,46.3,46.3,1558487
2014-02-26 15:45:00,46.31,46.43,46.305,46.41,1677120
2014-02-26 16:00:00,46.41,46.43,46.33,46.4,1908870
2014-02-27 09:45:00,46.43,46.76,46.385,46.71,36663
2014-02-27 10:00:00,46.69,46.76,46.54,46.65,110654
2014-02-27 10:15:00,46.66,46.71,46.45,46.45,156630
2014-02-27 10:30:00,46.43,46.51,46.39,46.48,195378
2014-02-27 10:45:00,46.47,46.7,46.47,46.7,235206
2014-02-27 11:00:00,46.69,46.715,46.63,46.68,280897
2014-02-27 11:15:00,46.68,46.85,46.61,46.8,314045
2014-02-27 11:30:00,46.79,46.79,46.66,46.7,356166
2014-02-27 11:45:00,46.71,46.715,46.6,46.63,380346
2014-02-27 12:00:00,46.65,46.655,46.55,46.63,407821
2014-02-27 12:15:00,46.64,46.67,46.58,46.64,430748
2014-02-27 12:30:00,46.65,46.69,46.64,46.68,452264
2014-02-27 12:45:00,46.69,46.71,46.65,46.68,473731
2014-02-27 13:00:00,46.69,46.71,46.64,46.71,498017
2014-02-27 13:15:00,46.72,46.73,46.65,46.705,517858
2014-02-27 13:30:00,46.7,46.77,46.64,46.75,566657
2014-02-27 13:45:00,46.75,46.78,46.74,46.75,610752
2014-02-27 14:00:00,46.77,46.88,46.77,46.87,635647
2014-02-27 14:15:00,46.88,46.91,46.87,46.89,675161
2014-02-27 14:30:00,46.89,46.9,46.82,46.82,706679
2014-02-27 14:45:00,46.82,46.89,46.8,46.83,763564
2014-02-27 15:00:00,46.84,46.88,46.84,46.86,786961
2014-02-27 15:15:00,46.87,46.9,46.8273,46.895,824491
2014-02-27 15:30:00,46.8921,46.93,46.86,46.925,879810
2014-02-27 15:45:00,46.93,46.93,46.81,46.83,950989
2014-02-27 16:00:00,46.83,46.83,46.7,46.83,1165553
2014-02-28 09:45:00,46.94,47.13,46.81,47.085,77914
2014-02-28 10:00:00,47.12,47.135,46.85,47.03,111462
2014-02-28 10:15:00,47.03,47.22,47.03,47.21,164021
2014-02-28 10:30:00,47.22,47.27,47.2,47.25,198956
2014-02-28 10:45:00,47.26,47.28,47.16,47.16,231699
2014-02-28 11:00:00,47.15,47.19,47.13,47.14,271532
2014-02-28 11:15:00,47.14,47.14,47.08,47.08,291701
2014-02-28 11:30:00,47.08,47.14,47.07,47.13,325290
2014-02-28 11:45:00,47.13,47.22,47.1,47.22,350306
2014-02-28 12:00:00,47.212,47.29,47.21,47.27,364536
2014-02-28 12:15:00,47.27,47.275,47.212,47.212,378740
2014-02-28 12:30:00,47.22,47.235,47.16,47.165,393696
2014-02-28 12:45:00,47.17,47.18,47.16,47.165,407904
2014-02-28 13:00:00,47.165,47.2,47.15,47.19,439521
2014-02-28 13:15:00,47.19,47.31,47.19,47.31,468670
2014-02-28 13:30:00,47.31,47.3456,47.3099,47.3401,492237
2014-02-28 13:45:00,47.35,47.38,47.34,47.375,517445
2014-02-28 14:00:00,47.37,47.38,47.35,47.36,546730
2014-02-28 14:15:00,47.36,47.36,47.29,47.36,583054
2014-02-28 14:30:00,47.36,47.42,47.36,47.39,623789
2014-02-28 14:45:00,47.395,47.41,47.31,47.32,663153
2014-02-28 15:00:00,47.32,47.32,47.22,47.26,712939
2014-02-28 15:15:00,47.26,47.261,47.02,47.14,793563
2014-02-28 15:30:00,47.14,47.27,47.12,47.26,873329
2014-02-28 15:45:00,47.26,47.41,47.26,47.3875,975942
2014-02-28 16:00:00,47.4,47.45,47.3,47.33,1426201
2014-03-03 09:45:00,47.1,47.22,46.91,47.01,92978
2014-03-03 10:00:00,46.99,47.05,46.67,46.8,152831
2014-03-03 10:15:00,46.82,46.86,46.67,46.745,253384
2014-03-03 10:30:00,46.75,46.78,46.67,46.74,346453
2014-03-03 10:45:00,46.74,46.75,46.48,46.65,446802
2014-03-03 11:00:00,46.65,46.83,46.61,46.795,524771
2014-03-03 11:15:00,46.79,46.8,46.57,46.58,565474
2014-03-03 11:30:00,46.58,46.63,46.46,46.47,662831
2014-03-03 11:45:00,46.47,46.48,46.25,46.26,747969
2014-03-03 12:00:00,46.25,46.29,46.18,46.22,803895
2014-03-03 12:15:00,46.22,46.37,46.18,46.36,872942
2014-03-03 12:30:00,46.35,46.45,46.32,46.4,914650
2014-03-03 12:45:00,46.395,46.45,46.33,46.37,956679
2014-03-03 13:00:00,46.38,46.415,46.37,46.4,1011979
2014-03-03 13:15:00,46.4,46.58,46.395,46.52,1072806
2014-03-03 13:30:00,46.515,46.52,46.35,46.3575,1149458
2014-03-03 13:45:00,46.36,46.36,46.22,46.23,1268236
2014-03-03 14:00:00,46.225,46.45,46.223,46.3875,1354014
2014-03-03 14:15:00,46.38,46.42,46.36,46.41,1433967
2014-03-03 14:30:00,46.4075,46.42,46.36,46.3675,1495525
2014-03-03 14:45:00,46.36,46.47,46.28,46.47,1545754
2014-03-03 15:00:00,46.47,46.535,46.39,46.4,1622226
2014-03-03 15:15:00,46.4,46.4,46.17,46.19,1701333
2014-03-03 15:30:00,46.19,46.23,46.14,46.23,1787746
2014-03-03 15:45:00,46.23,46.49,46.22,46.48,1929372
2014-03-03 16:00:00,46.47,46.51,46.43,46.49,2165798
2014-03-04 09:45:00,46.97,47.21,46.91,46.93,60351
2014-03-04 10:00:00,46.93,47.03,46.91,46.99,96749
2014-03-04 10:15:00,47.01,47.07,46.95,47.02,123087
2014-03-04 10:30:00,47.04,47.09,47.04,47.09,139103
2014-03-04 10:45:00,47.09,47.13,47.06,47.1,169844
2014-03-04 11:00:00,47.1,47.1399,47.05,47.07,194302
2014-03-04 11:15:00,47.07,47.115,47.06,47.085,221482
2014-03-04 11:30:00,47.07,47.12,47.03,47.05,256952
2014-03-04 11:45:00,47.05,47.09,47.03,47.03,287999
2014-03-04 12:00:00,47.03,47.125,47.0,47.12,313804
2014-03-04 12:15:00,47.12,47.22,47.11,47.22,342011
2014-03-04 12:30:00,47.23,47.33,47.22,47.28,374781
2014-03-04 12:45:00,47.28,47.285,47.21,47.21,405240
2014-03-04 13:00:00,47.22,47.22,47.15,47.19,429147
2014-03-04 13:15:00,47.185,47.215,47.146,47.17,451573
2014-03-04 13:30:00,47.19,47.22,47.15,47.15,470114
2014-03-04 13:45:00,47.16,47.16,47.09,47.1,497891
2014-03-04 14:00:00,47.095,47.1,46.96,47.005,535498
2014-03-04 14:15:00,47.0,47.01,46.94,47.0,573591
2014-03-04 14:30:00,47.0,47.0,46.95,46.95,607051
2014-03-04 14:45:00,46.96,47.005,46.9,46.92,650395
2014-03-04 15:00:00,46.93,46.935,46.85,46.91,752059
2014-03-04 15:15:00,46.91,46.93,46.81,46.83,842049
2014-03-04 15:30:00,46.86,46.93,46.8,46.93,937840
2014-03-04 15:45:00,46.94,47.01,46.93,47.01,1007612
2014-03-04 16:00:00,47.0,47.0,46.915,46.97,1209983
2014-03-05 09:45:00,46.23,46.42,46.19,46.3,1584438
2014-03-05 10:00:00,46.3,46.51,46.29,46.4933,2843822
2014-03-05 10:15:00,46.5,46.505,46.39,46.49,3252445
2014-03-05 10:30:00,46.48,46.49,46.39,46.48,3473058
2014-03-05 10:45:00,46.48,46.49,46.44,46.48,3740555
2014-03-05 11:00:00,46.4701,46.49,46.44,46.48,4054656
2014-03-05 11:15:00,46.475,46.91,46.475,46.8975,4636506
2014-03-05 11:30:00,46.89,46.89,46.61,46.63,4896214
2014-03-05 11:45:00,46.62,46.85,46.62,46.64,5071701
2014-03-05 12:00:00,46.6401,46.71,46.6,46.68,5192279
2014-03-05 12:15:00,46.68,46.68,46.6,46.6,5288068
2014-03-05 12:30:00,46.605,46.65,46.55,46.61,5421874
2014-03-05 12:45:00,46.62,46.75,46.62,46.67,5799578
2014-03-05 13:00:00,46.68,46.68,46.57,46.58,5991507
2014-03-05 13:15:00,46.59,46.68,46.585,46.65,6245688
2014-03-05 13:30:00,46.645,46.66,46.62,46.65,6332893
2014-03-05 13:45:00,46.65,46.66,46.59,46.62,6498425
2014-03-05 14:00:00,46.64,46.64,46.51,46.53,6723195
2014-03-05 14:15:00,46.53,46.59,46.32,46.52,7065941
2014-03-05 14:30:00,46.5225,46.57,46.51,46.55,7194549
2014-03-05 14:45:00,46.54,46.55,46.46,46.48,7346505
2014-03-05 15:00:00,46.47,46.47,46.295,46.35,7678059
2014-03-05 15:15:00,46.35,46.47,46.34,46.4,8015164
2014-03-05 15:30:00,46.39,46.395,46.21,46.23,8371758
2014-03-05 15:45:00,46.24,46.33,46.195,46.25,8808911
2014-03-05 16:00:00,46.24,46.38,46.145,46.32,10502828
2014-03-06 09:45:00,46.68,46.78,46.53,46.53,264874
2014-03-06 10:00:00,46.55,46.6,46.53,46.59,350228
2014-03-06 10:15:00,46.6,46.6,46.51,46.54,497176
2014-03-06 10:30:00,46.53,46.535,46.41,46.5,603024
2014-03-06 10:45:00,46.51,46.56,46.46,46.49,835904
2014-03-06 11:00:00,46.5,46.51,46.36,46.37,900301
2014-03-06 11:15:00,46.37,46.37,46.2,46.3,1096630
2014-03-06 11:30:00,46.3,46.34,46.25,46.25,1156251
2014-03-06 11:45:00,46.25,46.26,46.17,46.19,1222505
2014-03-06 12:00:00,46.19,46.35,46.18,46.35,1371952
2014-03-06 12:15:00,46.34,46.34,46.21,46.29,1442965
2014-03-06 12:30:00,46.3,46.3,46.1,46.14,1512590
2014-03-06 12:45:00,46.13,46.19,46.1,46.12,1578171
2014-03-06 13:00:00,46.12,46.12,46.09,46.11,1608089
2014-03-06 13:15:00,46.11,46.13,45.98,45.98,1705022
2014-03-06 13:30:00,45.98,46.1,45.98,46.07,1820292
2014-03-06 13:45:00,46.07,46.09,46.02,46.04,1861999
2014-03-06 14:00:00,46.035,46.04,45.93,45.96,1928235
2014-03-06 14:15:00,45.95,45.97,45.87,45.97,2086425
2014-03-06 14:30:00,45.98,46.05,45.92,46.0,2214791
2014-03-06 14:45:00,46.0,46.01,45.9501,46.01,2312784
2014-03-06 15:00:00,46.0,46.02,45.99,46.015,2418122
2014-03-06 15:15:00,46.015,46.02,45.99,45.99,2502626
2014-03-06 15:30:00,45.995,46.0,45.99,45.995,2608160
2014-03-06 15:45:00,45.99,46.0,45.93,45.93,2869215
2014-03-06 16:00:00,45.93,45.95,45.85,45.88,3365178
2014-03-07 09:45:00,46.13,46.15,45.93,46.02,80920
2014-03-07 10:00:00,46.02,46.02,45.86,45.89,141612
2014-03-07 10:15:00,45.9,45.925,45.84,45.9,207799
2014-03-07 10:30:00,45.9,45.92,45.78,45.85,291428
2014-03-07 10:45:00,45.85,46.02,45.845,46.0,502702
2014-03-07 11:00:00,46.01,46.08,45.94,46.08,649877
2014-03-07 11:15:00,46.09,46.13,45.96,46.09,772337
2014-03-07 11:30:00,46.09,46.12,46.06,46.12,844697
2014-03-07 11:45:00,46.13,46.28,46.11,46.28,914214
2014-03-07 12:00:00,46.28,46.33,46.24,46.32,994867
2014-03-07 12:15:00,46.315,46.37,46.29,46.37,1084675
2014-03-07 12:30:00,46.38,46.45,46.37,46.45,1171860
2014-03-07 12:45:00,46.45,46.45,46.41,46.44,1222660
2014-03-07 13:00:00,46.44,46.63,46.435,46.61,1393283
2014-03-07 13:15:00,46.605,46.605,46.47,46.54,1543510
2014-03-07 13:30:00,46.53,46.54,46.47,46.5,1699849
2014-03-07 13:45:00,46.49,46.51,46.45,46.49,1773229
2014-03-07 14:00:00,46.5,46.56,46.46,46.47,1923357
2014-03-07 14:15:00,46.47,46.47,46.36,46.4229,1988874
2014-03-07 14:30:00,46.42,46.43,46.36,46.375,2060557
2014-03-07 14:45:00,46.38,46.44,46.36,46.43,2379795
2014-03-07 15:00:00,46.43,46.468,46.41,46.44,2545495
2014-03-07 15:15:00,46.44,46.45,46.37,46.385,2757122
2014-03-07 15:30:00,46.39,46.39,46.29,46.36,2961411
2014-03-07 15:45:00,46.36,46.39,46.28,46.34,3229454
2014-03-07 16:00:00,46.33,46.36,46.25,46.28,3746710
2014-03-10 09:45:00,46.43,46.49,46.23,46.3,108787
2014-03-10 10:00:00,46.3,46.31,46.18,46.3,170967
2014-03-10 10:15:00,46.3,46.3,46.06,46.07,224305
2014-03-10 10:30:00,46.06,46.13,46.05,46.065,291102
2014-03-10 10:45:00,46.065,46.18,46.045,46.06,349392
2014-03-10 11:00:00,46.06,46.18,46.025,46.15,429767
2014-03-10 11:15:00,46.15,46.21,46.1,46.2,495619
2014-03-10 11:30:00,46.2,46.36,46.17,46.36,598160
2014-03-10 11:45:00,46.37,46.41,46.36,46.385,661029
2014-03-10 12:00:00,46.38,46.4,46.28,46.34,729874
2014-03-10 12:15:00,46.33,46.41,46.31,46.38,775659
2014-03-10 12:30:00,46.36,46.58,46.35,46.55,863447
2014-03-10 12:45:00,46.55,46.55,46.45,46.45,914369
2014-03-10 13:00:00,46.46,46.52,46.44,46.5,988404
2014-03-10 13:15:00,46.5,46.53,46.44,46.44,1048312
2014-03-10 13:30:00,46.44,46.46,46.37,46.44,1126934
2014-03-10 13:45:00,46.43,46.44,46.27,46.28,1159335
2014-03-10 14:00:00,46.28,46.29,46.22,46.225,1189595
2014-03-10 14:15:00,46.22,46.225,46.12,46.12,1224850
2014-03-10 14:30:00,46.12,46.13,45.99,46.0075,1317184
2014-03-10 14:45:00,46.0,46.01,45.96,45.97,1361885
2014-03-10 15:00:00,45.96,45.99,45.89,45.96,1403048
2014-03-10 15:15:00,45.96,46.03,45.95,45.98,1519636
2014-03-10 15:30:00,45.99,46.14,45.98,46.14,1587096
2014-03-10 15:45:00,46.14,46.18,46.09,46.17,1672526
2014-03-10 16:00:00,46.18,46.26,46.175,46.26,1911481
2014-03-11 09:45:00,46.25,46.33,46.09,46.18,36634
2014-03-11 10:00:00,46.15,46.17,45.81,45.88,75560
2014-03-11 10:15:00,45.93,46.04,45.9,45.98,124027
2014-03-11 10:30:00,45.98,46.15,45.96,46.15,211973
2014-03-11 10:45:00,46.16,46.23,46.14,46.19,262020
2014-03-11 11:00:00,46.19,46.3,46.175,46.235,323308
2014-03-11 11:15:00,46.23,46.27,46.18,46.27,386507
2014-03-11 11:30:00,46.2663,46.28,46.19,46.195,413052
2014-03-11 11:45:00,46.19,46.28,46.19,46.21,547885
2014-03-11 12:00:00,46.21,46.3,46.21,46.28,709291
2014-03-11 12:15:00,46.29,46.32,46.2182,46.25,757957
2014-03-11 12:30:00,46.25,46.255,46.1925,46.1925,826772
2014-03-11 12:45:00,46.2,46.31,46.1925,46.31,929365
2014-03-11 13:00:00,46.31,46.32,46.25,46.28,968655
2014-03-11 13:15:00,46.28,46.3,46.225,46.3,1008448
2014-03-11 13:30:00,46.29,46.31,46.24,46.26,1217263
2014-03-11 13:45:00,46.25,46.35,46.24,46.35,1268401
2014-03-11 14:00:00,46.34,46.39,46.32,46.34,1312446
2014-03-11 14:15:00,46.3421,46.37,46.29,46.3044,1525764
2014-03-11 14:30:00,46.3,46.31,46.275,46.3,1703211
2014-03-11 14:45:00,46.29,46.31,46.24,46.29,1782585
2014-03-11 15:00:00,46.29,46.31,46.27,46.27,1836345
2014-03-11 15:15:00,46.275,46.3,46.12,46.13,2080862
2014-03-11 15:30:00,46.12,46.175,46.115,46.14,2170728
2014-03-11 15:45:00,46.14,46.21,46.14,46.15,2257141
2014-03-11 16:00:00,46.145,46.21,46.12,46.2,2387141
2014-03-12 09:45:00,45.88,45.91,45.57,45.689,47340
2014-03-12 10:00:00,45.69,45.71,45.48,45.57,118316
2014-03-12 10:15:00,45.57,45.66,45.47,45.59,155465
2014-03-12 10:30:00,45.58,45.62,45.49,45.49,203087
2014-03-12 10:45:00,45.47,45.5501,45.32,45.33,291535
2014-03-12 11:00:00,45.33,45.51,45.215,45.5,347811
2014-03-12 11:15:00,45.51,45.51,45.44,45.5,429658
2014-03-12 11:30:00,45.5,45.56,45.48,45.49,520230
2014-03-12 11:45:00,45.49,45.5,45.36,45.37,554314
2014-03-12 12:00:00,45.38,45.38,45.29,45.29,592099
2014-03-12 12:15:00,45.28,45.29,45.15,45.15,662082
2014-03-12 12:30:00,45.17,45.17,44.97,45.05,834732
2014-03-12 12:45:00,45.06,45.26,45.035,45.25,928657
2014-03-12 13:00:00,45.25,45.26,45.16,45.24,972757
2014-03-12 13:15:00,45.25,45.26,45.09,45.09,1009048
2014-03-12 13:30:00,45.09,45.21,45.09,45.15,1051190
2014-03-12 13:45:00,45.16,45.21,45.15,45.19,1094146
2014-03-12 14:00:00,45.19,45.21,45.05,45.05,1155719
2014-03-12 14:15:00,45.05,45.1,45.01,45.01,1224874
2014-03-12 14:30:00,45.01,45.07,44.93,44.9657,1411036
2014-03-12 14:45:00,44.97,45.03,44.91,44.995,1493871
2014-03-12 15:00:00,45.0,45.06,44.98,44.99,1585423
2014-03-12 15:15:00,44.99,45.02,44.97,44.97,1629390
2014-03-12 15:30:00,44.98,45.05,44.93,45.045,1740371
2014-03-12 15:45:00,45.05,45.1,45.04,45.04,1908876
2014-03-12 16:00:00,45.05,45.1,45.02,45.08,2166962
2014-03-13 09:45:00,45.32,45.37,45.1,45.12,28681
2014-03-13 10:00:00,45.11,45.21,44.93,44.975,256745
2014-03-13 10:15:00,44.985,45.11,44.985,45.03,299319
2014-03-13 10:30:00,45.04,45.1251,45.01,45.03,341705
2014-03-13 10:45:00,45.03,45.07,44.825,44.825,388910
2014-03-13 11:00:00,44.825,44.825,44.725,44.73,445641
2014-03-13 11:15:00,44.73,44.81,44.68,44.695,517291
2014-03-13 11:30:00,44.7,44.76,44.665,44.675,601625
2014-03-13 11:45:00,44.68,44.71,44.62,44.625,762216
2014-03-13 12:00:00,44.62,44.64,44.54,44.59,814726
2014-03-13 12:15:00,44.6,44.62,44.5,44.55,951018
2014-03-13 12:30:00,44.545,44.55,44.32,44.34,1101536
2014-03-13 12:45:00,44.34,44.37,44.28,44.36,1172804
2014-03-13 13:00:00,44.36,44.37,44.33,44.34,1249381
2014-03-13 13:15:00,44.34,44.35,43.955,44.07,1560152
2014-03-13 13:30:00,44.08,44.2,44.06,44.16,1659554
2014-03-13 13:45:00,44.17,44.18,44.048,44.11,1711953
2014-03-13 14:00:00,44.11,44.16,44.065,44.1,1775595
2014-03-13 14:15:00,44.1001,44.13,44.03,44.04,1825106
2014-03-13 14:30:00,44.04,44.08,43.96,43.97,1894278
2014-03-13 14:45:00,43.9738,44.09,43.965,43.99,1965321
2014-03-13 15:00:00,43.98,43.99,43.85,43.92,2056039
2014-03-13 15:15:00,43.92,43.959,43.82,43.86,2151941
2014-03-13 15:30:00,43.87,44.13,43.855,44.13,2421191
2014-03-13 15:45:00,44.12,44.24,44.06,44.2,2563003
2014-03-13 16:00:00,44.19,44.22,44.115,44.14,2837594
2014-03-14 09:45:00,44.12,44.17,43.9,43.97,68428
2014-03-14 10:00:00,43.9899,44.01,43.71,43.94,171625
2014-03-14 10:15:00,43.96,44.16,43.96,44.11,213650
2014-03-14 10:30:00,44.11,44.12,43.92,43.93,331470
2014-03-14 10:45:00,43.935,44.05,43.92,43.96,416754
2014-03-14 11:00:00,43.96,44.02,43.85,43.85,496842
2014-03-14 11:15:00,43.84,43.91,43.82,43.9,578813
2014-03-14 11:30:00,43.9,43.9,43.73,43.86,640270
2014-03-14 11:45:00,43.86,44.04,43.8544,44.02,708332
2014-03-14 12:00:00,44.02,44.17,44.01,44.12,754650
2014-03-14 12:15:00,44.12,44.16,44.04,44.13,791471
2014-03-14 12:30:00,44.13,44.17,44.0,44.0,821854
2014-03-14 12:45:00,43.98,44.18,43.95,44.18,880075
2014-03-14 13:00:00,44.18,44.32,44.12,44.31,918830
2014-03-14 13:15:00,44.3,44.31,44.19,44.23,987605
2014-03-14 13:30:00,44.215,44.24,44.15,44.17,1056729
2014-03-14 13:45:00,44.17,44.205,44.1,44.13,1072958
2014-03-14 14:00:00,44.14,44.19,44.08,44.12,1146670
2014-03-14 14:15:00,44.12,44.21,44.1,44.155,1166130
2014-03-14 14:30:00,44.16,44.21,44.14,44.16,1196612
2014-03-14 14:45:00,44.16,44.16,44.03,44.089,1225941
2014-03-14 15:00:00,44.08,44.09,43.92,43.92,1267836
2014-03-14 15:15:00,43.93,44.0,43.87,43.88,1365083
2014-03-14 15:30:00,43.88,43.88,43.76,43.79,1502757
2014-03-14 15:45:00,43.785,43.86,43.78,43.85,1580601
2014-03-14 16:00:00,43.85,43.87,43.77,43.86,1759989
2014-03-17 09:45:00,44.01,44.28,43.95,44.26,29575
2014-03-17 10:00:00,44.28,44.285,44.035,44.08,131796
2014-03-17 10:15:00,44.09,44.205,44.08,44.14,154376
2014-03-17 10:30:00,44.15,44.18,44.045,44.05,181021
2014-03-17 10:45:00,44.05,44.06,43.94,43.94,229291
2014-03-17 11:00:00,43.96,44.035,43.92,43.96,262076
2014-03-17 11:15:00,43.955,44.01,43.95,43.98,365779
2014-03-17 11:30:00,43.98,44.01,43.87,43.89,410986
2014-03-17 11:45:00,43.89,43.91,43.87,43.91,452852
2014-03-17 12:00:00,43.9,44.0,43.88,44.0,504882
2014-03-17 12:15:00,44.0,44.01,43.94,43.97,556880
2014-03-17 12:30:00,43.96,43.98,43.87,43.9,624657
2014-03-17 12:45:00,43.905,43.92,43.87,43.9,666706
2014-03-17 13:00:00,43.9,43.9075,43.88,43.9,757335
2014-03-17 13:15:00,43.89,43.91,43.84,43.9,811926
2014-03-17 13:30:00,43.9,43.98,43.85,43.97,915252
2014-03-17 13:45:00,43.97,44.005,43.935,43.975,996512
2014-03-17 14:00:00,43.9775,43.9775,43.905,43.95,1028535
2014-03-17 14:15:00,43.95,43.97,43.92,43.95,1067958
2014-03-17 14:30:00,43.95,43.99,43.88,43.95,1177756
2014-03-17 14:45:00,43.96,43.96,43.925,43.94,1222406
2014-03-17 15:00:00,43.93,43.96,43.89,43.9,1318394
2014-03-17 15:15:00,43.9,43.94,43.89,43.9,1372429
2014-03-17 15:30:00,43.905,43.92,43.88,43.9,1436986
2014-03-17 15:45:00,43.9,43.92,43.88,43.8949,1597279
2014-03-17 16:00:00,43.89,43.93,43.88,43.91,1972656
2014-03-18 09:45:00,43.97,44.32,43.92,44.19,33035
2014-03-18 10:00:00,44.18,44.46,44.16,44.46,90777
2014-03-18 10:15:00,44.46,44.54,44.45,44.48,168551
2014-03-18 10:30:00,44.47,44.68,44.47,44.66,322225
2014-03-18 10:45:00,44.66,44.77,44.64,44.76,434414
2014-03-18 11:00:00,44.76,44.84,44.64,44.64,525114
2014-03-18 11:15:00,44.65,44.72,44.63,44.69,553329
2014-03-18 11:30:00,44.71,44.76,44.69,44.72,586184
2014-03-18 11:45:00,44.73,44.75,44.62,44.62,624956
2014-03-18 12:00:00,44.62,44.67,44.62,44.652,645508
2014-03-18 12:15:00,44.66,44.68,44.6,44.61,735331
2014-03-18 12:30:00,44.62,44.62,44.51,44.55,754262
2014-03-18 12:45:00,44.55,44.6,44.53,44.57,773733
2014-03-18 13:00:00,44.57,44.59,44.485,44.59,852521
2014-03-18 13:15:00,44.59,44.64,44.58,44.6,877764
2014-03-18 13:30:00,44.6,44.66,44.59,44.64,930431
2014-03-18 13:45:00,44.64,44.71,44.62,44.7,956036
2014-03-18 14:00:00,44.69,44.73,44.69,44.7149,974028
2014-03-18 14:15:00,44.72,44.74,44.71,44.73,994063
2014-03-18 14:30:00,44.73,44.74,44.69,44.7,1044267
2014-03-18 14:45:00,44.7,44.71,44.67,44.69,1071506
2014-03-18 15:00:00,44.68,44.71,44.67,44.67,1106002
2014-03-18 15:15:00,44.68,44.69,44.58,44.58,1157938
2014-03-18 15:30:00,44.57,44.57,44.51,44.52,1402859
2014-03-18 15:45:00,44.53,44.59,44.52,44.54,1475842
2014-03-18 16:00:00,44.54,44.6,44.54,44.58,1642345
2014-03-19 09:45:00,44.5,44.69,44.32,44.4,40813
2014-03-19 10:00:00,44.4,44.42,44.28,44.34,122438
2014-03-19 10:15:00,44.35,44.41,44.3,44.34,191683
2014-03-19 10:30:00,44.34,44.4,44.33,44.355,226035
2014-03-19 10:45:00,44.355,44.37,44.33,44.35,250595
2014-03-19 11:00:00,44.365,44.37,44.33,44.33,302293
2014-03-19 11:15:00,44.34,44.36,44.33,44.35,323566
2014-03-19 11:30:00,44.355,44.37,44.34,44.34,362625
2014-03-19 11:45:00,44.34,44.36,44.34,44.35,389092
2014-03-19 12:00:00,44.3499,44.36,44.34,44.35,406060
2014-03-19 12:15:00,44.34,44.38,44.3,44.33,469430
2014-03-19 12:30:00,44.33,44.36,44.33,44.34,560174
2014-03-19 12:45:00,44.35,44.36,44.32,44.3285,585780
2014-03-19 13:00:00,44.33,44.36,44.33,44.35,652057
2014-03-19 13:15:00,44.35,44.39,44.35,44.35,728173
2014-03-19 13:30:00,44.36,44.36,44.34,44.354,897086
2014-03-19 13:45:00,44.35,44.36,44.34,44.34,936731
2014-03-19 14:00:00,44.35,44.36,44.34,44.34,968155
2014-03-19 14:15:00,44.35,44.35,44.11,44.25,1113897
2014-03-19 14:30:00,44.25,44.27,44.21,44.241,1256825
2014-03-19 14:45:00,44.25,44.26,44.19,44.24,1318781
2014-03-19 15:00:00,44.23,44.265,44.21,44.24,1391270
2014-03-19 15:15:00,44.24,44.25,43.87,43.99,1480581
2014-03-19 15:30:00,43.99,44.08,43.95,44.075,1533236
2014-03-19 15:45:00,44.07,44.24,44.05,44.24,1612913
2014-03-19 16:00:00,44.24,44.25,44.17,44.23,1878159
2014-03-20 09:45:00,44.29,44.43,44.04,44.14,56338
2014-03-20 10:00:00,44.15,44.15,43.95,43.95,114215
2014-03-20 10:15:00,43.96,44.12,43.94,44.08,183336
2014-03-20 10:30:00,44.08,44.11,43.99,43.99,221736
2014-03-20 10:45:00,44.0,44.0599,43.98,44.0599,245803
2014-03-20 11:00:00,44.05,44.07,43.99,43.995,282168
2014-03-20 11:15:00,43.99,44.025,43.88,43.88,317284
2014-03-20 11:30:00,43.88,43.97,43.88,43.96,350659
2014-03-20 11:45:00,43.945,43.98,43.92,43.93,373452
2014-03-20 12:00:00,43.935,43.98,43.9,43.97,424993
2014-03-20 12:15:00,43.96,44.0,43.9,43.9,454582
2014-03-20 12:30:00,43.915,44.0,43.915,43.99,521982
2014-03-20 12:45:00,44.0,44.01,43.98,43.99,556166
2014-03-20 13:00:00,43.985,44.02,43.93,43.94,639942
2014-03-20 13:15:00,43.94,43.98,43.93,43.93,661795
2014-03-20 13:30:00,43.94,43.95,43.9,43.9,683110
2014-03-20 13:45:00,43.905,43.92,43.9,43.91,704371
2014-03-20 14:00:00,43.915,43.915,43.86,43.877,729964
2014-03-20 14:15:00,43.875,43.93,43.85,43.925,767352
2014-03-20 14:30:00,43.91,43.95,43.88,43.93,842537
2014-03-20 14:45:00,43.94,43.96,43.91,43.945,885172
2014-03-20 15:00:00,43.945,43.99,43.945,43.97,917705
2014-03-20 15:15:00,43.97,43.97,43.8,43.825,1001428
2014-03-20 15:30:00,43.82,43.83,43.735,43.7525,1194819
2014-03-20 15:45:00,43.75,43.82,43.75,43.8,1304772
2014-03-20 16:00:00,43.8,43.82,43.77,43.81,1643543
2014-03-21 09:45:00,44.17,44.17,43.79,43.84,410639
2014-03-21 10:00:00,43.84,43.88,43.75,43.805,449501
2014-03-21 10:15:00,43.79,43.91,43.79,43.91,493165
2014-03-21 10:30:00,43.9,44.01,43.9,44.0,551831
2014-03-21 10:45:00,44.0,44.01,43.94,43.945,620442
2014-03-21 11:00:00,43.945,44.03,43.93,44.03,663742
2014-03-21 11:15:00,44.03,44.1,44.025,44.09,707154
2014-03-21 11:30:00,44.09,44.11,44.07,44.09,753325
2014-03-21 11:45:00,44.09,44.115,44.065,44.065,783817
2014-03-21 12:00:00,44.065,44.11,44.065,44.08,804914
2014-03-21 12:15:00,44.09,44.11,44.025,44.04,1420785
2014-03-21 12:30:00,44.04,44.09,44.03,44.03,1506093
2014-03-21 12:45:00,44.021,44.03,43.9,43.935,1551084
2014-03-21 13:00:00,43.935,43.935,43.84,43.85,1603899
2014-03-21 13:15:00,43.85,44.0,43.775,44.0,1767871
2014-03-21 13:30:00,44.0,44.01,43.95,43.985,1805979
2014-03-21 13:45:00,43.99,44.085,43.9725,44.06,1920594
2014-03-21 14:00:00,44.06,44.08,44.03,44.05,2032125
2014-03-21 14:15:00,44.04,44.08,44.03,44.04,2153605
2014-03-21 14:30:00,44.05,44.055,43.99,44.01,2297349
2014-03-21 14:45:00,44.0,44.06,43.93,44.055,2346966
2014-03-21 15:00:00,44.051,44.1,44.04,44.09,2427842
2014-03-21 15:15:00,44.08,44.13,44.02,44.02,2624557
2014-03-21 15:30:00,44.03,44.05,43.96,44.05,2721919
2014-03-21 15:45:00,44.04,44.05,43.9,44.0,2853351
2014-03-21 16:00:00,43.99,44.08,43.89,44.06,3516851
2014-03-24 09:45:00,44.27,44.4,44.17,44.2,62821
2014-03-24 10:00:00,44.2,44.25,44.18,44.2,107226
2014-03-24 10:15:00,44.2,44.21,44.01,44.03,204873
2014-03-24 10:30:00,44.02,44.1,44.0,44.02,239701
2014-03-24 10:45:00,44.01,44.08,43.98,44.06,315804
2014-03-24 11:00:00,44.06,44.13,44.04,44.06,385125
2014-03-24 11:15:00,44.05,44.09,44.03,44.08,489259
2014-03-24 11:30:00,44.09,44.17,44.07,44.13,537105
2014-03-24 11:45:00,44.13,44.13,44.04,44.06,593310
2014-03-24 12:00:00,44.06,44.13,44.05,44.12,674536
2014-03-24 12:15:00,44.12,44.2,44.11,44.12,712514
2014-03-24 12:30:00,44.12,44.13,44.09,44.09,748469
2014-03-24 12:45:00,44.1,44.11,44.05,44.07,809376
2014-03-24 13:00:00,44.07,44.12,44.06,44.11,844363
2014-03-24 13:15:00,44.11,44.19,44.105,44.12,894817
2014-03-24 13:30:00,44.12,44.2,44.1,44.2,945762
2014-03-24 13:45:00,44.2,44.27,44.2,44.24,978327
2014-03-24 14:00:00,44.25,44.36,44.22,44.36,1033107
2014-03-24 14:15:00,44.3554,44.57,44.35,44.49,1207166
2014-03-24 14:30:00,44.48,44.48,44.34,44.43,1266595
2014-03-24 14:45:00,44.43,44.44,44.3,44.35,1339662
2014-03-24 15:00:00,44.35,44.42,44.3,44.31,1447006
2014-03-24 15:15:00,44.31,44.33,44.19,44.24,1538909
2014-03-24 15:30:00,44.24,44.32,44.2,44.32,1660731
2014-03-24 15:45:00,44.32,44.43,44.31,44.38,1852851
2014-03-24 16:00:00,44.38,44.39,44.295,44.33,2162317
2014-03-25 09:45:00,44.55,44.57,44.34,44.36,133816
2014-03-25 10:00:00,44.33,44.52,44.33,44.505,163855
2014-03-25 10:15:00,44.51,44.56,44.38,44.49,216926
2014-03-25 10:30:00,44.48,44.48,44.31,44.37,244183
2014-03-25 10:45:00,44.37,44.37,44.195,44.2,281887
2014-03-25 11:00:00,44.195,44.31,44.17,44.31,428952
2014-03-25 11:15:00,44.3,44.46,44.3,44.3546,492938
2014-03-25 11:30:00,44.35,44.355,44.26,44.33,557975
2014-03-25 11:45:00,44.33,44.34,44.22,44.32,598777
2014-03-25 12:00:00,44.32,44.35,44.23,44.29,749606
2014-03-25 12:15:00,44.28,44.37,44.27,44.36,802184
2014-03-25 12:30:00,44.35,44.37,44.25,44.27,828665
2014-03-25 12:45:00,44.26,44.32,44.24,44.24,865365
2014-03-25 13:00:00,44.24,44.33,44.22,44.25,1000523
2014-03-25 13:15:00,44.25,44.26,44.18,44.18,1132983
2014-03-25 13:30:00,44.181,44.31,44.18,44.3,1179428
2014-03-25 13:45:00,44.31,44.37,44.305,44.35,1226255
2014-03-25 14:00:00,44.35,44.355,44.28,44.295,1256786
2014-03-25 14:15:00,44.29,44.34,44.27,44.3,1299373
2014-03-25 14:30:00,44.29,44.295,44.2,44.2,1454935
2014-03-25 14:45:00,44.22,44.23,44.19,44.2,1496636
2014-03-25 15:00:00,44.2,44.2,44.15,44.17,1525551
2014-03-25 15:15:00,44.1769,44.19,44.15,44.19,1585315
2014-03-25 15:30:00,44.19,44.235,44.14,44.15,1733655
2014-03-25 15:45:00,44.16,44.215,44.15,44.18,1973157
2014-03-25 16:00:00,44.18,44.18,44.09,44.16,2372137
2014-03-26 09:45:00,44.17,44.39,44.14,44.38,31714
2014-03-26 10:00:00,44.38,44.495,44.26,44.265,69290
2014-03-26 10:15:00,44.251,44.302,44.19,44.28,87786
2014-03-26 10:30:00,44.27,44.27,44.14,44.15,102342
2014-03-26 10:45:00,44.17,44.18,44.06,44.06,118938
2014-03-26 11:00:00,44.06,44.11,44.04,44.07,173551
2014-03-26 11:15:00,44.07,44.15,44.065,44.065,223709
2014-03-26 11:30:00,44.08,44.12,44.046,44.11,334632
2014-03-26 11:45:00,44.1,44.1,44.01,44.03,372032
2014-03-26 12:00:00,44.02,44.086,44.005,44.085,408756
2014-03-26 12:15:00,44.07,44.1,43.99,44.09,470956
2014-03-26 12:30:00,44.1,44.145,44.08,44.14,488813
2014-03-26 12:45:00,44.12,44.24,44.1,44.24,502212
2014-03-26 13:00:00,44.23,44.25,44.21,44.25,509944
2014-03-26 13:15:00,44.24,44.26,44.17,44.18,530231
2014-03-26 13:30:00,44.18,44.185,44.06,44.06,545135
2014-03-26 13:45:00,44.05,44.0556,43.92,43.98,572222
2014-03-26 14:00:00,43.97,44.01,43.9,44.01,592715
2014-03-26 14:15:00,44.0,44.01,43.94,43.94,617342
2014-03-26 14:30:00,43.93,44.0,43.91,43.98,645464
2014-03-26 14:45:00,43.97,44.01,43.95,44.0,676523
2014-03-26 15:00:00,43.996,44.08,43.996,44.07,706835
2014-03-26 15:15:00,44.08,44.09,43.94,43.94,738618
2014-03-26 15:30:00,43.96,43.99,43.88,43.91,784640
2014-03-26 15:45:00,43.9,43.965,43.9,43.9415,866994
2014-03-26 16:00:00,43.94,43.98,43.88,43.9,1054161
2014-03-27 09:45:00,43.89,44.33,43.89,44.25,140295
2014-03-27 10:00:00,44.25,44.48,44.25,44.29,316929
2014-03-27 10:15:00,44.29,44.37,44.2,44.24,420866
2014-03-27 10:30:00,44.26,44.41,44.25,44.37,525908
2014-03-27 10:45:00,44.38,44.39,44.15,44.15,590671
2014-03-27 11:00:00,44.15,44.32,44.1405,44.31,648442
2014-03-27 11:15:00,44.3,44.32,44.11,44.13,694709
2014-03-27 11:30:00,44.14,44.21,44.12,44.14,747037
2014-03-27 11:45:00,44.13,44.13,43.99,44.035,806776
2014-03-27 12:00:00,44.03,44.11,43.99,44.08,872620
2014-03-27 12:15:00,44.08,44.095,43.99,44.08,916110
2014-03-27 12:30:00,44.07,44.1046,44.02,44.085,950284
2014-03-27 12:45:00,44.1,44.185,44.1,44.13,999307
2014-03-27 13:00:00,44.135,44.155,44.12,44.12,1016799
2014-03-27 13:15:00,44.125,44.19,44.12,44.18,1046948
2014-03-27 13:30:00,44.18,44.205,44.15,44.195,1076265
2014-03-27 13:45:00,44.2,44.2,44.08,44.085,1099891
2014-03-27 14:00:00,44.08,44.1,44.04,44.05,1124049
2014-03-27 14:15:00,44.05,44.055,44.0,44.03,1153459
2014-03-27 14:30:00,44.025,44.12,43.995,44.1,1195032
2014-03-27 14:45:00,44.1,44.12,44.04,44.05,1250871
2014-03-27 15:00:00,44.05,44.13,44.02,44.125,1343994
2014-03-27 15:15:00,44.13,44.13,44.06,44.06,1384994
2014-03-27 15:30:00,44.06,44.21,44.06,44.2,1480877
2014-03-27 15:45:00,44.21,44.21,44.15,44.165,1578626
2014-03-27 16:00:00,44.15,44.16,44.06,44.1,1826776
2014-03-28 09:45:00,44.53,44.54,44.247,44.34,51524
2014-03-28 10:00:00,44.33,44.42,44.33,44.42,69293
2014-03-28 10:15:00,44.42,44.5,44.39,44.39,104102
2014-03-28 10:30:00,44.41,44.4262,44.33,44.36,123245
2014-03-28 10:45:00,44.38,44.4,44.34,44.39,142789
2014-03-28 11:00:00,44.39,44.51,44.39,44.455,169103
2014-03-28 11:15:00,44.46,44.48,44.43,44.44,197473
2014-03-28 11:30:00,44.431,44.47,44.42,44.42,223914
2014-03-28 11:45:00,44.43,44.46,44.38,44.42,251888
2014-03-28 12:00:00,44.42,44.45,44.355,44.45,281656
2014-03-28 12:15:00,44.445,44.46,44.39,44.44,297920
2014-03-28 12:30:00,44.44,44.46,44.42,44.42,313630
2014-03-28 12:45:00,44.42,44.47,44.4,44.43,336623
2014-03-28 13:00:00,44.425,44.45,44.41,44.424,342570
2014-03-28 13:15:00,44.42,44.425,44.335,44.35,362276
2014-03-28 13:30:00,44.34,44.36,44.32,44.33,382817
2014-03-28 13:45:00,44.33,44.34,44.3,44.31,398343
2014-03-28 14:00:00,44.31,44.31,44.22,44.23,432834
2014-03-28 14:15:00,44.22,44.225,44.08,44.095,459096
2014-03-28 14:30:00,44.1,44.15,44.03,44.15,485582
2014-03-28 14:45:00,44.1449,44.16,44.115,44.15,508095
2014-03-28 15:00:00,44.15,44.25,44.13,44.23,546184
2014-03-28 15:15:00,44.23,44.2333,44.13,44.14,582445
2014-03-28 15:30:00,44.14,44.22,44.12,44.21,624063
2014-03-28 15:45:00,44.2,44.24,44.19,44.23,682616
2014-03-28 16:00:00,44.24,44.28,44.19,44.26,818139
2014-03-31 09:45:00,44.36,44.43,44.26,44.31,66785
2014-03-31 10:00:00,44.31,44.4,44.21,44.38,125649
2014-03-31 10:15:00,44.35,44.45,44.34,44.39,160344
2014-03-31 10:30:00,44.4,44.61,44.38,44.605,228413
2014-03-31 10:45:00,44.59,44.67,44.57,44.64,258077
2014-03-31 11:00:00,44.645,44.65,44.46,44.522,284351
2014-03-31 11:15:00,44.52,44.52,44.44,44.46,303942
2014-03-31 11:30:00,44.46,44.48,44.345,44.39,336725
2014-03-31 11:45:00,44.39,44.42,44.35,44.38,379324
2014-03-31 12:00:00,44.38,44.41,44.37,44.39,408861
2014-03-31 12:15:00,44.39,44.49,44.39,44.48,426843
2014-03-31 12:30:00,44.48,44.56,44.475,44.53,446394
2014-03-31 12:45:00,44.53,44.56,44.49,44.495,462791
2014-03-31 13:00:00,44.49,44.56,44.48,44.55,484245
2014-03-31 13:15:00,44.56,44.57,44.5,44.54,522800
2014-03-31 13:30:00,44.55,44.59,44.54,44.575,542995
2014-03-31 13:45:00,44.58,44.6,44.55,44.58,586280
2014-03-31 14:00:00,44.57,44.59,44.52,44.55,603303
2014-03-31 14:15:00,44.56,44.58,44.54,44.58,633033
2014-03-31 14:30:00,44.57,44.58,44.48,44.48,722079
2014-03-31 14:45:00,44.49,44.51,44.48,44.5,738307
2014-03-31 15:00:00,44.5,44.55,44.5,44.51,753278
2014-03-31 15:15:00,44.51,44.52,44.45,44.48,782034
2014-03-31 15:30:00,44.48,44.57,44.46,44.57,823138
2014-03-31 15:45:00,44.57,44.66,44.56,44.59,900467
2014-03-31 16:00:00,44.59,44.65,44.55,44.64,1044119
2014-04-01 09:45:00,44.63,44.98,44.63,44.95,190512
2014-04-01 10:00:00,44.95,44.95,44.8,44.82,236391
2014-04-01 10:15:00,44.81,44.92,44.8,44.85,269803
2014-04-01 10:30:00,44.86,44.8716,44.77,44.79,320176
2014-04-01 10:45:00,44.79,44.82,44.7228,44.77,349831
2014-04-01 11:00:00,44.79,44.88,44.73,44.88,388635
2014-04-01 11:15:00,44.87,44.9,44.855,44.89,418702
2014-04-01 11:30:00,44.89,45.01,44.88,44.99,501978
2014-04-01 11:45:00,45.0,45.02,44.98,45.005,543482
2014-04-01 12:00:00,45.01,45.03,44.945,44.945,584752
2014-04-01 12:15:00,44.945,44.98,44.811,44.93,714503
2014-04-01 12:30:00,44.93,45.02,44.92,45.0,752023
2014-04-01 12:45:00,45.01,45.02,44.99,45.015,801593
2014-04-01 13:00:00,45.015,45.06,45.0,45.015,870948
2014-04-01 13:15:00,45.02,45.04,44.986,44.99,913037
2014-04-01 13:30:00,44.9872,45.03,44.9872,45.02,969201
2014-04-01 13:45:00,45.01,45.04,44.98,45.03,1040608
2014-04-01 14:00:00,45.03,45.05,45.0,45.03,1081847
2014-04-01 14:15:00,45.03,45.12,45.01,45.087,1117186
2014-04-01 14:30:00,45.085,45.17,45.085,45.16,1143583
2014-04-01 14:45:00,45.16,45.16,45.13,45.155,1165816
2014-04-01 15:00:00,45.15,45.21,45.15,45.21,1191154
2014-04-01 15:15:00,45.205,45.205,45.149,45.149,1219869
2014-04-01 15:30:00,45.14,45.16,45.13,45.14,1284525
2014-04-01 15:45:00,45.13,45.13,45.08,45.095,1341725
2014-04-01 16:00:00,45.1,45.2,45.095,45.18,1526051
2014-04-02 09:45:00,45.16,45.2,45.0,45.185,36859
2014-04-02 10:00:00,45.2,45.41,45.18,45.309,87123
2014-04-02 10:15:00,45.31,45.36,45.22,45.25,138376
2014-04-02 10:30:00,45.24,45.285,45.21,45.28,189363
2014-04-02 10:45:00,45.275,45.31,45.24,45.25,237941
2014-04-02 11:00:00,45.25,45.305,45.23,45.27,282711
2014-04-02 11:15:00,45.27,45.32,45.27,45.305,309411
2014-04-02 11:30:00,45.3,45.31,45.25,45.29,334073
2014-04-02 11:45:00,45.28,45.29,45.25,45.25,378927
2014-04-02 12:00:00,45.2575,45.36,45.25,45.34,401020
2014-04-02 12:15:00,45.33,45.35,45.31,45.34,415991
2014-04-02 12:30:00,45.345,45.45,45.34,45.4,478063
2014-04-02 12:45:00,45.4,45.51,45.38,45.49,502674
2014-04-02 13:00:00,45.5,45.54,45.49,45.52,526856
2014-04-02 13:15:00,45.51,45.51,45.4775,45.5,551934
2014-04-02 13:30:00,45.5,45.505,45.43,45.44,577243
2014-04-02 13:45:00,45.43,45.43,45.31,45.34,593153
2014-04-02 14:00:00,45.33,45.44,45.29,45.34,659273
2014-04-02 14:15:00,45.35,45.35,45.3,45.35,675538
2014-04-02 14:30:00,45.35,45.37,45.325,45.3599,695989
2014-04-02 14:45:00,45.35,45.36,45.295,45.34,734027
2014-04-02 15:00:00,45.33,45.35,45.29,45.3144,784997
2014-04-02 15:15:00,45.32,45.335,45.3,45.335,866826
2014-04-02 15:30:00,45.33,45.44,45.32,45.41,961322
2014-04-02 15:45:00,45.44,45.45,45.4,45.42,1008616
2014-04-02 16:00:00,45.42,45.47,45.34,45.46,1249606
2014-04-03 09:45:00,45.3,45.56,45.3,45.54,18396
2014-04-03 10:00:00,45.54,45.57,45.35,45.36,35188
2014-04-03 10:15:00,45.34,45.4,45.23,45.38,57724
2014-04-03 10:30:00,45.36,45.39,45.28,45.29,76054
2014-04-03 10:45:00,45.3,45.375,45.3,45.33,98250
2014-04-03 11:00:00,45.33,45.365,45.32,45.35,121020
2014-04-03 11:15:00,45.36,45.37,45.33,45.33,136236
2014-04-03 11:30:00,45.33,45.36,45.27,45.33,169477
2014-04-03 11:45:00,45.33,45.4,45.3,45.39,193084
2014-04-03 12:00:00,45.39,45.49,45.34,45.44,216167
2014-04-03 12:15:00,45.44,45.51,45.44,45.49,234194
2014-04-03 12:30:00,45.49,45.57,45.46,45.57,257659
2014-04-03 12:45:00,45.57,45.57,45.43,45.45,290116
2014-04-03 13:00:00,45.45,45.45,45.33,45.42,401173
2014-04-03 13:15:00,45.4,45.425,45.38,45.39,423984
2014-04-03 13:30:00,45.4,45.405,45.38,45.39,434358
2014-04-03 13:45:00,45.395,45.4,45.34,45.35,462157
2014-04-03 14:00:00,45.36,45.36,45.28,45.28,479961
2014-04-03 14:15:00,45.29,45.29,45.22,45.22,496050
2014-04-03 14:30:00,45.22,45.22,45.09,45.09,514483
2014-04-03 14:45:00,45.1,45.14,45.0637,45.1,535027
2014-04-03 15:00:00,45.0973,45.1,45.02,45.035,582603
2014-04-03 15:15:00,45.035,45.11,44.995,45.11,646978
2014-04-03 15:30:00,45.11,45.25,45.09,45.25,736545
2014-04-03 15:45:00,45.25,45.3,45.225,45.29,778923
2014-04-03 16:00:00,45.29,45.365,45.29,45.29,925429
2014-04-04 09:45:00,45.53,45.53,45.14,45.21,60288
2014-04-04 10:00:00,45.21,45.47,45.13,45.4,164993
2014-04-04 10:15:00,45.35,45.42,45.23,45.23,192105
2014-04-04 10:30:00,45.24,45.25,45.16,45.23,222387
2014-04-04 10:45:00,45.23,45.26,45.12,45.12,275997
2014-04-04 11:00:00,45.12,45.14,44.96,44.96,328778
2014-04-04 11:15:00,44.96,44.96,44.79,44.85,395045
2014-04-04 11:30:00,44.85,44.85,44.69,44.73,528477
2014-04-04 11:45:00,44.74,44.8,44.69,44.69,572711
2014-04-04 12:00:00,44.69,44.69,44.56,44.655,625580
2014-04-04 12:15:00,44.65,44.67,44.58,44.62,681213
2014-04-04 12:30:00,44.62,44.67,44.55,44.56,727828
2014-04-04 12:45:00,44.56,44.58,44.484,44.5,817075
2014-04-04 13:00:00,44.49,44.49,44.26,44.27,904114
2014-04-04 13:15:00,44.25,44.37,44.215,44.34,962088
2014-04-04 13:30:00,44.33,44.37,44.3,44.34,1043976
2014-04-04 13:45:00,44.33,44.43,44.3,44.39,1189231
2014-04-04 14:00:00,44.39,44.41,44.33,44.37,1211196
2014-04-04 14:15:00,44.38,44.4,44.28,44.34,1235379
2014-04-04 14:30:00,44.35,44.4044,44.26,44.3,1267000
2014-04-04 14:45:00,44.28,44.32,44.2142,44.235,1305806
2014-04-04 15:00:00,44.23,44.38,44.19,44.37,1350125
2014-04-04 15:15:00,44.37,44.4,44.27,44.39,1427105
2014-04-04 15:30:00,44.4,44.54,44.37,44.47,1507891
2014-04-04 15:45:00,44.47,44.61,44.46,44.55,1715319
2014-04-04 16:00:00,44.55,44.58,44.48,44.49,1946652
2014-04-07 09:45:00,44.27,44.35,44.0,44.02,67016
2014-04-07 10:00:00,44.01,44.25,43.94,44.22,123432
2014-04-07 10:15:00,44.24,44.31,44.14,44.28,170454
2014-04-07 10:30:00,44.28,44.285,44.07,44.07,193005
2014-04-07 10:45:00,44.06,44.2,44.03,44.07,231019
2014-04-07 11:00:00,44.07,44.07,43.91,44.0,276969
2014-04-07 11:15:00,44.0,44.12,43.98,44.065,319389
2014-04-07 11:30:00,44.06,44.08,43.99,44.01,356762
2014-04-07 11:45:00,44.0,44.045,43.986,43.99,394069
2014-04-07 12:00:00,43.99,44.04,43.87,43.89,486323
2014-04-07 12:15:00,43.87,43.92,43.765,43.77,532211
2014-04-07 12:30:00,43.76,43.8,43.58,43.58,635524
2014-04-07 12:45:00,43.59,43.77,43.58,43.75,672989
2014-04-07 13:00:00,43.74,43.81,43.69,43.75,713163
2014-04-07 13:15:00,43.75,43.78,43.42,43.42,862487
2014-04-07 13:30:00,43.44,43.54,43.44,43.51,917208
2014-04-07 13:45:00,43.51,43.51,43.23,43.24,1057337
2014-04-07 14:00:00,43.25,43.27,43.17,43.17,1157008
2014-04-07 14:15:00,43.17,43.17,43.1,43.14,1253785
2014-04-07 14:30:00,43.13,43.215,43.12,43.2,1390731
2014-04-07 14:45:00,43.2,43.2,43.13,43.13,1574441
2014-04-07 15:00:00,43.14,43.518,43.14,43.5,1637863
2014-04-07 15:15:00,43.5,43.5,43.37,43.42,1701386
2014-04-07 15:30:00,43.43,43.43,43.36,43.38,1790891
2014-04-07 15:45:00,43.38,43.45,43.36,43.4,1899150
2014-04-07 16:00:00,43.395,43.395,43.15,43.21,2215554
2014-04-08 09:45:00,43.25,43.33,43.01,43.31,63632
2014-04-08 10:00:00,43.31,43.36,43.26,43.31,105288
2014-04-08 10:15:00,43.31,43.42,43.31,43.41,176296
2014-04-08 10:30:00,43.41,43.45,43.17,43.19,229743
2014-04-08 10:45:00,43.19,43.28,43.19,43.23,355581
2014-04-08 11:00:00,43.23,43.285,43.11,43.19,433212
2014-04-08 11:15:00,43.2,43.38,43.19,43.33,525278
2014-04-08 11:30:00,43.33,43.58,43.33,43.58,588052
2014-04-08 11:45:00,43.58,43.6,43.49,43.53,653849
2014-04-08 12:00:00,43.53,43.57,43.44,43.57,715489
2014-04-08 12:15:00,43.57,43.6,43.435,43.46,765573
2014-04-08 12:30:00,43.455,43.48,43.42,43.46,806040
2014-04-08 12:45:00,43.46,43.51,43.46,43.49,891130
2014-04-08 13:00:00,43.49,43.56,43.47,43.56,939392
2014-04-08 13:15:00,43.56,43.59,43.48,43.52,984081
2014-04-08 13:30:00,43.52,43.6,43.48,43.53,1073760
2014-04-08 13:45:00,43.52,43.53,43.36,43.385,1152141
2014-04-08 14:00:00,43.38,43.41,43.28,43.32,1217978
2014-04-08 14:15:00,43.33,43.345,43.22,43.26,1275019
2014-04-08 14:30:00,43.27,43.28,43.18,43.18,1327346
2014-04-08 14:45:00,43.17,43.23,43.11,43.11,1393121
2014-04-08 15:00:00,43.12,43.3,43.115,43.26,1472193
2014-04-08 15:15:00,43.26,43.28,43.195,43.22,1538062
2014-04-08 15:30:00,43.225,43.28,43.18,43.26,1612120
2014-04-08 15:45:00,43.265,43.3525,43.25,43.31,1723708
2014-04-08 16:00:00,43.31,43.31,43.26,43.28,1942694
2014-04-09 09:45:00,43.49,43.52,43.29,43.31,63675
2014-04-09 10:00:00,43.34,43.69,43.27,43.65,126611
2014-04-09 10:15:00,43.6,43.73,43.54,43.65,177326
2014-04-09 10:30:00,43.67,43.82,43.67,43.79,209834
2014-04-09 10:45:00,43.795,43.85,43.64,43.68,240544
2014-04-09 11:00:00,43.67,43.67,43.54,43.59,259385
2014-04-09 11:15:00,43.58,43.595,43.51,43.59,280229
2014-04-09 11:30:00,43.5988,43.67,43.5988,43.64,316113
2014-04-09 11:45:00,43.63,43.67,43.6001,43.62,370194
2014-04-09 12:00:00,43.62,43.6764,43.61,43.66,412721
2014-04-09 12:15:00,43.67,43.67,43.61,43.625,423831
2014-04-09 12:30:00,43.63,43.74,43.6137,43.72,440030
2014-04-09 12:45:00,43.7101,43.735,43.69,43.7,451044
2014-04-09 13:00:00,43.7,43.77,43.677,43.7,469391
2014-04-09 13:15:00,43.7,43.76,43.695,43.755,484167
2014-04-09 13:30:00,43.755,43.8,43.753,43.753,507031
2014-04-09 13:45:00,43.75,43.79,43.72,43.79,525983
2014-04-09 14:00:00,43.79,43.83,43.79,43.8,547823
2014-04-09 14:15:00,43.82,43.93,43.82,43.91,577914
2014-04-09 14:30:00,43.91,44.01,43.9,43.9233,624506
2014-04-09 14:45:00,43.92,43.98,43.91,43.95,674673
2014-04-09 15:00:00,43.95,43.98,43.9,43.92,727664
2014-04-09 15:15:00,43.91,43.985,43.89,43.98,772191
2014-04-09 15:30:00,43.99,44.03,43.98,43.99,808118
2014-04-09 15:45:00,43.997,44.08,43.99,44.07,853307
2014-04-09 16:00:00,44.07,44.14,44.03,44.11,987875
2014-04-10 09:45:00,44.14,44.19,44.07,44.1,27405
2014-04-10 10:00:00,44.1,44.14,44.1,44.11,51778
2014-04-10 10:15:00,44.1,44.22,44.08,44.1625,78329
2014-04-10 10:30:00,44.14,44.175,44.06,44.15,103607
2014-04-10 10:45:00,44.16,44.17,44.04,44.04,138164
2014-04-10 11:00:00,44.04,44.05,43.9,43.9,171264
2014-04-10 11:15:00,43.89,43.925,43.78,43.92,205957
2014-04-10 11:30:00,43.91,43.92,43.795,43.845,249389
2014-04-10 11:45:00,43.85,43.95,43.85,43.94,295750
2014-04-10 12:00:00,43.94,43.95,43.87,43.935,336985
2014-04-10 12:15:00,43.93,43.95,43.8,43.8325,400338
2014-04-10 12:30:00,43.83,43.91,43.82,43.84,464952
2014-04-10 12:45:00,43.83,43.86,43.77,43.78,499137
2014-04-10 13:00:00,43.78,43.87,43.77,43.79,533474
2014-04-10 13:15:00,43.8,43.8,43.67,43.68,554621
2014-04-10 13:30:00,43.68,43.685,43.53,43.59,585638
2014-04-10 13:45:00,43.59,43.62,43.54,43.57,599926
2014-04-10 14:00:00,43.58,43.63,43.55,43.63,623577
2014-04-10 14:15:00,43.65,43.66,43.62,43.65,647819
2014-04-10 14:30:00,43.66,43.79,43.65,43.65,725178
2014-04-10 14:45:00,43.65,43.735,43.64,43.67,801501
2014-04-10 15:00:00,43.66,43.67,43.57,43.59,876895
2014-04-10 15:15:00,43.58,43.58,43.38,43.405,952579
2014-04-10 15:30:00,43.41,43.45,43.35,43.36,1018279
2014-04-10 15:45:00,43.35,43.47,43.33,43.47,1091306
2014-04-10 16:00:00,43.46,43.51,43.4,43.4,1332094
2014-04-11 09:45:00,42.8,42.94,42.54,42.82,230177
2014-04-11 10:00:00,42.82,43.09,42.81,43.04,334363
2014-04-11 10:15:00,43.05,43.055,42.84,42.86,384143
2014-04-11 10:30:00,42.87,42.98,42.8,42.98,427406
2014-04-11 10:45:00,42.95,43.05,42.9,43.02,488676
2014-04-11 11:00:00,43.02,43.21,42.97,43.15,550599
2014-04-11 11:15:00,43.15,43.16,43.04,43.11,595826
2014-04-11 11:30:00,43.11,43.24,43.03,43.06,632425
2014-04-11 11:45:00,43.07,43.07,42.95,42.96,647882
2014-04-11 12:00:00,42.95,42.95,42.82,42.88,662269
2014-04-11 12:15:00,42.9,43.0166,42.9,42.91,693270
2014-04-11 12:30:00,42.92,43.02,42.91,42.98,719150
2014-04-11 12:45:00,42.98,42.99,42.9302,42.945,730749
2014-04-11 13:00:00,42.94,42.96,42.86,42.95,754300
2014-04-11 13:15:00,42.9451,42.9451,42.82,42.83,792348
2014-04-11 13:30:00,42.83,42.85,42.731,42.76,817053
2014-04-11 13:45:00,42.765,42.94,42.715,42.91,844940
2014-04-11 14:00:00,42.9075,42.94,42.84,42.84,868608
2014-04-11 14:15:00,42.84,42.9,42.77,42.77,897028
2014-04-11 14:30:00,42.77,42.8,42.65,42.655,936644
2014-04-11 14:45:00,42.65,42.65,42.56,42.58,962697
2014-04-11 15:00:00,42.58,42.67,42.54,42.65,997109
2014-04-11 15:15:00,42.65,42.675,42.56,42.64,1032139
2014-04-11 15:30:00,42.635,42.82,42.635,42.76,1096702
2014-04-11 15:45:00,42.77,42.82,42.695,42.76,1187583
2014-04-11 16:00:00,42.76,42.76,42.67,42.68,1458129
2014-04-14 09:45:00,43.08,43.13,42.84,42.88,28349
2014-04-14 10:00:00,42.89,42.92,42.78,42.85,48235
2014-04-14 10:15:00,42.85,43.1,42.81,43.0,73636
2014-04-14 10:30:00,43.0,43.05,42.96,43.04,103001
2014-04-14 10:45:00,43.05,43.3,43.02,43.3,167288
2014-04-14 11:00:00,43.3,43.46,43.21,43.46,212378
2014-04-14 11:15:00,43.46,43.48,43.31,43.48,272766
2014-04-14 11:30:00,43.46,43.52,43.42,43.46,303089
2014-04-14 11:45:00,43.46,43.52,43.42,43.44,332531
2014-04-14 12:00:00,43.44,43.44,43.33,43.39,369003
2014-04-14 12:15:00,43.39,43.46,43.379,43.44,392580
2014-04-14 12:30:00,43.43,43.48,43.4,43.45,410065
2014-04-14 12:45:00,43.44,43.49,43.38,43.42,426927
2014-04-14 13:00:00,43.43,43.44,43.41,43.41,437303
2014-04-14 13:15:00,43.4201,43.445,43.38,43.42,459265
2014-04-14 13:30:00,43.4,43.405,43.28,43.28,476446
2014-04-14 13:45:00,43.27,43.35,43.24,43.33,496990
2014-04-14 14:00:00,43.33,43.34,43.29,43.299,524836
2014-04-14 14:15:00,43.29,43.32,43.255,43.29,545846
2014-04-14 14:30:00,43.3,43.31,43.12,43.12,565492
2014-04-14 14:45:00,43.12,43.18,43.08,43.18,586166
2014-04-14 15:00:00,43.18,43.22,43.15,43.15,604977
2014-04-14 15:15:00,43.12,43.12,42.92,42.95,635823
2014-04-14 15:30:00,42.96,43.08,42.95,43.08,668751
2014-04-14 15:45:00,43.08,43.19,43.08,43.17,718742
2014-04-14 16:00:00,43.17,43.3,43.17,43.24,926460
2014-04-15 09:45:00,43.33,43.6,43.28,43.53,41680
2014-04-15 10:00:00,43.52,43.56,43.41,43.5,73833
2014-04-15 10:15:00,43.54,43.56,43.29,43.29,93278
2014-04-15 10:30:00,43.29,43.36,43.14,43.17,137588
2014-04-15 10:45:00,43.16,43.28,43.03,43.22,171290
2014-04-15 11:00:00,43.22,43.27,43.07,43.14,200750
2014-04-15 11:15:00,43.13,43.21,43.0,43.1,238239
2014-04-15 11:30:00,43.11,43.23,43.09,43.16,305755
2014-04-15 11:45:00,43.18,43.34,43.18,43.27,352478
2014-04-15 12:00:00,43.29,43.3,43.1,43.16,437163
2014-04-15 12:15:00,43.15,43.19,43.06,43.19,484422
2014-04-15 12:30:00,43.17,43.22,43.07,43.12,507450
2014-04-15 12:45:00,43.12,43.12,43.03,43.05,527890
2014-04-15 13:00:00,43.05,43.07,43.0,43.01,551499
2014-04-15 13:15:00,43.0,43.065,43.0,43.04,590748
2014-04-15 13:30:00,43.05,43.08,42.88,42.99,645545
2014-04-15 13:45:00,43.0,43.17,42.98,43.12,697143
2014-04-15 14:00:00,43.14,43.18,43.02,43.17,723572
2014-04-15 14:15:00,43.18,43.27,43.165,43.19,756305
2014-04-15 14:30:00,43.2,43.29,43.16,43.26,785105
2014-04-15 14:45:00,43.24,43.42,43.24,43.42,811646
2014-04-15 15:00:00,43.41,43.48,43.36,43.41,878230
2014-04-15 15:15:00,43.42,43.49,43.38,43.48,928412
2014-04-15 15:30:00,43.48,43.59,43.44,43.51,979618
2014-04-15 15:45:00,43.51,43.53,43.4265,43.44,1047651
2014-04-15 16:00:00,43.45,43.57,43.45,43.56,1205175
2014-04-16 09:45:00,43.8,43.83,43.65,43.83,68600
2014-04-16 10:00:00,43.83,43.95,43.78,43.91,111550
2014-04-16 10:15:00,43.88,43.9,43.775,43.79,145120
2014-04-16 10:30:00,43.79,43.92,43.75,43.79,174492
2014-04-16 10:45:00,43.79,43.83,43.6,43.62,206435
2014-04-16 11:00:00,43.6,43.69,43.585,43.59,228292
2014-04-16 11:15:00,43.58,43.61,43.53,43.61,261259
2014-04-16 11:30:00,43.62,43.77,43.62,43.76,281168
2014-04-16 11:45:00,43.77,43.83,43.75,43.8,301886
2014-04-16 12:00:00,43.7988,43.9,43.77,43.89,331023
2014-04-16 12:15:00,43.89,44.02,43.89,43.98,351507
2014-04-16 12:30:00,43.98,44.09,43.98,44.07,375543
2014-04-16 12:45:00,44.07,44.08,43.95,43.98,387370
2014-04-16 13:00:00,43.97,43.97,43.86,43.86,410993
2014-04-16 13:15:00,43.86,43.86,43.76,43.86,434118
2014-04-16 13:30:00,43.86,43.97,43.86,43.96,456392
2014-04-16 13:45:00,43.96,44.05,43.95,44.02,502551
2014-04-16 14:00:00,44.02,44.1,44.0,44.08,520513
2014-04-16 14:15:00,44.08,44.1,44.0,44.03,539742
2014-04-16 14:30:00,44.0,44.09,43.99,44.05,575913
2014-04-16 14:45:00,44.06,44.1467,44.04,44.1351,594882
2014-04-16 15:00:00,44.14,44.26,44.14,44.2,622164
2014-04-16 15:15:00,44.19,44.2,44.11,44.11,648954
2014-04-16 15:30:00,44.11,44.16,44.08,44.16,678051
2014-04-16 15:45:00,44.16,44.17,44.08,44.13,724115
2014-04-16 16:00:00,44.13,44.18,44.09,44.18,827780
2014-04-17 09:45:00,44.08,44.43,44.04,44.38,101220
2014-04-17 10:00:00,44.39,44.39,44.22,44.32,115749
2014-04-17 10:15:00,44.34,44.56,44.29,44.56,146815
2014-04-17 10:30:00,44.555,44.66,44.49,44.66,180884
2014-04-17 10:45:00,44.67,44.68,44.54,44.585,209089
2014-04-17 11:00:00,44.58,44.66,44.58,44.65,229679
2014-04-17 11:15:00,44.66,44.68,44.54,44.569,248807
2014-04-17 11:30:00,44.565,44.58,44.49,44.54,291848
2014-04-17 11:45:00,44.54,44.61,44.54,44.58,307350
2014-04-17 12:00:00,44.5701,44.61,44.51,44.61,349878
2014-04-17 12:15:00,44.605,44.68,44.58,44.63,374632
2014-04-17 12:30:00,44.64,44.67,44.59,44.65,398924
2014-04-17 12:45:00,44.65,44.72,44.62,44.69,428972
2014-04-17 13:00:00,44.68,44.81,44.68,44.8,466630
2014-04-17 13:15:00,44.8,44.89,44.77,44.85,522147
2014-04-17 13:30:00,44.85,44.855,44.78,44.78,542325
2014-04-17 13:45:00,44.79,44.795,44.75,44.75,562770
2014-04-17 14:00:00,44.77,44.78,44.725,44.76,581057
2014-04-17 14:15:00,44.76,44.78,44.72,44.77,626989
2014-04-17 14:30:00,44.77,44.84,44.75,44.825,659255
2014-04-17 14:45:00,44.82,44.84,44.77,44.78,691081
2014-04-17 15:00:00,44.79,44.8,44.69,44.69,713102
2014-04-17 15:15:00,44.7,44.785,44.7,44.77,734996
2014-04-17 15:30:00,44.77,44.81,44.75,44.8,775820
2014-04-17 15:45:00,44.8,44.83,44.79,44.83,858873
2014-04-17 16:00:00,44.82,44.87,44.79,44.84,1059516
2014-04-21 09:45:00,44.76,44.8,44.53,44.63,30058
2014-04-21 10:00:00,44.63,44.65,44.53,44.55,44340
2014-04-21 10:15:00,44.5301,44.704,44.5301,44.68,60255
2014-04-21 10:30:00,44.67,44.67,44.545,44.58,87388
2014-04-21 10:45:00,44.555,44.555,44.37,44.41,128223
2014-04-21 11:00:00,44.39,44.55,44.37,44.5,221706
2014-04-21 11:15:00,44.52,44.68,44.51,44.66,238243
2014-04-21 11:30:00,44.66,44.6606,44.58,44.59,250106
2014-04-21 11:45:00,44.6,44.65,44.57,44.62,266731
2014-04-21 12:00:00,44.62,44.66,44.58,44.66,282883
2014-04-21 12:15:00,44.66,44.68,44.62,44.67,302420
2014-04-21 12:30:00,44.67,44.68,44.63,44.63,310307
2014-04-21 12:45:00,44.64,44.65,44.59,44.65,322066
2014-04-21 13:00:00,44.65,44.65,44.58,44.58,339049
2014-04-21 13:15:00,44.58,44.63,44.575,44.62,354759
2014-04-21 13:30:00,44.62,44.67,44.6188,44.6188,369381
2014-04-21 13:45:00,44.615,44.71,44.615,44.69,391190
2014-04-21 14:00:00,44.69,44.7,44.66,44.685,409393
2014-04-21 14:15:00,44.685,44.69,44.62,44.62,434933
2014-04-21 14:30:00,44.63,44.64,44.59,44.64,452202
2014-04-21 14:45:00,44.65,44.73,44.63,44.675,476474
2014-04-21 15:00:00,44.67,44.7,44.63,44.635,513151
2014-04-21 15:15:00,44.64,44.67,44.605,44.646,544659
2014-04-21 15:30:00,44.64,44.695,44.62,44.695,605385
2014-04-21 15:45:00,44.69,44.755,44.68,44.75,650242
2014-04-21 16:00:00,44.75,44.81,44.725,44.78,743178
2014-04-22 09:45:00,44.79,44.97,44.68,44.81,37273
2014-04-22 10:00:00,44.83,45.12,44.81,45.12,81863
2014-04-22 10:15:00,45.15,45.17,45.06,45.08,128103
2014-04-22 10:30:00,45.08,45.12,45.05,45.05,159195
2014-04-22 10:45:00,45.06,45.11,45.06,45.09,190796
2014-04-22 11:00:00,45.09,45.14,45.07,45.12,223909
2014-04-22 11:15:00,45.11,45.155,45.07,45.07,241946
2014-04-22 11:30:00,45.07,45.145,45.07,45.13,264559
2014-04-22 11:45:00,45.14,45.175,45.1,45.11,285036
2014-04-22 12:00:00,45.11,45.18,45.08,45.17,298234
2014-04-22 12:15:00,45.179,45.255,45.17,45.21,324382
2014-04-22 12:30:00,45.22,45.25,45.19,45.21,337131
2014-04-22 12:45:00,45.22,45.26,45.17,45.175,357826
2014-04-22 13:00:00,45.17,45.24,45.16,45.24,372932
2014-04-22 13:15:00,45.24,45.27,45.24,45.25,390115
2014-04-22 13:30:00,45.25,45.26,45.19,45.2,402900
2014-04-22 13:45:00,45.2,45.245,45.19,45.23,429309
2014-04-22 14:00:00,45.23,45.25,45.17,45.17,451346
2014-04-22 14:15:00,45.16,45.17,45.03,45.03,473363
2014-04-22 14:30:00,45.03,45.085,45.02,45.077,498567
2014-04-22 14:45:00,45.08,45.12,45.07,45.11,519865
2014-04-22 15:00:00,45.11,45.14,45.09,45.12,544695
2014-04-22 15:15:00,45.11,45.12,44.985,45.0,607654
2014-04-22 15:30:00,45.01,45.1,44.99,45.093,644242
2014-04-22 15:45:00,45.0901,45.13,45.08,45.12,709375
2014-04-22 16:00:00,45.12,45.16,45.08,45.09,1041161
2014-04-23 09:45:00,45.09,45.21,44.98,44.98,34470
2014-04-23 10:00:00,44.99,45.12,44.95,45.03,59079
2014-04-23 10:15:00,45.02,45.06,44.92,45.02,84612
2014-04-23 10:30:00,45.0,45.13,45.0,45.11,103993
2014-04-23 10:45:00,45.1,45.25,45.06,45.24,126962
2014-04-23 11:00:00,45.25,45.25,45.1375,45.16,145214
2014-04-23 11:15:00,45.16,45.18,45.04,45.04,163248
2014-04-23 11:30:00,45.037,45.12,44.96,45.12,190639
2014-04-23 11:45:00,45.12,45.3,45.12,45.17,236057
2014-04-23 12:00:00,45.1598,45.1598,45.07,45.12,250837
2014-04-23 12:15:00,45.11,45.12,44.99,45.0,278797
2014-04-23 12:30:00,45.01,45.06,45.0,45.06,295976
2014-04-23 12:45:00,45.08,45.19,45.08,45.18,313354
2014-04-23 13:00:00,45.19,45.2,45.12,45.15,324170
2014-04-23 13:15:00,45.15,45.26,45.14,45.22,346609
2014-04-23 13:30:00,45.2,45.3,45.185,45.28,393893
2014-04-23 13:45:00,45.29,45.31,45.195,45.22,424408
2014-04-23 14:00:00,45.21,45.23,45.17,45.19,449203
2014-04-23 14:15:00,45.18,45.26,45.16,45.23,492486
2014-04-23 14:30:00,45.23,45.2338,45.17,45.22,536164
2014-04-23 14:45:00,45.22,45.3,45.21,45.26,571299
2014-04-23 15:00:00,45.26,45.29,45.19,45.29,627324
2014-04-23 15:15:00,45.29,45.38,45.28,45.35,705362
2014-04-23 15:30:00,45.35,45.37,45.31,45.31,816683
2014-04-23 15:45:00,45.31,45.31,45.21,45.22,875487
2014-04-23 16:00:00,45.22,45.24,45.11,45.13,1049857
2014-04-24 09:45:00,45.25,45.88,45.0,45.26,250078
2014-04-24 10:00:00,45.225,45.825,45.2,45.825,356802
2014-04-24 10:15:00,45.8,46.0,45.78,45.81,583588
2014-04-24 10:30:00,45.815,46.15,45.78,45.97,737009
2014-04-24 10:45:00,45.965,46.01,45.75,45.78,877657
2014-04-24 11:00:00,45.78,45.85,45.74,45.81,935928
2014-04-24 11:15:00,45.81,45.88,45.77,45.85,993388
2014-04-24 11:30:00,45.82,45.87,45.75,45.76,1040345
2014-04-24 11:45:00,45.76,45.96,45.76,45.93,1202886
2014-04-24 12:00:00,45.94,45.94,45.865,45.865,1239920
2014-04-24 12:15:00,45.86,45.9,45.75,45.75,1288061
2014-04-24 12:30:00,45.75,45.871,45.75,45.8,1371526
2014-04-24 12:45:00,45.81,45.84,45.75,45.81,1752884
2014-04-24 13:00:00,45.81,45.84,45.75,45.77,1786638
2014-04-24 13:15:00,45.77,45.91,45.75,45.91,1823546
2014-04-24 13:30:00,45.91,46.0,45.885,45.98,1838973
2014-04-24 13:45:00,45.99,46.07,45.97,46.06,1893693
2014-04-24 14:00:00,46.07,46.13,45.97,46.04,1930787
2014-04-24 14:15:00,46.05,46.06,45.91,46.01,1968390
2014-04-24 14:30:00,46.02,46.02,45.94,46.0,2003749
2014-04-24 14:45:00,46.0,46.03,45.97,46.0,2088615
2014-04-24 15:00:00,46.0,46.03,45.96,46.02,2175568
2014-04-24 15:15:00,46.03,46.13,45.995,46.105,2234915
2014-04-24 15:30:00,46.105,46.12,46.02,46.09,2310303
2014-04-24 15:45:00,46.09,46.1,46.01,46.015,2507697
2014-04-24 16:00:00,46.01,46.06,45.99,46.05,2985005
2014-04-25 09:45:00,46.25,46.25,45.96,46.0401,77099
2014-04-25 10:00:00,46.05,46.12,45.92,46.0,144338
2014-04-25 10:15:00,45.99,46.04,45.88,46.01,209642
2014-04-25 10:30:00,46.02,46.13,45.98,46.01,249113
2014-04-25 10:45:00,46.0,46.0,45.87,45.92,312350
2014-04-25 11:00:00,45.906,45.97,45.9,45.97,356808
2014-04-25 11:15:00,45.96,45.965,45.78,45.86,470827
2014-04-25 11:30:00,45.85,45.93,45.85,45.9,511479
2014-04-25 11:45:00,45.91,45.98,45.88,45.9,580678
2014-04-25 12:00:00,45.92,46.01,45.89,45.95,617580
2014-04-25 12:15:00,45.96,46.05,45.945,46.0,637524
2014-04-25 12:30:00,45.99,46.065,45.99,46.03,655331
2014-04-25 12:45:00,46.04,46.05,46.0,46.01,673515
2014-04-25 13:00:00,46.025,46.04,45.98,46.0,690311
2014-04-25 13:15:00,45.99,45.99,45.83,45.839,715177
2014-04-25 13:30:00,45.84,45.91,45.8,45.89,732546
2014-04-25 13:45:00,45.9,45.96,45.85,45.96,768832
2014-04-25 14:00:00,45.96,45.97,45.9,45.905,793912
2014-04-25 14:15:00,45.91,45.97,45.905,45.951,840201
2014-04-25 14:30:00,45.96,45.971,45.92,45.95,875691
2014-04-25 14:45:00,45.93,45.9849,45.89,45.93,921477
2014-04-25 15:00:00,45.93,45.985,45.88,45.9,947332
2014-04-25 15:15:00,45.9,45.951,45.88,45.8999,973296
2014-04-25 15:30:00,45.9,46.011,45.88,46.0,1060233
2014-04-25 15:45:00,45.995,46.0,45.895,45.915,1111028
2014-04-25 16:00:00,45.915,46.0,45.88,46.0,1282185
2014-04-28 09:45:00,46.15,46.25,45.99,46.13,101975
2014-04-28 10:00:00,46.14,46.25,46.11,46.22,158998
2014-04-28 10:15:00,46.22,46.43,46.22,46.41,223886
2014-04-28 10:30:00,46.42,46.56,46.42,46.495,294516
2014-04-28 10:45:00,46.49,46.52,46.45,46.5,349957
2014-04-28 11:00:00,46.5,46.5,46.43,46.45,421284
2014-04-28 11:15:00,46.46,46.51,46.28,46.3,476541
2014-04-28 11:30:00,46.3,46.45,46.285,46.33,641882
2014-04-28 11:45:00,46.31,46.33,46.21,46.2656,704696
2014-04-28 12:00:00,46.27,46.3,46.14,46.17,756409
2014-04-28 12:15:00,46.13,46.17,45.9,45.92,822200
2014-04-28 12:30:00,45.9,45.95,45.87,45.92,851286
2014-04-28 12:45:00,45.91,46.05,45.91,46.04,911495
2014-04-28 13:00:00,46.01,46.08,46.0,46.02,989776
2014-04-28 13:15:00,46.01,46.02,45.89,45.9,1016913
2014-04-28 13:30:00,45.89,45.96,45.81,45.84,1182037
2014-04-28 13:45:00,45.82,45.87,45.68,45.84,1238860
2014-04-28 14:00:00,45.84,45.9799,45.83,45.9799,1287997
2014-04-28 14:15:00,45.98,46.06,45.94,45.99,1369549
2014-04-28 14:30:00,45.99,46.08,45.97,46.08,1477583
2014-04-28 14:45:00,46.07,46.31,46.05,46.3,1545060
2014-04-28 15:00:00,46.3,46.37,46.27,46.31,1618868
2014-04-28 15:15:00,46.32,46.59,46.3,46.59,1717392
2014-04-28 15:30:00,46.6,46.8201,46.59,46.74,1839440
2014-04-28 15:45:00,46.74,46.79,46.7275,46.745,1960081
2014-04-28 16:00:00,46.74,46.74,46.53,46.58,2163395
2014-04-29 09:45:00,46.6,46.72,46.52,46.57,57992
2014-04-29 10:00:00,46.57,46.76,46.54,46.68,114799
2014-04-29 10:15:00,46.68,46.85,46.66,46.83,274357
2014-04-29 10:30:00,46.825,46.86,46.82,46.85,396848
2014-04-29 10:45:00,46.85,46.87,46.74,46.76,479671
2014-04-29 11:00:00,46.76,46.8,46.75,46.77,518744
2014-04-29 11:15:00,46.77,46.8,46.76,46.78,562911
2014-04-29 11:30:00,46.78,46.9,46.78,46.88,611510
2014-04-29 11:45:00,46.875,46.92,46.83,46.86,676419
2014-04-29 12:00:00,46.86,46.9,46.85,46.87,721280
2014-04-29 12:15:00,46.88,46.9,46.85,46.88,753034
2014-04-29 12:30:00,46.88,46.95,46.87,46.95,797830
2014-04-29 12:45:00,46.95,46.98,46.94,46.96,837046
2014-04-29 13:00:00,46.96,47.0,46.95,46.98,933695
2014-04-29 13:15:00,46.98,46.99,46.91,46.975,998187
2014-04-29 13:30:00,46.975,47.0,46.97,46.98,1150525
2014-04-29 13:45:00,46.99,47.0,46.98,46.99,1358787
2014-04-29 14:00:00,46.99,47.435,46.99,47.37,2219255
2014-04-29 14:15:00,47.38,47.475,47.14,47.1437,2348467
2014-04-29 14:30:00,47.14,47.17,47.0,47.02,2513568
2014-04-29 14:45:00,47.02,47.06,47.0,47.03,2579630
2014-04-29 15:00:00,47.02,47.06,47.0,47.03,2639103
2014-04-29 15:15:00,47.04,47.07,47.02,47.02,2709137
2014-04-29 15:30:00,47.03,47.07,46.95,47.0,2804720
2014-04-29 15:45:00,47.0,47.0,46.95,46.95,2912254
2014-04-29 16:00:00,46.955,47.06,46.95,46.98,3344177
2014-04-30 09:45:00,47.04,47.11,46.88,47.02,397333
2014-04-30 10:00:00,47.02,47.15,46.85,46.89,459490
2014-04-30 10:15:00,46.92,46.94,46.81,46.906,505239
2014-04-30 10:30:00,46.92,47.04,46.91,47.02,558411
2014-04-30 10:45:00,47.04,47.14,46.995,47.07,668388
2014-04-30 11:00:00,47.08,47.14,47.05,47.08,771327
2014-04-30 11:15:00,47.07,47.08,47.0,47.01,869018
2014-04-30 11:30:00,47.01,47.02,46.94,46.98,914776
2014-04-30 11:45:00,46.98,47.08,46.97,47.08,942286
2014-04-30 12:00:00,47.09,47.11,46.985,46.99,985337
2014-04-30 12:15:00,46.9901,47.04,46.95,47.02,1014797
2014-04-30 12:30:00,47.02,47.04,47.01,47.02,1051296
2014-04-30 12:45:00,47.02,47.09,47.005,47.075,1106633
2014-04-30 13:00:00,47.08,47.1,47.06,47.08,1145396
2014-04-30 13:15:00,47.07,47.1,46.99,47.0,1189264
2014-04-30 13:30:00,46.995,47.01,46.9,47.0,1232790
2014-04-30 13:45:00,47.0,47.06,46.975,47.04,1255763
2014-04-30 14:00:00,47.03,47.04,46.98,46.9801,1286903
2014-04-30 14:15:00,46.98,47.1,46.9,46.97,1337839
2014-04-30 14:30:00,46.95,47.08,46.95,47.0401,1381839
2014-04-30 14:45:00,47.05,47.09,47.02,47.065,1434297
2014-04-30 15:00:00,47.065,47.13,47.03,47.05,1515431
2014-04-30 15:15:00,47.04,47.1,46.95,46.98,1574076
2014-04-30 15:30:00,46.98,47.01,46.9,46.99,1692192
2014-04-30 15:45:00,46.99,47.02,46.95,46.99,1808451
2014-04-30 16:00:00,46.99,47.03,46.82,46.95,2098610
2014-05-01 09:45:00,47.01,47.14,46.86,47.09,64541
2014-05-01 10:00:00,47.13,47.13,46.95,47.03,217387
2014-05-01 10:15:00,47.04,47.13,46.96,47.08,295615
2014-05-01 10:30:00,47.09,47.22,47.02,47.18,358782
2014-05-01 10:45:00,47.19,47.47,47.19,47.44,445692
2014-05-01 11:00:00,47.44,47.5,47.35,47.45,567039
2014-05-01 11:15:00,47.45,47.46,47.38,47.385,648449
2014-05-01 11:30:00,47.39,47.41,47.35,47.3925,684338
2014-05-01 11:45:00,47.39,47.44,47.33,47.42,820232
2014-05-01 12:00:00,47.42,47.425,47.33,47.42,920338
2014-05-01 12:15:00,47.41,47.43,47.39,47.4,966942
2014-05-01 12:30:00,47.38,47.41,47.3,47.38,994308
2014-05-01 12:45:00,47.37,47.4,47.345,47.37,1257814
2014-05-01 13:00:00,47.37,47.4,47.36,47.37,1292056
2014-05-01 13:15:00,47.37,47.41,47.35,47.35,1359435
2014-05-01 13:30:00,47.34,47.345,47.3,47.31,1390822
2014-05-01 13:45:00,47.3,47.31,47.23,47.23,1452134
2014-05-01 14:00:00,47.235,47.26,47.12,47.16,1501060
2014-05-01 14:15:00,47.15,47.24,47.1,47.24,1551708
2014-05-01 14:30:00,47.24,47.26,47.165,47.195,1599487
2014-05-01 14:45:00,47.195,47.21,47.1,47.1,1642076
2014-05-01 15:00:00,47.11,47.2012,47.11,47.2,1697161
2014-05-01 15:15:00,47.19,47.2,47.143,47.16,1750728
2014-05-01 15:30:00,47.16,47.185,47.13,47.163,1807719
2014-05-01 15:45:00,47.16,47.165,47.045,47.05,1887145
2014-05-01 16:00:00,47.05,47.185,47.045,47.17,2044688
2014-05-02 09:45:00,47.19,47.27,47.04,47.27,75385
2014-05-02 10:00:00,47.27,47.3,47.16,47.25,118809
2014-05-02 10:15:00,47.25,47.25,47.175,47.21,164357
2014-05-02 10:30:00,47.21,47.25,47.16,47.18,205335
2014-05-02 10:45:00,47.19,47.24,47.15,47.17,271837
2014-05-02 11:00:00,47.18,47.18,46.98,47.09,349940
2014-05-02 11:15:00,47.08,47.25,47.07,47.18,376642
2014-05-02 11:30:00,47.17,47.255,47.17,47.23,443495
2014-05-02 11:45:00,47.2301,47.32,47.2,47.21,483354
2014-05-02 12:00:00,47.21,47.26,47.17,47.2,537201
2014-05-02 12:15:00,47.2,47.23,47.15,47.22,556013
2014-05-02 12:30:00,47.22,47.24,47.2,47.22,572771
2014-05-02 12:45:00,47.22,47.25,47.19,47.22,604976
2014-05-02 13:00:00,47.215,47.23,47.2,47.23,683743
2014-05-02 13:15:00,47.23,47.23,47.155,47.17,707945
2014-05-02 13:30:00,47.17,47.19,47.12,47.13,730403
2014-05-02 13:45:00,47.12,47.15,47.11,47.14,750264
2014-05-02 14:00:00,47.15,47.16,47.09,47.09,778780
2014-05-02 14:15:00,47.08,47.085,46.99,47.04,820117
2014-05-02 14:30:00,47.035,47.055,46.99,47.0,843167
2014-05-02 14:45:00,46.995,47.05,46.9744,47.025,876063
2014-05-02 15:00:00,47.02,47.04,47.0,47.03,918185
2014-05-02 15:15:00,47.03,47.06,47.005,47.04,961492
2014-05-02 15:30:00,47.035,47.06,47.02,47.035,996527
2014-05-02 15:45:00,47.04,47.04,46.965,46.99,1038480
2014-05-02 16:00:00,46.99,47.01,46.955,46.985,1175836
2014-05-05 09:45:00,46.81,46.82,46.54,46.64,27517
2014-05-05 10:00:00,46.65,46.8,46.6,46.8,64520
2014-05-05 10:15:00,46.8,46.88,46.79,46.87,96682
2014-05-05 10:30:00,46.87,47.0,46.86,46.89,137167
2014-05-05 10:45:00,46.89,47.09,46.89,47.08,163007
2014-05-05 11:00:00,47.08,47.1,47.06,47.08,181161
2014-05-05 11:15:00,47.1,47.1,47.04,47.06,194323
2014-05-05 11:30:00,47.07,47.08,47.0,47.03,213404
2014-05-05 11:45:00,47.02,47.11,47.02,47.1,244922
2014-05-05 12:00:00,47.09,47.12,47.085,47.105,257530
2014-05-05 12:15:00,47.11,47.12,47.07,47.1,286958
2014-05-05 12:30:00,47.1,47.11,47.08,47.105,304121
2014-05-05 12:45:00,47.105,47.11,47.085,47.085,319996
2014-05-05 13:00:00,47.09,47.105,47.08,47.09,334106
2014-05-05 13:15:00,47.09,47.11,47.05,47.085,356890
2014-05-05 13:30:00,47.0875,47.115,47.07,47.105,387858
2014-05-05 13:45:00,47.1,47.11,47.09,47.1,422718
2014-05-05 14:00:00,47.1,47.1,47.06,47.06,452043
2014-05-05 14:15:00,47.06,47.09,47.04,47.08,482642
2014-05-05 14:30:00,47.07,47.1,47.07,47.1,500405
2014-05-05 14:45:00,47.09,47.09,47.06,47.08,520341
2014-05-05 15:00:00,47.0879,47.14,47.08,47.105,559437
2014-05-05 15:15:00,47.105,47.1075,47.06,47.07,601408
2014-05-05 15:30:00,47.06,47.1,47.04,47.1,640323
2014-05-05 15:45:00,47.1,47.15,47.1,47.1,666778
2014-05-05 16:00:00,47.11,47.13,47.08,47.1,812767
2014-05-06 09:45:00,46.99,47.105,46.86,46.92,17401
2014-05-06 10:00:00,46.88,47.03,46.87,47.03,39368
2014-05-06 10:15:00,47.02,47.06,46.97,47.06,52235
2014-05-06 10:30:00,47.07,47.19,47.065,47.19,74108
2014-05-06 10:45:00,47.21,47.25,47.19,47.23,92984
2014-05-06 11:00:00,47.23,47.25,47.09,47.1,107962
2014-05-06 11:15:00,47.09,47.22,47.05,47.2,119509
2014-05-06 11:30:00,47.19,47.26,47.18,47.26,142834
2014-05-06 11:45:00,47.26,47.35,47.25,47.35,171938
2014-05-06 12:00:00,47.36,47.38,47.26,47.27,230532
2014-05-06 12:15:00,47.25,47.255,47.17,47.235,241947
2014-05-06 12:30:00,47.235,47.3,47.23,47.29,273483
2014-05-06 12:45:00,47.28,47.36,47.27,47.36,299421
2014-05-06 13:00:00,47.355,47.36,47.26,47.2601,319873
2014-05-06 13:15:00,47.27,47.32,47.21,47.3,357732
2014-05-06 13:30:00,47.3,47.32,47.3,47.3,378243
2014-05-06 13:45:00,47.3,47.32,47.19,47.195,400298
2014-05-06 14:00:00,47.2,47.23,47.17,47.19,431133
2014-05-06 14:15:00,47.18,47.18,46.99,47.0,495316
2014-05-06 14:30:00,47.0,47.1,46.97,47.1,576832
2014-05-06 14:45:00,47.08,47.17,47.06,47.15,594530
2014-05-06 15:00:00,47.15,47.18,47.13,47.155,620183
2014-05-06 15:15:00,47.14,47.145,47.07,47.105,653478
2014-05-06 15:30:00,47.11,47.21,47.11,47.16,692937
2014-05-06 15:45:00,47.16,47.215,47.12,47.14,743701
2014-05-06 16:00:00,47.13,47.13,47.065,47.11,877426
2014-05-07 09:45:00,47.26,47.3,47.14,47.19,13241
2014-05-07 10:00:00,47.19,47.19,46.93,46.935,47509
2014-05-07 10:15:00,46.93,47.01,46.7,46.7,64675
2014-05-07 10:30:00,46.7,46.82,46.66,46.8,79011
2014-05-07 10:45:00,46.81,46.94,46.77,46.865,94175
2014-05-07 11:00:00,46.87,46.9,46.78,46.79,127722
2014-05-07 11:15:00,46.77,46.9,46.75,46.89,152017
2014-05-07 11:30:00,46.89,46.98,46.85,46.98,169673
2014-05-07 11:45:00,46.97,47.12,46.96,47.12,188769
2014-05-07 12:00:00,47.15,47.24,47.14,47.2099,201788
2014-05-07 12:15:00,47.19,47.2,47.11,47.13,210546
2014-05-07 12:30:00,47.15,47.18,47.11,47.11,224132
2014-05-07 12:45:00,47.12,47.13,47.07,47.07,234619
2014-05-07 13:00:00,47.08,47.09,47.02,47.045,244058
2014-05-07 13:15:00,47.0399,47.08,47.0,47.08,255752
2014-05-07 13:30:00,47.08,47.14,47.07,47.1,263167
2014-05-07 13:45:00,47.11,47.18,47.08,47.18,285090
2014-05-07 14:00:00,47.18,47.21,47.12,47.12,310716
2014-05-07 14:15:00,47.1,47.259,47.1,47.25,329742
2014-05-07 14:30:00,47.25,47.33,47.25,47.32,345008
2014-05-07 14:45:00,47.32,47.36,47.3,47.36,360349
2014-05-07 15:00:00,47.36,47.37,47.33,47.345,396078
2014-05-07 15:15:00,47.35,47.35,47.31,47.31,438483
2014-05-07 15:30:00,47.3,47.31,47.19,47.245,486004
2014-05-07 15:45:00,47.25,47.305,47.23,47.25,599392
2014-05-07 16:00:00,47.25,47.26,46.99,47.13,2905185
2014-05-08 09:45:00,47.01,47.27,46.9,47.25,38353
2014-05-08 10:00:00,47.2638,47.2638,47.15,47.19,53174
2014-05-08 10:15:00,47.23,47.34,47.2,47.34,81703
2014-05-08 10:30:00,47.3264,47.33,47.24,47.24,101537
2014-05-08 10:45:00,47.24,47.26,47.17,47.19,117681
2014-05-08 11:00:00,47.19,47.27,47.14,47.19,150626
2014-05-08 11:15:00,47.2,47.34,47.15,47.32,183890
2014-05-08 11:30:00,47.33,47.349,47.23,47.31,208863
2014-05-08 11:45:00,47.31,47.35,47.235,47.26,246030
2014-05-08 12:00:00,47.26,47.32,47.26,47.27,263989
2014-05-08 12:15:00,47.279,47.31,47.27,47.28,281477
2014-05-08 12:30:00,47.27,47.31,47.21,47.24,307485
2014-05-08 12:45:00,47.23,47.27,47.2,47.2,319943
2014-05-08 13:00:00,47.19,47.19,47.11,47.14,335372
2014-05-08 13:15:00,47.14,47.18,47.07,47.109,356252
2014-05-08 13:30:00,47.1,47.1,46.98,47.06,382025
2014-05-08 13:45:00,47.06,47.09,47.035,47.06,393367
2014-05-08 14:00:00,47.06,47.08,46.98,47.02,415243
2014-05-08 14:15:00,47.02,47.02,46.86,46.89,445625
2014-05-08 14:30:00,46.88,46.9329,46.8,46.83,591047
2014-05-08 14:45:00,46.82,46.83,46.7,46.7,626264
2014-05-08 15:00:00,46.69,46.74,46.63,46.69,653297
2014-05-08 15:15:00,46.68,46.69,46.6,46.67,689870
2014-05-08 15:30:00,46.66,46.76,46.645,46.74,718510
2014-05-08 15:45:00,46.75,46.76,46.67,46.69,765449
2014-05-08 16:00:00,46.7,46.8,46.7,46.77,867909
2014-05-09 09:45:00,46.76,46.88,46.71,46.79,42802
2014-05-09 10:00:00,46.8,46.895,46.8,46.86,76937
2014-05-09 10:15:00,46.84,47.01,46.82,46.99,103475
2014-05-09 10:30:00,46.99,47.11,46.99,47.0999,577192
2014-05-09 10:45:00,47.08,47.08,46.88,46.92,641190
2014-05-09 11:00:00,46.91,46.93,46.88,46.88,664540
2014-05-09 11:15:00,46.88,46.88,46.785,46.815,719165
2014-05-09 11:30:00,46.82,46.84,46.71,46.76,761957
2014-05-09 11:45:00,46.78,46.901,46.77,46.89,773867
2014-05-09 12:00:00,46.89,46.98,46.89,46.96,783593
2014-05-09 12:15:00,46.96,46.99,46.92,46.99,791099
2014-05-09 12:30:00,46.99,47.05,46.99,47.04,803549
2014-05-09 12:45:00,47.021,47.2,47.021,47.17,823496
2014-05-09 13:00:00,47.18,47.27,47.18,47.24,836987
2014-05-09 13:15:00,47.239,47.26,47.16,47.16,856787
2014-05-09 13:30:00,47.15,47.17,47.15,47.158,864998
2014-05-09 13:45:00,47.16,47.165,47.07,47.07,882344
2014-05-09 14:00:00,47.075,47.08,47.05,47.05,889200
2014-05-09 14:15:00,47.05,47.0598,46.96,46.96,907708
2014-05-09 14:30:00,46.95,46.95,46.8,46.81,1014867
2014-05-09 14:45:00,46.83,46.855,46.81,46.815,1040658
2014-05-09 15:00:00,46.815,46.88,46.81,46.86,1069666
2014-05-09 15:15:00,46.87,46.9,46.84,46.895,1111583
2014-05-09 15:30:00,46.89,46.895,46.815,46.85,1150499
2014-05-09 15:45:00,46.84,46.8501,46.785,46.85,1226270
2014-05-09 16:00:00,46.86,46.93,46.8175,46.85,1426508
2014-05-12 09:45:00,47.0,47.25,46.9,47.25,65367
2014-05-12 10:00:00,47.24,47.37,47.22,47.32,114669
2014-05-12 10:15:00,47.345,47.39,47.3,47.33,142136
2014-05-12 10:30:00,47.32,47.36,47.23,47.25,188452
2014-05-12 10:45:00,47.25,47.265,47.19,47.195,230861
2014-05-12 11:00:00,47.19,47.31,47.19,47.295,282421
2014-05-12 11:15:00,47.295,47.36,47.285,47.31,315583
2014-05-12 11:30:00,47.32,47.37,47.31,47.32,342873
2014-05-12 11:45:00,47.31,47.315,47.24,47.27,388355
2014-05-12 12:00:00,47.27,47.3,47.27,47.275,403921
2014-05-12 12:15:00,47.27,47.3,47.27,47.2901,443659
2014-05-12 12:30:00,47.295,47.32,47.275,47.275,482878
2014-05-12 12:45:00,47.28,47.28,47.19,47.2095,586552
2014-05-12 13:00:00,47.21,47.215,47.13,47.13,612772
2014-05-12 13:15:00,47.13,47.13,47.05,47.05,642126
2014-05-12 13:30:00,47.05,47.15,47.04,47.15,668223
2014-05-12 13:45:00,47.15,47.25,47.15,47.23,686081
2014-05-12 14:00:00,47.23,47.25,47.21,47.21,701041
2014-05-12 14:15:00,47.21,47.25,47.19,47.25,726088
2014-05-12 14:30:00,47.25,47.25,47.22,47.23,747699
2014-05-12 14:45:00,47.23,47.27,47.22,47.2544,795095
2014-05-12 15:00:00,47.26,47.3,47.22,47.3,830542
2014-05-12 15:15:00,47.3,47.34,47.29,47.31,865961
2014-05-12 15:30:00,47.31,47.3125,47.24,47.29,974353
2014-05-12 15:45:00,47.28,47.31,47.25,47.26,1054684
2014-05-12 16:00:00,47.27,47.29,47.19,47.22,1234789
2014-05-13 09:45:00,47.11,47.2,47.02,47.15,38008
2014-05-13 10:00:00,47.155,47.28,47.1,47.27,77632
2014-05-13 10:15:00,47.28,47.41,47.2788,47.36,130259
2014-05-13 10:30:00,47.36,47.37,47.3,47.34,160026
2014-05-13 10:45:00,47.35,47.53,47.35,47.49,222677
2014-05-13 11:00:00,47.47,47.53,47.42,47.455,260571
2014-05-13 11:15:00,47.46,47.52,47.42,47.43,310430
2014-05-13 11:30:00,47.42,47.44,47.3501,47.43,356299
2014-05-13 11:45:00,47.43,47.4963,47.4,47.436,401653
2014-05-13 12:00:00,47.42,47.45,47.36,47.37,429680
2014-05-13 12:15:00,47.375,47.46,47.33,47.45,458817
2014-05-13 12:30:00,47.45,47.495,47.39,47.41,479373
2014-05-13 12:45:00,47.4,47.4,47.35,47.36,494261
2014-05-13 13:00:00,47.36,47.41,47.36,47.4,512438
2014-05-13 13:15:00,47.41,47.46,47.38,47.38,545085
2014-05-13 13:30:00,47.4,47.47,47.38,47.47,650414
2014-05-13 13:45:00,47.46,47.47,47.37,47.42,680098
2014-05-13 14:00:00,47.41,47.42,47.38,47.405,698506
2014-05-13 14:15:00,47.41,47.43,47.38,47.41,724388
2014-05-13 14:30:00,47.4075,47.445,47.385,47.4,863933
2014-05-13 14:45:00,47.41,47.47,47.4,47.46,889295
2014-05-13 15:00:00,47.46,47.46,47.42,47.42,954320
2014-05-13 15:15:00,47.415,47.42,47.325,47.34,985648
2014-05-13 15:30:00,47.35,47.37,47.335,47.35,1012973
2014-05-13 15:45:00,47.37,47.39,47.335,47.36,1092400
2014-05-13 16:00:00,47.38,47.43,47.35,47.35,1307382
2014-05-14 09:45:00,47.54,47.85,47.54,47.7299,176781
2014-05-14 10:00:00,47.74,47.81,47.59,47.63,442696
2014-05-14 10:15:00,47.63,47.91,47.625,47.9,679649
2014-05-14 10:30:00,47.9,48.0,47.865,48.0,709525
2014-05-14 10:45:00,47.98,48.04,47.92,47.99,762331
2014-05-14 11:00:00,47.98,48.0599,47.8096,47.8096,860873
2014-05-14 11:15:00,47.8,47.82,47.69,47.705,880920
2014-05-14 11:30:00,47.7,47.725,47.62,47.68,934836
2014-05-14 11:45:00,47.67,47.72,47.66,47.71,945417
2014-05-14 12:00:00,47.72,47.74,47.62,47.66,1163352
2014-05-14 12:15:00,47.65,47.69,47.65,47.65,1184069
2014-05-14 12:30:00,47.64,47.64,47.52,47.54,1242284
2014-05-14 12:45:00,47.55,47.55,47.48,47.54,1261656
2014-05-14 13:00:00,47.54,47.54,47.49,47.5,1380501
2014-05-14 13:15:00,47.5,47.62,47.49,47.6,1401298
2014-05-14 13:30:00,47.61,47.62,47.56,47.56,1444323
2014-05-14 13:45:00,47.56,47.56,47.48,47.49,1482107
2014-05-14 14:00:00,47.49,47.51,47.4334,47.48,1510583
2014-05-14 14:15:00,47.48,47.5,47.4,47.4407,1547452
2014-05-14 14:30:00,47.447,47.46,47.4,47.42,1594460
2014-05-14 14:45:00,47.43,47.46,47.335,47.335,1629891
2014-05-14 15:00:00,47.34,47.34,47.2,47.2131,1866385
2014-05-14 15:15:00,47.2,47.3007,47.2,47.265,1898886
2014-05-14 15:30:00,47.26,47.36,47.26,47.29,1938594
2014-05-14 15:45:00,47.3,47.34,47.22,47.33,1989076
2014-05-14 16:00:00,47.34,47.37,47.292,47.35,2120797
2014-05-15 09:45:00,47.17,47.25,46.47,46.48,106435
2014-05-15 10:00:00,46.47,46.49,46.12,46.33,233589
2014-05-15 10:15:00,46.38,46.38,46.09,46.24,299305
2014-05-15 10:30:00,46.24,46.305,46.095,46.095,374401
2014-05-15 10:45:00,46.1,46.15,45.99,46.07,481470
2014-05-15 11:00:00,46.07,46.19,46.0,46.119,554414
2014-05-15 11:15:00,46.12,46.14,45.9,45.99,623247
2014-05-15 11:30:00,45.98,46.02,45.9305,45.99,666164
2014-05-15 11:45:00,46.0,46.08,45.96,45.96,705970
2014-05-15 12:00:00,45.95,45.95,45.86,45.9,762164
2014-05-15 12:15:00,45.9,46.0,45.88,45.94,800716
2014-05-15 12:30:00,45.93,45.94,45.87,45.93,821320
2014-05-15 12:45:00,45.92,46.07,45.92,46.0,854022
2014-05-15 13:00:00,46.0,46.07,45.995,46.03,881652
2014-05-15 13:15:00,46.04,46.07,46.02,46.07,908557
2014-05-15 13:30:00,46.061,46.1,46.03,46.0555,945239
2014-05-15 13:45:00,46.06,46.11,46.04,46.06,976038
2014-05-15 14:00:00,46.06,46.18,46.06,46.17,1007720
2014-05-15 14:15:00,46.161,46.3,46.16,46.3,1037193
2014-05-15 14:30:00,46.295,46.37,46.23,46.37,1088539
2014-05-15 14:45:00,46.369,46.39,46.325,46.33,1120430
2014-05-15 15:00:00,46.33,46.48,46.31,46.42,1172591
2014-05-15 15:15:00,46.42,46.42,46.36,46.38,1216877
2014-05-15 15:30:00,46.37,46.39,46.22,46.24,1266848
2014-05-15 15:45:00,46.24,46.5,46.23,46.49,1442527
2014-05-15 16:00:00,46.48,46.5,46.4,46.43,1609237
2014-05-16 09:45:00,46.33,46.41,45.88,45.96,187432
2014-05-16 10:00:00,45.99,46.16,45.95,46.15,237849
2014-05-16 10:15:00,46.14,46.16,46.014,46.115,287147
2014-05-16 10:30:00,46.11,46.14,46.05,46.09,349386
2014-05-16 10:45:00,46.11,46.24,46.09,46.22,363506
2014-05-16 11:00:00,46.2299,46.35,46.215,46.31,375519
2014-05-16 11:15:00,46.28,46.42,46.25,46.39,384772
2014-05-16 11:30:00,46.3899,46.44,46.35,46.38,408074
2014-05-16 11:45:00,46.38,46.44,46.32,46.32,415119
2014-05-16 12:00:00,46.32,46.39,46.29,46.35,428732
2014-05-16 12:15:00,46.34,46.41,46.33,46.38,440682
2014-05-16 12:30:00,46.37,46.44,46.35,46.37,450550
2014-05-16 12:45:00,46.37,46.4,46.32,46.35,460838
2014-05-16 13:00:00,46.3299,46.345,46.29,46.31,470198
2014-05-16 13:15:00,46.31,46.32,46.23,46.3125,482360
2014-05-16 13:30:00,46.32,46.4,46.32,46.4,497304
2014-05-16 13:45:00,46.39,46.4,46.35,46.36,510843
2014-05-16 14:00:00,46.35,46.37,46.33,46.34,517157
2014-05-16 14:15:00,46.34,46.35,46.29,46.3,529235
2014-05-16 14:30:00,46.31,46.39,46.3,46.39,542771
2014-05-16 14:45:00,46.38,46.47,46.38,46.47,562670
2014-05-16 15:00:00,46.47,46.64,46.46,46.64,584221
2014-05-16 15:15:00,46.62,46.66,46.61,46.64,623079
2014-05-16 15:30:00,46.63,46.65,46.6,46.64,676747
2014-05-16 15:45:00,46.64,46.66,46.61,46.65,773841
2014-05-16 16:00:00,46.65,46.68,46.64,46.67,963265
2014-05-19 09:45:00,46.65,46.73,46.5304,46.692,31191
2014-05-19 10:00:00,46.695,46.75,46.59,46.65,45403
2014-05-19 10:15:00,46.65,46.77,46.57,46.75,70648
2014-05-19 10:30:00,46.765,46.84,46.73,46.84,175390
2014-05-19 10:45:00,46.84,46.95,46.7702,46.89,249840
2014-05-19 11:00:00,46.91,46.96,46.87,46.93,265753
2014-05-19 11:15:00,46.93,47.06,46.92,47.0,299598
2014-05-19 11:30:00,47.02,47.19,47.005,47.18,361662
2014-05-19 11:45:00,47.19,47.33,47.13,47.32,449921
2014-05-19 12:00:00,47.33,47.37,47.28,47.29,504584
2014-05-19 12:15:00,47.29,47.29,47.13,47.21,539112
2014-05-19 12:30:00,47.2,47.33,47.2,47.33,570246
2014-05-19 12:45:00,47.33,47.3838,47.29,47.29,618044
2014-05-19 13:00:00,47.29,47.305,47.2,47.22,638022
2014-05-19 13:15:00,47.21,47.27,47.21,47.27,668560
2014-05-19 13:30:00,47.27,47.31,47.21,47.23,713267
2014-05-19 13:45:00,47.23,47.3,47.2266,47.295,757980
2014-05-19 14:00:00,47.305,47.31,47.21,47.23,772413
2014-05-19 14:15:00,47.24,47.24,47.16,47.2,801100
2014-05-19 14:30:00,47.2,47.2,47.15,47.18,849418
2014-05-19 14:45:00,47.18,47.23,47.1725,47.23,874245
2014-05-19 15:00:00,47.22,47.23,47.21,47.22,894184
2014-05-19 15:15:00,47.23,47.25,47.2,47.25,924366
2014-05-19 15:30:00,47.24,47.31,47.21,47.305,986399
2014-05-19 15:45:00,47.31,47.39,47.27,47.28,1104776
2014-05-19 16:00:00,47.28,47.31,47.25,47.27,1404596
2014-05-20 09:45:00,47.26,47.32,47.01,47.12,33654
2014-05-20 10:00:00,47.12,47.19,47.07,47.07,77821
2014-05-20 10:15:00,47.08,47.136,47.06,47.1,101657
2014-05-20 10:30:00,47.11,47.145,46.92,46.95,149518
2014-05-20 10:45:00,46.965,47.08,46.965,47.07,208126
2014-05-20 11:00:00,47.06,47.16,47.02,47.12,240822
2014-05-20 11:15:00,47.13,47.13,47.01,47.01,251363
2014-05-20 11:30:00,47.03,47.05,46.97,46.97,299983
2014-05-20 11:45:00,46.96,47.01,46.95,47.0,413431
2014-05-20 12:00:00,47.02,47.08,47.0,47.05,445782
2014-05-20 12:15:00,47.05,47.07,46.97,47.0,502400
2014-05-20 12:30:00,47.0,47.07,46.97,47.02,529235
2014-05-20 12:45:00,47.03,47.05,46.96,47.04,564225
2014-05-20 13:00:00,47.04,47.07,47.0,47.03,578836
2014-05-20 13:15:00,47.03,47.04,46.98,47.0,616633
2014-05-20 13:30:00,47.0,47.04,46.92,47.03,667504
2014-05-20 13:45:00,47.02,47.04,46.83,46.86,767971
2014-05-20 14:00:00,46.85,46.9,46.82,46.85,811950
2014-05-20 14:15:00,46.85,46.94,46.85,46.9,845201
2014-05-20 14:30:00,46.895,46.95,46.871,46.89,867060
2014-05-20 14:45:00,46.885,46.9,46.82,46.85,896591
2014-05-20 15:00:00,46.86,46.9,46.82,46.84,921714
2014-05-20 15:15:00,46.84,46.97,46.84,46.955,951041
2014-05-20 15:30:00,46.96,47.04,46.96,47.0,1026593
2014-05-20 15:45:00,46.995,47.13,46.995,47.079,1098888
2014-05-20 16:00:00,47.09,47.12,47.0,47.01,1243011
2014-05-21 09:45:00,47.08,47.26,47.01,47.21,20408
2014-05-21 10:00:00,47.22,47.28,47.2,47.24,31911
2014-05-21 10:15:00,47.23,47.31,47.23,47.3,43564
2014-05-21 10:30:00,47.29,47.32,47.18,47.21,50761
2014-05-21 10:45:00,47.22,47.26,47.21,47.235,71935
2014-05-21 11:00:00,47.24,47.29,47.22,47.225,86668
2014-05-21 11:15:00,47.2,47.255,47.18,47.2201,104003
2014-05-21 11:30:00,47.24,47.275,47.14,47.15,119954
2014-05-21 11:45:00,47.15,47.16,47.04,47.06,150637
2014-05-21 12:00:00,47.06,47.065,47.01,47.06,172095
2014-05-21 12:15:00,47.07,47.115,47.055,47.11,187462
2014-05-21 12:30:00,47.1,47.15,47.08,47.13,198777
2014-05-21 12:45:00,47.13,47.155,47.11,47.12,223898
2014-05-21 13:00:00,47.11,47.155,47.11,47.15,244115
2014-05-21 13:15:00,47.16,47.22,47.16,47.18,253414
2014-05-21 13:30:00,47.17,47.215,47.16,47.205,262626
2014-05-21 13:45:00,47.2001,47.3,47.2001,47.3,272203
2014-05-21 14:00:00,47.29,47.31,47.27,47.28,284503
2014-05-21 14:15:00,47.279,47.34,47.15,47.18,310203
2014-05-21 14:30:00,47.17,47.295,47.17,47.29,346251
2014-05-21 14:45:00,47.29,47.4,47.28,47.38,366871
2014-05-21 15:00:00,47.375,47.425,47.35,47.37,387138
2014-05-21 15:15:00,47.37,47.4,47.34,47.39,412597
2014-05-21 15:30:00,47.4,47.48,47.395,47.48,436892
2014-05-21 15:45:00,47.48,47.495,47.44,47.465,483572
2014-05-21 16:00:00,47.46,47.49,47.44,47.47,621080
2014-05-22 09:45:00,47.54,47.73,47.43,47.72,59726
2014-05-22 10:00:00,47.73,47.89,47.73,47.88,82514
2014-05-22 10:15:00,47.89,47.89,47.6627,47.67,111759
2014-05-22 10:30:00,47.67,47.72,47.53,47.54,143129
2014-05-22 10:45:00,47.54,47.55,47.49,47.49,166882
2014-05-22 11:00:00,47.5001,47.58,47.48,47.56,197167
2014-05-22 11:15:00,47.57,47.62,47.545,47.58,249115
2014-05-22 11:30:00,47.58,47.67,47.58,47.6699,275772
2014-05-22 11:45:00,47.66,47.68,47.62,47.68,304655
2014-05-22 12:00:00,47.68,47.71,47.63,47.64,321347
2014-05-22 12:15:00,47.64,47.64,47.5,47.5,344974
2014-05-22 12:30:00,47.5,47.5,47.39,47.4,380587
2014-05-22 12:45:00,47.395,47.43,47.32,47.42,476751
2014-05-22 13:00:00,47.43,47.56,47.43,47.558,498600
2014-05-22 13:15:00,47.55,47.58,47.535,47.545,513153
2014-05-22 13:30:00,47.55,47.71,47.545,47.7,554602
2014-05-22 13:45:00,47.71,47.77,47.69,47.74,582948
2014-05-22 14:00:00,47.74,47.77,47.73,47.76,691815
2014-05-22 14:15:00,47.76,47.77,47.74,47.7599,704758
2014-05-22 14:30:00,47.76,47.77,47.73,47.76,735541
2014-05-22 14:45:00,47.77,47.78,47.73,47.76,768481
2014-05-22 15:00:00,47.76,47.84,47.76,47.83,799092
2014-05-22 15:15:00,47.83,47.83,47.75,47.78,856099
2014-05-22 15:30:00,47.78,47.81,47.74,47.77,894706
2014-05-22 15:45:00,47.78,47.78,47.7,47.76,947003
2014-05-22 16:00:00,47.77,47.81,47.73,47.79,1117624
2014-05-23 09:45:00,47.78,47.95,47.72,47.786,14998
2014-05-23 10:00:00,47.815,47.96,47.79,47.88,37965
2014-05-23 10:15:00,47.898,47.95,47.83,47.86,75745
2014-05-23 10:30:00,47.86,47.91,47.8,47.8901,157282
2014-05-23 10:45:00,47.91,47.9401,47.805,47.845,328241
2014-05-23 11:00:00,47.85,47.8501,47.7,47.7475,371265
2014-05-23 11:15:00,47.76,47.76,47.65,47.66,401469
2014-05-23 11:30:00,47.65,47.72,47.64,47.66,429023
2014-05-23 11:45:00,47.66,47.755,47.635,47.75,516240
2014-05-23 12:00:00,47.75,47.79,47.712,47.75,529267
2014-05-23 12:15:00,47.76,47.835,47.75,47.77,546634
2014-05-23 12:30:00,47.77,47.77,47.71,47.76,567811
2014-05-23 12:45:00,47.78,47.81,47.76,47.76,588765
2014-05-23 13:00:00,47.76,47.77,47.73,47.75,606161
2014-05-23 13:15:00,47.76,47.8,47.69,47.7,643396
2014-05-23 13:30:00,47.71,47.82,47.71,47.795,672687
2014-05-23 13:45:00,47.7901,47.7901,47.67,47.69,709428
2014-05-23 14:00:00,47.7,47.705,47.64,47.6401,738532
2014-05-23 14:15:00,47.64,47.7,47.6,47.6901,807427
2014-05-23 14:30:00,47.6901,47.71,47.64,47.68,841481
2014-05-23 14:45:00,47.69,47.71,47.67,47.7,861445
2014-05-23 15:00:00,47.7,47.7199,47.66,47.66,890680
2014-05-23 15:15:00,47.669,47.7,47.6401,47.66,990304
2014-05-23 15:30:00,47.66,47.71,47.65,47.66,1068676
2014-05-23 15:45:00,47.66,47.7,47.65,47.69,1138058
2014-05-23 16:00:00,47.69,47.695,47.59,47.59,1493839
2014-05-27 09:45:00,47.82,47.895,47.72,47.79,27458
2014-05-27 10:00:00,47.83,47.85,47.81,47.82,40742
2014-05-27 10:15:00,47.82,47.83,47.77,47.82,57036
2014-05-27 10:30:00,47.84,47.895,47.81,47.89,78180
2014-05-27 10:45:00,47.9,47.96,47.88,47.96,99244
2014-05-27 11:00:00,47.97,47.995,47.93,47.95,136111
2014-05-27 11:15:00,47.96,48.0,47.91,47.92,299227
2014-05-27 11:30:00,47.925,47.925,47.88,47.905,327380
2014-05-27 11:45:00,47.91,47.97,47.87,47.87,355891
2014-05-27 12:00:00,47.87,47.9,47.86,47.89,369780
2014-05-27 12:15:00,47.89,47.91,47.852,47.86,390859
2014-05-27 12:30:00,47.87,47.88,47.81,47.81,407435
2014-05-27 12:45:00,47.81,47.88,47.804,47.86,420906
2014-05-27 13:00:00,47.87,47.92,47.8656,47.88,441988
2014-05-27 13:15:00,47.88,47.89,47.83,47.87,456862
2014-05-27 13:30:00,47.87,47.955,47.87,47.93,505984
2014-05-27 13:45:00,47.93,47.95,47.89,47.91,526122
2014-05-27 14:00:00,47.91,47.975,47.91,47.95,539709
2014-05-27 14:15:00,47.95,47.97,47.91,47.93,557363
2014-05-27 14:30:00,47.94,47.96,47.92,47.95,574484
2014-05-27 14:45:00,47.95,47.95,47.88,47.93,593479
2014-05-27 15:00:00,47.93,47.98,47.91,47.96,615239
2014-05-27 15:15:00,47.97,48.0,47.955,48.0,647736
2014-05-27 15:30:00,48.0,48.0,47.96,47.96,693916
2014-05-27 15:45:00,47.96,48.0,47.935,47.99,727713
2014-05-27 16:00:00,48.0,48.14,47.98,48.03,1101389
2014-05-28 09:45:00,48.13,48.33,48.06,48.26,40849
2014-05-28 10:00:00,48.2625,48.38,48.2,48.218,60375
2014-05-28 10:15:00,48.2,48.24,48.12,48.14,77450
2014-05-28 10:30:00,48.14,48.22,48.07,48.21,94676
2014-05-28 10:45:00,48.21,48.25,48.16,48.16,132847
2014-05-28 11:00:00,48.17,48.24,48.14,48.21,151853
2014-05-28 11:15:00,48.23,48.27,48.21,48.26,161016
2014-05-28 11:30:00,48.2501,48.29,48.25,48.29,172342
2014-05-28 11:45:00,48.28,48.31,48.27,48.28,180794
2014-05-28 12:00:00,48.28,48.29,48.21,48.23,188089
2014-05-28 12:15:00,48.23,48.26,48.2,48.24,201721
2014-05-28 12:30:00,48.21,48.23,48.15,48.15,210901
2014-05-28 12:45:00,48.17,48.17,48.13,48.14,217801
2014-05-28 13:00:00,48.13,48.14,48.09,48.11,229530
2014-05-28 13:15:00,48.1,48.13,48.09,48.09,243196
2014-05-28 13:30:00,48.1,48.13,48.08,48.08,257001
2014-05-28 13:45:00,48.09,48.11,48.06,48.06,273506
2014-05-28 14:00:00,48.05,48.07,48.01,48.02,288829
2014-05-28 14:15:00,48.02,48.04,47.978,47.99,308946
2014-05-28 14:30:00,47.98,47.99,47.94,47.96,329624
2014-05-28 14:45:00,47.96,47.968,47.93,47.95,346037
2014-05-28 15:00:00,47.95,47.97,47.92,47.95,371428
2014-05-28 15:15:00,47.95,47.98,47.9,47.92,408978
2014-05-28 15:30:00,47.92,47.93,47.82,47.82,465337
2014-05-28 15:45:00,47.82,47.84,47.78,47.795,573290
2014-05-28 16:00:00,47.8,47.82,47.68,47.69,821371
2014-05-29 09:45:00,47.71,47.9,47.7001,47.86,62528
2014-05-29 10:00:00,47.87,47.87,47.77,47.86,108757
2014-05-29 10:15:00,47.85,47.92,47.8,47.81,140012
2014-05-29 10:30:00,47.82,47.92,47.785,47.87,160515
2014-05-29 10:45:00,47.87,47.92,47.84,47.91,231197
2014-05-29 11:00:00,47.93,47.98,47.92,47.97,237703
2014-05-29 11:15:00,47.98,47.98,47.88,47.89,265048
2014-05-29 11:30:00,47.8856,47.93,47.88,47.89,280899
2014-05-29 11:45:00,47.9,47.94,47.855,47.86,330529
2014-05-29 12:00:00,47.88,47.92,47.84,47.88,404046
2014-05-29 12:15:00,47.89,47.99,47.89,47.98,415000
2014-05-29 12:30:00,47.98,47.98,47.93,47.936,424883
2014-05-29 12:45:00,47.95,47.975,47.93,47.95,431042
2014-05-29 13:00:00,47.95,48.0,47.95,48.0,435554
2014-05-29 13:15:00,47.99,47.99,47.93,47.94,445489
2014-05-29 13:30:00,47.93,47.94,47.885,47.9,509389
2014-05-29 13:45:00,47.89,47.9301,47.88,47.9301,516755
2014-05-29 14:00:00,47.95,47.95,47.9,47.95,554880
2014-05-29 14:15:00,47.94,47.98,47.935,47.97,564387
2014-05-29 14:30:00,47.9776,48.0,47.97,47.97,580941
2014-05-29 14:45:00,47.97,48.02,47.96,48.0,627200
2014-05-29 15:00:00,48.0033,48.05,48.0033,48.03,644263
2014-05-29 15:15:00,48.03,48.07,48.03,48.04,663476
2014-05-29 15:30:00,48.03,48.09,48.03,48.08,684300
2014-05-29 15:45:00,48.08,48.09,48.02,48.06,730349
2014-05-29 16:00:00,48.06,48.125,48.05,48.085,920956
2014-05-30 09:45:00,47.92,48.0,47.7,47.76,73096
2014-05-30 10:00:00,47.78,47.82,47.57,47.66,137878
2014-05-30 10:15:00,47.66,47.715,47.63,47.695,193087
2014-05-30 10:30:00,47.685,47.77,47.67,47.67,223027
2014-05-30 10:45:00,47.67,47.765,47.67,47.74,256746
2014-05-30 11:00:00,47.74,47.785,47.66,47.66,376081
2014-05-30 11:15:00,47.67,47.8,47.67,47.8,399273
2014-05-30 11:30:00,47.79,47.795,47.72,47.765,478265
2014-05-30 11:45:00,47.765,47.87,47.76,47.87,507834
2014-05-30 12:00:00,47.86,47.93,47.86,47.91,544925
2014-05-30 12:15:00,47.915,47.97,47.915,47.94,564474
2014-05-30 12:30:00,47.95,47.98,47.92,47.95,581278
2014-05-30 12:45:00,47.94,47.95,47.85,47.9,603685
2014-05-30 13:00:00,47.91,47.92,47.87,47.87,629063
2014-05-30 13:15:00,47.86,47.905,47.85,47.905,638135
2014-05-30 13:30:00,47.908,47.91,47.878,47.89,649794
2014-05-30 13:45:00,47.9,47.9,47.81,47.83,662471
2014-05-30 14:00:00,47.83,47.915,47.83,47.915,677487
2014-05-30 14:15:00,47.91,47.99,47.9,47.98,694008
2014-05-30 14:30:00,47.975,48.0,47.97,47.995,717377
2014-05-30 14:45:00,48.0,48.02,47.97,47.97,749961
2014-05-30 15:00:00,47.96,47.99,47.95,47.96,781842
2014-05-30 15:15:00,47.95,47.97,47.93,47.96,808488
2014-05-30 15:30:00,47.97,48.01,47.95,48.01,838127
2014-05-30 15:45:00,48.01,48.13,48.0,48.13,881060
2014-05-30 16:00:00,48.12,48.37,48.12,48.28,1525300
2014-06-02 09:45:00,48.43,48.51,48.17,48.2,52979
2014-06-02 10:00:00,48.19,48.37,48.05,48.05,114283
2014-06-02 10:15:00,48.05,48.05,47.88,47.91,146533
2014-06-02 10:30:00,47.94,48.0,47.94,47.95,163971
2014-06-02 10:45:00,47.95,48.005,47.925,48.0,192835
2014-06-02 11:00:00,48.0,48.01,47.95,48.0,237922
2014-06-02 11:15:00,47.99,48.0,47.95,47.99,282230
2014-06-02 11:30:00,48.0,48.01,47.96,48.0,339024
2014-06-02 11:45:00,48.0,48.0,47.97,48.0,368290
2014-06-02 12:00:00,48.0,48.005,47.958,47.99,438180
2014-06-02 12:15:00,48.0,48.0,47.95,47.96,474215
2014-06-02 12:30:00,47.95,47.98,47.95,47.96,503151
2014-06-02 12:45:00,47.96,47.96,47.94,47.96,512347
2014-06-02 13:00:00,47.95,47.96,47.935,47.96,521196
2014-06-02 13:15:00,47.96,47.96,47.89,47.895,532034
2014-06-02 13:30:00,47.89,47.93,47.89,47.92,545288
2014-06-02 13:45:00,47.91,47.92,47.89,47.92,635771
2014-06-02 14:00:00,47.92,48.0,47.92,47.97,710712
2014-06-02 14:15:00,47.97,48.0,47.96,47.96,789262
2014-06-02 14:30:00,47.98,48.005,47.97,48.0,833322
2014-06-02 14:45:00,47.99,48.005,47.95,47.965,900591
2014-06-02 15:00:00,47.96,47.96,47.89,47.93,963900
2014-06-02 15:15:00,47.93,47.95,47.875,47.88,1008615
2014-06-02 15:30:00,47.88,47.95,47.85,47.94,1043734
2014-06-02 15:45:00,47.95,48.0,47.94,48.0,1126592
2014-06-02 16:00:00,48.0,48.0,47.89,47.91,1396579
2014-06-03 09:45:00,47.4,47.4,46.94,47.05,899144
2014-06-03 10:00:00,47.05,47.14,46.96,47.12,1128379
2014-06-03 10:15:00,47.12,47.22,47.11,47.2,1301820
2014-06-03 10:30:00,47.19,47.23,47.12,47.2,1531346
2014-06-03 10:45:00,47.22,47.22,47.1,47.1,1799049
2014-06-03 11:00:00,47.1,47.21,47.1,47.19,1883203
2014-06-03 11:15:00,47.19,47.2,47.16,47.19,1931252
2014-06-03 11:30:00,47.18,47.25,47.18,47.2,2018400
2014-06-03 11:45:00,47.22,47.3,47.21,47.25,2084171
2014-06-03 12:00:00,47.25,47.28,47.2388,47.28,2117617
2014-06-03 12:15:00,47.26,47.3,47.25,47.29,2176565
2014-06-03 12:30:00,47.29,47.3,47.25,47.28,2255658
2014-06-03 12:45:00,47.28,47.35,47.28,47.35,2349428
2014-06-03 13:00:00,47.35,47.44,47.35,47.43,2520677
2014-06-03 13:15:00,47.43,47.45,47.42,47.42,2675958
2014-06-03 13:30:00,47.41,47.43,47.32,47.4,2966638
2014-06-03 13:45:00,47.395,47.42,47.39,47.42,3218082
2014-06-03 14:00:00,47.415,47.45,47.41,47.45,3360711
2014-06-03 14:15:00,47.45,47.45,47.44,47.45,3586975
2014-06-03 14:30:00,47.45,47.49,47.43,47.48,3866657
2014-06-03 14:45:00,47.48,47.49,47.47,47.485,4106586
2014-06-03 15:00:00,47.485,47.49,47.41,47.47,4260599
2014-06-03 15:15:00,47.47,47.47,47.36,47.36,4380773
2014-06-03 15:30:00,47.35,47.35,47.27,47.28,4465826
2014-06-03 15:45:00,47.27,47.31,47.27,47.305,4761057
2014-06-03 16:00:00,47.3,47.305,47.06,47.07,5758437
2014-06-04 09:45:00,47.14,47.29,47.09,47.16,243516
2014-06-04 10:00:00,47.14,47.23,47.14,47.2225,395071
2014-06-04 10:15:00,47.22,47.27,47.21,47.23,498007
2014-06-04 10:30:00,47.24,47.24,47.17,47.18,546314
2014-06-04 10:45:00,47.18,47.18,47.15,47.16,600497
2014-06-04 11:00:00,47.165,47.18,47.15,47.17,653591
2014-06-04 11:15:00,47.18,47.18,47.15,47.18,717549
2014-06-04 11:30:00,47.18,47.23,47.17,47.22,794583
2014-06-04 11:45:00,47.21,47.24,47.2,47.24,829622
2014-06-04 12:00:00,47.24,47.24,47.17,47.18,905051
2014-06-04 12:15:00,47.19,47.24,47.17,47.22,985252
2014-06-04 12:30:00,47.23,47.24,47.21,47.24,1014292
2014-06-04 12:45:00,47.23,47.24,47.22,47.24,1047562
2014-06-04 13:00:00,47.24,47.24,47.225,47.23,1105243
2014-06-04 13:15:00,47.22,47.24,47.22,47.23,1136845
2014-06-04 13:30:00,47.24,47.24,47.23,47.24,1190042
2014-06-04 13:45:00,47.24,47.24,47.18,47.21,1233704
2014-06-04 14:00:00,47.22,47.24,47.21,47.23,1317419
2014-06-04 14:15:00,47.23,47.24,47.21,47.235,1406541
2014-06-04 14:30:00,47.24,47.24,47.2,47.22,1485098
2014-06-04 14:45:00,47.22,47.23,47.21,47.215,1577647
2014-06-04 15:00:00,47.21,47.225,47.2,47.22,1653803
2014-06-04 15:15:00,47.22,47.22,47.21,47.22,1715495
2014-06-04 15:30:00,47.22,47.22,47.21,47.22,1775919
2014-06-04 15:45:00,47.22,47.24,47.21,47.24,1928139
2014-06-04 16:00:00,47.24,47.25,47.22,47.22,2347761
2014-06-05 09:45:00,47.29,47.31,47.22,47.29,115284
2014-06-05 10:00:00,47.3,47.31,47.23,47.28,245830
2014-06-05 10:15:00,47.27,47.28,47.22,47.25,313647
2014-06-05 10:30:00,47.245,47.29,47.235,47.275,415442
2014-06-05 10:45:00,47.27,47.29,47.25,47.28,464130
2014-06-05 11:00:00,47.29,47.29,47.24,47.265,515457
2014-06-05 11:15:00,47.27,47.3,47.26,47.28,548985
2014-06-05 11:30:00,47.29,47.35,47.285,47.34,650057
2014-06-05 11:45:00,47.35,47.38,47.32,47.38,686288
2014-06-05 12:00:00,47.38,47.39,47.35,47.38,785936
2014-06-05 12:15:00,47.38,47.39,47.36,47.37,837378
2014-06-05 12:30:00,47.37,47.39,47.36,47.39,859114
2014-06-05 12:45:00,47.39,47.45,47.38,47.44,933772
2014-06-05 13:00:00,47.45,47.49,47.435,47.48,998772
2014-06-05 13:15:00,47.49,47.49,47.48,47.485,1027566
2014-06-05 13:30:00,47.4889,47.49,47.41,47.41,1049434
2014-06-05 13:45:00,47.41,47.48,47.41,47.43,1062251
2014-06-05 14:00:00,47.435,47.49,47.43,47.48,1102301
2014-06-05 14:15:00,47.475,47.49,47.475,47.48,1126927
2014-06-05 14:30:00,47.49,47.49,47.44,47.45,1169279
2014-06-05 14:45:00,47.45,47.455,47.42,47.43,1196440
2014-06-05 15:00:00,47.43,47.44,47.38,47.43,1230731
2014-06-05 15:15:00,47.4399,47.46,47.42,47.435,1265567
2014-06-05 15:30:00,47.4399,47.45,47.36,47.39,1318437
2014-06-05 15:45:00,47.4,47.4,47.375,47.38,1393547
2014-06-05 16:00:00,47.39,47.45,47.38,47.4,1642184
2014-06-06 09:45:00,47.57,47.58,47.5,47.58,94997
2014-06-06 10:00:00,47.58,47.68,47.54,47.68,142739
2014-06-06 10:15:00,47.68,47.77,47.65,47.74,178829
2014-06-06 10:30:00,47.75,47.77,47.75,47.76,230598
2014-06-06 10:45:00,47.77,47.77,47.72,47.75,261189
2014-06-06 11:00:00,47.76,47.85,47.71,47.84,291385
2014-06-06 11:15:00,47.84,47.94,47.84,47.9,321197
2014-06-06 11:30:00,47.89,47.94,47.8851,47.92,346316
2014-06-06 11:45:00,47.93,48.04,47.93,47.99,403848
2014-06-06 12:00:00,47.99,48.01,47.96,47.96,461093
2014-06-06 12:15:00,47.96,48.0,47.94,47.97,479934
2014-06-06 12:30:00,47.97,47.97,47.93,47.94,492339
2014-06-06 12:45:00,47.93,47.97,47.92,47.94,514838
2014-06-06 13:00:00,47.94,47.96,47.93,47.95,541072
2014-06-06 13:15:00,47.94,47.95,47.92,47.94,556619
2014-06-06 13:30:00,47.95,47.966,47.92,47.92,584886
2014-06-06 13:45:00,47.93,47.95,47.9,47.905,603887
2014-06-06 14:00:00,47.91,47.915,47.82,47.82,647356
2014-06-06 14:15:00,47.82,47.877,47.81,47.8525,699408
2014-06-06 14:30:00,47.86,47.89,47.85,47.88,746385
2014-06-06 14:45:00,47.885,47.89,47.86,47.87,777160
2014-06-06 15:00:00,47.8799,47.89,47.85,47.87,832120
2014-06-06 15:15:00,47.87,47.87,47.78,47.78,916108
2014-06-06 15:30:00,47.78,47.8,47.71,47.71,1109848
2014-06-06 15:45:00,47.71,47.72,47.6,47.63,1220790
2014-06-06 16:00:00,47.63,47.68,47.6,47.68,1597382
2014-06-09 09:45:00,47.68,47.94,47.63,47.7,75340
2014-06-09 10:00:00,47.71,47.83,47.65,47.71,266154
2014-06-09 10:15:00,47.71,47.77,47.69,47.75,393210
2014-06-09 10:30:00,47.75,47.76,47.7,47.755,475124
2014-06-09 10:45:00,47.75,47.75,47.65,47.715,564902
2014-06-09 11:00:00,47.715,47.73,47.68,47.695,613338
2014-06-09 11:15:00,47.7,47.79,47.68,47.74,655573
2014-06-09 11:30:00,47.7425,47.76,47.7,47.7133,793241
2014-06-09 11:45:00,47.72,47.74,47.65,47.65,865718
2014-06-09 12:00:00,47.65,47.72,47.63,47.71,934091
2014-06-09 12:15:00,47.72,47.72,47.675,47.7,978614
2014-06-09 12:30:00,47.7,47.71,47.68,47.695,1011104
2014-06-09 12:45:00,47.7,47.71,47.68,47.7,1064451
2014-06-09 13:00:00,47.7,47.705,47.66,47.67,1085933
2014-06-09 13:15:00,47.67,47.705,47.67,47.6901,1102005
2014-06-09 13:30:00,47.69,47.695,47.6,47.62,1130971
2014-06-09 13:45:00,47.63,47.645,47.51,47.63,1175247
2014-06-09 14:00:00,47.64,47.65,47.61,47.64,1207778
2014-06-09 14:15:00,47.64,47.65,47.62,47.62,1245121
2014-06-09 14:30:00,47.62,47.63,47.59,47.59,1292982
2014-06-09 14:45:00,47.59,47.61,47.57,47.6,1333066
2014-06-09 15:00:00,47.605,47.625,47.59,47.6,1386579
2014-06-09 15:15:00,47.6,47.61,47.56,47.59,1451756
2014-06-09 15:30:00,47.59,47.61,47.57,47.595,1528010
2014-06-09 15:45:00,47.6,47.6,47.56,47.57,1628684
2014-06-09 16:00:00,47.56,47.61,47.53,47.58,1855399
2014-06-10 09:45:00,47.51,47.57,47.4,47.41,61053
2014-06-10 10:00:00,47.42,47.435,47.37,47.4,100374
2014-06-10 10:15:00,47.4,47.4,47.14,47.21,208573
2014-06-10 10:30:00,47.2,47.285,47.16,47.285,316227
2014-06-10 10:45:00,47.29,47.36,47.29,47.36,361246
2014-06-10 11:00:00,47.36,47.44,47.25,47.35,492310
2014-06-10 11:15:00,47.35,47.4,47.33,47.39,577823
2014-06-10 11:30:00,47.38,47.44,47.34,47.44,603118
2014-06-10 11:45:00,47.44,47.45,47.43,47.45,648604
2014-06-10 12:00:00,47.45,47.45,47.42,47.45,670180
2014-06-10 12:15:00,47.45,47.45,47.42,47.45,693603
2014-06-10 12:30:00,47.45,47.45,47.42,47.45,727026
2014-06-10 12:45:00,47.45,47.45,47.42,47.44,751625
2014-06-10 13:00:00,47.44,47.45,47.44,47.44,782949
2014-06-10 13:15:00,47.43,47.45,47.43,47.445,845279
2014-06-10 13:30:00,47.44,47.45,47.36,47.44,905882
2014-06-10 13:45:00,47.44,47.45,47.42,47.435,941349
2014-06-10 14:00:00,47.435,47.44,47.42,47.43,979256
2014-06-10 14:15:00,47.43,47.43,47.42,47.43,1000189
2014-06-10 14:30:00,47.43,47.45,47.35,47.38,1133288
2014-06-10 14:45:00,47.39,47.42,47.37,47.415,1149523
2014-06-10 15:00:00,47.42,47.43,47.37,47.37,1180948
2014-06-10 15:15:00,47.375,47.41,47.375,47.385,1214202
2014-06-10 15:30:00,47.385,47.4,47.35,47.37,1280964
2014-06-10 15:45:00,47.365,47.38,47.35,47.36,1334122
2014-06-10 16:00:00,47.36,47.39,47.34,47.35,1498605
2014-06-11 09:45:00,47.08,47.23,47.08,47.16,71537
2014-06-11 10:00:00,47.15,47.2,47.08,47.18,99333
2014-06-11 10:15:00,47.19,47.19,47.12,47.14,130457
2014-06-11 10:30:00,47.15,47.16,47.12,47.15,152908
2014-06-11 10:45:00,47.16,47.3,47.15,47.28,194076
2014-06-11 11:00:00,47.2725,47.28,47.23,47.25,237680
2014-06-11 11:15:00,47.25,47.28,47.25,47.26,266860
2014-06-11 11:30:00,47.25,47.26,47.205,47.26,289065
2014-06-11 11:45:00,47.26,47.26,47.22,47.23,329691
2014-06-11 12:00:00,47.23,47.26,47.23,47.25,354982
2014-06-11 12:15:00,47.25,47.29,47.25,47.2899,411863
2014-06-11 12:30:00,47.29,47.29,47.27,47.285,437287
2014-06-11 12:45:00,47.28,47.32,47.26,47.3125,494385
2014-06-11 13:00:00,47.31,47.3425,47.3,47.33,553647
2014-06-11 13:15:00,47.33,47.34,47.3,47.32,583642
2014-06-11 13:30:00,47.33,47.34,47.28,47.3,624930
2014-06-11 13:45:00,47.3,47.32,47.3,47.305,684885
2014-06-11 14:00:00,47.31,47.32,47.295,47.31,739326
2014-06-11 14:15:00,47.31,47.315,47.24,47.2825,778782
2014-06-11 14:30:00,47.28,47.305,47.26,47.29,877882
2014-06-11 14:45:00,47.3,47.315,47.27,47.2825,927478
2014-06-11 15:00:00,47.29,47.3,47.28,47.3,975226
2014-06-11 15:15:00,47.3,47.3,47.29,47.295,1051924
2014-06-11 15:30:00,47.3,47.3,47.24,47.25,1167691
2014-06-11 15:45:00,47.25,47.28,47.23,47.25,1267016
2014-06-11 16:00:00,47.24,47.25,47.165,47.21,1415948
2014-06-12 09:45:00,47.15,47.32,47.1,47.18,37750
2014-06-12 10:00:00,47.17,47.19,47.1,47.1,56218
2014-06-12 10:15:00,47.11,47.16,46.97,46.99,143969
2014-06-12 10:30:00,46.97,46.9985,46.9,46.91,169521
2014-06-12 10:45:00,46.9,46.93,46.78,46.83,201050
2014-06-12 11:00:00,46.83,46.89,46.82,46.88,229351
2014-06-12 11:15:00,46.88,47.01,46.87,47.005,247554
2014-06-12 11:30:00,47.01,47.0506,47.01,47.05,269760
2014-06-12 11:45:00,47.04,47.08,47.03,47.07,291464
2014-06-12 12:00:00,47.06,47.08,46.98,46.99,312271
2014-06-12 12:15:00,47.0,47.06,46.98,47.06,321837
2014-06-12 12:30:00,47.06,47.065,46.99,47.0,367979
2014-06-12 12:45:00,47.0,47.0,46.94,46.955,387399
2014-06-12 13:00:00,46.953,46.955,46.83,46.85,404243
2014-06-12 13:15:00,46.85,46.875,46.82,46.83,425855
2014-06-12 13:30:00,46.83,46.84,46.72,46.72,510585
2014-06-12 13:45:00,46.71,46.75,46.67,46.74,580554
2014-06-12 14:00:00,46.75,46.75,46.66,46.69,627853
2014-06-12 14:15:00,46.68,46.71,46.64,46.64,1056493
2014-06-12 14:30:00,46.65,46.72,46.64,46.69,1083961
2014-06-12 14:45:00,46.69,46.69,46.6,46.69,1112864
2014-06-12 15:00:00,46.68,46.719,46.68,46.71,1142885
2014-06-12 15:15:00,46.71,46.71,46.64,46.67,1187912
2014-06-12 15:30:00,46.67,46.72,46.67,46.68,1234994
2014-06-12 15:45:00,46.68,46.685,46.59,46.62,1333338
2014-06-12 16:00:00,46.62,46.75,46.62,46.72,1520834
2014-06-13 09:45:00,46.89,46.93,46.77,46.81,46637
2014-06-13 10:00:00,46.82,46.82,46.62,46.7,78203
2014-06-13 10:15:00,46.72,46.72,46.5,46.54,128606
2014-06-13 10:30:00,46.55,46.64,46.55,46.64,156012
2014-06-13 10:45:00,46.6338,46.75,46.63,46.75,196662
2014-06-13 11:00:00,46.75,46.81,46.7,46.81,227673
2014-06-13 11:15:00,46.81,46.85,46.68,46.68,311342
2014-06-13 11:30:00,46.71,46.71,46.56,46.56,331091
2014-06-13 11:45:00,46.555,46.63,46.555,46.57,369257
2014-06-13 12:00:00,46.58,46.69,46.57,46.68,390805
2014-06-13 12:15:00,46.69,46.74,46.65,46.65,406034
2014-06-13 12:30:00,46.65,46.7099,46.65,46.665,420431
2014-06-13 12:45:00,46.66,46.67,46.56,46.57,435408
2014-06-13 13:00:00,46.57,46.62,46.55,46.6,458840
2014-06-13 13:15:00,46.6,46.63,46.555,46.57,518508
2014-06-13 13:30:00,46.57,46.57,46.49,46.56,608274
2014-06-13 13:45:00,46.56,46.58,46.53,46.53,634158
2014-06-13 14:00:00,46.53,46.54,46.485,46.51,679754
2014-06-13 14:15:00,46.51,46.52,46.49,46.5,707110
2014-06-13 14:30:00,46.5,46.505,46.45,46.46,741136
2014-06-13 14:45:00,46.46,46.47,46.39,46.4,812682
2014-06-13 15:00:00,46.395,46.4,46.34,46.36,875163
2014-06-13 15:15:00,46.37,46.45,46.34,46.41,957393
2014-06-13 15:30:00,46.415,46.42,46.33,46.345,1015655
2014-06-13 15:45:00,46.34,46.42,46.32,46.35,1122707
2014-06-13 16:00:00,46.36,46.38,46.3,46.38,1415182
2014-06-16 09:45:00,46.4,46.56,46.37,46.47,41860
2014-06-16 10:00:00,46.48,46.49,46.37,46.37,77634
2014-06-16 10:15:00,46.355,46.48,46.35,46.46,120705
2014-06-16 10:30:00,46.45,46.51,46.45,46.49,156141
2014-06-16 10:45:00,46.49,46.5,46.43,46.47,211880
2014-06-16 11:00:00,46.475,46.52,46.46,46.51,284444
2014-06-16 11:15:00,46.5199,46.52,46.46,46.4792,390900
2014-06-16 11:30:00,46.47,46.48,46.46,46.46,453691
2014-06-16 11:45:00,46.455,46.47,46.42,46.44,524318
2014-06-16 12:00:00,46.44,46.45,46.38,46.41,565647
2014-06-16 12:15:00,46.41,46.4478,46.4,46.435,591654
2014-06-16 12:30:00,46.44,46.45,46.43,46.445,612797
2014-06-16 12:45:00,46.445,46.45,46.43,46.45,631569
2014-06-16 13:00:00,46.449,46.45,46.4,46.4301,665464
2014-06-16 13:15:00,46.435,46.46,46.43,46.46,704070
2014-06-16 13:30:00,46.47,46.47,46.43,46.435,730227
2014-06-16 13:45:00,46.435,46.44,46.39,46.39,756596
2014-06-16 14:00:00,46.39,46.395,46.33,46.37,822384
2014-06-16 14:15:00,46.36,46.45,46.36,46.445,870276
2014-06-16 14:30:00,46.45,46.45,46.39,46.4,935848
2014-06-16 14:45:00,46.39,46.41,46.35,46.355,962256
2014-06-16 15:00:00,46.355,46.39,46.355,46.37,1004949
2014-06-16 15:15:00,46.38,46.38,46.28,46.29,1086020
2014-06-16 15:30:00,46.29,46.29,46.22,46.25,1140086
2014-06-16 15:45:00,46.25,46.26,46.24,46.26,1244664
2014-06-16 16:00:00,46.26,46.37,46.26,46.3595,1528049
2014-06-17 09:45:00,46.34,46.52,46.32,46.41,54295
2014-06-17 10:00:00,46.4,46.65,46.39,46.65,162282
2014-06-17 10:15:00,46.64,46.815,46.63,46.79,323741
2014-06-17 10:30:00,46.79,46.84,46.775,46.8,372289
2014-06-17 10:45:00,46.8,46.805,46.71,46.756,444258
2014-06-17 11:00:00,46.755,46.77,46.69,46.7,612507
2014-06-17 11:15:00,46.705,46.74,46.685,46.715,675400
2014-06-17 11:30:00,46.71,46.745,46.7,46.74,729489
2014-06-17 11:45:00,46.745,46.75,46.69,46.7,815544
2014-06-17 12:00:00,46.7,46.75,46.695,46.725,848632
2014-06-17 12:15:00,46.73,46.73,46.7,46.725,873380
2014-06-17 12:30:00,46.72,46.76,46.7,46.745,927723
2014-06-17 12:45:00,46.745,46.92,46.74,46.92,1065118
2014-06-17 13:00:00,46.91,46.99,46.91,46.9675,1134835
2014-06-17 13:15:00,46.97,47.12,46.91,47.115,1225598
2014-06-17 13:30:00,47.12,47.26,47.0,47.19,1415515
2014-06-17 13:45:00,47.2,47.2095,47.15,47.18,1503145
2014-06-17 14:00:00,47.185,47.185,47.075,47.09,1546674
2014-06-17 14:15:00,47.09,47.1,47.045,47.07,1660839
2014-06-17 14:30:00,47.075,47.13,47.075,47.075,1737974
2014-06-17 14:45:00,47.08,47.11,47.075,47.1,1782666
2014-06-17 15:00:00,47.1,47.13,47.1,47.12,1843056
2014-06-17 15:15:00,47.125,47.13,46.99,47.0,1952841
2014-06-17 15:30:00,47.0,47.03,46.94,46.99,2087562
2014-06-17 15:45:00,46.995,47.0,46.95,46.98,2249544
2014-06-17 16:00:00,46.97,46.99,46.92,46.93,2504765
2014-06-18 09:45:00,46.97,47.1,46.97,47.1,69230
2014-06-18 10:00:00,47.09,47.17,46.92,47.17,107257
2014-06-18 10:15:00,47.16,47.22,47.08,47.08,162985
2014-06-18 10:30:00,47.09,47.15,47.04,47.09,217565
2014-06-18 10:45:00,47.09,47.15,47.06,47.08,284655
2014-06-18 11:00:00,47.09,47.1,47.02,47.03,329350
2014-06-18 11:15:00,47.01,47.1,47.0,47.052,367365
2014-06-18 11:30:00,47.06,47.1,47.03,47.03,397194
2014-06-18 11:45:00,47.04,47.05,47.01,47.045,424528
2014-06-18 12:00:00,47.05,47.055,46.98,46.98,452236
2014-06-18 12:15:00,46.98,46.99,46.96,46.96,468224
2014-06-18 12:30:00,46.96,46.97,46.94,46.96,488557
2014-06-18 12:45:00,46.96,46.97,46.93,46.96,511550
2014-06-18 13:00:00,46.96,47.02,46.95,46.98,559248
2014-06-18 13:15:00,46.98,46.98,46.97,46.98,584120
2014-06-18 13:30:00,46.98,47.03,46.96,46.993,631617
2014-06-18 13:45:00,46.99,46.995,46.96,46.96,667515
2014-06-18 14:00:00,46.97,47.0,46.95,46.99,694553
2014-06-18 14:15:00,46.98,47.05,46.825,47.0,810177
2014-06-18 14:30:00,47.0,47.1,46.98,47.06,884129
2014-06-18 14:45:00,47.06,47.1,47.01,47.05,962950
2014-06-18 15:00:00,47.045,47.14,47.04,47.11,1044683
2014-06-18 15:15:00,47.115,47.23,47.11,47.23,1300473
2014-06-18 15:30:00,47.22,47.31,47.18,47.31,1476955
2014-06-18 15:45:00,47.31,47.33,47.29,47.33,1571466
2014-06-18 16:00:00,47.33,47.37,47.31,47.32,1801575
2014-06-19 09:45:00,47.27,47.67,47.21,47.6,56807
2014-06-19 10:00:00,47.61,47.665,47.37,47.37,163922
2014-06-19 10:15:00,47.37,47.66,47.36,47.65,254816
2014-06-19 10:30:00,47.66,47.71,47.62,47.62,351485
2014-06-19 10:45:00,47.62,47.62,47.51,47.6,415694
2014-06-19 11:00:00,47.6,47.62,47.52,47.575,495541
2014-06-19 11:15:00,47.58,47.62,47.52,47.59,562882
2014-06-19 11:30:00,47.6,47.615,47.567,47.61,592616
2014-06-19 11:45:00,47.6,47.66,47.6,47.64,635097
2014-06-19 12:00:00,47.63,47.68,47.63,47.679,679415
2014-06-19 12:15:00,47.675,47.68,47.62,47.655,724974
2014-06-19 12:30:00,47.655,47.66,47.61,47.66,748961
2014-06-19 12:45:00,47.65,47.66,47.63,47.64,770634
2014-06-19 13:00:00,47.64,47.64,47.59,47.6,792306
2014-06-19 13:15:00,47.61,47.62,47.57,47.57,811308
2014-06-19 13:30:00,47.56,47.59,47.52,47.58,834009
2014-06-19 13:45:00,47.57,47.58,47.47,47.47,875843
2014-06-19 14:00:00,47.47,47.53,47.47,47.515,915853
2014-06-19 14:15:00,47.52,47.61,47.51,47.6,983941
2014-06-19 14:30:00,47.59,47.595,47.47,47.525,1158673
2014-06-19 14:45:00,47.52,47.53,47.48,47.49,1220084
2014-06-19 15:00:00,47.49,47.535,47.47,47.51,1284062
2014-06-19 15:15:00,47.51,47.53,47.495,47.53,1395334
2014-06-19 15:30:00,47.525,47.53,47.49,47.5,1478149
2014-06-19 15:45:00,47.5,47.54,47.49,47.535,1626775
2014-06-19 16:00:00,47.53,47.54,47.485,47.51,1925830
2014-06-20 09:45:00,47.7,47.95,47.7,47.9299,411635
2014-06-20 10:00:00,47.93,48.05,47.92,47.99,551151
2014-06-20 10:15:00,48.0,48.16,47.99,48.07,646329
2014-06-20 10:30:00,48.07,48.09,48.06,48.0701,718463
2014-06-20 10:45:00,48.07,48.13,48.06,48.12,765425
2014-06-20 11:00:00,48.12,48.17,48.08,48.16,833289
2014-06-20 11:15:00,48.15,48.15,48.03,48.11,900072
2014-06-20 11:30:00,48.12,48.12,48.03,48.03,938121
2014-06-20 11:45:00,48.03,48.06,48.025,48.05,980422
2014-06-20 12:00:00,48.045,48.05,48.01,48.05,1001547
2014-06-20 12:15:00,48.05,48.05,47.98,47.99,1049378
2014-06-20 12:30:00,47.99,48.0,47.98,47.99,1071831
2014-06-20 12:45:00,48.0,48.04,47.99,48.04,1091196
2014-06-20 13:00:00,48.04,48.04,47.99,47.99,1108377
2014-06-20 13:15:00,47.99,48.0,47.97,47.99,1132730
2014-06-20 13:30:00,47.99,48.0,47.98,47.99,1156924
2014-06-20 13:45:00,47.98,48.02,47.975,48.0118,1197154
2014-06-20 14:00:00,48.01,48.04,48.01,48.035,1218293
2014-06-20 14:15:00,48.035,48.05,48.0,48.0,1267313
2014-06-20 14:30:00,48.0,48.01,48.0,48.0,1281842
2014-06-20 14:45:00,48.0,48.09,48.0,48.08,1365020
2014-06-20 15:00:00,48.085,48.11,48.055,48.1,1480635
2014-06-20 15:15:00,48.1,48.1,48.055,48.06,1565343
2014-06-20 15:30:00,48.07,48.11,48.06,48.102,1675223
2014-06-20 15:45:00,48.11,48.16,48.1,48.142,1959274
2014-06-20 16:00:00,48.15,48.24,48.14,48.17,2635304
2014-06-23 09:45:00,48.17,48.255,47.37,48.19,50632
2014-06-23 10:00:00,48.2,48.24,48.17,48.235,78326
2014-06-23 10:15:00,48.23,48.33,48.23,48.26,128563
2014-06-23 10:30:00,48.26,48.31,48.24,48.29,173209
2014-06-23 10:45:00,48.3,48.366,48.3,48.34,229720
2014-06-23 11:00:00,48.34,48.37,48.26,48.28,306253
2014-06-23 11:15:00,48.27,48.28,48.27,48.27,363857
2014-06-23 11:30:00,48.27,48.29,48.27,48.275,405565
2014-06-23 11:45:00,48.28,48.29,48.25,48.255,493245
2014-06-23 12:00:00,48.26,48.26,48.25,48.255,513181
2014-06-23 12:15:00,48.26,48.3,48.255,48.295,540296
2014-06-23 12:30:00,48.295,48.31,48.29,48.3,556612
2014-06-23 12:45:00,48.31,48.32,48.3,48.32,601057
2014-06-23 13:00:00,48.31,48.32,48.3,48.315,625533
2014-06-23 13:15:00,48.315,48.32,48.305,48.315,687031
2014-06-23 13:30:00,48.315,48.34,48.31,48.33,739664
2014-06-23 13:45:00,48.335,48.34,48.32,48.335,775860
2014-06-23 14:00:00,48.34,48.34,48.32,48.32,813136
2014-06-23 14:15:00,48.325,48.38,48.32,48.38,866524
2014-06-23 14:30:00,48.38,48.46,48.37,48.44,918736
2014-06-23 14:45:00,48.445,48.45,48.35,48.36,979237
2014-06-23 15:00:00,48.36,48.39,48.35,48.38,1022531
2014-06-23 15:15:00,48.375,48.38,48.34,48.345,1102462
2014-06-23 15:30:00,48.345,48.35,48.34,48.34,1244743
2014-06-23 15:45:00,48.34,48.37,48.33,48.365,1350659
2014-06-23 16:00:00,48.365,48.37,48.28,48.3,1621759
2014-06-24 09:45:00,48.03,48.31,48.0,48.125,42863
2014-06-24 10:00:00,48.12,48.3,48.12,48.275,69414
2014-06-24 10:15:00,48.28,48.4,48.28,48.33,108054
2014-06-24 10:30:00,48.32,48.42,48.25,48.41,162169
2014-06-24 10:45:00,48.414,48.45,48.39,48.44,204822
2014-06-24 11:00:00,48.43,48.52,48.42,48.5,245945
2014-06-24 11:15:00,48.51,48.55,48.44,48.47,382319
2014-06-24 11:30:00,48.47,48.51,48.45,48.51,409777
2014-06-24 11:45:00,48.5,48.51,48.42,48.42,455767
2014-06-24 12:00:00,48.42,48.45,48.36,48.37,479561
2014-06-24 12:15:00,48.365,48.38,48.36,48.375,494300
2014-06-24 12:30:00,48.38,48.4,48.37,48.4,510117
2014-06-24 12:45:00,48.39,48.4,48.36,48.38,552496
2014-06-24 13:00:00,48.38,48.39,48.34,48.37,622159
2014-06-24 13:15:00,48.36,48.37,48.3,48.31,657319
2014-06-24 13:30:00,48.31,48.33,48.295,48.33,715852
2014-06-24 13:45:00,48.32,48.35,48.32,48.35,765495
2014-06-24 14:00:00,48.35,48.35,48.3,48.31,788629
2014-06-24 14:15:00,48.3,48.33,48.3,48.33,835857
2014-06-24 14:30:00,48.32,48.33,48.29,48.3,910413
2014-06-24 14:45:00,48.305,48.31,48.27,48.3,969833
2014-06-24 15:00:00,48.3,48.36,48.28,48.34,1173730
2014-06-24 15:15:00,48.33,48.345,48.29,48.3,1306776
2014-06-24 15:30:00,48.305,48.31,48.24,48.24,1428543
2014-06-24 15:45:00,48.245,48.31,48.24,48.3,1569002
2014-06-24 16:00:00,48.3,48.36,48.3,48.3,1974808
2014-06-25 09:45:00,48.15,48.39,48.15,48.31,28249
2014-06-25 10:00:00,48.311,48.47,48.3,48.46,49132
2014-06-25 10:15:00,48.46,48.59,48.32,48.59,85106
2014-06-25 10:30:00,48.57,48.57,48.35,48.39,102035
2014-06-25 10:45:00,48.38,48.46,48.34,48.37,119275
2014-06-25 11:00:00,48.37,48.48,48.32,48.45,151337
2014-06-25 11:15:00,48.45,48.49,48.38,48.48,202592
2014-06-25 11:30:00,48.47,48.47,48.39,48.4,226344
2014-06-25 11:45:00,48.4,48.4,48.32,48.33,253741
2014-06-25 12:00:00,48.315,48.315,48.25,48.275,270127
2014-06-25 12:15:00,48.27,48.32,48.236,48.29,289065
2014-06-25 12:30:00,48.28,48.32,48.27,48.29,315595
2014-06-25 12:45:00,48.3,48.3,48.23,48.23,343730
2014-06-25 13:00:00,48.23,48.23,48.1,48.1,433845
2014-06-25 13:15:00,48.11,48.225,48.11,48.17,471717
2014-06-25 13:30:00,48.17,48.24,48.15,48.22,492067
2014-06-25 13:45:00,48.22,48.24,48.22,48.225,505406
2014-06-25 14:00:00,48.22,48.28,48.18,48.26,550364
2014-06-25 14:15:00,48.27,48.27,48.2,48.2,583414
2014-06-25 14:30:00,48.2,48.26,48.2,48.26,620871
2014-06-25 14:45:00,48.25,48.26,48.22,48.22,653107
2014-06-25 15:00:00,48.22,48.25,48.2,48.2,693093
2014-06-25 15:15:00,48.2,48.21,48.17,48.1798,720020
2014-06-25 15:30:00,48.18,48.24,48.17,48.22,768715
2014-06-25 15:45:00,48.215,48.27,48.21,48.255,839486
2014-06-25 16:00:00,48.255,48.27,48.22,48.22,974872
2014-06-26 09:45:00,48.18,48.18,47.99,48.01,30823
2014-06-26 10:00:00,47.99,48.0,47.81,47.92,51533
2014-06-26 10:15:00,47.9,47.91,47.82,47.88,69877
2014-06-26 10:30:00,47.87,47.97,47.84,47.94,98295
2014-06-26 10:45:00,47.93,47.94,47.8,47.91,124171
2014-06-26 11:00:00,47.91,48.0,47.88,47.98,156220
2014-06-26 11:15:00,47.98,48.05,47.98,48.01,174323
2014-06-26 11:30:00,47.99,48.05,47.9,47.91,252445
2014-06-26 11:45:00,47.91,47.98,47.88,47.98,271836
2014-06-26 12:00:00,47.98,48.03,47.955,48.01,367714
2014-06-26 12:15:00,48.01,48.08,48.0,48.0645,433541
2014-06-26 12:30:00,48.08,48.16,48.055,48.16,451538
2014-06-26 12:45:00,48.16,48.17,48.08,48.08,470821
2014-06-26 13:00:00,48.08,48.19,48.05,48.19,504144
2014-06-26 13:15:00,48.19,48.26,48.17,48.26,529347
2014-06-26 13:30:00,48.25,48.39,48.25,48.38,570867
2014-06-26 13:45:00,48.39,48.425,48.3325,48.3501,607633
2014-06-26 14:00:00,48.36,48.363,48.275,48.28,634106
2014-06-26 14:15:00,48.29,48.29,48.2087,48.21,660202
2014-06-26 14:30:00,48.2,48.22,48.19,48.21,682381
2014-06-26 14:45:00,48.2,48.22,48.18,48.19,704760
2014-06-26 15:00:00,48.19,48.19,48.145,48.17,731413
2014-06-26 15:15:00,48.16,48.24,48.14,48.215,759623
2014-06-26 15:30:00,48.21,48.24,48.17,48.23,800152
2014-06-26 15:45:00,48.23,48.235,48.2,48.23,856239
2014-06-26 16:00:00,48.22,48.3,48.22,48.28,1187851
2014-06-27 09:45:00,48.21,48.41,48.21,48.37,59972
2014-06-27 10:00:00,48.39,48.41,48.36,48.39,83483
2014-06-27 10:15:00,48.4,48.4,48.33,48.395,134013
2014-06-27 10:30:00,48.4,48.4,48.32,48.367,171064
2014-06-27 10:45:00,48.37,48.44,48.32,48.415,202257
2014-06-27 11:00:00,48.415,48.48,48.36,48.36,240592
2014-06-27 11:15:00,48.37,48.46,48.35,48.38,258953
2014-06-27 11:30:00,48.3699,48.385,48.3,48.355,280119
2014-06-27 11:45:00,48.35,48.405,48.32,48.4,292722
2014-06-27 12:00:00,48.395,48.42,48.39,48.4,306708
2014-06-27 12:15:00,48.41,48.455,48.4,48.405,330595
2014-06-27 12:30:00,48.41,48.46,48.405,48.455,351516
2014-06-27 12:45:00,48.45,48.46,48.41,48.41,371965
2014-06-27 13:00:00,48.4,48.41,48.4,48.4,381686
2014-06-27 13:15:00,48.41,48.41,48.4,48.4,401288
2014-06-27 13:30:00,48.405,48.47,48.39,48.46,452918
2014-06-27 13:45:00,48.47,48.52,48.45,48.485,479422
2014-06-27 14:00:00,48.49,48.52,48.45,48.485,508125
2014-06-27 14:15:00,48.48,48.6,48.48,48.57,534223
2014-06-27 14:30:00,48.565,48.575,48.52,48.52,554835
2014-06-27 14:45:00,48.53,48.59,48.52,48.575,583492
2014-06-27 15:00:00,48.58,48.58,48.495,48.51,626729
2014-06-27 15:15:00,48.51,48.58,48.5,48.55,685903
2014-06-27 15:30:00,48.545,48.58,48.51,48.56,737592
2014-06-27 15:45:00,48.56,48.67,48.56,48.65,845941
2014-06-27 16:00:00,48.65,48.65,48.33,48.43,1536932
2014-06-30 09:45:00,48.46,48.46,48.15,48.25,86096
2014-06-30 10:00:00,48.24,48.42,48.24,48.36,172852
2014-06-30 10:15:00,48.36,48.37,48.32,48.33,237637
2014-06-30 10:30:00,48.32,48.42,48.32,48.34,294151
2014-06-30 10:45:00,48.36,48.385,48.27,48.27,338071
2014-06-30 11:00:00,48.27,48.29,48.2,48.29,366153
2014-06-30 11:15:00,48.28,48.31,48.265,48.3,427113
2014-06-30 11:30:00,48.3,48.35,48.24,48.34,503428
2014-06-30 11:45:00,48.34,48.34,48.27,48.28,545792
2014-06-30 12:00:00,48.28,48.37,48.28,48.32,578581
2014-06-30 12:15:00,48.34,48.37,48.33,48.34,628927
2014-06-30 12:30:00,48.34,48.38,48.33,48.37,652165
2014-06-30 12:45:00,48.37,48.43,48.3699,48.42,677377
2014-06-30 13:00:00,48.43,48.44,48.38,48.39,720390
2014-06-30 13:15:00,48.39,48.47,48.39,48.462,754306
2014-06-30 13:30:00,48.47,48.54,48.46,48.54,793866
2014-06-30 13:45:00,48.53,48.54,48.51,48.52,826084
2014-06-30 14:00:00,48.53,48.53,48.45,48.47,874922
2014-06-30 14:15:00,48.47,48.55,48.47,48.55,914822
2014-06-30 14:30:00,48.55,48.61,48.55,48.56,953160
2014-06-30 14:45:00,48.57,48.588,48.52,48.57,993453
2014-06-30 15:00:00,48.57,48.58,48.49,48.49,1051447
2014-06-30 15:15:00,48.495,48.55,48.49,48.505,1124337
2014-06-30 15:30:00,48.505,48.52,48.46,48.47,1197778
2014-06-30 15:45:00,48.47,48.53,48.43,48.45,1330821
2014-06-30 16:00:00,48.44,48.44,48.34,48.405,1614822
2014-07-01 09:45:00,48.64,48.87,48.49,48.84,82452
2014-07-01 10:00:00,48.83,49.16,48.82,49.16,168309
2014-07-01 10:15:00,49.16,49.16,48.99,49.03,228949
2014-07-01 10:30:00,49.03,49.1,49.025,49.04,272146
2014-07-01 10:45:00,49.05,49.14,49.04,49.12,439400
2014-07-01 11:00:00,49.14,49.28,49.12,49.28,495363
2014-07-01 11:15:00,49.28,49.29,49.17,49.2,619761
2014-07-01 11:30:00,49.2,49.21,49.19,49.205,702295
2014-07-01 11:45:00,49.2,49.22,49.195,49.22,773251
2014-07-01 12:00:00,49.22,49.3,49.21,49.3,834676
2014-07-01 12:15:00,49.29,49.375,49.29,49.325,879740
2014-07-01 12:30:00,49.33,49.34,49.31,49.34,913136
2014-07-01 12:45:00,49.34,49.35,49.32,49.34,968939
2014-07-01 13:00:00,49.35,49.35,49.32,49.34,1004955
2014-07-01 13:15:00,49.345,49.37,49.32,49.36,1100242
2014-07-01 13:30:00,49.37,49.44,49.36,49.4,1210897
2014-07-01 13:45:00,49.4,49.405,49.28,49.281,1265660
2014-07-01 14:00:00,49.29,49.32,49.25,49.29,1294477
2014-07-01 14:15:00,49.2849,49.285,49.22,49.24,1343788
2014-07-01 14:30:00,49.24,49.24,49.17,49.17,1358860
2014-07-01 14:45:00,49.175,49.24,49.155,49.21,1381809
2014-07-01 15:00:00,49.22,49.26,49.19,49.25,1403823
2014-07-01 15:15:00,49.25,49.31,49.24,49.3,1457334
2014-07-01 15:30:00,49.3,49.34,49.26,49.26,1539057
2014-07-01 15:45:00,49.27,49.28,49.235,49.25,1619470
2014-07-01 16:00:00,49.23,49.26,49.14,49.17,2157736
2014-07-02 09:45:00,48.26,49.35,47.98,49.27,88249
2014-07-02 10:00:00,49.26,49.38,49.18,49.19,139516
2014-07-02 10:15:00,49.17,49.33,49.17,49.29,193147
2014-07-02 10:30:00,49.28,49.36,49.21,49.22,225085
2014-07-02 10:45:00,49.22,49.27,49.2,49.2,254526
2014-07-02 11:00:00,49.2,49.25,49.19,49.235,290704
2014-07-02 11:15:00,49.2368,49.32,49.2,49.27,342543
2014-07-02 11:30:00,49.26,49.3,49.24,49.25,361157
2014-07-02 11:45:00,49.25,49.26,49.14,49.14,397160
2014-07-02 12:00:00,49.1479,49.1479,49.095,49.135,413391
2014-07-02 12:15:00,49.14,49.16,49.085,49.11,434321
2014-07-02 12:30:00,49.1,49.19,49.08,49.18,465067
2014-07-02 12:45:00,49.175,49.2,49.15,49.19,488841
2014-07-02 13:00:00,49.19,49.2,49.15,49.2,508596
2014-07-02 13:15:00,49.18,49.18,49.11,49.13,517318
2014-07-02 13:30:00,49.13,49.2,49.12,49.1901,558781
2014-07-02 13:45:00,49.19,49.195,49.16,49.17,579665
2014-07-02 14:00:00,49.17,49.18,49.16,49.17,589438
2014-07-02 14:15:00,49.17,49.19,49.16,49.18,614784
2014-07-02 14:30:00,49.18,49.185,49.16,49.185,633326
2014-07-02 14:45:00,49.19,49.2,49.17,49.17,646174
2014-07-02 15:00:00,49.17,49.19,49.16,49.18,675988
2014-07-02 15:15:00,49.18,49.255,49.17,49.255,732864
2014-07-02 15:30:00,49.26,49.27,49.19,49.25,777655
2014-07-02 15:45:00,49.23,49.25,49.19,49.225,937173
2014-07-02 16:00:00,49.23,49.28,49.145,49.24,1454279
2014-07-03 09:45:00,49.32,49.53,49.32,49.52,33909
2014-07-03 10:00:00,49.5,49.61,49.49,49.55,66856
2014-07-03 10:15:00,49.55,49.6,49.44,49.44,92743
2014-07-03 10:30:00,49.43,49.43,49.36,49.39,102149
2014-07-03 10:45:00,49.38,49.5,49.36,49.45,138594
2014-07-03 11:00:00,49.44,49.6,49.43,49.48,175414
2014-07-03 11:15:00,49.49,49.55,49.45,49.545,208666
2014-07-03 11:30:00,49.55,49.55,49.46,49.48,243901
2014-07-03 11:45:00,49.48,49.54,49.47,49.53,275971
2014-07-03 12:00:00,49.54,49.54,49.49,49.5,309970
2014-07-03 12:15:00,49.5,49.5,49.44,49.45,363384
2014-07-03 12:30:00,49.46,49.46,49.42,49.46,410526
2014-07-03 12:45:00,49.45,49.47,49.45,49.46,480096
2014-07-03 13:00:00,49.455,49.51,49.44,49.47,698957
2014-07-03 13:15:00,49.47,49.51,49.47,49.51,933601
2014-07-03 14:00:00,49.51,49.51,49.51,49.51,935203
2014-07-07 09:45:00,49.33,49.47,49.23,49.29,71558
2014-07-07 10:00:00,49.28,49.36,49.28,49.31,98703
2014-07-07 10:15:00,49.32,49.544,49.31,49.47,157430
2014-07-07 10:30:00,49.46,49.465,49.376,49.4,237045
2014-07-07 10:45:00,49.41,49.48,49.39,49.47,251282
2014-07-07 11:00:00,49.48,49.495,49.44,49.45,282757
2014-07-07 11:15:00,49.44,49.44,49.36,49.39,408430
2014-07-07 11:30:00,49.39,49.4,49.3,49.3367,433116
2014-07-07 11:45:00,49.33,49.41,49.3,49.4,518415
2014-07-07 12:00:00,49.41,49.41,49.37,49.395,532879
2014-07-07 12:15:00,49.395,49.4,49.36,49.38,579225
2014-07-07 12:30:00,49.375,49.38,49.36,49.37,618592
2014-07-07 12:45:00,49.365,49.37,49.36,49.37,639938
2014-07-07 13:00:00,49.37,49.37,49.35,49.35,668018
2014-07-07 13:15:00,49.355,49.38,49.35,49.36,720083
2014-07-07 13:30:00,49.36,49.375,49.35,49.37,773885
2014-07-07 13:45:00,49.36,49.4,49.36,49.4,814490
2014-07-07 14:00:00,49.4,49.44,49.39,49.435,889141
2014-07-07 14:15:00,49.43,49.45,49.43,49.441,937013
2014-07-07 14:30:00,49.4404,49.45,49.44,49.44,962520
2014-07-07 14:45:00,49.44,49.45,49.3866,49.405,1078930
2014-07-07 15:00:00,49.4,49.41,49.34,49.34,1119296
2014-07-07 15:15:00,49.34,49.37,49.33,49.36,1186348
2014-07-07 15:30:00,49.365,49.38,49.35,49.37,1285273
2014-07-07 15:45:00,49.36,49.38,49.34,49.37,1493305
2014-07-07 16:00:00,49.38,49.39,49.3,49.36,1962367
2014-07-08 09:45:00,49.26,49.275,48.99,49.0,52606
2014-07-08 10:00:00,49.015,49.1,48.99,49.08,105622
2014-07-08 10:15:00,49.09,49.1,49.04,49.05,146492
2014-07-08 10:30:00,49.05,49.08,49.01,49.02,188762
2014-07-08 10:45:00,49.01,49.01,48.86,48.98,211216
2014-07-08 11:00:00,48.9625,49.07,48.94,49.025,249930
2014-07-08 11:15:00,49.02,49.02,48.896,48.9,267066
2014-07-08 11:30:00,48.9,48.9,48.82,48.83,293931
2014-07-08 11:45:00,48.83,48.94,48.83,48.88,321730
2014-07-08 12:00:00,48.88,48.8801,48.75,48.83,351419
2014-07-08 12:15:00,48.825,48.84,48.67,48.69,391283
2014-07-08 12:30:00,48.7,48.7,48.63,48.67,419434
2014-07-08 12:45:00,48.67,48.69,48.62,48.67,457467
2014-07-08 13:00:00,48.68,48.69,48.64,48.66,493641
2014-07-08 13:15:00,48.68,48.71,48.645,48.705,518325
2014-07-08 13:30:00,48.7,48.71,48.68,48.695,539357
2014-07-08 13:45:00,48.7,48.71,48.67,48.71,569788
2014-07-08 14:00:00,48.71,48.71,48.67,48.6756,591052
2014-07-08 14:15:00,48.675,48.68,48.635,48.68,615536
2014-07-08 14:30:00,48.675,48.69,48.63,48.68,636332
2014-07-08 14:45:00,48.685,48.71,48.62,48.7,665822
2014-07-08 15:00:00,48.7,48.71,48.64,48.65,689216
2014-07-08 15:15:00,48.64,48.667,48.6,48.65,730731
2014-07-08 15:30:00,48.64,48.75,48.63,48.71,798404
2014-07-08 15:45:00,48.7,48.77,48.68,48.719,868394
2014-07-08 16:00:00,48.73,48.79,48.69,48.73,1077581
2014-07-09 09:45:00,48.85,48.865,48.78,48.84,36015
2014-07-09 10:00:00,48.82,48.85,48.66,48.66,57625
2014-07-09 10:15:00,48.69,48.74,48.65,48.67,85443
2014-07-09 10:30:00,48.67,48.78,48.64,48.77,107725
2014-07-09 10:45:00,48.77,48.89,48.74,48.89,141743
2014-07-09 11:00:00,48.91,48.93,48.76,48.82,173830
2014-07-09 11:15:00,48.82,48.84,48.69,48.7,199985
2014-07-09 11:30:00,48.72,48.89,48.72,48.89,217642
2014-07-09 11:45:00,48.89,48.89,48.72,48.8299,242723
2014-07-09 12:00:00,48.8299,48.83,48.78,48.82,257188
2014-07-09 12:15:00,48.82,48.85,48.78,48.83,270191
2014-07-09 12:30:00,48.84,48.85,48.76,48.7701,296202
2014-07-09 12:45:00,48.78,48.79,48.74,48.755,325258
2014-07-09 13:00:00,48.76,48.79,48.755,48.79,336096
2014-07-09 13:15:00,48.79,48.8,48.78,48.79,342915
2014-07-09 13:30:00,48.8,48.8,48.73,48.76,369459
2014-07-09 13:45:00,48.77,48.825,48.77,48.81,392140
2014-07-09 14:00:00,48.82,48.85,48.81,48.84,411341
2014-07-09 14:15:00,48.84,48.84,48.73,48.77,441149
2014-07-09 14:30:00,48.77,48.88,48.77,48.85,484582
2014-07-09 14:45:00,48.86,48.88,48.82,48.85,504632
2014-07-09 15:00:00,48.83,48.87,48.83,48.83,523883
2014-07-09 15:15:00,48.83,48.8699,48.83,48.8699,552582
2014-07-09 15:30:00,48.86,48.86,48.78,48.8,596066
2014-07-09 15:45:00,48.8,48.87,48.77,48.87,656608
2014-07-09 16:00:00,48.85,48.86,48.79,48.85,843149
2014-07-10 09:45:00,48.29,48.48,48.24,48.34,51994
2014-07-10 10:00:00,48.32,48.34,48.13,48.14,82025
2014-07-10 10:15:00,48.16,48.35,48.16,48.33,103696
2014-07-10 10:30:00,48.35,48.38,48.24,48.3,145073
2014-07-10 10:45:00,48.3,48.33,48.24,48.24,164541
2014-07-10 11:00:00,48.26,48.35,48.255,48.33,191322
2014-07-10 11:15:00,48.34,48.48,48.338,48.47,206443
2014-07-10 11:30:00,48.48,48.52,48.45,48.47,218538
2014-07-10 11:45:00,48.46,48.56,48.41,48.42,232866
2014-07-10 12:00:00,48.41,48.48,48.41,48.415,248324
2014-07-10 12:15:00,48.42,48.46,48.41,48.45,258682
2014-07-10 12:30:00,48.45,48.51,48.445,48.495,273960
2014-07-10 12:45:00,48.5,48.51,48.47,48.47,296549
2014-07-10 13:00:00,48.48,48.5,48.45,48.48,309215
2014-07-10 13:15:00,48.49,48.5,48.47,48.48,320096
2014-07-10 13:30:00,48.484,48.51,48.48,48.49,361396
2014-07-10 13:45:00,48.5,48.53,48.47,48.49,408693
2014-07-10 14:00:00,48.5,48.5,48.45,48.45,428430
2014-07-10 14:15:00,48.46,48.48,48.43,48.43,455341
2014-07-10 14:30:00,48.44,48.47,48.42,48.44,476270
2014-07-10 14:45:00,48.45,48.46,48.37,48.37,550762
2014-07-10 15:00:00,48.38,48.4,48.35,48.36,599147
2014-07-10 15:15:00,48.37,48.37,48.31,48.36,631802
2014-07-10 15:30:00,48.355,48.46,48.32,48.46,666915
2014-07-10 15:45:00,48.46,48.48,48.415,48.46,711349
2014-07-10 16:00:00,48.46,48.49,48.4,48.47,823078
2014-07-11 09:45:00,48.49,48.62,48.27,48.27,19968
2014-07-11 10:00:00,48.26,48.45,48.21,48.42,36990
2014-07-11 10:15:00,48.42,48.54,48.39,48.54,50942
2014-07-11 10:30:00,48.545,48.68,48.54,48.65,81609
2014-07-11 10:45:00,48.63,48.7,48.61,48.64,105411
2014-07-11 11:00:00,48.63,48.66,48.58,48.6,124596
2014-07-11 11:15:00,48.59,48.61,48.52,48.53,168310
2014-07-11 11:30:00,48.54,48.57,48.51,48.55,189196
2014-07-11 11:45:00,48.55,48.56,48.5,48.51,205147
2014-07-11 12:00:00,48.51,48.51,48.47,48.5,211361
2014-07-11 12:15:00,48.5,48.58,48.49,48.57,226540
2014-07-11 12:30:00,48.5699,48.58,48.5,48.52,238721
2014-07-11 12:45:00,48.5165,48.52,48.49,48.5,244031
2014-07-11 13:00:00,48.5,48.51,48.47,48.51,253034
2014-07-11 13:15:00,48.51,48.57,48.51,48.55,262543
2014-07-11 13:30:00,48.57,48.59,48.55,48.572,270618
2014-07-11 13:45:00,48.58,48.58,48.51,48.51,317770
2014-07-11 14:00:00,48.51,48.52,48.47,48.47,326462
2014-07-11 14:15:00,48.47,48.53,48.46,48.48,339736
2014-07-11 14:30:00,48.48,48.49,48.45,48.48,351280
2014-07-11 14:45:00,48.49,48.54,48.48,48.5201,370856
2014-07-11 15:00:00,48.52,48.57,48.52,48.57,384829
2014-07-11 15:15:00,48.57,48.58,48.53,48.54,409711
2014-07-11 15:30:00,48.54,48.61,48.54,48.59,439930
2014-07-11 15:45:00,48.595,48.65,48.58,48.63,541441
2014-07-11 16:00:00,48.635,48.66,48.59,48.62,692257
2014-07-14 09:45:00,48.99,48.99,48.75,48.86,21418
2014-07-14 10:00:00,48.92,48.96,48.805,48.85,37952
2014-07-14 10:15:00,48.86,48.87,48.75,48.76,68464
2014-07-14 10:30:00,48.76,48.785,48.71,48.755,94457
2014-07-14 10:45:00,48.75,48.8,48.72,48.75,113259
2014-07-14 11:00:00,48.74,48.785,48.7157,48.745,141452
2014-07-14 11:15:00,48.75,48.755,48.69,48.71,181935
2014-07-14 11:30:00,48.69,48.78,48.68,48.77,211516
2014-07-14 11:45:00,48.78,48.82,48.74,48.78,227309
2014-07-14 12:00:00,48.78,48.79,48.62,48.62,269554
2014-07-14 12:15:00,48.62,48.65,48.57,48.58,301799
2014-07-14 12:30:00,48.59,48.61,48.565,48.575,313184
2014-07-14 12:45:00,48.58,48.62,48.56,48.61,348549
2014-07-14 13:00:00,48.62,48.65,48.58,48.65,356973
2014-07-14 13:15:00,48.66,48.71,48.65,48.7055,367807
2014-07-14 13:30:00,48.71,48.79,48.71,48.71,400042
2014-07-14 13:45:00,48.71,48.715,48.63,48.65,426332
2014-07-14 14:00:00,48.64,48.64,48.59,48.59,447387
2014-07-14 14:15:00,48.6,48.61,48.54,48.55,470474
2014-07-14 14:30:00,48.55,48.56,48.53,48.54,509011
2014-07-14 14:45:00,48.54,48.6,48.54,48.57,533151
2014-07-14 15:00:00,48.56,48.64,48.56,48.635,562380
2014-07-14 15:15:00,48.64,48.7,48.64,48.688,582334
2014-07-14 15:30:00,48.68,48.68,48.66,48.675,603721
2014-07-14 15:45:00,48.67,48.73,48.665,48.73,656594
2014-07-14 16:00:00,48.725,48.74,48.64,48.66,842233
2014-07-15 09:45:00,48.54,48.79,48.47,48.72,42908
2014-07-15 10:00:00,48.74,48.81,48.55,48.63,86520
2014-07-15 10:15:00,48.66,48.7,48.54,48.54,103880
2014-07-15 10:30:00,48.54,48.6,48.51,48.58,114919
2014-07-15 10:45:00,48.59,48.59,48.43,48.48,146380
2014-07-15 11:00:00,48.48,48.48,48.36,48.44,162538
2014-07-15 11:15:00,48.44,48.51,48.37,48.47,196415
2014-07-15 11:30:00,48.46,48.49,48.41,48.43,215562
2014-07-15 11:45:00,48.42,48.43,48.32,48.33,282268
2014-07-15 12:00:00,48.32,48.325,48.12,48.12,347343
2014-07-15 12:15:00,48.14,48.33,48.14,48.32,385589
2014-07-15 12:30:00,48.3,48.4,48.275,48.4,424360
2014-07-15 12:45:00,48.41,48.49,48.4,48.48,439647
2014-07-15 13:00:00,48.49,48.51,48.44,48.48,496921
2014-07-15 13:15:00,48.48,48.54,48.45,48.54,552783
2014-07-15 13:30:00,48.54,48.66,48.54,48.63,584080
2014-07-15 13:45:00,48.64,48.69,48.57,48.605,615003
2014-07-15 14:00:00,48.6,48.63,48.53,48.55,643919
2014-07-15 14:15:00,48.56,48.575,48.5,48.525,664888
2014-07-15 14:30:00,48.52,48.6,48.52,48.59,685789
2014-07-15 14:45:00,48.59,48.59,48.49,48.495,705404
2014-07-15 15:00:00,48.49,48.53,48.47,48.49,736646
2014-07-15 15:15:00,48.49,48.57,48.48,48.57,766947
2014-07-15 15:30:00,48.57,48.58,48.51,48.57,789803
2014-07-15 15:45:00,48.58,48.59,48.51,48.555,849160
2014-07-15 16:00:00,48.56,48.58,48.51,48.52,1055545
2014-07-16 09:45:00,48.7,48.89,48.64,48.64,27291
2014-07-16 10:00:00,48.702,48.78,48.62,48.64,49414
2014-07-16 10:15:00,48.65,48.72,48.56,48.57,83686
2014-07-16 10:30:00,48.57,48.57,48.49,48.55,108514
2014-07-16 10:45:00,48.53,48.565,48.505,48.55,125517
2014-07-16 11:00:00,48.545,48.545,48.425,48.44,138919
2014-07-16 11:15:00,48.43,48.48,48.43,48.47,145050
2014-07-16 11:30:00,48.48,48.48,48.46,48.465,154671
2014-07-16 11:45:00,48.46,48.47,48.36,48.42,171857
2014-07-16 12:00:00,48.42,48.48,48.38,48.45,193991
2014-07-16 12:15:00,48.45,48.49,48.44,48.48,201087
2014-07-16 12:30:00,48.49,48.495,48.47,48.48,209568
2014-07-16 12:45:00,48.48,48.49,48.45,48.475,222896
2014-07-16 13:00:00,48.47,48.47,48.41,48.44,238720
2014-07-16 13:15:00,48.45,48.49,48.43,48.455,248171
2014-07-16 13:30:00,48.46,48.48,48.45,48.48,256285
2014-07-16 13:45:00,48.48,48.48,48.44,48.47,265946
2014-07-16 14:00:00,48.47,48.5,48.47,48.49,282586
2014-07-16 14:15:00,48.49,48.5,48.47,48.48,329145
2014-07-16 14:30:00,48.49,48.49,48.47,48.48,350552
2014-07-16 14:45:00,48.48,48.5,48.47,48.5,365915
2014-07-16 15:00:00,48.49,48.495,48.465,48.47,391091
2014-07-16 15:15:00,48.47,48.485,48.46,48.47,416372
2014-07-16 15:30:00,48.47,48.5,48.46,48.5,448007
2014-07-16 15:45:00,48.495,48.5,48.48,48.5,504772
2014-07-16 16:00:00,48.5,48.51,48.47,48.5,769734
2014-07-17 09:45:00,48.33,48.5945,48.32,48.58,17046
2014-07-17 10:00:00,48.58,48.6,48.508,48.577,31495
2014-07-17 10:15:00,48.58,48.6,48.5,48.55,49133
2014-07-17 10:30:00,48.55,48.6,48.51,48.59,66059
2014-07-17 10:45:00,48.57,48.57,48.45,48.46,81575
2014-07-17 11:00:00,48.45,48.4899,48.41,48.48,105512
2014-07-17 11:15:00,48.48,48.5,48.35,48.35,119919
2014-07-17 11:30:00,48.35,48.4,48.23,48.23,137773
2014-07-17 11:45:00,48.19,48.32,48.165,48.24,157950
2014-07-17 12:00:00,48.24,48.275,48.14,48.16,174034
2014-07-17 12:15:00,48.15,48.24,48.05,48.24,193256
2014-07-17 12:30:00,48.23,48.26,48.16,48.2298,204655
2014-07-17 12:45:00,48.24,48.31,48.04,48.0501,321841
2014-07-17 13:00:00,48.0501,48.11,47.95,48.04,401414
2014-07-17 13:15:00,48.04,48.2,48.04,48.2,426944
2014-07-17 13:30:00,48.2,48.2,48.075,48.1,443498
2014-07-17 13:45:00,48.11,48.145,47.86,47.86,482627
2014-07-17 14:00:00,47.86,47.9944,47.86,47.91,533434
2014-07-17 14:15:00,47.92,48.02,47.91,48.01,566646
2014-07-17 14:30:00,48.02,48.07,47.94,47.94,595609
2014-07-17 14:45:00,47.96,48.02,47.955,48.015,624014
2014-07-17 15:00:00,48.02,48.03,47.94,48.0,661277
2014-07-17 15:15:00,48.0,48.0,47.9,47.92,706560
2014-07-17 15:30:00,47.93,47.94,47.81,47.86,827579
2014-07-17 15:45:00,47.86,47.86,47.76,47.78,961399
2014-07-17 16:00:00,47.77,47.87,47.72,47.76,1162742
2014-07-18 09:45:00,47.86,47.91,47.65,47.68,129463
2014-07-18 10:00:00,47.67,47.8,47.61,47.78,156508
2014-07-18 10:15:00,47.8,47.83,47.72,47.82,180988
2014-07-18 10:30:00,47.83,47.9,47.81,47.88,196360
2014-07-18 10:45:00,47.9,47.94,47.88,47.9,215283
2014-07-18 11:00:00,47.91,48.05,47.9,48.04,245777
2014-07-18 11:15:00,48.03,48.07,48.02,48.06,261909
2014-07-18 11:30:00,48.06,48.06,47.94,47.95,278218
2014-07-18 11:45:00,47.96,48.05,47.94,48.01,304857
2014-07-18 12:00:00,48.0,48.01,47.92,47.93,315896
2014-07-18 12:15:00,47.93,47.94,47.89,47.94,333425
2014-07-18 12:30:00,47.9499,48.05,47.9499,48.05,354844
2014-07-18 12:45:00,48.05,48.11,48.02,48.11,363120
2014-07-18 13:00:00,48.1,48.145,48.08,48.12,374677
2014-07-18 13:15:00,48.12,48.12,48.04,48.04,388597
2014-07-18 13:30:00,48.03,48.06,47.98,47.98,400644
2014-07-18 13:45:00,47.98,47.99,47.95,47.96,429107
2014-07-18 14:00:00,47.97,48.0,47.92,47.95,454610
2014-07-18 14:15:00,47.94,48.02,47.93,48.01,472407
2014-07-18 14:30:00,48.01,48.08,47.99,48.08,509875
2014-07-18 14:45:00,48.08,48.1,48.06,48.09,524524
2014-07-18 15:00:00,48.09,48.14,48.08,48.1244,538486
2014-07-18 15:15:00,48.13,48.13,48.1,48.11,565442
2014-07-18 15:30:00,48.109,48.14,48.09,48.13,609607
2014-07-18 15:45:00,48.12,48.14,48.04,48.05,672337
2014-07-18 16:00:00,48.06,48.07,47.96,48.03,1010724
2014-07-21 09:45:00,48.03,48.03,47.85,47.93,38371
2014-07-21 10:00:00,47.95,48.05,47.88,47.94,61683
2014-07-21 10:15:00,47.94,47.97,47.77,47.84,82778
2014-07-21 10:30:00,47.83,47.89,47.76,47.8,106256
2014-07-21 10:45:00,47.79,47.81,47.65,47.66,141524
2014-07-21 11:00:00,47.67,47.705,47.63,47.67,160203
2014-07-21 11:15:00,47.67,47.73,47.65,47.7,174704
2014-07-21 11:30:00,47.7,47.79,47.67,47.785,201814
2014-07-21 11:45:00,47.785,47.83,47.76,47.79,241860
2014-07-21 12:00:00,47.8,47.81,47.72,47.8,261823
2014-07-21 12:15:00,47.81,47.81,47.75,47.79,275430
2014-07-21 12:30:00,47.79,47.79,47.7,47.71,307282
2014-07-21 12:45:00,47.71,47.78,47.71,47.78,320921
2014-07-21 13:00:00,47.77,47.79,47.74,47.76,341143
2014-07-21 13:15:00,47.77,47.84,47.75,47.83,360593
2014-07-21 13:30:00,47.83,47.94,47.83,47.94,377325
2014-07-21 13:45:00,47.95,47.97,47.91,47.97,405916
2014-07-21 14:00:00,47.98,48.02,47.97,48.0,429154
2014-07-21 14:15:00,48.01,48.06,48.005,48.06,455772
2014-07-21 14:30:00,48.05,48.055,47.99,47.99,488017
2014-07-21 14:45:00,47.99,48.0,47.94,47.99,513413
2014-07-21 15:00:00,47.99,48.04,47.9799,48.02,537108
2014-07-21 15:15:00,48.02,48.06,47.99,48.05,564714
2014-07-21 15:30:00,48.04,48.1,48.04,48.1,590918
2014-07-21 15:45:00,48.1,48.1,47.99,48.0,671791
2014-07-21 16:00:00,48.0,48.0,47.88,47.905,795380
2014-07-22 09:45:00,48.25,48.38,48.11,48.27,39055
2014-07-22 10:00:00,48.2775,48.4,48.17,48.18,75053
2014-07-22 10:15:00,48.17,48.22,48.14,48.17,138310
2014-07-22 10:30:00,48.17,48.2,48.08,48.09,155146
2014-07-22 10:45:00,48.1,48.12,48.0,48.07,169949
2014-07-22 11:00:00,48.0707,48.13,48.034,48.13,196166
2014-07-22 11:15:00,48.14,48.2,48.1014,48.12,218535
2014-07-22 11:30:00,48.13,48.15,48.08,48.12,232975
2014-07-22 11:45:00,48.12,48.2,48.12,48.18,273036
2014-07-22 12:00:00,48.185,48.2,48.17,48.175,307955
2014-07-22 12:15:00,48.17,48.2,48.16,48.19,318917
2014-07-22 12:30:00,48.19,48.3,48.19,48.28,390130
2014-07-22 12:45:00,48.27,48.29,48.2,48.2,406890
2014-07-22 13:00:00,48.2,48.22,48.15,48.17,417409
2014-07-22 13:15:00,48.18,48.2,48.1775,48.195,428357
2014-07-22 13:30:00,48.2,48.2,48.16,48.175,439343
2014-07-22 13:45:00,48.17,48.18,48.15,48.17,461676
2014-07-22 14:00:00,48.17,48.18,48.1401,48.17,473642
2014-07-22 14:15:00,48.16,48.2,48.155,48.18,495642
2014-07-22 14:30:00,48.1768,48.195,48.17,48.17,513932
2014-07-22 14:45:00,48.17,48.2,48.16,48.16,589672
2014-07-22 15:00:00,48.15,48.16,48.075,48.15,623573
2014-07-22 15:15:00,48.15,48.19,48.14,48.185,657000
2014-07-22 15:30:00,48.19,48.19,48.15,48.165,691051
2014-07-22 15:45:00,48.17,48.2,48.145,48.15,730986
2014-07-22 16:00:00,48.14,48.14,48.06,48.06,898263
2014-07-23 09:45:00,48.13,48.24,47.91,48.23,68211
2014-07-23 10:00:00,48.23,48.46,48.23,48.42,155896
2014-07-23 10:15:00,48.42,48.44,48.27,48.31,180402
2014-07-23 10:30:00,48.286,48.3,48.16,48.23,205364
2014-07-23 10:45:00,48.24,48.32,48.2,48.21,235186
2014-07-23 11:00:00,48.2,48.25,48.2,48.25,264566
2014-07-23 11:15:00,48.25,48.4,48.23,48.4,361719
2014-07-23 11:30:00,48.4,48.49,48.4,48.45,404375
2014-07-23 11:45:00,48.44,48.475,48.4,48.42,426637
2014-07-23 12:00:00,48.42,48.45,48.41,48.45,456173
2014-07-23 12:15:00,48.45,48.45,48.38,48.42,478864
2014-07-23 12:30:00,48.41,48.42,48.383,48.4,511596
2014-07-23 12:45:00,48.4,48.4,48.32,48.38,531999
2014-07-23 13:00:00,48.39,48.43,48.37,48.4,561745
2014-07-23 13:15:00,48.4,48.42,48.37,48.39,584207
2014-07-23 13:30:00,48.39,48.43,48.37,48.43,614996
2014-07-23 13:45:00,48.43,48.46,48.4,48.45,655641
2014-07-23 14:00:00,48.44,48.51,48.43,48.51,814531
2014-07-23 14:15:00,48.5,48.55,48.49,48.49,906515
2014-07-23 14:30:00,48.5,48.56,48.47,48.56,933365
2014-07-23 14:45:00,48.56,48.59,48.52,48.52,955725
2014-07-23 15:00:00,48.52,48.58,48.49,48.51,1019285
2014-07-23 15:15:00,48.51,48.53,48.49,48.51,1045898
2014-07-23 15:30:00,48.52,48.53,48.44,48.485,1088156
2014-07-23 15:45:00,48.49,48.49,48.41,48.49,1163104
2014-07-23 16:00:00,48.48,48.48,48.33,48.34,1391311
2014-07-24 09:45:00,48.44,48.69,48.44,48.59,20822
2014-07-24 10:00:00,48.58,48.6,48.47,48.48,32037
2014-07-24 10:15:00,48.47,48.48,48.41,48.42,47458
2014-07-24 10:30:00,48.42,48.42,48.35,48.41,111568
2014-07-24 10:45:00,48.4,48.43,48.38,48.4299,127883
2014-07-24 11:00:00,48.42,48.42,48.34,48.4,163457
2014-07-24 11:15:00,48.38,48.5,48.37,48.5,206230
2014-07-24 11:30:00,48.4901,48.51,48.48,48.5,221376
2014-07-24 11:45:00,48.49,48.54,48.49,48.5,232506
2014-07-24 12:00:00,48.49,48.5,48.46,48.49,258952
2014-07-24 12:15:00,48.49,48.49,48.45,48.47,265689
2014-07-24 12:30:00,48.47,48.51,48.41,48.41,309925
2014-07-24 12:45:00,48.41,48.43,48.37,48.415,327041
2014-07-24 13:00:00,48.42,48.47,48.41,48.46,337608
2014-07-24 13:15:00,48.455,48.4725,48.4,48.45,355968
2014-07-24 13:30:00,48.46,48.49,48.39,48.4,447656
2014-07-24 13:45:00,48.4,48.442,48.37,48.37,519275
2014-07-24 14:00:00,48.37,48.4,48.36,48.3925,553974
2014-07-24 14:15:00,48.4,48.4,48.37,48.39,596092
2014-07-24 14:30:00,48.395,48.4,48.39,48.4,622485
2014-07-24 14:45:00,48.4,48.4,48.36,48.38,659636
2014-07-24 15:00:00,48.39,48.42,48.37,48.37,698083
2014-07-24 15:15:00,48.375,48.42,48.355,48.418,728390
2014-07-24 15:30:00,48.415,48.43,48.39,48.39,792632
2014-07-24 15:45:00,48.4,48.47,48.39,48.47,885795
2014-07-24 16:00:00,48.48,48.49,48.37,48.38,1046813
2014-07-25 09:45:00,48.27,48.32,47.84,48.23,26949
2014-07-25 10:00:00,48.24,48.4,48.23,48.4,54933
2014-07-25 10:15:00,48.4,48.41,48.33,48.33,103729
2014-07-25 10:30:00,48.33,48.43,48.32,48.4,133963
2014-07-25 10:45:00,48.4,48.42,48.38,48.42,187453
2014-07-25 11:00:00,48.43,48.46,48.38,48.42,213615
2014-07-25 11:15:00,48.42,48.43,48.38,48.41,258049
2014-07-25 11:30:00,48.41,48.47,48.36,48.46,302086
2014-07-25 11:45:00,48.45,48.48,48.41,48.42,328089
2014-07-25 12:00:00,48.42,48.43,48.39,48.4,357093
2014-07-25 12:15:00,48.41,48.435,48.39,48.41,373738
2014-07-25 12:30:00,48.405,48.43,48.39,48.405,394163
2014-07-25 12:45:00,48.405,48.42,48.39,48.41,410187
2014-07-25 13:00:00,48.41,48.45,48.39,48.4,428469
2014-07-25 13:15:00,48.4,48.41,48.34,48.34,483140
2014-07-25 13:30:00,48.35,48.35,48.26,48.265,502048
2014-07-25 13:45:00,48.2677,48.31,48.215,48.3,535536
2014-07-25 14:00:00,48.295,48.33,48.26,48.26,561760
2014-07-25 14:15:00,48.25,48.25,48.19,48.245,595573
2014-07-25 14:30:00,48.24,48.33,48.24,48.3,609197
2014-07-25 14:45:00,48.31,48.36,48.29,48.36,631088
2014-07-25 15:00:00,48.37,48.39,48.29,48.32,651046
2014-07-25 15:15:00,48.33,48.33,48.28,48.31,673732
2014-07-25 15:30:00,48.29,48.31,48.2,48.23,706749
2014-07-25 15:45:00,48.21,48.225,48.19,48.21,743037
2014-07-25 16:00:00,48.215,48.27,48.18,48.19,902347
2014-07-28 09:45:00,47.79,48.02,47.51,47.68,123921
2014-07-28 10:00:00,47.705,47.8,47.58,47.795,170325
2014-07-28 10:15:00,47.76,47.8,47.65,47.7,227234
2014-07-28 10:30:00,47.7,47.86,47.65,47.85,323868
2014-07-28 10:45:00,47.85,48.09,47.76,48.08,440737
2014-07-28 11:00:00,48.08,48.27,48.07,48.24,561067
2014-07-28 11:15:00,48.25,48.3,48.18,48.27,693373
2014-07-28 11:30:00,48.27,48.28,48.15,48.265,717449
2014-07-28 11:45:00,48.27,48.325,48.22,48.28,860019
2014-07-28 12:00:00,48.26,48.31,48.2,48.31,963050
2014-07-28 12:15:00,48.315,48.35,48.3,48.32,1043939
2014-07-28 12:30:00,48.33,48.35,48.25,48.26,1086863
2014-07-28 12:45:00,48.25,48.3,48.24,48.3,1110505
2014-07-28 13:00:00,48.29,48.39,48.28,48.36,1157832
2014-07-28 13:15:00,48.35,48.38,48.29,48.37,1185838
2014-07-28 13:30:00,48.36,48.4,48.3,48.35,1221862
2014-07-28 13:45:00,48.35,48.44,48.3462,48.41,1252456
2014-07-28 14:00:00,48.39,48.42,48.34,48.34,1321551
2014-07-28 14:15:00,48.35,48.43,48.295,48.42,1390474
2014-07-28 14:30:00,48.42,48.44,48.4,48.44,1449803
2014-07-28 14:45:00,48.43,48.57,48.43,48.57,1619957
2014-07-28 15:00:00,48.57,48.62,48.57,48.62,1725313
2014-07-28 15:15:00,48.62,48.66,48.61,48.66,1889403
2014-07-28 15:30:00,48.65,48.655,48.55,48.62,1967034
2014-07-28 15:45:00,48.62,48.7,48.6,48.7,2140513
2014-07-28 16:00:00,48.7,48.81,48.56,48.78,2713945
2014-07-29 09:45:00,48.73,48.73,47.54,47.625,74763
2014-07-29 10:00:00,47.63,47.75,47.37,47.51,277130
2014-07-29 10:15:00,47.49,47.545,47.38,47.395,499424
2014-07-29 10:30:00,47.37,47.38,47.14,47.255,669712
2014-07-29 10:45:00,47.25,47.26,46.86,46.955,806156
2014-07-29 11:00:00,46.955,47.19,46.95,47.1,1011934
2014-07-29 11:15:00,47.095,47.1,46.41,46.45,1154573
2014-07-29 11:30:00,46.45,46.52,46.24,46.31,1457928
2014-07-29 11:45:00,46.31,46.38,46.26,46.33,1649668
2014-07-29 12:00:00,46.34,46.76,46.31,46.72,1875745
2014-07-29 12:15:00,46.73,46.85,46.58,46.77,2018835
2014-07-29 12:30:00,46.77,47.07,46.77,47.05,2098705
2014-07-29 12:45:00,47.04,47.3,47.02,47.13,2179121
2014-07-29 13:00:00,47.12,47.35,47.07,47.3,2298715
2014-07-29 13:15:00,47.32,47.33,47.03,47.09,2484604
2014-07-29 13:30:00,47.095,47.42,47.08,47.41,2584125
2014-07-29 13:45:00,47.4,47.5,47.35,47.435,2696372
2014-07-29 14:00:00,47.425,47.7,47.41,47.6,2816464
2014-07-29 14:15:00,47.6,47.77,47.57,47.745,2930221
2014-07-29 14:30:00,47.74,47.9,47.61,47.72,3091771
2014-07-29 14:45:00,47.73,47.75,47.18,47.2,3203535
2014-07-29 15:00:00,47.2,47.45,47.19,47.425,3317459
2014-07-29 15:15:00,47.425,47.5,47.38,47.48,3454019
2014-07-29 15:30:00,47.48,47.53,47.27,47.39,3625569
2014-07-29 15:45:00,47.39,47.4,47.17,47.25,3847488
2014-07-29 16:00:00,47.26,47.38,47.24,47.25,4289467
2014-07-30 09:45:00,47.23,47.41,47.22,47.28,127035
2014-07-30 10:00:00,47.29,47.33,47.19,47.2,238300
2014-07-30 10:15:00,47.2,47.32,47.08,47.26,385232
2014-07-30 10:30:00,47.26,47.38,47.17,47.25,432222
2014-07-30 10:45:00,47.25,47.26,47.11,47.145,518936
2014-07-30 11:00:00,47.13,47.3,47.07,47.1,607591
2014-07-30 11:15:00,47.1,47.1705,47.005,47.1,676613
2014-07-30 11:30:00,47.1,47.14,47.09,47.1199,720794
2014-07-30 11:45:00,47.11,47.11,47.0,47.095,783947
2014-07-30 12:00:00,47.09,47.16,47.09,47.16,855952
2014-07-30 12:15:00,47.17,47.26,47.12,47.18,1015247
2014-07-30 12:30:00,47.17,47.22,47.15,47.15,1042959
2014-07-30 12:45:00,47.15,47.23,47.15,47.185,1084491
2014-07-30 13:00:00,47.175,47.23,47.175,47.22,1106129
2014-07-30 13:15:00,47.23,47.23,47.15,47.17,1143053
2014-07-30 13:30:00,47.16,47.22,47.145,47.209,1191756
2014-07-30 13:45:00,47.2,47.27,47.195,47.235,1236061
2014-07-30 14:00:00,47.24,47.3,47.19,47.29,1295818
2014-07-30 14:15:00,47.28,47.47,47.22,47.42,1383950
2014-07-30 14:30:00,47.42,47.53,47.17,47.183,1478187
2014-07-30 14:45:00,47.18,47.21,47.08,47.21,1555621
2014-07-30 15:00:00,47.21,47.24,47.13,47.21,1647937
2014-07-30 15:15:00,47.21,47.32,47.19,47.295,1773286
2014-07-30 15:30:00,47.295,47.41,47.29,47.335,1848985
2014-07-30 15:45:00,47.3325,47.38,47.245,47.34,1954674
2014-07-30 16:00:00,47.34,47.42,47.28,47.37,2249391
2014-07-31 09:45:00,46.95,47.12,46.95,47.0,28698
2014-07-31 10:00:00,46.95,47.03,46.84,46.845,49150
2014-07-31 10:15:00,46.83,46.85,46.69,46.81,67392
2014-07-31 10:30:00,46.81,46.84,46.72,46.74,103943
2014-07-31 10:45:00,46.74,46.78,46.69,46.77,132175
2014-07-31 11:00:00,46.76,46.7725,46.59,46.6,185451
2014-07-31 11:15:00,46.6,46.72,46.6,46.66,203064
2014-07-31 11:30:00,46.66,46.66,46.57,46.58,228703
2014-07-31 11:45:00,46.58,46.59,46.47,46.47,311974
2014-07-31 12:00:00,46.46,46.48,46.26,46.26,360853
2014-07-31 12:15:00,46.26,46.32,46.2,46.27,418500
2014-07-31 12:30:00,46.29,46.33,46.19,46.21,448787
2014-07-31 12:45:00,46.21,46.23,46.16,46.2,493101
2014-07-31 13:00:00,46.21,46.25,46.2,46.25,513702
2014-07-31 13:15:00,46.24,46.325,46.22,46.3,556613
2014-07-31 13:30:00,46.313,46.313,46.21,46.23,590224
2014-07-31 13:45:00,46.23,46.31,46.22,46.26,632585
2014-07-31 14:00:00,46.26,46.26,46.16,46.2,678015
2014-07-31 14:15:00,46.205,46.33,46.18,46.25,824336
2014-07-31 14:30:00,46.25,46.27,46.16,46.21,860189
2014-07-31 14:45:00,46.19,46.2,46.1,46.125,921667
2014-07-31 15:00:00,46.125,46.15,46.03,46.05,974592
2014-07-31 15:15:00,46.05,46.1,45.9,45.91,1032308
2014-07-31 15:30:00,45.9,45.94,45.84,45.925,1106146
2014-07-31 15:45:00,45.92,46.115,45.92,46.0,1331948
2014-07-31 16:00:00,46.0,46.28,46.0,46.1,1917823
2014-08-01 09:45:00,46.27,46.41,45.97,45.98,99907
2014-08-01 10:00:00,45.97,46.31,45.97,46.24,178108
2014-08-01 10:15:00,46.25,46.43,46.07,46.07,322623
2014-08-01 10:30:00,46.06,46.27,46.05,46.26,357487
2014-08-01 10:45:00,46.26,46.469,46.25,46.4,439407
2014-08-01 11:00:00,46.4,46.41,46.2,46.28,524582
2014-08-01 11:15:00,46.28,46.3,46.2,46.29,602656
2014-08-01 11:30:00,46.29,46.38,46.25,46.36,665684
2014-08-01 11:45:00,46.35,46.4,46.23,46.3,764735
2014-08-01 12:00:00,46.28,46.35,46.12,46.14,863032
2014-08-01 12:15:00,46.15,46.23,46.14,46.19,925163
2014-08-01 12:30:00,46.19,46.3,46.15,46.24,976055
2014-08-01 12:45:00,46.25,46.25,46.12,46.12,994477
2014-08-01 13:00:00,46.12,46.23,46.08,46.19,1025898
2014-08-01 13:15:00,46.18,46.25,46.16,46.24,1060316
2014-08-01 13:30:00,46.24,46.44,46.19,46.44,1097560
2014-08-01 13:45:00,46.44,46.45,46.32,46.37,1130591
2014-08-01 14:00:00,46.38,46.51,46.35,46.51,1175287
2014-08-01 14:15:00,46.48,46.61,46.48,46.53,1246660
2014-08-01 14:30:00,46.55,46.59,46.42,46.43,1278475
2014-08-01 14:45:00,46.44,46.46,46.39,46.46,1331486
2014-08-01 15:00:00,46.45,46.46,46.33,46.375,1387003
2014-08-01 15:15:00,46.375,46.48,46.36,46.37,1477139
2014-08-01 15:30:00,46.37,46.46,46.37,46.39,1542578
2014-08-01 15:45:00,46.375,46.43,46.34,46.39,1623523
2014-08-01 16:00:00,46.39,46.42,46.28,46.38,1926985
2014-08-04 09:45:00,46.44,46.48,46.26,46.39,47835
2014-08-04 10:00:00,46.41,46.59,46.36,46.56,98945
2014-08-04 10:15:00,46.54,46.59,46.5,46.57,160406
2014-08-04 10:30:00,46.57,46.625,46.53,46.55,202029
2014-08-04 10:45:00,46.5336,46.535,46.41,46.47,260646
2014-08-04 11:00:00,46.48,46.56,46.43,46.45,338107
2014-08-04 11:15:00,46.46,46.53,46.36,46.53,383979
2014-08-04 11:30:00,46.51,46.58,46.49,46.58,407838
2014-08-04 11:45:00,46.57,46.605,46.49,46.49,475299
2014-08-04 12:00:00,46.49,46.59,46.49,46.55,574364
2014-08-04 12:15:00,46.54,46.6,46.495,46.55,614234
2014-08-04 12:30:00,46.55,46.63,46.52,46.61,648856
2014-08-04 12:45:00,46.61,46.61,46.52,46.56,680342
2014-08-04 13:00:00,46.55,46.55,46.49,46.49,712366
2014-08-04 13:15:00,46.49,46.54,46.49,46.51,740976
2014-08-04 13:30:00,46.505,46.585,46.5,46.56,775560
2014-08-04 13:45:00,46.565,46.62,46.56,46.6,813200
2014-08-04 14:00:00,46.61,46.69,46.6,46.62,839590
2014-08-04 14:15:00,46.6112,46.65,46.595,46.64,862879
2014-08-04 14:30:00,46.63,46.64,46.595,46.6156,899380
2014-08-04 14:45:00,46.61,46.71,46.61,46.66,942206
2014-08-04 15:00:00,46.66,46.74,46.66,46.72,975687
2014-08-04 15:15:00,46.71,46.775,46.695,46.75,1016106
2014-08-04 15:30:00,46.75,46.81,46.75,46.795,1071323
2014-08-04 15:45:00,46.8,46.84,46.77,46.81,1154839
2014-08-04 16:00:00,46.82,46.9,46.77,46.89,1466185
2014-08-05 09:45:00,46.72,46.88,46.5,46.78,68270
2014-08-05 10:00:00,46.81,46.89,46.76,46.85,151445
2014-08-05 10:15:00,46.86,47.06,46.84,46.87,254333
2014-08-05 10:30:00,46.87,46.93,46.79,46.9,292812
2014-08-05 10:45:00,46.9,47.0,46.84,46.96,350643
2014-08-05 11:00:00,46.96,47.0,46.85,46.95,491406
2014-08-05 11:15:00,46.94,47.1,46.91,47.08,590458
2014-08-05 11:30:00,47.1,47.19,47.01,47.05,633779
2014-08-05 11:45:00,47.0546,47.11,47.03,47.08,684534
2014-08-05 12:00:00,47.07,47.08,46.98,46.98,708497
2014-08-05 12:15:00,46.99,47.03,46.92,46.93,733445
2014-08-05 12:30:00,46.93,47.05,46.92,46.99,782220
2014-08-05 12:45:00,46.99,47.05,46.97,47.0,860416
2014-08-05 13:00:00,47.0,47.26,47.0,47.21,983663
2014-08-05 13:15:00,47.19,47.19,47.04,47.12,1031183
2014-08-05 13:30:00,47.12,47.14,47.09,47.1,1052182
2014-08-05 13:45:00,47.1,47.1,46.83,46.93,1169688
2014-08-05 14:00:00,46.92,47.1,46.92,47.01,1290437
2014-08-05 14:15:00,46.98,47.036,46.69,46.83,1398268
2014-08-05 14:30:00,46.83,46.95,46.77,46.89,1464284
2014-08-05 14:45:00,46.9,46.99,46.87,46.96,1536325
2014-08-05 15:00:00,46.97,47.02,46.95,47.0,1613675
2014-08-05 15:15:00,47.0,47.02,46.8,46.8562,1696381
2014-08-05 15:30:00,46.85,46.92,46.81,46.8286,1740055
2014-08-05 15:45:00,46.82,47.02,46.82,46.99,1863511
2014-08-05 16:00:00,46.98,47.05,46.955,46.98,2015592
2014-08-06 09:45:00,46.69,46.75,46.68,46.75,117045
2014-08-06 10:00:00,46.74,46.76,46.43,46.45,192783
2014-08-06 10:15:00,46.46,46.69,46.43,46.59,294587
2014-08-06 10:30:00,46.56,46.65,46.49,46.6125,346213
2014-08-06 10:45:00,46.64,46.65,46.54,46.6,389825
2014-08-06 11:00:00,46.6,46.69,46.59,46.69,426634
2014-08-06 11:15:00,46.68,46.73,46.635,46.69,464959
2014-08-06 11:30:00,46.7,46.7,46.52,46.52,508163
2014-08-06 11:45:00,46.52,46.55,46.47,46.49,547092
2014-08-06 12:00:00,46.4999,46.55,46.465,46.48,579612
2014-08-06 12:15:00,46.48,46.52,46.435,46.45,609002
2014-08-06 12:30:00,46.4442,46.4956,46.37,46.45,635925
2014-08-06 12:45:00,46.46,46.57,46.45,46.5,657975
2014-08-06 13:00:00,46.5,46.59,46.49,46.53,719852
2014-08-06 13:15:00,46.53,46.54,46.505,46.52,756762
2014-08-06 13:30:00,46.525,46.61,46.52,46.52,782825
2014-08-06 13:45:00,46.52,46.53,46.5,46.52,835121
2014-08-06 14:00:00,46.52,46.54,46.44,46.47,915915
2014-08-06 14:15:00,46.47,46.5,46.41,46.47,953658
2014-08-06 14:30:00,46.47,46.47,46.39,46.4,983559
2014-08-06 14:45:00,46.4,46.55,46.39,46.52,1068142
2014-08-06 15:00:00,46.53,46.6,46.49,46.55,1121613
2014-08-06 15:15:00,46.55,46.57,46.52,46.5328,1180653
2014-08-06 15:30:00,46.52,46.52,46.46,46.48,1229297
2014-08-06 15:45:00,46.47,46.48,46.43,46.46,1300116
2014-08-06 16:00:00,46.46,46.49,46.43,46.45,1467368
2014-08-07 09:45:00,46.57,46.71,46.49,46.51,22350
2014-08-07 10:00:00,46.53,46.63,46.51,46.59,60842
2014-08-07 10:15:00,46.59,46.73,46.56,46.71,97950
2014-08-07 10:30:00,46.69,46.78,46.68,46.73,127748
2014-08-07 10:45:00,46.73,46.77,46.62,46.62,146173
2014-08-07 11:00:00,46.615,46.68,46.55,46.61,194427
2014-08-07 11:15:00,46.61,46.65,46.55,46.595,253695
2014-08-07 11:30:00,46.6,46.66,46.55,46.62,275732
2014-08-07 11:45:00,46.62,46.71,46.52,46.53,302906
2014-08-07 12:00:00,46.52,46.54,46.39,46.445,330456
2014-08-07 12:15:00,46.43,46.48,46.4,46.45,369668
2014-08-07 12:30:00,46.42,46.45,46.35,46.42,396539
2014-08-07 12:45:00,46.42,46.47,46.32,46.35,428542
2014-08-07 13:00:00,46.36,46.42,46.36,46.4,461796
2014-08-07 13:15:00,46.4,46.55,46.4,46.48,511162
2014-08-07 13:30:00,46.49,46.525,46.37,46.44,538234
2014-08-07 13:45:00,46.44,46.45,46.34,46.4,592614
2014-08-07 14:00:00,46.385,46.385,46.26,46.32,615812
2014-08-07 14:15:00,46.32,46.39,46.27,46.36,668583
2014-08-07 14:30:00,46.37,46.37,46.3,46.35,696341
2014-08-07 14:45:00,46.33,46.35,46.28,46.28,732225
2014-08-07 15:00:00,46.28,46.33,46.26,46.2644,777893
2014-08-07 15:15:00,46.27,46.32,46.24,46.24,851981
2014-08-07 15:30:00,46.242,46.29,46.23,46.29,945744
2014-08-07 15:45:00,46.29,46.33,46.23,46.295,1008929
2014-08-07 16:00:00,46.3,46.42,46.28,46.35,1152617
2014-08-08 09:45:00,46.46,46.62,46.4,46.56,36816
2014-08-08 10:00:00,46.54,46.75,46.51,46.6,65257
2014-08-08 10:15:00,46.61,46.68,46.5,46.5,107156
2014-08-08 10:30:00,46.5,46.63,46.49,46.52,122945
2014-08-08 10:45:00,46.53,46.7,46.52,46.68,145595
2014-08-08 11:00:00,46.67,46.72,46.58,46.6,177865
2014-08-08 11:15:00,46.6,46.8,46.6,46.74,202691
2014-08-08 11:30:00,46.74,46.8,46.71,46.79,238088
2014-08-08 11:45:00,46.79,46.81,46.72,46.79,276735
2014-08-08 12:00:00,46.79,46.79,46.72,46.75,293540
2014-08-08 12:15:00,46.74,46.78,46.73,46.73,310720
2014-08-08 12:30:00,46.73,46.755,46.66,46.67,328689
2014-08-08 12:45:00,46.67,46.71,46.65,46.68,350763
2014-08-08 13:00:00,46.69,46.72,46.66,46.7,368836
2014-08-08 13:15:00,46.69,46.81,46.68,46.79,391771
2014-08-08 13:30:00,46.79,47.01,46.79,46.95,434342
2014-08-08 13:45:00,46.95,47.01,46.91,46.96,463948
2014-08-08 14:00:00,46.965,46.99,46.91,46.94,482944
2014-08-08 14:15:00,46.93,47.0,46.91,46.96,510277
2014-08-08 14:30:00,46.96,47.02,46.94,47.01,551436
2014-08-08 14:45:00,47.01,47.03,46.965,47.01,593471
2014-08-08 15:00:00,47.0,47.015,46.93,46.93,641231
2014-08-08 15:15:00,46.94,47.03,46.93,47.01,683873
2014-08-08 15:30:00,47.01,47.16,47.0,47.16,767625
2014-08-08 15:45:00,47.15,47.255,47.14,47.2549,853639
2014-08-08 16:00:00,47.25,47.31,47.19,47.19,1066980
2014-08-11 09:45:00,47.31,47.46,47.08,47.24,41104
2014-08-11 10:00:00,47.27,47.47,47.24,47.46,58157
2014-08-11 10:15:00,47.47,47.47,47.38,47.4,70196
2014-08-11 10:30:00,47.41,47.5,47.36,47.45,112535
2014-08-11 10:45:00,47.47,47.51,47.46,47.49,131384
2014-08-11 11:00:00,47.49,47.5199,47.41,47.48,142487
2014-08-11 11:15:00,47.47,47.48,47.39,47.46,166537
2014-08-11 11:30:00,47.465,47.5,47.41,47.41,211706
2014-08-11 11:45:00,47.42,47.46,47.4,47.43,232117
2014-08-11 12:00:00,47.44,47.47,47.39,47.44,280527
2014-08-11 12:15:00,47.45,47.47,47.34,47.35,322656
2014-08-11 12:30:00,47.33,47.37,47.29,47.37,352761
2014-08-11 12:45:00,47.36,47.43,47.358,47.43,368446
2014-08-11 13:00:00,47.43,47.51,47.4,47.47,389532
2014-08-11 13:15:00,47.47,47.48,47.38,47.4,405657
2014-08-11 13:30:00,47.4,47.42,47.38,47.3901,414690
2014-08-11 13:45:00,47.4,47.44,47.38,47.44,428638
2014-08-11 14:00:00,47.42,47.421,47.34,47.36,451219
2014-08-11 14:15:00,47.36,47.4,47.335,47.39,497183
2014-08-11 14:30:00,47.37,47.43,47.36,47.41,528632
2014-08-11 14:45:00,47.4,47.47,47.37,47.44,542512
2014-08-11 15:00:00,47.45,47.46,47.39,47.4,567750
2014-08-11 15:15:00,47.39,47.45,47.38,47.4,591251
2014-08-11 15:30:00,47.418,47.44,47.39,47.39,606541
2014-08-11 15:45:00,47.4,47.44,47.37,47.43,652419
2014-08-11 16:00:00,47.43,47.5,47.39,47.39,852567
2014-08-12 09:45:00,47.44,47.56,47.33,47.53,11142
2014-08-12 10:00:00,47.5,47.64,47.5,47.6,32249
2014-08-12 10:15:00,47.61,47.63,47.53,47.56,40310
2014-08-12 10:30:00,47.6,47.72,47.57,47.69,58993
2014-08-12 10:45:00,47.68,47.68,47.53,47.53,94697
2014-08-12 11:00:00,47.53,47.56,47.5,47.5399,118281
2014-08-12 11:15:00,47.52,47.52,47.34,47.37,139289
2014-08-12 11:30:00,47.39,47.4013,47.33,47.345,152207
2014-08-12 11:45:00,47.34,47.37,47.25,47.27,167986
2014-08-12 12:00:00,47.27,47.34,47.27,47.29,179923
2014-08-12 12:15:00,47.3,47.36,47.23,47.36,206494
2014-08-12 12:30:00,47.37,47.38,47.29,47.36,216377
2014-08-12 12:45:00,47.35,47.46,47.35,47.43,223178
2014-08-12 13:00:00,47.43,47.4343,47.37,47.37,232380
2014-08-12 13:15:00,47.38,47.42,47.37,47.395,241467
2014-08-12 13:30:00,47.39,47.4,47.32,47.34,266795
2014-08-12 13:45:00,47.34,47.34,47.15,47.1902,315174
2014-08-12 14:00:00,47.2,47.28,47.15,47.2627,348365
2014-08-12 14:15:00,47.2649,47.2649,47.14,47.16,359046
2014-08-12 14:30:00,47.16,47.19,47.1,47.11,378752
2014-08-12 14:45:00,47.1,47.18,47.09,47.18,394614
2014-08-12 15:00:00,47.17,47.2063,47.155,47.17,415311
2014-08-12 15:15:00,47.18,47.225,47.155,47.22,478978
2014-08-12 15:30:00,47.22,47.27,47.22,47.22,509475
2014-08-12 15:45:00,47.23,47.37,47.23,47.36,536331
2014-08-12 16:00:00,47.36,47.38,47.31,47.32,607372
2014-08-13 09:45:00,47.57,47.61,47.465,47.54,22204
2014-08-13 10:00:00,47.53,47.53,47.39,47.425,38292
2014-08-13 10:15:00,47.43,47.45,47.36,47.39,60698
2014-08-13 10:30:00,47.39,47.45,47.3,47.45,79509
2014-08-13 10:45:00,47.45,47.53,47.45,47.49,99955
2014-08-13 11:00:00,47.49,47.55,47.46,47.54,115727
2014-08-13 11:15:00,47.56,47.77,47.56,47.69,145553
2014-08-13 11:30:00,47.7,47.735,47.63,47.69,162847
2014-08-13 11:45:00,47.6925,47.7,47.63,47.66,202717
2014-08-13 12:00:00,47.65,47.65,47.57,47.58,216676
2014-08-13 12:15:00,47.57,47.61,47.55,47.56,230781
2014-08-13 12:30:00,47.56,47.56,47.45,47.47,270314
2014-08-13 12:45:00,47.475,47.51,47.47,47.5,302845
2014-08-13 13:00:00,47.5,47.57,47.47,47.57,340838
2014-08-13 13:15:00,47.56,47.61,47.56,47.56,351568
2014-08-13 13:30:00,47.55,47.64,47.55,47.63,362468
2014-08-13 13:45:00,47.635,47.71,47.635,47.7,375331
2014-08-13 14:00:00,47.69,47.71,47.61,47.71,402315
2014-08-13 14:15:00,47.71,47.725,47.61,47.66,440657
2014-08-13 14:30:00,47.67,47.6925,47.64,47.64,452180
2014-08-13 14:45:00,47.645,47.68,47.52,47.52,490341
2014-08-13 15:00:00,47.52,47.52,47.48,47.5,576791
2014-08-13 15:15:00,47.505,47.61,47.47,47.6,626922
2014-08-13 15:30:00,47.605,47.605,47.47,47.475,686493
2014-08-13 15:45:00,47.47,47.51,47.46,47.5,763606
2014-08-13 16:00:00,47.5,47.62,47.5,47.59,893869
2014-08-14 09:45:00,47.71,47.77,47.61,47.7,15260
2014-08-14 10:00:00,47.7,47.88,47.7,47.82,40564
2014-08-14 10:15:00,47.84,47.885,47.76,47.87,64645
2014-08-14 10:30:00,47.87,47.92,47.85,47.85,88267
2014-08-14 10:45:00,47.85,47.93,47.8,47.83,152261
2014-08-14 11:00:00,47.84,47.84,47.76,47.77,174330
2014-08-14 11:15:00,47.78,47.85,47.72,47.72,277686
2014-08-14 11:30:00,47.73,47.79,47.7,47.77,291290
2014-08-14 11:45:00,47.79,47.86,47.76,47.845,308098
2014-08-14 12:00:00,47.85,47.9,47.85,47.88,329088
2014-08-14 12:15:00,47.88,47.885,47.84,47.85,349189
2014-08-14 12:30:00,47.855,47.89,47.85,47.86,367438
2014-08-14 12:45:00,47.86,47.9,47.86,47.89,381064
2014-08-14 13:00:00,47.885,47.97,47.88,47.94,401240
2014-08-14 13:15:00,47.94,47.96,47.8956,47.9,432521
2014-08-14 13:30:00,47.89,47.925,47.85,47.9,505459
2014-08-14 13:45:00,47.904,47.91,47.88,47.89,513991
2014-08-14 14:00:00,47.89,47.91,47.85,47.9032,532530
2014-08-14 14:15:00,47.9032,47.91,47.87,47.87,547016
2014-08-14 14:30:00,47.87,47.9,47.86,47.87,581078
2014-08-14 14:45:00,47.87,47.91,47.87,47.89,602575
2014-08-14 15:00:00,47.9,47.91,47.87,47.9,625894
2014-08-14 15:15:00,47.91,47.96,47.9,47.92,658706
2014-08-14 15:30:00,47.93,47.98,47.9199,47.93,690809
2014-08-14 15:45:00,47.94,47.97,47.915,47.93,738942
2014-08-14 16:00:00,47.93,47.94,47.835,47.85,1117286
2014-08-15 09:45:00,48.0,48.08,47.92,48.06,150996
2014-08-15 10:00:00,48.04,48.05,47.98,48.0108,182241
2014-08-15 10:15:00,48.05,48.17,48.04,48.13,211326
2014-08-15 10:30:00,48.13,48.135,47.945,47.96,262376
2014-08-15 10:45:00,47.97,47.995,47.74,47.75,294095
2014-08-15 11:00:00,47.74,47.77,47.46,47.6,336362
2014-08-15 11:15:00,47.58,47.58,47.43,47.45,401903
2014-08-15 11:30:00,47.45,47.54,47.45,47.46,431101
2014-08-15 11:45:00,47.46,47.59,47.43,47.58,446550
2014-08-15 12:00:00,47.58,47.58,47.32,47.4025,468143
2014-08-15 12:15:00,47.39,47.435,47.31,47.38,484814
2014-08-15 12:30:00,47.37,47.47,47.32,47.47,499882
2014-08-15 12:45:00,47.465,47.51,47.405,47.51,513347
2014-08-15 13:00:00,47.51,47.51,47.42,47.42,545999
2014-08-15 13:15:00,47.4275,47.435,47.36,47.3975,567558
2014-08-15 13:30:00,47.39,47.42,47.341,47.42,599052
2014-08-15 13:45:00,47.43,47.46,47.39,47.39,633044
2014-08-15 14:00:00,47.4,47.41,47.37,47.38,660818
2014-08-15 14:15:00,47.385,47.4232,47.365,47.37,702481
2014-08-15 14:30:00,47.38,47.41,47.36,47.39,758736
2014-08-15 14:45:00,47.38,47.58,47.38,47.57,818930
2014-08-15 15:00:00,47.5635,47.63,47.5635,47.58,864627
2014-08-15 15:15:00,47.59,47.6,47.55,47.56,898343
2014-08-15 15:30:00,47.55,47.58,47.485,47.5,942704
2014-08-15 15:45:00,47.49,47.54,47.445,47.46,1030805
2014-08-15 16:00:00,47.45,47.57,47.44,47.54,1221449
2014-08-18 09:45:00,47.69,47.96,47.61,47.9,91812
2014-08-18 10:00:00,47.95,48.15,47.88,48.13,133629
2014-08-18 10:15:00,48.14,48.15,48.04,48.06,163519
2014-08-18 10:30:00,48.06,48.07,48.0,48.02,192086
2014-08-18 10:45:00,48.02,48.1,48.0,48.04,267881
2014-08-18 11:00:00,48.05,48.09,48.03,48.07,304443
2014-08-18 11:15:00,48.07,48.08,48.03,48.07,337211
2014-08-18 11:30:00,48.07,48.1,48.05,48.07,368961
2014-08-18 11:45:00,48.06,48.08,48.045,48.065,389764
2014-08-18 12:00:00,48.07,48.095,48.04,48.055,437146
2014-08-18 12:15:00,48.05,48.14,48.03,48.13,523205
2014-08-18 12:30:00,48.121,48.17,48.11,48.15,546035
2014-08-18 12:45:00,48.14,48.19,48.14,48.17,563164
2014-08-18 13:00:00,48.17,48.2,48.155,48.18,591854
2014-08-18 13:15:00,48.18,48.2,48.145,48.18,617034
2014-08-18 13:30:00,48.17,48.17,48.1,48.1,635663
2014-08-18 13:45:00,48.1,48.12,48.05,48.055,658940
2014-08-18 14:00:00,48.05,48.06,48.01,48.05,714587
2014-08-18 14:15:00,48.055,48.085,48.0,48.06,736193
2014-08-18 14:30:00,48.06,48.07,48.03,48.04,752498
2014-08-18 14:45:00,48.04,48.0401,47.98,47.9968,776261
2014-08-18 15:00:00,48.0034,48.02,47.99,48.015,799629
2014-08-18 15:15:00,48.015,48.03,47.99,48.0,825597
2014-08-18 15:30:00,48.0,48.02,47.98,47.99,862500
2014-08-18 15:45:00,47.98,48.0075,47.975,47.99,912602
2014-08-18 16:00:00,47.99,48.19,47.99,48.15,1136066
2014-08-19 09:45:00,48.18,48.39,48.18,48.385,25409
2014-08-19 10:00:00,48.36,48.44,48.31,48.4,36927
2014-08-19 10:15:00,48.4,48.49,48.39,48.445,57836
2014-08-19 10:30:00,48.45,48.5,48.41,48.41,81852
2014-08-19 10:45:00,48.42,48.42,48.32,48.35,92554
2014-08-19 11:00:00,48.37,48.4,48.35,48.35,102195
2014-08-19 11:15:00,48.35,48.35,48.23,48.25,115580
2014-08-19 11:30:00,48.24,48.28,48.22,48.25,134242
2014-08-19 11:45:00,48.24,48.25,48.2,48.24,146490
2014-08-19 12:00:00,48.26,48.27,48.235,48.24,179118
2014-08-19 12:15:00,48.24,48.24,48.11,48.16,219010
2014-08-19 12:30:00,48.16,48.21,48.13,48.13,249237
2014-08-19 12:45:00,48.15,48.17,48.14,48.15,259368
2014-08-19 13:00:00,48.15,48.162,48.13,48.162,270889
2014-08-19 13:15:00,48.1675,48.18,48.14,48.18,281041
2014-08-19 13:30:00,48.175,48.2,48.12,48.12,304863
2014-08-19 13:45:00,48.14,48.16,48.11,48.15,314441
2014-08-19 14:00:00,48.15,48.17,48.15,48.16,327888
2014-08-19 14:15:00,48.16,48.19,48.16,48.185,348921
2014-08-19 14:30:00,48.18,48.2,48.15,48.15,389617
2014-08-19 14:45:00,48.145,48.17,48.14,48.15,418871
2014-08-19 15:00:00,48.14,48.16,48.13,48.16,437629
2014-08-19 15:15:00,48.155,48.18,48.11,48.11,465697
2014-08-19 15:30:00,48.11,48.13,48.08,48.09,497758
2014-08-19 15:45:00,48.0975,48.1,48.07,48.07,542646
2014-08-19 16:00:00,48.07,48.13,48.045,48.11,643097
2014-08-20 09:45:00,48.19,48.54,47.99,48.54,53816
2014-08-20 10:00:00,48.52,48.64,48.51,48.53,93752
2014-08-20 10:15:00,48.54,48.54,48.37,48.395,132835
2014-08-20 10:30:00,48.41,48.43,48.27,48.36,169873
2014-08-20 10:45:00,48.35,48.45,48.35,48.43,207054
2014-08-20 11:00:00,48.43,48.46,48.35,48.45,264807
2014-08-20 11:15:00,48.44,48.45,48.38,48.38,286282
2014-08-20 11:30:00,48.38,48.43,48.33,48.43,297269
2014-08-20 11:45:00,48.43,48.5,48.42,48.475,330744
2014-08-20 12:00:00,48.475,48.5,48.46,48.49,349890
2014-08-20 12:15:00,48.49,48.54,48.47,48.53,370946
2014-08-20 12:30:00,48.55,48.64,48.55,48.64,390891
2014-08-20 12:45:00,48.64,48.68,48.63,48.655,419743
2014-08-20 13:00:00,48.66,48.69,48.595,48.6,447279
2014-08-20 13:15:00,48.61,48.63,48.59,48.62,462591
2014-08-20 13:30:00,48.61,48.73,48.61,48.725,492695
2014-08-20 13:45:00,48.73,48.79,48.7,48.79,520885
2014-08-20 14:00:00,48.78,48.8,48.73,48.735,545870
2014-08-20 14:15:00,48.74,48.74,48.61,48.64,620713
2014-08-20 14:30:00,48.63,48.73,48.63,48.67,652928
2014-08-20 14:45:00,48.68,48.72,48.67,48.72,680805
2014-08-20 15:00:00,48.72,48.85,48.72,48.85,713043
2014-08-20 15:15:00,48.85,48.9,48.83,48.86,758957
2014-08-20 15:30:00,48.8556,48.9,48.84,48.845,813620
2014-08-20 15:45:00,48.845,48.9,48.84,48.885,892910
2014-08-20 16:00:00,48.89,48.94,48.84,48.87,1050018
2014-08-21 09:45:00,48.78,48.78,48.58,48.6236,47500
2014-08-21 10:00:00,48.62,48.63,48.475,48.53,76902
2014-08-21 10:15:00,48.53,48.535,48.39,48.43,103382
2014-08-21 10:30:00,48.43,48.47,48.4,48.45,125073
2014-08-21 10:45:00,48.44,48.6,48.4345,48.54,153468
2014-08-21 11:00:00,48.53,48.56,48.5,48.52,175740
2014-08-21 11:15:00,48.51,48.56,48.504,48.555,195422
2014-08-21 11:30:00,48.55,48.57,48.51,48.57,225050
2014-08-21 11:45:00,48.57,48.57,48.49,48.51,251876
2014-08-21 12:00:00,48.51,48.55,48.47,48.47,278929
2014-08-21 12:15:00,48.46,48.47,48.42,48.43,290830
2014-08-21 12:30:00,48.44,48.46,48.39,48.39,304304
2014-08-21 12:45:00,48.4,48.42,48.355,48.405,319928
2014-08-21 13:00:00,48.405,48.42,48.392,48.42,332990
2014-08-21 13:15:00,48.42,48.43,48.41,48.41,343700
2014-08-21 13:30:00,48.42,48.44,48.42,48.44,356554
2014-08-21 13:45:00,48.45,48.45,48.42,48.43,371309
2014-08-21 14:00:00,48.43,48.44,48.405,48.42,389587
2014-08-21 14:15:00,48.42,48.42,48.37,48.38,405625
2014-08-21 14:30:00,48.38,48.4,48.36,48.38,428538
2014-08-21 14:45:00,48.38,48.39,48.31,48.31,449570
2014-08-21 15:00:00,48.31,48.33,48.29,48.31,484896
2014-08-21 15:15:00,48.31,48.34,48.31,48.34,502438
2014-08-21 15:30:00,48.34,48.34,48.26,48.26,542193
2014-08-21 15:45:00,48.27,48.3,48.235,48.29,594565
2014-08-21 16:00:00,48.29,48.29,48.25,48.25,747188
2014-08-22 09:45:00,48.09,48.24,47.74,47.79,65598
2014-08-22 10:00:00,47.8,47.82,47.55,47.56,145964
2014-08-22 10:15:00,47.575,47.9,47.565,47.9,217141
2014-08-22 10:30:00,47.9,47.94,47.87,47.924,254522
2014-08-22 10:45:00,47.924,47.9507,47.86,47.93,287657
2014-08-22 11:00:00,47.944,47.9866,47.85,47.88,332382
2014-08-22 11:15:00,47.88,47.89,47.81,47.835,380780
2014-08-22 11:30:00,47.855,47.855,47.77,47.77,421335
2014-08-22 11:45:00,47.78,47.785,47.67,47.6707,457503
2014-08-22 12:00:00,47.67,47.68,47.64,47.66,488440
2014-08-22 12:15:00,47.67,47.68,47.58,47.58,517277
2014-08-22 12:30:00,47.58,47.63,47.57,47.6,550464
2014-08-22 12:45:00,47.6007,47.68,47.6,47.6501,575116
2014-08-22 13:00:00,47.65,47.67,47.63,47.66,603180
2014-08-22 13:15:00,47.66,47.71,47.66,47.68,624424
2014-08-22 13:30:00,47.69,47.79,47.68,47.71,686930
2014-08-22 13:45:00,47.71,47.74,47.7,47.7,719790
2014-08-22 14:00:00,47.7,47.72,47.67,47.68,754775
2014-08-22 14:15:00,47.67,47.68,47.6,47.67,799925
2014-08-22 14:30:00,47.67,47.69,47.59,47.59,828561
2014-08-22 14:45:00,47.58,47.58,47.49,47.535,882967
2014-08-22 15:00:00,47.535,47.54,47.48,47.4901,926669
2014-08-22 15:15:00,47.495,47.567,47.49,47.55,980677
2014-08-22 15:30:00,47.555,47.57,47.5,47.51,1031481
2014-08-22 15:45:00,47.5,47.51,47.43,47.44,1110929
2014-08-22 16:00:00,47.43,47.48,47.38,47.45,1278439
2014-08-25 09:45:00,47.6,47.62,47.35,47.41,42589
2014-08-25 10:00:00,47.39,47.5,47.39,47.42,62900
2014-08-25 10:15:00,47.42,47.52,47.41,47.43,81654
2014-08-25 10:30:00,47.45,47.45,47.36,47.36,108016
2014-08-25 10:45:00,47.36,47.41,47.345,47.35,139295
2014-08-25 11:00:00,47.345,47.35,47.27,47.3,175970
2014-08-25 11:15:00,47.3,47.345,47.29,47.3,224046
2014-08-25 11:30:00,47.31,47.33,47.305,47.32,237674
2014-08-25 11:45:00,47.32,47.38,47.31,47.31,254685
2014-08-25 12:00:00,47.3,47.32,47.19,47.19,310766
2014-08-25 12:15:00,47.19,47.2,47.12,47.13,355883
2014-08-25 12:30:00,47.13,47.19,47.12,47.13,389852
2014-08-25 12:45:00,47.13,47.17,47.09,47.15,419143
2014-08-25 13:00:00,47.15,47.2,47.12,47.13,438575
2014-08-25 13:15:00,47.13,47.16,47.06,47.14,465468
2014-08-25 13:30:00,47.15,47.25,47.15,47.2,486825
2014-08-25 13:45:00,47.19,47.2099,47.19,47.2,503833
2014-08-25 14:00:00,47.2,47.27,47.19,47.25,537303
2014-08-25 14:15:00,47.26,47.275,47.24,47.26,556619
2014-08-25 14:30:00,47.26,47.32,47.255,47.29,596074
2014-08-25 14:45:00,47.28,47.35,47.28,47.32,618053
2014-08-25 15:00:00,47.33,47.36,47.28,47.35,643531
2014-08-25 15:15:00,47.35,47.355,47.325,47.34,677174
2014-08-25 15:30:00,47.33,47.35,47.33,47.34,716182
2014-08-25 15:45:00,47.334,47.425,47.315,47.4035,797839
2014-08-25 16:00:00,47.4,47.42,47.34,47.37,1194215
2014-08-26 09:45:00,47.24,47.27,47.04,47.21,92407
2014-08-26 10:00:00,47.18,47.305,47.18,47.22,122544
2014-08-26 10:15:00,47.22,47.26,47.1575,47.1575,152256
2014-08-26 10:30:00,47.17,47.17,46.98,47.01,196606
2014-08-26 10:45:00,47.01,47.07,47.01,47.01,217148
2014-08-26 11:00:00,47.02,47.1,47.015,47.08,245400
2014-08-26 11:15:00,47.08,47.11,47.07,47.09,326549
2014-08-26 11:30:00,47.08,47.09,46.96,47.05,349718
2014-08-26 11:45:00,47.05,47.08,47.0,47.0,374188
2014-08-26 12:00:00,47.01,47.01,46.94,46.94,398610
2014-08-26 12:15:00,46.935,46.94,46.9,46.905,445788
2014-08-26 12:30:00,46.905,46.93,46.86,46.86,474328
2014-08-26 12:45:00,46.87,46.92,46.85,46.915,498182
2014-08-26 13:00:00,46.91,46.97,46.91,46.95,514979
2014-08-26 13:15:00,46.95,46.99,46.95,46.99,535190
2014-08-26 13:30:00,46.9831,47.05,46.98,47.02,595751
2014-08-26 13:45:00,47.03,47.04,47.01,47.04,609628
2014-08-26 14:00:00,47.0382,47.05,46.975,46.975,643966
2014-08-26 14:15:00,46.98,46.98,46.925,46.94,681921
2014-08-26 14:30:00,46.935,46.94,46.89,46.9,702332
2014-08-26 14:45:00,46.895,46.91,46.88,46.91,729094
2014-08-26 15:00:00,46.91,47.02,46.905,47.005,755300
2014-08-26 15:15:00,47.01,47.04,46.99,47.01,785012
2014-08-26 15:30:00,47.005,47.01,46.953,46.955,835912
2014-08-26 15:45:00,46.955,46.97,46.915,46.95,950558
2014-08-26 16:00:00,46.96,46.96,46.87,46.895,1152333
2014-08-27 09:45:00,46.84,47.095,46.82,46.98,37389
2014-08-27 10:00:00,46.97,46.97,46.836,46.836,54699
2014-08-27 10:15:00,46.84,46.86,46.76,46.79,73630
2014-08-27 10:30:00,46.8,46.83,46.7,46.74,106838
2014-08-27 10:45:00,46.7499,46.82,46.73,46.79,122934
2014-08-27 11:00:00,46.79,46.895,46.78,46.83,149654
2014-08-27 11:15:00,46.85,46.9,46.83,46.86,168477
2014-08-27 11:30:00,46.87,46.88,46.77,46.79,204905
2014-08-27 11:45:00,46.79,46.85,46.75,46.84,230329
2014-08-27 12:00:00,46.84,46.89,46.84,46.84,253557
2014-08-27 12:15:00,46.85,46.87,46.78,46.79,269094
2014-08-27 12:30:00,46.79,46.8,46.74,46.76,295444
2014-08-27 12:45:00,46.77,46.83,46.76,46.83,313564
2014-08-27 13:00:00,46.83,46.915,46.83,46.915,328152
2014-08-27 13:15:00,46.915,46.93,46.89,46.89,347427
2014-08-27 13:30:00,46.89,46.9,46.84,46.84,364476
2014-08-27 13:45:00,46.85,46.87,46.81,46.81,387473
2014-08-27 14:00:00,46.81,46.85,46.79,46.8,404761
2014-08-27 14:15:00,46.82,46.88,46.81,46.875,423434
2014-08-27 14:30:00,46.88,46.91,46.84,46.84,466555
2014-08-27 14:45:00,46.83,46.84,46.79,46.79,491241
2014-08-27 15:00:00,46.79,46.8,46.68,46.68,529899
2014-08-27 15:15:00,46.68,46.71,46.64,46.67,599332
2014-08-27 15:30:00,46.665,46.71,46.64,46.67,737989
2014-08-27 15:45:00,46.6702,46.78,46.66,46.78,805647
2014-08-27 16:00:00,46.78,46.82,46.74,46.75,933390
2014-08-28 09:45:00,46.69,46.86,46.54,46.5575,49716
2014-08-28 10:00:00,46.59,46.69,46.56,46.685,74901
2014-08-28 10:15:00,46.69,46.69,46.58,46.62,111666
2014-08-28 10:30:00,46.61,46.66,46.59,46.63,171211
2014-08-28 10:45:00,46.62,46.75,46.62,46.7425,209188
2014-08-28 11:00:00,46.75,46.84,46.74,46.835,243195
2014-08-28 11:15:00,46.84,46.86,46.77,46.82,280945
2014-08-28 11:30:00,46.83,46.88,46.79,46.87,299059
2014-08-28 11:45:00,46.88,46.93,46.86,46.91,318144
2014-08-28 12:00:00,46.9,46.9,46.86,46.88,332264
2014-08-28 12:15:00,46.875,46.88,46.82,46.85,346698
2014-08-28 12:30:00,46.87,46.96,46.86,46.91,372228
2014-08-28 12:45:00,46.918,46.92,46.85,46.85,384564
2014-08-28 13:00:00,46.86,46.89,46.83,46.85,407786
2014-08-28 13:15:00,46.85,46.85,46.8075,46.81,422665
2014-08-28 13:30:00,46.8,46.81,46.79,46.79,433364
2014-08-28 13:45:00,46.79,46.85,46.79,46.83,453948
2014-08-28 14:00:00,46.83,46.85,46.8,46.815,479627
2014-08-28 14:15:00,46.815,46.84,46.79,46.81,544733
2014-08-28 14:30:00,46.82,46.82,46.79,46.7999,574772
2014-08-28 14:45:00,46.8,46.8,46.7,46.7,596234
2014-08-28 15:00:00,46.71,46.75,46.7,46.74,615132
2014-08-28 15:15:00,46.73,46.77,46.72,46.75,637754
2014-08-28 15:30:00,46.75,46.8,46.75,46.8,663949
2014-08-28 15:45:00,46.795,46.81,46.77,46.8,714821
2014-08-28 16:00:00,46.8,46.81,46.7,46.72,851104
2014-08-29 09:45:00,46.86,46.93,46.58,46.65,23712
2014-08-29 10:00:00,46.67,46.73,46.65,46.73,30884
2014-08-29 10:15:00,46.73,46.73,46.61,46.72,63440
2014-08-29 10:30:00,46.72,46.745,46.68,46.69,90594
2014-08-29 10:45:00,46.68,46.75,46.68,46.71,133666
2014-08-29 11:00:00,46.72,46.76,46.69,46.76,146532
2014-08-29 11:15:00,46.76,46.8,46.76,46.8,181451
2014-08-29 11:30:00,46.79,46.8,46.73,46.77,266914
2014-08-29 11:45:00,46.77,46.87,46.76,46.86,299195
2014-08-29 12:00:00,46.86,46.88,46.85,46.87,306098
2014-08-29 12:15:00,46.87,46.92,46.87,46.91,317374
2014-08-29 12:30:00,46.92,46.93,46.85,46.8899,330164
2014-08-29 12:45:00,46.885,46.885,46.81,46.82,342440
2014-08-29 13:00:00,46.82,46.87,46.82,46.87,349769
2014-08-29 13:15:00,46.86,46.878,46.84,46.845,356097
2014-08-29 13:30:00,46.84,46.855,46.81,46.85,372403
2014-08-29 13:45:00,46.86,46.86,46.84,46.855,384560
2014-08-29 14:00:00,46.84,46.86,46.835,46.855,391361
2014-08-29 14:15:00,46.85,46.875,46.85,46.86,399995
2014-08-29 14:30:00,46.87,46.87,46.84,46.845,408209
2014-08-29 14:45:00,46.845,46.87,46.84,46.87,423587
2014-08-29 15:00:00,46.865,46.875,46.85,46.86,442556
2014-08-29 15:15:00,46.86,46.87,46.82,46.86,471510
2014-08-29 15:30:00,46.87,46.9,46.86,46.86,496733
2014-08-29 15:45:00,46.87,46.95,46.86,46.92,558961
2014-08-29 16:00:00,46.93,47.02,46.93,46.98,759831
2014-09-02 09:45:00,46.99,47.17,46.85,46.85,48304
2014-09-02 10:00:00,46.86,47.01,46.855,46.97,105810
2014-09-02 10:15:00,46.97,47.01,46.94,46.9778,152494
2014-09-02 10:30:00,46.97,47.0,46.96,47.0,198607
2014-09-02 10:45:00,46.99,47.0,46.93,46.95,231808
2014-09-02 11:00:00,46.95,46.95,46.91,46.93,284333
2014-09-02 11:15:00,46.92,46.97,46.9,46.9,330277
2014-09-02 11:30:00,46.89,46.89,46.84,46.84,351753
2014-09-02 11:45:00,46.85,46.86,46.8,46.81,383142
2014-09-02 12:00:00,46.83,46.85,46.68,46.71,425330
2014-09-02 12:15:00,46.72,46.75,46.69,46.7349,446593
2014-09-02 12:30:00,46.73,46.77,46.71,46.72,460063
2014-09-02 12:45:00,46.72,46.72,46.65,46.65,495238
2014-09-02 13:00:00,46.64,46.65,46.58,46.64,513378
2014-09-02 13:15:00,46.64,46.64,46.57,46.59,530973
2014-09-02 13:30:00,46.6,46.6,46.55,46.56,537630
2014-09-02 13:45:00,46.56,46.61,46.56,46.59,548803
2014-09-02 14:00:00,46.58,46.66,46.57,46.64,560405
2014-09-02 14:15:00,46.66,46.705,46.645,46.67,585591
2014-09-02 14:30:00,46.68,46.68,46.61,46.62,606542
2014-09-02 14:45:00,46.62,46.68,46.62,46.67,624042
2014-09-02 15:00:00,46.67,46.73,46.66,46.67,675378
2014-09-02 15:15:00,46.67,46.704,46.66,46.68,718910
2014-09-02 15:30:00,46.69,46.77,46.68,46.77,750424
2014-09-02 15:45:00,46.76,46.76,46.69,46.74,801449
2014-09-02 16:00:00,46.75,46.78,46.725,46.73,990803
2014-09-03 09:45:00,46.88,47.06,46.74,46.87,34990
2014-09-03 10:00:00,46.845,46.87,46.65,46.67,69740
2014-09-03 10:15:00,46.695,46.77,46.66,46.72,121929
2014-09-03 10:30:00,46.72,46.73,46.53,46.59,161803
2014-09-03 10:45:00,46.59,46.59,46.5,46.56,204519
2014-09-03 11:00:00,46.57,46.58,46.49,46.5444,230394
2014-09-03 11:15:00,46.54,46.61,46.54,46.5601,251800
2014-09-03 11:30:00,46.55,46.57,46.45,46.45,275053
2014-09-03 11:45:00,46.465,46.51,46.42,46.43,301360
2014-09-03 12:00:00,46.42,46.46,46.4,46.42,319523
2014-09-03 12:15:00,46.43,46.46,46.28,46.29,380378
2014-09-03 12:30:00,46.3,46.31,46.28,46.3,403798
2014-09-03 12:45:00,46.3,46.31,46.29,46.3,428823
2014-09-03 13:00:00,46.3,46.3,46.24,46.25,467049
2014-09-03 13:15:00,46.25,46.3,46.23,46.24,529847
2014-09-03 13:30:00,46.25,46.26,46.15,46.16,589879
2014-09-03 13:45:00,46.17,46.23,46.165,46.18,642572
2014-09-03 14:00:00,46.17,46.23,46.16,46.23,678453
2014-09-03 14:15:00,46.24,46.28,46.23,46.24,712256
2014-09-03 14:30:00,46.24,46.24,46.165,46.18,748738
2014-09-03 14:45:00,46.19,46.28,46.19,46.2761,776920
2014-09-03 15:00:00,46.28,46.28,46.22,46.23,822242
2014-09-03 15:15:00,46.23,46.27,46.22,46.25,874095
2014-09-03 15:30:00,46.24,46.3,46.24,46.3,924968
2014-09-03 15:45:00,46.3,46.37,46.29,46.37,1008638
2014-09-03 16:00:00,46.37,46.45,46.33,46.43,1202494
2014-09-04 09:45:00,46.54,46.71,46.42,46.71,47393
2014-09-04 10:00:00,46.73,46.76,46.57,46.6,92374
2014-09-04 10:15:00,46.61,46.84,46.59,46.815,187064
2014-09-04 10:30:00,46.815,46.99,46.815,46.87,339988
2014-09-04 10:45:00,46.87,46.91,46.82,46.88,396944
2014-09-04 11:00:00,46.89,46.9,46.79,46.81,500638
2014-09-04 11:15:00,46.81,46.88,46.8,46.85,524780
2014-09-04 11:30:00,46.85,46.85,46.81,46.83,561900
2014-09-04 11:45:00,46.82,46.85,46.8,46.8,584860
2014-09-04 12:00:00,46.805,46.85,46.65,46.66,678462
2014-09-04 12:15:00,46.66,46.8,46.66,46.71,728559
2014-09-04 12:30:00,46.72,46.74,46.66,46.66,747528
2014-09-04 12:45:00,46.66,46.77,46.66,46.77,763484
2014-09-04 13:00:00,46.7673,46.79,46.74,46.77,784031
2014-09-04 13:15:00,46.76,46.82,46.76,46.8,797299
2014-09-04 13:30:00,46.8,46.8,46.75,46.8,808565
2014-09-04 13:45:00,46.8,46.8,46.76,46.775,826458
2014-09-04 14:00:00,46.78,46.78,46.675,46.675,847794
2014-09-04 14:15:00,46.67,46.705,46.55,46.55,892638
2014-09-04 14:30:00,46.56,46.585,46.44,46.46,934103
2014-09-04 14:45:00,46.48,46.48,46.38,46.39,972363
2014-09-04 15:00:00,46.39,46.44,46.32,46.36,1014998
2014-09-04 15:15:00,46.375,46.38,46.24,46.24,1077412
2014-09-04 15:30:00,46.25,46.29,46.1,46.12,1218919
2014-09-04 15:45:00,46.14,46.15,46.02,46.15,1369206
2014-09-04 16:00:00,46.16,46.26,46.09,46.12,1730114
2014-09-05 09:45:00,46.24,46.24,45.98,46.1701,78248
2014-09-05 10:00:00,46.19,46.37,46.18,46.37,138847
2014-09-05 10:15:00,46.4,46.45,46.28,46.3099,171056
2014-09-05 10:30:00,46.31,46.41,46.265,46.4,199411
2014-09-05 10:45:00,46.39,46.39,46.27,46.33,217251
2014-09-05 11:00:00,46.32,46.47,46.315,46.47,233851
2014-09-05 11:15:00,46.47,46.54,46.44,46.515,275548
2014-09-05 11:30:00,46.51,46.61,46.5,46.575,294968
2014-09-05 11:45:00,46.57,46.61,46.55,46.605,316758
2014-09-05 12:00:00,46.6,46.645,46.59,46.6,341211
2014-09-05 12:15:00,46.6,46.63,46.59,46.63,421878
2014-09-05 12:30:00,46.635,46.72,46.62,46.7,445389
2014-09-05 12:45:00,46.6999,46.75,46.695,46.75,467472
2014-09-05 13:00:00,46.745,46.75,46.69,46.71,483951
2014-09-05 13:15:00,46.705,46.73,46.675,46.72,551853
2014-09-05 13:30:00,46.7,46.72,46.68,46.72,568422
2014-09-05 13:45:00,46.72,46.8,46.71,46.77,622191
2014-09-05 14:00:00,46.77,46.77,46.7,46.73,644783
2014-09-05 14:15:00,46.73,46.83,46.73,46.8,673030
2014-09-05 14:30:00,46.795,46.83,46.79,46.805,702369
2014-09-05 14:45:00,46.805,46.81,46.62,46.76,790882
2014-09-05 15:00:00,46.765,46.83,46.73,46.75,833089
2014-09-05 15:15:00,46.75,46.86,46.75,46.82,867704
2014-09-05 15:30:00,46.83,46.85,46.78,46.79,921112
2014-09-05 15:45:00,46.79,46.79,46.705,46.72,1024804
2014-09-05 16:00:00,46.72,46.77,46.7,46.71,1209490
2014-09-08 09:45:00,46.65,46.87,46.6,46.71,57261
2014-09-08 10:00:00,46.71,46.77,46.65,46.72,89202
2014-09-08 10:15:00,46.73,46.8,46.65,46.68,100944
2014-09-08 10:30:00,46.68,46.69,46.53,46.53,113595
2014-09-08 10:45:00,46.54,46.56,46.465,46.495,128767
2014-09-08 11:00:00,46.5,46.55,46.5,46.55,145117
2014-09-08 11:15:00,46.55,46.72,46.55,46.61,233951
2014-09-08 11:30:00,46.61,46.7,46.61,46.69,244858
2014-09-08 11:45:00,46.68,46.72,46.65,46.68,259585
2014-09-08 12:00:00,46.6601,46.68,46.63,46.645,276829
2014-09-08 12:15:00,46.64,46.655,46.6,46.62,286315
2014-09-08 12:30:00,46.62,46.62,46.6,46.62,291602
2014-09-08 12:45:00,46.625,46.66,46.625,46.65,300695
2014-09-08 13:00:00,46.64,46.66,46.61,46.62,311211
2014-09-08 13:15:00,46.62,46.67,46.61,46.63,338063
2014-09-08 13:30:00,46.63,46.64,46.53,46.58,365243
2014-09-08 13:45:00,46.58,46.62,46.55,46.56,384510
2014-09-08 14:00:00,46.57,46.58,46.55,46.57,392480
2014-09-08 14:15:00,46.5843,46.65,46.58,46.62,418194
2014-09-08 14:30:00,46.63,46.65,46.61,46.65,437457
2014-09-08 14:45:00,46.64,46.66,46.59,46.59,551869
2014-09-08 15:00:00,46.59,46.66,46.59,46.63,564084
2014-09-08 15:15:00,46.62,46.66,46.62,46.62,583406
2014-09-08 15:30:00,46.63,46.64,46.6,46.63,598625
2014-09-08 15:45:00,46.64,46.69,46.63,46.66,640853
2014-09-08 16:00:00,46.66,46.72,46.64,46.66,771205
2014-09-09 09:45:00,46.68,46.68,46.26,46.35,30877
2014-09-09 10:00:00,46.32,46.48,46.285,46.33,52330
2014-09-09 10:15:00,46.31,46.4,46.26,46.38,84507
2014-09-09 10:30:00,46.37,46.41,46.33,46.38,112551
2014-09-09 10:45:00,46.39,46.39,46.27,46.31,141241
2014-09-09 11:00:00,46.32,46.32,46.23,46.23,155937
2014-09-09 11:15:00,46.22,46.29,46.205,46.29,170639
2014-09-09 11:30:00,46.3,46.32,46.26,46.26,196594
2014-09-09 11:45:00,46.27,46.29,46.23,46.23,211577
2014-09-09 12:00:00,46.24,46.24,46.16,46.16,229902
2014-09-09 12:15:00,46.16,46.17,46.1275,46.13,244483
2014-09-09 12:30:00,46.14,46.21,46.12,46.2,258809
2014-09-09 12:45:00,46.2027,46.25,46.19,46.2,272599
2014-09-09 13:00:00,46.2,46.2012,46.03,46.04,323099
2014-09-09 13:15:00,46.04,46.07,46.01,46.01,347180
2014-09-09 13:30:00,46.02,46.1,46.02,46.1,368815
2014-09-09 13:45:00,46.1,46.17,46.1,46.16,387544
2014-09-09 14:00:00,46.16,46.27,46.155,46.225,415888
2014-09-09 14:15:00,46.22,46.225,46.12,46.12,438104
2014-09-09 14:30:00,46.12,46.14,46.09,46.095,459209
2014-09-09 14:45:00,46.1,46.1843,46.09,46.15,485869
2014-09-09 15:00:00,46.15,46.1732,46.11,46.16,509469
2014-09-09 15:15:00,46.15,46.1536,46.03,46.06,539705
2014-09-09 15:30:00,46.06,46.07,46.0,46.055,587203
2014-09-09 15:45:00,46.055,46.1,46.02,46.08,681372
2014-09-09 16:00:00,46.07,46.09,46.03,46.06,852261
2014-09-10 09:45:00,46.19,46.19,45.76,45.9,38841
2014-09-10 10:00:00,45.9,45.98,45.57,45.59,132692
2014-09-10 10:15:00,45.58,45.73,45.565,45.67,181511
2014-09-10 10:30:00,45.66,45.72,45.57,45.72,214471
2014-09-10 10:45:00,45.7,45.77,45.59,45.75,232163
2014-09-10 11:00:00,45.75,45.81,45.65,45.68,247048
2014-09-10 11:15:00,45.67,45.82,45.64,45.82,257489
2014-09-10 11:30:00,45.8,45.82,45.75,45.77,267625
2014-09-10 11:45:00,45.78,45.84,45.75,45.79,277428
2014-09-10 12:00:00,45.776,45.81,45.7,45.7,293526
2014-09-10 12:15:00,45.68,45.69,45.57,45.58,315374
2014-09-10 12:30:00,45.58,45.68,45.57,45.64,340671
2014-09-10 12:45:00,45.63,45.73,45.63,45.7144,352616
2014-09-10 13:00:00,45.72,45.74,45.65,45.65,365658
2014-09-10 13:15:00,45.67,45.8,45.66,45.8,383465
2014-09-10 13:30:00,45.8,45.81,45.74,45.74,391498
2014-09-10 13:45:00,45.73,45.77,45.721,45.74,402454
2014-09-10 14:00:00,45.7255,45.81,45.66,45.68,457203
2014-09-10 14:15:00,45.68,45.68,45.605,45.65,504066
2014-09-10 14:30:00,45.66,45.74,45.65,45.735,543924
2014-09-10 14:45:00,45.735,45.81,45.73,45.81,585340
2014-09-10 15:00:00,45.815,45.82,45.76,45.78,599596
2014-09-10 15:15:00,45.77,45.85,45.77,45.81,632874
2014-09-10 15:30:00,45.81,45.86,45.8,45.8,675454
2014-09-10 15:45:00,45.79,45.81,45.75,45.77,752836
2014-09-10 16:00:00,45.765,45.8,45.74,45.77,850677
2014-09-11 09:45:00,45.63,45.96,45.52,45.96,62878
2014-09-11 10:00:00,46.0,46.16,45.92,46.1,150532
2014-09-11 10:15:00,46.1,46.1,45.825,45.84,203461
2014-09-11 10:30:00,45.855,45.92,45.78,45.79,232776
2014-09-11 10:45:00,45.78,45.81,45.68,45.74,251852
2014-09-11 11:00:00,45.73,45.8,45.71,45.79,295295
2014-09-11 11:15:00,45.79,45.83,45.77,45.77,330487
2014-09-11 11:30:00,45.78,45.82,45.77,45.79,379182
2014-09-11 11:45:00,45.79,45.79,45.75,45.75,428627
2014-09-11 12:00:00,45.76,45.8,45.75,45.8,457075
2014-09-11 12:15:00,45.8,45.82,45.72,45.72,483871
2014-09-11 12:30:00,45.72,45.78,45.72,45.74,522456
2014-09-11 12:45:00,45.74,45.76,45.715,45.74,556487
2014-09-11 13:00:00,45.75,45.79,45.74,45.75,571957
2014-09-11 13:15:00,45.76,45.77,45.715,45.75,635895
2014-09-11 13:30:00,45.75,45.75,45.5801,45.6,682667
2014-09-11 13:45:00,45.595,45.62,45.57,45.576,707170
2014-09-11 14:00:00,45.57,45.57,45.47,45.52,746824
2014-09-11 14:15:00,45.52,45.63,45.52,45.61,820582
2014-09-11 14:30:00,45.61,45.69,45.61,45.67,838073
2014-09-11 14:45:00,45.67,45.71,45.59,45.6,870753
2014-09-11 15:00:00,45.6,45.63,45.52,45.56,921052
2014-09-11 15:15:00,45.57,45.67,45.57,45.67,973885
2014-09-11 15:30:00,45.67,45.7,45.58,45.6,1026769
2014-09-11 15:45:00,45.595,45.77,45.57,45.75,1232891
2014-09-11 16:00:00,45.74,45.75,45.63,45.64,1573186
2014-09-12 09:45:00,45.65,45.73,45.44,45.56,50018
2014-09-12 10:00:00,45.55,45.58,45.48,45.5,68516
2014-09-12 10:15:00,45.51,45.54,45.35,45.42,101582
2014-09-12 10:30:00,45.44,45.52,45.41,45.41,122565
2014-09-12 10:45:00,45.41,45.44,45.29,45.3,146903
2014-09-12 11:00:00,45.27,45.33,45.23,45.285,174953
2014-09-12 11:15:00,45.28,45.36,45.245,45.28,249351
2014-09-12 11:30:00,45.27,45.31,45.26,45.3,265049
2014-09-12 11:45:00,45.29,45.31,45.26,45.29,281459
2014-09-12 12:00:00,45.28,45.3,45.19,45.21,312062
2014-09-12 12:15:00,45.21,45.24,45.19,45.23,336368
2014-09-12 12:30:00,45.248,45.29,45.19,45.21,371739
2014-09-12 12:45:00,45.2,45.2,45.12,45.16,391879
2014-09-12 13:00:00,45.17,45.18,45.05,45.07,425404
2014-09-12 13:15:00,45.07,45.1533,45.04,45.12,449244
2014-09-12 13:30:00,45.12,45.12,45.01,45.1,464986
2014-09-12 13:45:00,45.0951,45.11,45.04,45.105,501662
2014-09-12 14:00:00,45.13,45.13,45.05,45.06,557258
2014-09-12 14:15:00,45.07,45.135,45.06,45.06,633507
2014-09-12 14:30:00,45.06,45.125,45.04,45.045,681810
2014-09-12 14:45:00,45.04,45.1,44.96,44.96,762521
2014-09-12 15:00:00,44.97,45.01,44.91,44.94,816462
2014-09-12 15:15:00,44.94,45.02,44.905,45.005,872730
2014-09-12 15:30:00,45.01,45.06,45.0,45.01,933431
2014-09-12 15:45:00,45.01,45.08,45.0,45.05,1033599
2014-09-12 16:00:00,45.05,45.09,45.01,45.06,1224597
2014-09-15 09:45:00,45.15,45.18,44.694,44.86,71863
2014-09-15 10:00:00,44.85,44.88,44.7,44.73,114545
2014-09-15 10:15:00,44.7,44.74,44.63,44.63,214603
2014-09-15 10:30:00,44.62,44.67,44.59,44.66,248695
2014-09-15 10:45:00,44.66,44.705,44.62,44.63,291634
2014-09-15 11:00:00,44.64,44.71,44.61,44.7,335542
2014-09-15 11:15:00,44.695,44.705,44.65,44.67,395515
2014-09-15 11:30:00,44.66,44.67,44.5401,44.55,442911
2014-09-15 11:45:00,44.55,44.61,44.54,44.55,480449
2014-09-15 12:00:00,44.56,44.58,44.49,44.49,524830
2014-09-15 12:15:00,44.5,44.52,44.47,44.51,570868
2014-09-15 12:30:00,44.51,44.55,44.48,44.5,591912
2014-09-15 12:45:00,44.5,44.5,44.42,44.49,625032
2014-09-15 13:00:00,44.5,44.58,44.49,44.54,641011
2014-09-15 13:15:00,44.5375,44.58,44.52,44.56,680158
2014-09-15 13:30:00,44.58,44.66,44.55,44.62,765763
2014-09-15 13:45:00,44.61,44.66,44.61,44.64,787072
2014-09-15 14:00:00,44.64,44.65,44.59,44.6,847347
2014-09-15 14:15:00,44.6,44.67,44.58,44.59,887491
2014-09-15 14:30:00,44.59,44.64,44.55,44.62,928620
2014-09-15 14:45:00,44.63,44.75,44.62,44.67,993608
2014-09-15 15:00:00,44.66,44.7,44.59,44.605,1055938
2014-09-15 15:15:00,44.6,44.62,44.51,44.53,1129657
2014-09-15 15:30:00,44.54,44.57,44.52,44.55,1182640
2014-09-15 15:45:00,44.56,44.58,44.47,44.49,1394414
2014-09-15 16:00:00,44.5,44.51,44.39,44.4,1842548
2014-09-16 09:45:00,44.51,44.58,44.195,44.37,122788
2014-09-16 10:00:00,44.37,44.43,44.33,44.365,256505
2014-09-16 10:15:00,44.39,44.54,44.35,44.51,325908
2014-09-16 10:30:00,44.52,44.57,44.42,44.44,401784
2014-09-16 10:45:00,44.43,44.51,44.42,44.45,470418
2014-09-16 11:00:00,44.4398,44.52,44.38,44.385,518235
2014-09-16 11:15:00,44.385,44.44,44.37,44.4,570355
2014-09-16 11:30:00,44.38,44.55,44.33,44.53,620890
2014-09-16 11:45:00,44.54,44.67,44.54,44.61,663974
2014-09-16 12:00:00,44.6,44.69,44.52,44.58,731539
2014-09-16 12:15:00,44.58,44.61,44.5538,44.61,762359
2014-09-16 12:30:00,44.62,44.72,44.55,44.67,820782
2014-09-16 12:45:00,44.69,44.73,44.64,44.64,858816
2014-09-16 13:00:00,44.64,44.723,44.64,44.71,883165
2014-09-16 13:15:00,44.71,44.805,44.71,44.73,933944
2014-09-16 13:30:00,44.74,44.74,44.61,44.67,1016699
2014-09-16 13:45:00,44.68,44.78,44.67,44.73,1057193
2014-09-16 14:00:00,44.73,44.75,44.7,44.75,1079723
2014-09-16 14:15:00,44.75,44.82,44.74,44.78,1129477
2014-09-16 14:30:00,44.78,44.83,44.76,44.795,1156746
2014-09-16 14:45:00,44.8,44.82,44.76,44.77,1200981
2014-09-16 15:00:00,44.775,44.78,44.69,44.72,1274033
2014-09-16 15:15:00,44.72,44.75,44.69,44.72,1360204
2014-09-16 15:30:00,44.725,44.745,44.7,44.715,1441174
2014-09-16 15:45:00,44.715,44.76,44.67,44.76,1564359
2014-09-16 16:00:00,44.76,44.79,44.68,44.71,1928593
2014-09-17 09:45:00,44.87,45.06,44.82,44.86,83253
2014-09-17 10:00:00,44.86,44.96,44.82,44.96,139818
2014-09-17 10:15:00,44.945,44.95,44.86,44.86,165369
2014-09-17 10:30:00,44.86,44.86,44.8,44.825,204997
2014-09-17 10:45:00,44.825,44.83,44.72,44.78,238381
2014-09-17 11:00:00,44.77,44.77,44.64,44.64,299482
2014-09-17 11:15:00,44.66,44.77,44.63,44.64,397746
2014-09-17 11:30:00,44.64,44.67,44.54,44.61,524278
2014-09-17 11:45:00,44.62,44.64,44.58,44.6,548392
2014-09-17 12:00:00,44.6,44.63,44.53,44.58,641208
2014-09-17 12:15:00,44.575,44.65,44.575,44.61,726556
2014-09-17 12:30:00,44.61,44.61,44.51,44.57,829932
2014-09-17 12:45:00,44.57,44.61,44.565,44.58,861537
2014-09-17 13:00:00,44.57,44.6,44.45,44.47,968195
2014-09-17 13:15:00,44.475,44.475,44.38,44.38,1027153
2014-09-17 13:30:00,44.38,44.39,44.285,44.2975,1090142
2014-09-17 13:45:00,44.31,44.45,44.3075,44.43,1127194
2014-09-17 14:00:00,44.43,44.46,44.42,44.46,1173953
2014-09-17 14:15:00,44.47,44.64,44.36,44.59,1271096
2014-09-17 14:30:00,44.62,44.65,44.525,44.64,1340489
2014-09-17 14:45:00,44.62,44.64,44.53,44.53,1372867
2014-09-17 15:00:00,44.5,44.64,44.47,44.63,1419232
2014-09-17 15:15:00,44.63,44.73,44.62,44.71,1472186
2014-09-17 15:30:00,44.705,44.75,44.55,44.63,1581637
2014-09-17 15:45:00,44.63,44.64,44.51,44.55,1636518
2014-09-17 16:00:00,44.55,44.57,44.5,44.525,1810464
2014-09-18 09:45:00,44.55,44.63,44.1,44.123,93839
2014-09-18 10:00:00,44.12,44.17,43.94,44.13,158562
2014-09-18 10:15:00,44.14,44.27,44.12,44.19,214921
2014-09-18 10:30:00,44.185,44.31,44.14,44.14,301706
2014-09-18 10:45:00,44.13,44.3,44.1,44.28,359483
2014-09-18 11:00:00,44.28,44.36,44.15,44.23,456675
2014-09-18 11:15:00,44.2256,44.29,44.2256,44.25,487216
2014-09-18 11:30:00,44.245,44.34,44.24,44.28,554565
2014-09-18 11:45:00,44.28,44.36,44.25,44.33,642246
2014-09-18 12:00:00,44.34,44.36,44.27,44.35,727020
2014-09-18 12:15:00,44.355,44.39,44.34,44.365,767088
2014-09-18 12:30:00,44.36,44.375,44.3,44.35,860471
2014-09-18 12:45:00,44.35,44.36,44.32,44.34,882344
2014-09-18 13:00:00,44.3301,44.36,44.27,44.31,925570
2014-09-18 13:15:00,44.32,44.36,44.25,44.33,998033
2014-09-18 13:30:00,44.33,44.35,44.3,44.349,1035336
2014-09-18 13:45:00,44.345,44.52,44.33,44.51,1202951
2014-09-18 14:00:00,44.51,44.53,44.43,44.44,1282497
2014-09-18 14:15:00,44.45,44.53,44.44,44.51,1356286
2014-09-18 14:30:00,44.52,44.63,44.52,44.63,1557354
2014-09-18 14:45:00,44.64,44.88,44.63,44.87,1765985
2014-09-18 15:00:00,44.87,44.91,44.61,44.64,1892469
2014-09-18 15:15:00,44.63,44.65,44.46,44.485,2053723
2014-09-18 15:30:00,44.48,44.53,44.44,44.52,2305663
2014-09-18 15:45:00,44.51,44.52,44.5,44.5,2510181
2014-09-18 16:00:00,44.505,44.57,44.48,44.49,2868279
2014-09-19 09:45:00,45.11,45.46,44.65,44.78,515524
2014-09-19 10:00:00,44.77,44.95,44.75,44.75,700728
2014-09-19 10:15:00,44.75,44.82,44.7,44.76,943649
2014-09-19 10:30:00,44.76,45.0,44.75,44.86,1306158
2014-09-19 10:45:00,44.87,45.06,44.84,44.96,1483276
2014-09-19 11:00:00,44.963,45.26,44.95,45.19,1628195
2014-09-19 11:15:00,45.2,45.32,45.17,45.175,1786406
2014-09-19 11:30:00,45.18,45.21,45.05,45.07,1882188
2014-09-19 11:45:00,45.09,45.19,44.99,45.12,2037228
2014-09-19 12:00:00,45.1101,45.18,45.11,45.15,2097273
2014-09-19 12:15:00,45.16,45.21,45.105,45.1401,2391919
2014-09-19 12:30:00,45.15,45.2,45.11,45.15,2438021
2014-09-19 12:45:00,45.145,45.17,45.12,45.12,2622878
2014-09-19 13:00:00,45.12,45.185,45.12,45.145,2660572
2014-09-19 13:15:00,45.14,45.15,45.08,45.1,2693202
2014-09-19 13:30:00,45.105,45.14,45.07,45.11,2732440
2014-09-19 13:45:00,45.11,45.11,45.05,45.1,2763926
2014-09-19 14:00:00,45.11,45.19,45.07,45.08,2839225
2014-09-19 14:15:00,45.09,45.13,45.04,45.08,2891429
2014-09-19 14:30:00,45.08,45.12,45.07,45.08,2943257
2014-09-19 14:45:00,45.08,45.15,45.0636,45.135,2984360
2014-09-19 15:00:00,45.13,45.18,45.13,45.18,3031108
2014-09-19 15:15:00,45.18,45.42,45.16,45.32,3211477
2014-09-19 15:30:00,45.33,45.39,45.2,45.21,3311037
2014-09-19 15:45:00,45.21,45.23,45.19,45.21,3431335
2014-09-19 16:00:00,45.21,45.25,45.08,45.11,3904944
2014-09-22 09:45:00,44.99,45.043,44.7,44.7,195037
2014-09-22 10:00:00,44.7,44.74,44.64,44.64,242475
2014-09-22 10:15:00,44.604,44.73,44.604,44.7,282240
2014-09-22 10:30:00,44.71,44.71,44.61,44.63,310732
2014-09-22 10:45:00,44.61,44.8,44.54,44.56,446100
2014-09-22 11:00:00,44.56,44.58,44.49,44.5,516081
2014-09-22 11:15:00,44.49,44.515,44.38,44.4,561085
2014-09-22 11:30:00,44.39,44.57,44.36,44.47,633816
2014-09-22 11:45:00,44.47,44.485,44.41,44.425,667523
2014-09-22 12:00:00,44.42,44.46,44.4,44.42,733647
2014-09-22 12:15:00,44.425,44.47,44.41,44.41,790884
2014-09-22 12:30:00,44.41,44.44,44.34,44.345,848081
2014-09-22 12:45:00,44.345,44.35,44.27,44.3,886619
2014-09-22 13:00:00,44.31,44.32,44.25,44.28,924366
2014-09-22 13:15:00,44.27,44.29,44.23,44.28,962683
2014-09-22 13:30:00,44.29,44.34,44.265,44.34,1000516
2014-09-22 13:45:00,44.34,44.36,44.3,44.35,1027471
2014-09-22 14:00:00,44.35,44.75,44.3,44.45,1195143
2014-09-22 14:15:00,44.45,44.48,44.41,44.45,1265844
2014-09-22 14:30:00,44.45,44.46,44.37,44.38,1361413
2014-09-22 14:45:00,44.38,44.44,44.38,44.42,1465643
2014-09-22 15:00:00,44.42,44.52,44.42,44.51,1529372
2014-09-22 15:15:00,44.5,44.57,44.5,44.54,1608294
2014-09-22 15:30:00,44.5452,44.65,44.53,44.635,1711922
2014-09-22 15:45:00,44.64,44.76,44.63,44.7325,1890876
2014-09-22 16:00:00,44.73,44.785,44.71,44.76,2469383
2014-09-23 09:45:00,44.77,44.86,44.65,44.86,81463
2014-09-23 10:00:00,44.87,45.05,44.86,44.91,229405
2014-09-23 10:15:00,44.94,44.98,44.85,44.95,329356
2014-09-23 10:30:00,44.96,45.12,44.96,45.03,400513
2014-09-23 10:45:00,45.03,45.2,45.02,45.16,554278
2014-09-23 11:00:00,45.16,45.2,45.115,45.18,616259
2014-09-23 11:15:00,45.19,45.195,45.06,45.12,694718
2014-09-23 11:30:00,45.12,45.19,45.0801,45.14,758079
2014-09-23 11:45:00,45.13,45.2,45.09,45.17,828222
2014-09-23 12:00:00,45.17,45.23,45.17,45.17,889188
2014-09-23 12:15:00,45.17,45.225,45.06,45.085,935756
2014-09-23 12:30:00,45.09,45.14,45.01,45.02,963037
2014-09-23 12:45:00,45.04,45.04,44.96,44.99,1014573
2014-09-23 13:00:00,45.0,45.01,44.95,44.98,1089081
2014-09-23 13:15:00,44.97,44.97,44.86,44.86,1115246
2014-09-23 13:30:00,44.85,44.88,44.81,44.85,1168654
2014-09-23 13:45:00,44.86,44.97,44.85,44.925,1262748
2014-09-23 14:00:00,44.93,44.96,44.83,44.86,1320371
2014-09-23 14:15:00,44.86,44.91,44.8,44.85,1414305
2014-09-23 14:30:00,44.85,44.87,44.74,44.76,1479021
2014-09-23 14:45:00,44.76,44.78,44.71,44.73,1539928
2014-09-23 15:00:00,44.72,44.73,44.67,44.71,1582037
2014-09-23 15:15:00,44.71,44.72,44.57,44.62,1644577
2014-09-23 15:30:00,44.63,44.666,44.53,44.65,1772357
2014-09-23 15:45:00,44.65,44.74,44.63,44.685,1871104
2014-09-23 16:00:00,44.69,44.7,44.48,44.49,2072341
2014-09-24 09:45:00,44.36,44.55,44.28,44.28,63910
2014-09-24 10:00:00,44.27,44.48,44.17,44.32,158521
2014-09-24 10:15:00,44.33,44.39,44.19,44.22,195580
2014-09-24 10:30:00,44.22,44.26,44.14,44.18,302913
2014-09-24 10:45:00,44.19,44.28,44.15,44.21,382967
2014-09-24 11:00:00,44.21,44.384,44.19,44.3,435800
2014-09-24 11:15:00,44.32,44.375,44.25,44.355,488495
2014-09-24 11:30:00,44.3705,44.48,44.32,44.46,510235
2014-09-24 11:45:00,44.47,44.5,44.44,44.5,534890
2014-09-24 12:00:00,44.5,44.56,44.48,44.53,552132
2014-09-24 12:15:00,44.53,44.61,44.53,44.56,582139
2014-09-24 12:30:00,44.55,44.59,44.53,44.56,599410
2014-09-24 12:45:00,44.55,44.56,44.52,44.54,618381
2014-09-24 13:00:00,44.54,44.58,44.5,44.58,639033
2014-09-24 13:15:00,44.59,44.61,44.54,44.55,662014
2014-09-24 13:30:00,44.5556,44.56,44.48,44.54,788555
2014-09-24 13:45:00,44.55,44.72,44.54,44.615,860474
2014-09-24 14:00:00,44.61,44.625,44.53,44.55,911905
2014-09-24 14:15:00,44.555,44.555,44.45,44.47,978704
2014-09-24 14:30:00,44.48,44.51,44.45,44.5,1040615
2014-09-24 14:45:00,44.5,44.55,44.46,44.5,1229635
2014-09-24 15:00:00,44.51,44.57,44.495,44.52,1295078
2014-09-24 15:15:00,44.52,44.63,44.52,44.61,1347152
2014-09-24 15:30:00,44.61,44.67,44.6,44.61,1390502
2014-09-24 15:45:00,44.61,44.62,44.51,44.51,1523025
2014-09-24 16:00:00,44.52,44.52,44.39,44.42,2099738
2014-09-25 09:45:00,44.37,44.55,44.22,44.24,99928
2014-09-25 10:00:00,44.24,44.3,44.04,44.04,248471
2014-09-25 10:15:00,44.045,44.1,43.97,44.02,346369
2014-09-25 10:30:00,44.04,44.12,43.96,44.07,489535
2014-09-25 10:45:00,44.07,44.08,43.99,44.02,605230
2014-09-25 11:00:00,44.02,44.08,43.98,44.02,665230
2014-09-25 11:15:00,44.01,44.07,43.95,43.96,866823
2014-09-25 11:30:00,43.95,44.01,43.93,43.98,1033068
2014-09-25 11:45:00,43.98,44.08,43.94,43.94,1183353
2014-09-25 12:00:00,43.94,44.02,43.94,43.98,1208129
2014-09-25 12:15:00,43.97,44.04,43.97,44.01,1226612
2014-09-25 12:30:00,44.01,44.06,43.95,44.0,1306430
2014-09-25 12:45:00,43.98,44.04,43.97,44.02,1323997
2014-09-25 13:00:00,44.01,44.03,43.97,44.0,1345216
2014-09-25 13:15:00,43.97,44.04,43.96,44.0,1398063
2014-09-25 13:30:00,44.01,44.08,44.0,44.03,1490450
2014-09-25 13:45:00,44.04,44.08,44.0,44.05,1521182
2014-09-25 14:00:00,44.05,44.07,44.01,44.0645,1607445
2014-09-25 14:15:00,44.06,44.12,44.01,44.04,1698650
2014-09-25 14:30:00,44.04,44.09,44.03,44.09,1736236
2014-09-25 14:45:00,44.08,44.09,44.03,44.05,1765154
2014-09-25 15:00:00,44.06,44.08,44.01,44.01,2095468
2014-09-25 15:15:00,44.01,44.04,43.97,44.04,2260294
2014-09-25 15:30:00,44.05,44.05,43.89,43.9,2426175
2014-09-25 15:45:00,43.9,44.0,43.9,44.0,2487552
2014-09-25 16:00:00,43.99,44.01,43.89,43.91,2840533
2014-09-26 09:45:00,43.99,44.11,43.92,43.93,97896
2014-09-26 10:00:00,43.94,44.09,43.91,44.07,160070
2014-09-26 10:15:00,44.075,44.24,44.07,44.18,206776
2014-09-26 10:30:00,44.17,44.35,44.17,44.28,253996
2014-09-26 10:45:00,44.27,44.27,44.2,44.23,281867
2014-09-26 11:00:00,44.24,44.408,44.19,44.408,333439
2014-09-26 11:15:00,44.41,44.46,44.28,44.28,369882
2014-09-26 11:30:00,44.3,44.3199,44.23,44.238,387770
2014-09-26 11:45:00,44.23,44.26,44.15,44.26,422045
2014-09-26 12:00:00,44.25,44.31,44.25,44.3,444370
2014-09-26 12:15:00,44.31,44.32,44.25,44.25,481542
2014-09-26 12:30:00,44.25,44.32,44.25,44.299,506374
2014-09-26 12:45:00,44.3,44.34,44.26,44.27,518475
2014-09-26 13:00:00,44.27,44.29,44.25,44.28,538067
2014-09-26 13:15:00,44.28,44.31,44.26,44.289,551524
2014-09-26 13:30:00,44.29,44.328,44.28,44.299,566360
2014-09-26 13:45:00,44.3,44.33,44.3,44.32,582327
2014-09-26 14:00:00,44.3255,44.409,44.3255,44.4,606333
2014-09-26 14:15:00,44.39,44.52,44.37,44.47,657367
2014-09-26 14:30:00,44.48,44.59,44.47,44.52,687893
2014-09-26 14:45:00,44.515,44.63,44.5,44.629,738542
2014-09-26 15:00:00,44.62,44.67,44.62,44.638,781055
2014-09-26 15:15:00,44.63,44.67,44.62,44.66,815329
2014-09-26 15:30:00,44.66,44.68,44.61,44.65,873614
2014-09-26 15:45:00,44.65,44.69,44.57,44.66,984066
2014-09-26 16:00:00,44.655,44.67,44.62,44.63,1143483
2014-09-29 09:45:00,44.22,44.4,44.1,44.31,47024
2014-09-29 10:00:00,44.32,44.4,44.26,44.35,76928
2014-09-29 10:15:00,44.33,44.36,44.25,44.33,110016
2014-09-29 10:30:00,44.32,44.44,44.3,44.38,133441
2014-09-29 10:45:00,44.39,44.57,44.39,44.52,245975
2014-09-29 11:00:00,44.53,44.57,44.45,44.53,275483
2014-09-29 11:15:00,44.53,44.64,44.49,44.62,300290
2014-09-29 11:30:00,44.62,44.65,44.58,44.605,323791
2014-09-29 11:45:00,44.61,44.6165,44.565,44.61,355600
2014-09-29 12:00:00,44.61,44.62,44.57,44.59,372363
2014-09-29 12:15:00,44.59,44.59,44.46,44.46,389600
2014-09-29 12:30:00,44.45,44.46,44.39,44.39,403632
2014-09-29 12:45:00,44.392,44.42,44.35,44.42,425427
2014-09-29 13:00:00,44.42,44.61,44.36,44.5,508095
2014-09-29 13:15:00,44.5,44.5,44.41,44.41,525939
2014-09-29 13:30:00,44.41,44.555,44.41,44.53,549663
2014-09-29 13:45:00,44.54,44.59,44.53,44.53,580539
2014-09-29 14:00:00,44.55,44.59,44.54,44.54,596488
2014-09-29 14:15:00,44.53,44.57,44.46,44.46,618048
2014-09-29 14:30:00,44.46,44.48,44.4,44.44,641931
2014-09-29 14:45:00,44.44,44.51,44.44,44.45,660322
2014-09-29 15:00:00,44.45,44.63,44.45,44.59,727343
2014-09-29 15:15:00,44.59,44.67,44.54,44.65,768874
2014-09-29 15:30:00,44.66,44.66,44.59,44.63,806431
2014-09-29 15:45:00,44.64,44.68,44.54,44.57,906411
2014-09-29 16:00:00,44.57,44.73,44.57,44.7,1150369
2014-09-30 09:45:00,44.7,44.92,44.51,44.55,107733
2014-09-30 10:00:00,44.525,44.65,44.4,44.63,214458
2014-09-30 10:15:00,44.63,44.63,44.5,44.56,321318
2014-09-30 10:30:00,44.57,44.6,44.53,44.56,365258
2014-09-30 10:45:00,44.56,44.6099,44.54,44.56,413396
2014-09-30 11:00:00,44.58,44.6,44.54,44.553,500065
2014-09-30 11:15:00,44.57,44.6,44.56,44.58,528115
2014-09-30 11:30:00,44.57,44.6,44.54,44.55,588296
2014-09-30 11:45:00,44.55,44.555,44.37,44.39,652289
2014-09-30 12:00:00,44.37,44.459,44.3,44.41,699657
2014-09-30 12:15:00,44.41,44.48,44.39,44.47,712664
2014-09-30 12:30:00,44.46,44.46,44.39,44.45,749594
2014-09-30 12:45:00,44.46,44.47,44.38,44.45,771751
2014-09-30 13:00:00,44.44,44.5,44.42,44.44,782768
2014-09-30 13:15:00,44.45,44.52,44.44,44.46,844708
2014-09-30 13:30:00,44.45,44.45,44.352,44.352,864753
2014-09-30 13:45:00,44.35,44.37,44.29,44.305,909552
2014-09-30 14:00:00,44.3,44.33,44.26,44.32,959628
2014-09-30 14:15:00,44.35,44.35,44.25,44.33,1008644
2014-09-30 14:30:00,44.34,44.4,44.29,44.4,1042024
2014-09-30 14:45:00,44.41,44.45,44.34,44.3407,1117491
2014-09-30 15:00:00,44.35,44.37,44.25,44.25,1197080
2014-09-30 15:15:00,44.25,44.3,44.19,44.27,1232108
2014-09-30 15:30:00,44.27,44.37,44.24,44.37,1346602
2014-09-30 15:45:00,44.38,44.45,44.305,44.43,1440886
2014-09-30 16:00:00,44.43,44.45,44.33,44.33,1653539
2014-10-01 09:45:00,44.33,44.38,44.11,44.25,102746
2014-10-01 10:00:00,44.25,44.26,44.08,44.15,136027
2014-10-01 10:15:00,44.15,44.2,43.98,43.99,244964
2014-10-01 10:30:00,44.0,44.165,44.0,44.16,297958
2014-10-01 10:45:00,44.16,44.22,44.11,44.14,428276
2014-10-01 11:00:00,44.13,44.275,44.12,44.26,460525
2014-10-01 11:15:00,44.26,44.3,44.15,44.162,560203
2014-10-01 11:30:00,44.17,44.23,44.16,44.19,620758
2014-10-01 11:45:00,44.18,44.2,44.0525,44.185,669366
2014-10-01 12:00:00,44.18,44.18,44.095,44.15,729896
2014-10-01 12:15:00,44.15,44.2,44.12,44.16,797610
2014-10-01 12:30:00,44.17,44.22,44.14,44.2,854783
2014-10-01 12:45:00,44.19,44.19,44.06,44.1,874731
2014-10-01 13:00:00,44.08,44.08,44.02,44.08,908731
2014-10-01 13:15:00,44.07,44.08,44.02,44.05,958122
2014-10-01 13:30:00,44.06,44.0637,43.98,43.99,1008435
2014-10-01 13:45:00,43.99,44.0,43.9,43.9,1034123
2014-10-01 14:00:00,43.895,43.93,43.83,43.845,1087317
2014-10-01 14:15:00,43.85,43.89,43.84,43.875,1117434
2014-10-01 14:30:00,43.875,43.92,43.85,43.86,1154699
2014-10-01 14:45:00,43.87,43.895,43.78,43.84,1179111
2014-10-01 15:00:00,43.828,43.89,43.828,43.84,1239181
2014-10-01 15:15:00,43.85,43.87,43.75,43.77,1306114
2014-10-01 15:30:00,43.77,43.83,43.74,43.75,1439589
2014-10-01 15:45:00,43.74,43.86,43.73,43.82,1535198
2014-10-01 16:00:00,43.84,43.92,43.81,43.83,1712663
2014-10-02 09:45:00,43.78,44.0,43.69,43.95,50178
2014-10-02 10:00:00,43.96,44.1,43.93,43.99,117415
2014-10-02 10:15:00,43.96,44.0198,43.92,43.97,202282
2014-10-02 10:30:00,43.97,44.04,43.92,44.0,383646
2014-10-02 10:45:00,44.0,44.0,43.81,43.88,463811
2014-10-02 11:00:00,43.885,43.89,43.66,43.66,543167
2014-10-02 11:15:00,43.66,43.67,43.52,43.53,606000
2014-10-02 11:30:00,43.55,43.65,43.53,43.6325,665305
2014-10-02 11:45:00,43.64,43.64,43.44,43.44,720566
2014-10-02 12:00:00,43.46,43.63,43.46,43.58,787213
2014-10-02 12:15:00,43.59,43.66,43.585,43.66,823819
2014-10-02 12:30:00,43.66,43.66,43.58,43.625,864207
2014-10-02 12:45:00,43.625,43.665,43.56,43.62,909762
2014-10-02 13:00:00,43.62,43.715,43.61,43.705,1128673
2014-10-02 13:15:00,43.71,43.72,43.65,43.7,1172595
2014-10-02 13:30:00,43.695,43.72,43.67,43.715,1241280
2014-10-02 13:45:00,43.73,43.73,43.65,43.68,1275703
2014-10-02 14:00:00,43.68,43.83,43.67,43.81,1387901
2014-10-02 14:15:00,43.812,44.02,43.8,43.9,1618857
2014-10-02 14:30:00,43.9,43.915,43.77,43.815,1692391
2014-10-02 14:45:00,43.81,43.82,43.72,43.77,1772721
2014-10-02 15:00:00,43.775,43.89,43.76,43.84,1870490
2014-10-02 15:15:00,43.85,43.85,43.69,43.69,1971784
2014-10-02 15:30:00,43.7,43.72,43.62,43.66,2077761
2014-10-02 15:45:00,43.66,43.77,43.61,43.71,2232905
2014-10-02 16:00:00,43.72,43.84,43.69,43.7,2576425
2014-10-03 09:45:00,43.95,44.0106,43.84,43.98,37073
2014-10-03 10:00:00,43.98,44.0,43.9,43.99,73708
2014-10-03 10:15:00,43.98,44.02,43.92,43.96,259818
2014-10-03 10:30:00,43.96,44.0,43.9,43.97,389443
2014-10-03 10:45:00,43.98,44.0,43.92,43.92,420643
2014-10-03 11:00:00,43.93,43.95,43.86,43.89,526433
2014-10-03 11:15:00,43.89,43.93,43.87,43.91,558647
2014-10-03 11:30:00,43.91,43.94,43.86,43.89,595915
2014-10-03 11:45:00,43.9,43.91,43.825,43.83,623749
2014-10-03 12:00:00,43.83,43.86,43.78,43.855,646266
2014-10-03 12:15:00,43.85,43.91,43.825,43.8901,679788
2014-10-03 12:30:00,43.9,43.92,43.8,43.84,744127
2014-10-03 12:45:00,43.83,43.86,43.82,43.84,794400
2014-10-03 13:00:00,43.84,43.84,43.79,43.82,820530
2014-10-03 13:15:00,43.82,43.84,43.815,43.83,837651
2014-10-03 13:30:00,43.83,43.83,43.745,43.7544,874034
2014-10-03 13:45:00,43.75,43.77,43.703,43.71,904471
2014-10-03 14:00:00,43.71,43.715,43.68,43.68,942250
2014-10-03 14:15:00,43.68,43.78,43.68,43.765,1007412
2014-10-03 14:30:00,43.77,43.77,43.695,43.7,1068799
2014-10-03 14:45:00,43.695,43.71,43.63,43.65,1130945
2014-10-03 15:00:00,43.65,43.66,43.54,43.6575,1261849
2014-10-03 15:15:00,43.6522,43.685,43.6,43.6,1391029
2014-10-03 15:30:00,43.62,43.66,43.58,43.625,1459786
2014-10-03 15:45:00,43.63,43.63,43.5,43.52,1862824
2014-10-03 16:00:00,43.53,43.58,43.45,43.46,2522273
2014-10-06 09:45:00,43.54,43.63,43.43,43.57,62449
2014-10-06 10:00:00,43.59,43.6,43.425,43.425,137661
2014-10-06 10:15:00,43.42,43.48,43.42,43.47,193341
2014-10-06 10:30:00,43.47,43.49,43.26,43.305,308530
2014-10-06 10:45:00,43.32,43.4,43.26,43.26,387944
2014-10-06 11:00:00,43.26,43.29,43.13,43.22,454299
2014-10-06 11:15:00,43.22,43.26,43.19,43.2,524496
2014-10-06 11:30:00,43.2,43.2,43.09,43.1,594845
2014-10-06 11:45:00,43.105,43.18,43.035,43.045,669012
2014-10-06 12:00:00,43.05,43.14,43.02,43.1,716411
2014-10-06 12:15:00,43.11,43.19,43.105,43.16,760252
2014-10-06 12:30:00,43.15,43.19,43.135,43.14,815908
2014-10-06 12:45:00,43.15,43.19,43.09,43.1,859024
2014-10-06 13:00:00,43.09,43.11,42.931,42.99,977696
2014-10-06 13:15:00,42.98,43.0,42.96,43.0,1037823
2014-10-06 13:30:00,43.0,43.01,42.965,42.995,1147355
2014-10-06 13:45:00,43.0,43.11,42.97,43.09,1223718
2014-10-06 14:00:00,43.09,43.11,43.06,43.07,1278857
2014-10-06 14:15:00,43.07,43.08,42.995,43.01,1332732
2014-10-06 14:30:00,43.02,43.1,42.995,43.06,1410114
2014-10-06 14:45:00,43.07,43.19,43.07,43.135,1462284
2014-10-06 15:00:00,43.135,43.18,43.105,43.11,1522975
2014-10-06 15:15:00,43.105,43.13,43.06,43.09,1601637
2014-10-06 15:30:00,43.08,43.15,42.99,43.03,1833878
2014-10-06 15:45:00,43.02,43.04,42.925,42.925,2015431
2014-10-06 16:00:00,42.93,42.97,42.89,42.9,2436614
2014-10-07 09:45:00,42.53,42.59,42.37,42.45,116568
2014-10-07 10:00:00,42.44,42.52,42.35,42.51,207737
2014-10-07 10:15:00,42.51,42.56,42.41,42.415,298943
2014-10-07 10:30:00,42.415,42.45,42.355,42.41,413853
2014-10-07 10:45:00,42.42,42.45,42.31,42.31,634897
2014-10-07 11:00:00,42.31,42.37,42.17,42.17,768873
2014-10-07 11:15:00,42.16,42.23,42.09,42.15,889557
2014-10-07 11:30:00,42.15,42.21,42.09,42.17,1029984
2014-10-07 11:45:00,42.17,42.3,42.165,42.275,1150642
2014-10-07 12:00:00,42.27,42.42,42.2,42.4,1244462
2014-10-07 12:15:00,42.4,42.59,42.395,42.565,1309122
2014-10-07 12:30:00,42.56,42.56,42.39,42.4,1499398
2014-10-07 12:45:00,42.4,42.45,42.37,42.41,1655905
2014-10-07 13:00:00,42.41,42.41,42.27,42.38,1774156
2014-10-07 13:15:00,42.37,42.46,42.28,42.445,1832624
2014-10-07 13:30:00,42.45,42.47,42.39,42.44,1893809
2014-10-07 13:45:00,42.45,42.45,42.37,42.39,1932840
2014-10-07 14:00:00,42.39,42.4,42.22,42.22,2023591
2014-10-07 14:15:00,42.22,42.28,42.17,42.24,2152080
2014-10-07 14:30:00,42.2475,42.26,42.12,42.13,2250504
2014-10-07 14:45:00,42.125,42.15,42.06,42.14,2339904
2014-10-07 15:00:00,42.13,42.16,42.11,42.13,2386104
2014-10-07 15:15:00,42.13,42.13,42.01,42.02,2490722
2014-10-07 15:30:00,42.03,42.04,41.87,41.91,2644744
2014-10-07 15:45:00,41.91,42.0,41.82,41.82,2843128
2014-10-07 16:00:00,41.83,41.9,41.73,41.74,3278103
2014-10-08 09:45:00,41.88,41.89,41.61,41.65,146490
2014-10-08 10:00:00,41.64,41.7,41.52,41.56,275555
2014-10-08 10:15:00,41.54,41.67,41.465,41.52,475523
2014-10-08 10:30:00,41.51,41.65,41.43,41.62,617220
2014-10-08 10:45:00,41.61,41.66,41.53,41.55,694798
2014-10-08 11:00:00,41.53,41.56,41.45,41.54,757866
2014-10-08 11:15:00,41.54,41.63,41.47,41.62,913170
2014-10-08 11:30:00,41.62,41.73,41.58,41.72,1108305
2014-10-08 11:45:00,41.72,41.79,41.69,41.77,1219717
2014-10-08 12:00:00,41.77,41.8,41.7,41.79,1291679
2014-10-08 12:15:00,41.79,41.91,41.78,41.8971,1396972
2014-10-08 12:30:00,41.89,41.9,41.865,41.87,1437309
2014-10-08 12:45:00,41.86,41.94,41.85,41.88,1521108
2014-10-08 13:00:00,41.88,41.9,41.85,41.88,1620408
2014-10-08 13:15:00,41.87,41.925,41.87,41.908,1687301
2014-10-08 13:30:00,41.91,41.96,41.9,41.95,1739252
2014-10-08 13:45:00,41.955,42.14,41.95,42.14,1843917
2014-10-08 14:00:00,42.13,42.22,42.13,42.22,1950317
2014-10-08 14:15:00,42.22,42.49,42.21,42.48,2073866
2014-10-08 14:30:00,42.47,42.56,42.445,42.56,2213832
2014-10-08 14:45:00,42.56,42.63,42.56,42.57,2330832
2014-10-08 15:00:00,42.57,42.6037,42.52,42.6037,2418103
2014-10-08 15:15:00,42.6,42.815,42.59,42.815,2613626
2014-10-08 15:30:00,42.81,42.92,42.79,42.89,2764418
2014-10-08 15:45:00,42.89,43.03,42.85,43.0,2905432
2014-10-08 16:00:00,43.01,43.04,42.95,43.0,3167329
2014-10-09 09:45:00,42.99,43.0,41.39,41.39,820643
2014-10-09 10:00:00,41.38,41.47,40.97,41.02,1173231
2014-10-09 10:15:00,41.03,41.42,41.0,41.4,1561031
2014-10-09 10:30:00,41.36,41.43,41.2,41.3,1856175
2014-10-09 10:45:00,41.31,41.31,41.06,41.18,2150711
2014-10-09 11:00:00,41.19,41.54,41.19,41.51,2323454
2014-10-09 11:15:00,41.51,41.58,41.39,41.56,2446434
2014-10-09 11:30:00,41.57,41.64,41.44,41.485,2565747
2014-10-09 11:45:00,41.48,41.5,41.06,41.09,2782205
2014-10-09 12:00:00,41.11,41.11,40.84,41.03,3130098
2014-10-09 12:15:00,41.03,41.08,40.95,41.04,3313260
2014-10-09 12:30:00,41.03,41.05,40.84,40.84,3445861
2014-10-09 12:45:00,40.84,41.06,40.79,41.06,3609041
2014-10-09 13:00:00,41.08,41.16,41.03,41.09,3701301
2014-10-09 13:15:00,41.08,41.11,41.025,41.03,4065686
2014-10-09 13:30:00,41.02,41.2,40.92,41.19,4175560
2014-10-09 13:45:00,41.19,41.38,41.19,41.27,4267273
2014-10-09 14:00:00,41.27,41.29,41.2,41.21,4376159
2014-10-09 14:15:00,41.2,41.2,41.09,41.09,4451396
2014-10-09 14:30:00,41.1,41.15,41.09,41.1,4504491
2014-10-09 14:45:00,41.1,41.23,41.09,41.15,4628158
2014-10-09 15:00:00,41.16,41.25,41.14,41.17,4725282
2014-10-09 15:15:00,41.16,41.27,41.14,41.25,4887627
2014-10-09 15:30:00,41.25,41.3816,41.1833,41.3816,5063849
2014-10-09 15:45:00,41.39,41.47,41.26,41.28,5315577
2014-10-09 16:00:00,41.28,41.42,41.19,41.31,6064963
2014-10-10 09:45:00,41.66,42.69,41.66,42.425,324865
2014-10-10 10:00:00,42.43,42.46,42.09,42.29,444314
2014-10-10 10:15:00,42.28,42.32,42.02,42.21,667040
2014-10-10 10:30:00,42.2,42.25,42.12,42.18,821467
2014-10-10 10:45:00,42.16,42.225,42.052,42.15,1044264
2014-10-10 11:00:00,42.15,42.27,41.99,42.12,1181689
2014-10-10 11:15:00,42.11,42.275,42.09,42.09,1303107
2014-10-10 11:30:00,42.08,42.17,42.06,42.13,1429838
2014-10-10 11:45:00,42.135,42.17,42.06,42.12,1521946
2014-10-10 12:00:00,42.1,42.25,42.09,42.19,1583984
2014-10-10 12:15:00,42.18,42.37,41.9,42.03,1924626
2014-10-10 12:30:00,42.02,42.14,41.98,41.99,2188487
2014-10-10 12:45:00,41.99,42.15,41.98,42.13,2305666
2014-10-10 13:00:00,42.15,42.25,42.1,42.1,2366608
2014-10-10 13:15:00,42.1,42.13,41.965,41.97,2405398
2014-10-10 13:30:00,41.96,42.0,41.83,41.99,2480612
2014-10-10 13:45:00,41.98,42.0,41.89,41.95,2548817
2014-10-10 14:00:00,41.95,41.96,41.88,41.92,2657414
2014-10-10 14:15:00,41.93,42.0,41.895,41.96,2797053
2014-10-10 14:30:00,41.96,42.06,41.89,42.0,2921430
2014-10-10 14:45:00,42.0,42.01,41.75,41.86,3036355
2014-10-10 15:00:00,41.86,41.87,41.78,41.78,3124190
2014-10-10 15:15:00,41.79,41.81,41.7,41.71,3249402
2014-10-10 15:30:00,41.7,41.8,41.67,41.8,3589840
2014-10-10 15:45:00,41.8,41.8,41.66,41.75,3872898
2014-10-10 16:00:00,41.745,41.75,41.59,41.7,4608344
2014-10-13 09:45:00,41.98,41.98,41.34,41.77,107685
2014-10-13 10:00:00,41.76,41.8,41.48,41.62,323136
2014-10-13 10:15:00,41.62,41.75,41.6,41.66,476696
2014-10-13 10:30:00,41.66,41.66,41.54,41.6,730302
2014-10-13 10:45:00,41.6,41.6825,41.54,41.555,882449
2014-10-13 11:00:00,41.555,41.8,41.55,41.72,989263
2014-10-13 11:15:00,41.72,41.91,41.71,41.9,1119691
2014-10-13 11:30:00,41.89,41.89,41.62,41.63,1208953
2014-10-13 11:45:00,41.62,41.7,41.55,41.56,1272687
2014-10-13 12:00:00,41.57,41.65,41.55,41.6,1320990
2014-10-13 12:15:00,41.6,41.63,41.57,41.6,1369446
2014-10-13 12:30:00,41.6,41.73,41.585,41.73,1387978
2014-10-13 12:45:00,41.74,42.01,41.72,41.99,1484283
2014-10-13 13:00:00,42.01,42.09,41.99,42.02,1553933
2014-10-13 13:15:00,42.02,42.06,41.96,42.01,1630872
2014-10-13 13:30:00,42.0,42.13,41.99,42.12,1762578
2014-10-13 13:45:00,42.11,42.15,42.09,42.1,1862162
2014-10-13 14:00:00,42.11,42.14,42.09,42.12,1981224
2014-10-13 14:15:00,42.12,42.15,42.09,42.107,2082860
2014-10-13 14:30:00,42.1,42.15,42.09,42.12,2167006
2014-10-13 14:45:00,42.13,42.13,42.0,42.06,2253511
2014-10-13 15:00:00,42.05,42.09,42.04,42.06,2404330
2014-10-13 15:15:00,42.065,42.11,42.04,42.11,2571316
2014-10-13 15:30:00,42.12,42.12,42.09,42.095,2773300
2014-10-13 15:45:00,42.095,42.1,41.82,41.9,3234243
2014-10-13 16:00:00,41.9,41.91,41.82,41.86,4101731
2014-10-14 09:45:00,43.01,43.1,42.465,43.005,396460
2014-10-14 10:00:00,43.0,43.05,42.47,42.57,686101
2014-10-14 10:15:00,42.54,42.63,42.46,42.57,893467
2014-10-14 10:30:00,42.57,42.6,42.5,42.54,1068973
2014-10-14 10:45:00,42.55,42.55,42.39,42.44,1222202
2014-10-14 11:00:00,42.4499,42.52,42.42,42.435,1308590
2014-10-14 11:15:00,42.44,42.55,42.42,42.495,1474369
2014-10-14 11:30:00,42.499,42.57,42.48,42.48,1542153
2014-10-14 11:45:00,42.48,42.48,42.33,42.475,1626688
2014-10-14 12:00:00,42.48,42.53,42.42,42.44,1715483
2014-10-14 12:15:00,42.445,42.59,42.445,42.5,1772472
2014-10-14 12:30:00,42.51,42.54,42.43,42.49,1843319
2014-10-14 12:45:00,42.49,42.49,42.34,42.43,1904607
2014-10-14 13:00:00,42.43,42.56,42.43,42.5,1983723
2014-10-14 13:15:00,42.5,42.53,42.45,42.5,2100165
2014-10-14 13:30:00,42.51,42.58,42.4,42.5,2169791
2014-10-14 13:45:00,42.48,42.52,42.36,42.395,2294532
2014-10-14 14:00:00,42.39,42.495,42.35,42.43,2374358
2014-10-14 14:15:00,42.42,42.44,42.26,42.31,2468430
2014-10-14 14:30:00,42.31,42.31,42.19,42.21,2570103
2014-10-14 14:45:00,42.2,42.34,42.19,42.34,2696884
2014-10-14 15:00:00,42.34,42.37,42.19,42.22,2787606
2014-10-14 15:15:00,42.22,42.385,42.09,42.13,3064619
2014-10-14 15:30:00,42.14,42.26,42.08,42.21,3299481
2014-10-14 15:45:00,42.21,42.3,42.03,42.15,3495647
2014-10-14 16:00:00,42.15,42.21,42.03,42.13,3911706
2014-10-15 09:45:00,41.39,42.28,41.39,42.02,332251
2014-10-15 10:00:00,42.0,42.15,41.91,41.99,471818
2014-10-15 10:15:00,41.98,42.08,41.915,41.93,655219
2014-10-15 10:30:00,41.935,42.07,41.855,41.9,772816
2014-10-15 10:45:00,41.87,41.94,41.69,41.78,871487
2014-10-15 11:00:00,41.78,41.89,41.69,41.76,971059
2014-10-15 11:15:00,41.75,41.94,41.6,41.7,1075752
2014-10-15 11:30:00,41.71,41.715,41.47,41.5,1182983
2014-10-15 11:45:00,41.51,41.57,41.37,41.37,1280357
2014-10-15 12:00:00,41.36,41.53,41.25,41.53,1365224
2014-10-15 12:15:00,41.492,41.52,41.26,41.26,1477660
2014-10-15 12:30:00,41.27,41.33,41.16,41.26,1567531
2014-10-15 12:45:00,41.25,41.45,41.09,41.11,1663959
2014-10-15 13:00:00,41.12,41.24,41.07,41.12,1737681
2014-10-15 13:15:00,41.125,41.28,41.105,41.12,1826407
2014-10-15 13:30:00,41.12,41.13,40.82,40.9,1923058
2014-10-15 13:45:00,40.9,41.04,40.87,41.0,2051614
2014-10-15 14:00:00,41.0,41.15,40.98,41.04,2156651
2014-10-15 14:15:00,41.04,41.23,40.95,41.18,2278197
2014-10-15 14:30:00,41.2,41.41,41.1,41.19,2362982
2014-10-15 14:45:00,41.19,41.49,41.18,41.35,2422813
2014-10-15 15:00:00,41.36,41.51,41.295,41.475,2497333
2014-10-15 15:15:00,41.4785,41.64,41.4,41.54,2596794
2014-10-15 15:30:00,41.53,41.82,41.38,41.81,2736561
2014-10-15 15:45:00,41.81,42.03,41.705,41.96,2946504
2014-10-15 16:00:00,41.96,41.99,41.79,41.83,3343050
2014-10-16 09:45:00,41.12,41.63,40.92,41.5604,178064
2014-10-16 10:00:00,41.55,41.57,41.19,41.51,245087
2014-10-16 10:15:00,41.51,41.56,41.25,41.26,301488
2014-10-16 10:30:00,41.25,41.5,41.1,41.48,441178
2014-10-16 10:45:00,41.48,41.64,41.45,41.56,504586
2014-10-16 11:00:00,41.57,41.79,41.57,41.78,566416
2014-10-16 11:15:00,41.79,41.9,41.61,41.82,639757
2014-10-16 11:30:00,41.82,41.94,41.74,41.84,681018
2014-10-16 11:45:00,41.83,41.94,41.74,41.82,727913
2014-10-16 12:00:00,41.81,41.8201,41.575,41.61,777059
2014-10-16 12:15:00,41.62,41.67,41.54,41.66,818339
2014-10-16 12:30:00,41.6,41.76,41.57,41.61,856914
2014-10-16 12:45:00,41.63,41.66,41.515,41.59,894473
2014-10-16 13:00:00,41.6,41.83,41.6,41.8,935147
2014-10-16 13:15:00,41.8,41.87,41.76,41.84,985550
2014-10-16 13:30:00,41.85,41.9,41.75,41.83,1023765
2014-10-16 13:45:00,41.83,41.95,41.81,41.95,1063506
2014-10-16 14:00:00,41.95,41.96,41.63,41.67,1113553
2014-10-16 14:15:00,41.67,41.795,41.65,41.65,1163099
2014-10-16 14:30:00,41.67,41.73,41.59,41.7,1214250
2014-10-16 14:45:00,41.72,41.77,41.67,41.71,1267383
2014-10-16 15:00:00,41.7,41.72,41.5367,41.54,1327837
2014-10-16 15:15:00,41.55,41.73,41.49,41.711,1439024
2014-10-16 15:30:00,41.72,41.77,41.625,41.68,1507056
2014-10-16 15:45:00,41.69,41.71,41.495,41.56,1623013
2014-10-16 16:00:00,41.57,41.72,41.56,41.57,1943539
2014-10-17 09:45:00,42.01,42.24,41.93,42.07,146483
2014-10-17 10:00:00,42.07,42.14,41.95,42.1,245694
2014-10-17 10:15:00,42.1,42.31,42.04,42.31,318130
2014-10-17 10:30:00,42.2925,42.46,42.28,42.46,382034
2014-10-17 10:45:00,42.47,42.55,42.43,42.44,448448
2014-10-17 11:00:00,42.45,42.55,42.42,42.52,490732
2014-10-17 11:15:00,42.52,42.55,42.455,42.52,531823
2014-10-17 11:30:00,42.52,42.55,42.41,42.41,568354
2014-10-17 11:45:00,42.42,42.535,42.355,42.42,612890
2014-10-17 12:00:00,42.42,42.49,42.38,42.4,644745
2014-10-17 12:15:00,42.4,42.4432,42.27,42.28,668543
2014-10-17 12:30:00,42.29,42.29,42.165,42.1999,704313
2014-10-17 12:45:00,42.2,42.25,42.18,42.21,754208
2014-10-17 13:00:00,42.21,42.23,42.08,42.19,791655
2014-10-17 13:15:00,42.19,42.23,42.01,42.02,819229
2014-10-17 13:30:00,42.01,42.1,41.97,41.98,869118
2014-10-17 13:45:00,41.97,42.03,41.945,42.02,908883
2014-10-17 14:00:00,42.02,42.02,41.85,41.93,941186
2014-10-17 14:15:00,41.94,41.94,41.755,41.83,982469
2014-10-17 14:30:00,41.83,41.91,41.795,41.8537,1024699
2014-10-17 14:45:00,41.86,41.9926,41.86,41.97,1073293
2014-10-17 15:00:00,41.97,42.07,41.945,42.06,1208405
2014-10-17 15:15:00,42.06,42.17,41.98,42.17,1321699
2014-10-17 15:30:00,42.17,42.18,42.095,42.11,1382486
2014-10-17 15:45:00,42.13,42.185,42.07,42.09,1507079
2014-10-17 16:00:00,42.095,42.16,42.0,42.01,1787152
2014-10-20 09:45:00,41.85,42.11,41.71,42.11,92715
2014-10-20 10:00:00,42.13,42.16,41.74,41.95,208061
2014-10-20 10:15:00,41.96,42.03,41.84,41.91,266720
2014-10-20 10:30:00,41.9,42.02,41.8,41.95,366876
2014-10-20 10:45:00,41.96,42.06,41.86,42.06,412640
2014-10-20 11:00:00,42.07,42.08,41.99,42.02,451337
2014-10-20 11:15:00,42.03,42.04,41.97,42.03,478900
2014-10-20 11:30:00,42.02,42.1,42.02,42.07,533240
2014-10-20 11:45:00,42.065,42.0733,42.02,42.0733,579020
2014-10-20 12:00:00,42.08,42.08,42.03,42.08,602710
2014-10-20 12:15:00,42.07,42.165,42.05,42.12,753811
2014-10-20 12:30:00,42.12,42.22,42.12,42.22,798116
2014-10-20 12:45:00,42.22,42.22,42.141,42.15,853025
2014-10-20 13:00:00,42.16,42.2,42.12,42.12,876688
2014-10-20 13:15:00,42.13,42.14,42.0,42.06,919701
2014-10-20 13:30:00,42.07,42.17,42.07,42.16,943255
2014-10-20 13:45:00,42.16,42.18,42.13,42.14,966960
2014-10-20 14:00:00,42.13,42.155,42.1,42.15,1009403
2014-10-20 14:15:00,42.14,42.25,42.14,42.22,1060258
2014-10-20 14:30:00,42.23,42.23,42.13,42.13,1102159
2014-10-20 14:45:00,42.14,42.18,42.13,42.16,1132222
2014-10-20 15:00:00,42.16,42.16,42.1,42.12,1164151
2014-10-20 15:15:00,42.13,42.24,42.12,42.23,1218863
2014-10-20 15:30:00,42.2321,42.2321,42.145,42.18,1279108
2014-10-20 15:45:00,42.18,42.19,42.14,42.1851,1404641
2014-10-20 16:00:00,42.18,42.19,42.14,42.15,1636211
2014-10-21 09:45:00,42.42,43.11,42.34,43.11,105776
2014-10-21 10:00:00,43.12,43.5197,43.115,43.41,251932
2014-10-21 10:15:00,43.43,43.49,43.16,43.26,391551
2014-10-21 10:30:00,43.25,43.27,43.18,43.195,511791
2014-10-21 10:45:00,43.19,43.33,43.19,43.33,576437
2014-10-21 11:00:00,43.33,43.47,43.33,43.46,647150
2014-10-21 11:15:00,43.465,43.59,43.44,43.5407,780059
2014-10-21 11:30:00,43.54,43.69,43.54,43.67,881574
2014-10-21 11:45:00,43.67,43.6799,43.53,43.56,947071
2014-10-21 12:00:00,43.55,43.7,43.55,43.7,1008290
2014-10-21 12:15:00,43.7,43.74,43.54,43.58,1089178
2014-10-21 12:30:00,43.57,43.65,43.54,43.65,1134555
2014-10-21 12:45:00,43.64,43.64,43.505,43.52,1172689
2014-10-21 13:00:00,43.52,43.5351,43.4,43.45,1202276
2014-10-21 13:15:00,43.445,43.5,43.38,43.39,1305874
2014-10-21 13:30:00,43.38,43.42,43.34,43.35,1418225
2014-10-21 13:45:00,43.35,43.4,43.32,43.4,1579586
2014-10-21 14:00:00,43.4,43.41,43.33,43.39,1637465
2014-10-21 14:15:00,43.38,43.44,43.36,43.39,1798742
2014-10-21 14:30:00,43.39,43.4,43.28,43.3,1912436
2014-10-21 14:45:00,43.305,43.36,43.29,43.35,2123433
2014-10-21 15:00:00,43.35,43.35,43.22,43.31,2279069
2014-10-21 15:15:00,43.31,43.33,43.19,43.27,2372711
2014-10-21 15:30:00,43.27,43.28,43.21,43.26,2474167
2014-10-21 15:45:00,43.26,43.26,43.18,43.18,2642667
2014-10-21 16:00:00,43.19,43.21,43.14,43.15,3139428
2014-10-22 09:45:00,43.2,43.22,42.71,42.75,217510
2014-10-22 10:00:00,42.75,43.18,42.64,43.12,357565
2014-10-22 10:15:00,43.13,43.18,42.96,42.96,493618
2014-10-22 10:30:00,42.95,43.15,42.91,43.13,563311
2014-10-22 10:45:00,43.13,43.2,43.09,43.12,643223
2014-10-22 11:00:00,43.1,43.17,43.09,43.14,712882
2014-10-22 11:15:00,43.13,43.33,43.13,43.295,817844
2014-10-22 11:30:00,43.295,43.34,43.22,43.22,860219
2014-10-22 11:45:00,43.23,43.31,43.17,43.17,937712
2014-10-22 12:00:00,43.15,43.16,42.96,43.005,1042412
2014-10-22 12:15:00,43.005,43.01,42.96,42.96,1121030
2014-10-22 12:30:00,42.96,42.995,42.94,42.96,1181199
2014-10-22 12:45:00,42.96,42.96,42.895,42.91,1460334
2014-10-22 13:00:00,42.91,42.95,42.82,42.94,1508545
2014-10-22 13:15:00,42.95,43.09,42.945,42.95,1546838
2014-10-22 13:30:00,42.96,42.97,42.77,42.77,1589829
2014-10-22 13:45:00,42.77,42.94,42.72,42.9,1644259
2014-10-22 14:00:00,42.89,42.89,42.75,42.81,1709809
2014-10-22 14:15:00,42.81,42.89,42.71,42.83,1807944
2014-10-22 14:30:00,42.83,42.83,42.68,42.75,1889549
2014-10-22 14:45:00,42.77,42.84,42.7,42.82,1967621
2014-10-22 15:00:00,42.82,42.86,42.75,42.85,2052965
2014-10-22 15:15:00,42.86,42.895,42.75,42.82,2240231
2014-10-22 15:30:00,42.83,42.93,42.8,42.84,2419295
2014-10-22 15:45:00,42.85,42.89,42.79,42.8,2622762
2014-10-22 16:00:00,42.8,42.8,42.68,42.71,2959138
2014-10-23 09:45:00,40.56,42.645,40.56,42.575,329536
2014-10-23 10:00:00,42.521,42.74,41.69,42.47,591428
2014-10-23 10:15:00,42.5,42.71,42.37,42.71,726786
2014-10-23 10:30:00,42.71,42.73,42.52,42.71,823311
2014-10-23 10:45:00,42.67,42.72,42.22,42.26,937121
2014-10-23 11:00:00,42.28,42.36,42.06,42.23,1035267
2014-10-23 11:15:00,42.23,42.27,42.11,42.215,1150544
2014-10-23 11:30:00,42.22,42.22,41.92,41.92,1291428
2014-10-23 11:45:00,41.92,42.01,41.91,41.99,1379167
2014-10-23 12:00:00,41.99,42.18,41.98,42.135,1489165
2014-10-23 12:15:00,42.13,42.15,41.94,41.95,1593643
2014-10-23 12:30:00,41.96,42.11,41.8773,42.11,1684199
2014-10-23 12:45:00,42.12,42.12,41.86,41.86,1748486
2014-10-23 13:00:00,41.861,41.92,41.7675,41.85,1841539
2014-10-23 13:15:00,41.86,41.9,41.82,41.865,1925743
2014-10-23 13:30:00,41.86,41.91,41.81,41.815,2053877
2014-10-23 13:45:00,41.82,41.82,41.75,41.79,2157605
2014-10-23 14:00:00,41.8,41.93,41.8,41.82,2285374
2014-10-23 14:15:00,41.83,41.9,41.69,41.695,2414745
2014-10-23 14:30:00,41.7,41.81,41.54,41.72,2680863
2014-10-23 14:45:00,41.72,41.74,41.62,41.73,2843464
2014-10-23 15:00:00,41.74,41.84,41.68,41.84,3039358
2014-10-23 15:15:00,41.83,41.94,41.73,41.73,3897091
2014-10-23 15:30:00,41.72,41.85,41.71,41.8,4337116
2014-10-23 15:45:00,41.79,41.9,41.79,41.855,4666358
2014-10-23 16:00:00,41.86,41.88,41.74,41.82,5068989
2014-10-24 09:45:00,41.98,42.84,41.87,42.755,353919
2014-10-24 10:00:00,42.76,42.89,42.59,42.615,583325
2014-10-24 10:15:00,42.61,42.62,42.26,42.3,733885
2014-10-24 10:30:00,42.31,42.32,41.99,42.1,948341
2014-10-24 10:45:00,42.11,42.22,42.11,42.15,1122302
2014-10-24 11:00:00,42.15,42.33,42.14,42.33,1267591
2014-10-24 11:15:00,42.34,42.54,42.34,42.3525,1365477
2014-10-24 11:30:00,42.35,42.45,42.26,42.26,1460602
2014-10-24 11:45:00,42.26,42.43,42.25,42.41,1574782
2014-10-24 12:00:00,42.4,42.42,42.33,42.34,1624899
2014-10-24 12:15:00,42.34,42.35,42.23,42.25,1693084
2014-10-24 12:30:00,42.25,42.3,42.11,42.11,1756833
2014-10-24 12:45:00,42.11,42.26,42.09,42.23,1856253
2014-10-24 13:00:00,42.24,42.27,42.13,42.15,1986329
2014-10-24 13:15:00,42.15,42.21,42.15,42.16,2036559
2014-10-24 13:30:00,42.1601,42.18,42.04,42.04,2099159
2014-10-24 13:45:00,42.04,42.255,42.015,42.24,2252196
2014-10-24 14:00:00,42.24,42.28,42.19,42.19,2335303
2014-10-24 14:15:00,42.2,42.23,42.13,42.22,2385283
2014-10-24 14:30:00,42.21,42.25,42.14,42.25,2452259
2014-10-24 14:45:00,42.25,42.32,42.24,42.25,2599614
2014-10-24 15:00:00,42.255,42.35,42.25,42.32,2772612
2014-10-24 15:15:00,42.325,42.45,42.325,42.37,2844926
2014-10-24 15:30:00,42.37,42.37,42.29,42.3,3085198
2014-10-24 15:45:00,42.3,42.41,42.29,42.37,3250515
2014-10-24 16:00:00,42.38,42.39,42.275,42.28,3719431
2014-10-27 09:45:00,42.24,42.76,42.24,42.49,99803
2014-10-27 10:00:00,42.49,42.49,41.98,42.07,215930
2014-10-27 10:15:00,42.07,42.35,42.02,42.22,363184
2014-10-27 10:30:00,42.22,42.26,42.07,42.08,422886
2014-10-27 10:45:00,42.08,42.12,41.98,42.12,608139
2014-10-27 11:00:00,42.11,42.17,42.07,42.095,705057
2014-10-27 11:15:00,42.11,42.17,42.08,42.15,806052
2014-10-27 11:30:00,42.15,42.21,42.13,42.205,868401
2014-10-27 11:45:00,42.205,42.24,42.08,42.1,964908
2014-10-27 12:00:00,42.09,42.145,42.0,42.095,1049806
2014-10-27 12:15:00,42.1,42.175,42.0944,42.14,1108284
2014-10-27 12:30:00,42.14,42.16,42.075,42.12,1195003
2014-10-27 12:45:00,42.12,42.21,42.09,42.21,1262776
2014-10-27 13:00:00,42.22,42.24,42.11,42.15,1340773
2014-10-27 13:15:00,42.15,42.23,42.15,42.21,1389319
2014-10-27 13:30:00,42.22,42.28,42.21,42.245,1473796
2014-10-27 13:45:00,42.245,42.265,42.18,42.22,1530122
2014-10-27 14:00:00,42.22,42.275,42.21,42.225,1604029
2014-10-27 14:15:00,42.225,42.295,42.22,42.275,1710502
2014-10-27 14:30:00,42.28,42.285,42.21,42.27,1770728
2014-10-27 14:45:00,42.275,42.33,42.26,42.29,1844326
2014-10-27 15:00:00,42.3,42.3,42.25,42.26,1914586
2014-10-27 15:15:00,42.26,42.31,42.17,42.179,2065281
2014-10-27 15:30:00,42.17,42.24,42.15,42.16,2194971
2014-10-27 15:45:00,42.16,42.29,42.14,42.24,2364059
2014-10-27 16:00:00,42.235,42.235,42.15,42.16,2713523
2014-10-28 09:45:00,42.36,42.42,42.12,42.19,127879
2014-10-28 10:00:00,42.18,42.25,42.13,42.16,221156
2014-10-28 10:15:00,42.15,42.21,42.09,42.14,306654
2014-10-28 10:30:00,42.135,42.16,41.97,41.97,382384
2014-10-28 10:45:00,41.98,42.01,41.87,41.905,482816
2014-10-28 11:00:00,41.905,42.0007,41.82,41.92,640147
2014-10-28 11:15:00,41.925,41.96,41.8,41.8,714621
2014-10-28 11:30:00,41.805,41.97,41.8,41.96,762711
2014-10-28 11:45:00,41.97,42.11,41.97,42.03,832377
2014-10-28 12:00:00,42.031,42.08,41.95,41.96,891561
2014-10-28 12:15:00,41.96,42.01,41.94,41.99,931393
2014-10-28 12:30:00,41.99,42.01,41.97,41.98,968460
2014-10-28 12:45:00,41.99,42.01,41.96,42.0,1048581
2014-10-28 13:00:00,42.0,42.02,41.93,42.02,1081084
2014-10-28 13:15:00,42.03,42.1,42.03,42.08,1104299
2014-10-28 13:30:00,42.09,42.1,42.05,42.05,1144240
2014-10-28 13:45:00,42.06,42.07,42.02,42.03,1189753
2014-10-28 14:00:00,42.03,42.07,42.027,42.04,1223030
2014-10-28 14:15:00,42.04,42.07,42.04,42.055,1277837
2014-10-28 14:30:00,42.05,42.08,41.98,41.99,1345815
2014-10-28 14:45:00,41.99,42.01,41.97,41.97,1393834
2014-10-28 15:00:00,41.97,42.01,41.955,42.01,1502671
2014-10-28 15:15:00,42.01,42.13,42.0,42.11,1611813
2014-10-28 15:30:00,42.105,42.14,42.08,42.11,1713936
2014-10-28 15:45:00,42.11,42.14,42.07,42.095,1875413
2014-10-28 16:00:00,42.1,42.115,42.04,42.04,2305563
2014-10-29 09:45:00,41.94,42.19,41.77,41.83,101923
2014-10-29 10:00:00,41.83,41.88,41.77,41.776,176783
2014-10-29 10:15:00,41.78,41.805,41.715,41.715,289408
2014-10-29 10:30:00,41.71,41.75,41.64,41.71,376841
2014-10-29 10:45:00,41.71,41.8,41.7,41.78,448718
2014-10-29 11:00:00,41.78,41.79,41.69,41.69,539097
2014-10-29 11:15:00,41.695,41.89,41.68,41.855,838827
2014-10-29 11:30:00,41.855,41.88,41.78,41.86,924996
2014-10-29 11:45:00,41.87,42.0,41.85,41.99,1025327
2014-10-29 12:00:00,41.99,42.0,41.935,41.94,1080841
2014-10-29 12:15:00,41.94,41.95,41.89,41.95,1121971
2014-10-29 12:30:00,41.94,42.0,41.94,41.97,1220789
2014-10-29 12:45:00,41.98,42.0,41.96,41.99,1259920
2014-10-29 13:00:00,41.99,42.05,41.99,42.02,1409642
2014-10-29 13:15:00,42.03,42.05,41.98,42.02,1450750
2014-10-29 13:30:00,42.03,42.1,42.0225,42.04,1540333
2014-10-29 13:45:00,42.038,42.038,41.97,41.99,1596958
2014-10-29 14:00:00,41.98,42.04,41.98,42.01,1697041
2014-10-29 14:15:00,42.005,42.02,41.85,41.97,1852100
2014-10-29 14:30:00,41.97,42.01,41.84,42.0,2041442
2014-10-29 14:45:00,41.995,42.01,41.9,41.9,2240612
2014-10-29 15:00:00,41.9,41.92,41.85,41.92,2353610
2014-10-29 15:15:00,41.9,41.9,41.76,41.83,2497638
2014-10-29 15:30:00,41.82,41.98,41.81,41.92,2890541
2014-10-29 15:45:00,41.94,42.0,41.91,41.94,3019244
2014-10-29 16:00:00,41.95,41.96,41.88,41.91,3309439
2014-10-30 09:45:00,40.88,41.52,40.88,41.485,885523
2014-10-30 10:00:00,41.465,41.51,41.27,41.345,1529666
2014-10-30 10:15:00,41.35,41.44,41.33,41.38,1916893
2014-10-30 10:30:00,41.38,41.5,41.21,41.49,2321741
2014-10-30 10:45:00,41.49,41.5,41.45,41.49,2576810
2014-10-30 11:00:00,41.5,41.54,41.4,41.5,2868629
2014-10-30 11:15:00,41.51,41.51,41.44,41.48,3008438
2014-10-30 11:30:00,41.48,41.5,41.44,41.455,3190348
2014-10-30 11:45:00,41.46,41.5299,41.44,41.45,3382690
2014-10-30 12:00:00,41.46,41.47,41.4,41.4,3611987
2014-10-30 12:15:00,41.41,41.45,41.34,41.445,3776266
2014-10-30 12:30:00,41.44,41.44,41.33,41.37,3922961
2014-10-30 12:45:00,41.38,41.45,41.37,41.43,4015859
2014-10-30 13:00:00,41.435,41.45,41.41,41.43,4104414
2014-10-30 13:15:00,41.435,41.45,41.415,41.44,4179160
2014-10-30 13:30:00,41.44,41.5,41.41,41.45,4279413
2014-10-30 13:45:00,41.45,41.46,41.43,41.45,4315289
2014-10-30 14:45:00,41.465,41.52,41.44,41.5,4500729
2014-10-30 15:00:00,41.5,41.51,41.38,41.4,4693470
2014-10-30 15:15:00,41.395,41.51,41.395,41.5,4880331
2014-10-30 15:30:00,41.5,41.52,41.41,41.46,5166217
2014-10-30 15:45:00,41.46,41.49,41.42,41.445,5528720
2014-10-30 16:00:00,41.45,41.45,41.33,41.395,6500070
2014-10-31 09:45:00,41.9,42.06,41.88,41.92,323698
2014-10-31 10:00:00,41.915,42.0,41.84,41.8417,487715
2014-10-31 10:15:00,41.84,41.9,41.75,41.87,659908
2014-10-31 10:30:00,41.87,41.91,41.83,41.87,1032043
2014-10-31 10:45:00,41.86,42.0,41.82,41.97,1362453
2014-10-31 11:00:00,41.98,42.12,41.97,42.08,1472327
2014-10-31 11:15:00,42.09,42.28,42.03,42.24,1577416
2014-10-31 11:30:00,42.26,42.41,42.24,42.39,1692444
2014-10-31 11:45:00,42.38,42.51,42.375,42.51,1837218
2014-10-31 12:00:00,42.51,42.63,42.47,42.63,2014670
2014-10-31 12:15:00,42.625,42.77,42.43,42.445,2256772
2014-10-31 12:30:00,42.44,42.46,42.36,42.36,2340931
2014-10-31 12:45:00,42.3625,42.425,42.34,42.38,2475470
2014-10-31 13:00:00,42.385,42.44,42.35,42.43,2571601
2014-10-31 13:15:00,42.44,42.51,42.44,42.4825,2645486
2014-10-31 13:30:00,42.48,42.57,42.48,42.53,2703555
2014-10-31 13:45:00,42.54,42.6,42.51,42.57,2769929
2014-10-31 14:00:00,42.58,42.6,42.42,42.485,2846441
2014-10-31 14:15:00,42.48,42.52,42.45,42.455,2929445
2014-10-31 14:30:00,42.455,42.515,42.43,42.45,3027721
2014-10-31 14:45:00,42.46,42.495,42.425,42.435,3100847
2014-10-31 15:00:00,42.43,42.435,42.3,42.39,3221190
2014-10-31 15:15:00,42.39,42.46,42.33,42.35,3389520
2014-10-31 15:30:00,42.36,42.4,42.28,42.39,3530514
2014-10-31 15:45:00,42.395,42.4,42.33,42.365,3746882
2014-10-31 16:00:00,42.37,42.51,42.37,42.49,4298075
2014-11-03 09:45:00,42.6,42.79,42.4,42.43,74881
2014-11-03 10:00:00,42.47,42.49,42.3,42.34,123417
2014-11-03 10:15:00,42.36,42.51,42.25,42.27,169564
2014-11-03 10:30:00,42.25,42.26,42.15,42.25,209047
2014-11-03 10:45:00,42.24,42.28,42.16,42.19,249489
2014-11-03 11:00:00,42.18,42.28,42.14,42.22,316610
2014-11-03 11:15:00,42.2,42.22,42.17,42.17,355129
2014-11-03 11:30:00,42.17,42.25,42.1,42.24,407683
2014-11-03 11:45:00,42.25,42.28,42.19,42.28,454423
2014-11-03 12:00:00,42.29,42.32,42.27,42.305,478724
2014-11-03 12:15:00,42.32,42.34,42.26,42.3,511580
2014-11-03 12:30:00,42.32,42.32,42.26,42.31,533546
2014-11-03 12:45:00,42.32,42.38,42.31,42.37,555744
2014-11-03 13:00:00,42.37,42.42,42.34,42.4116,581257
2014-11-03 13:15:00,42.41,42.45,42.37,42.45,609233
2014-11-03 13:30:00,42.45,42.51,42.42,42.4932,671554
2014-11-03 13:45:00,42.5,42.53,42.46,42.47,724790
2014-11-03 14:00:00,42.48,42.48,42.37,42.4,797343
2014-11-03 14:15:00,42.39,42.4,42.34,42.37,858539
2014-11-03 14:30:00,42.3775,42.39,42.32,42.33,916867
2014-11-03 14:45:00,42.33,42.33,42.27,42.27,1011036
2014-11-03 15:00:00,42.27,42.3,42.23,42.29,1093326
2014-11-03 15:15:00,42.29,42.36,42.29,42.36,1163459
2014-11-03 15:30:00,42.355,42.37,42.26,42.26,1269777
2014-11-03 15:45:00,42.27,42.32,42.21,42.21,1376791
2014-11-03 16:00:00,42.21,42.255,42.17,42.19,1729286
2014-11-04 09:45:00,42.1,42.1,41.61,41.68,103279
2014-11-04 10:00:00,41.68,41.685,41.52,41.59,245734
2014-11-04 10:15:00,41.6,41.7,41.54,41.55,339468
2014-11-04 10:30:00,41.53,41.58,41.46,41.5,420831
2014-11-04 10:45:00,41.5,41.58,41.44,41.45,482974
2014-11-04 11:00:00,41.45,41.45,41.24,41.24,557174
2014-11-04 11:15:00,41.24,41.34,41.23,41.3301,612534
2014-11-04 11:30:00,41.34,41.53,41.31,41.52,676792
2014-11-04 11:45:00,41.52,41.55,41.4,41.4001,737530
2014-11-04 12:00:00,41.4,41.51,41.36,41.51,779917
2014-11-04 12:15:00,41.5,41.52,41.43,41.44,843906
2014-11-04 12:30:00,41.44,41.5,41.38,41.49,887832
2014-11-04 12:45:00,41.49,41.51,41.445,41.485,934510
2014-11-04 13:00:00,41.49,41.53,41.44,41.4401,971324
2014-11-04 13:15:00,41.45,41.46,41.395,41.45,1029637
2014-11-04 13:30:00,41.45,41.46,41.385,41.46,1072205
2014-11-04 13:45:00,41.45,41.52,41.435,41.52,1103927
2014-11-04 14:00:00,41.51,41.68,41.5,41.66,1154707
2014-11-04 14:15:00,41.65,41.76,41.64,41.75,1205009
2014-11-04 14:30:00,41.75,41.76,41.7,41.72,1274822
2014-11-04 14:45:00,41.72,41.75,41.7,41.73,1356111
2014-11-04 15:00:00,41.735,41.77,41.69,41.77,1449112
2014-11-04 15:15:00,41.76,41.77,41.71,41.75,1535424
2014-11-04 15:30:00,41.75,41.79,41.72,41.775,1627802
2014-11-04 15:45:00,41.7766,41.88,41.75,41.86,1784983
2014-11-04 16:00:00,41.85,41.89,41.84,41.85,2140824
2014-11-05 09:45:00,42.06,42.11,41.93,42.05,90827
2014-11-05 10:00:00,42.05,42.07,41.95,42.05,137990
2014-11-05 10:15:00,42.04,42.12,42.01,42.11,273397
2014-11-05 10:30:00,42.11,42.16,42.1,42.11,331557
2014-11-05 10:45:00,42.11,42.178,42.1,42.165,443570
2014-11-05 11:00:00,42.16,42.31,42.15,42.3,530011
2014-11-05 11:15:00,42.31,42.43,42.29,42.42,624697
2014-11-05 11:30:00,42.42,42.43,42.38,42.41,684743
2014-11-05 11:45:00,42.41,42.46,42.36,42.39,734122
2014-11-05 12:00:00,42.38,42.48,42.38,42.46,774984
2014-11-05 12:15:00,42.46,42.495,42.44,42.45,832678
2014-11-05 12:30:00,42.46,42.5,42.44,42.49,911414
2014-11-05 12:45:00,42.48,42.5,42.445,42.45,952819
2014-11-05 13:00:00,42.455,42.49,42.45,42.48,998209
2014-11-05 13:15:00,42.48,42.55,42.48,42.51,1043554
2014-11-05 13:30:00,42.5,42.52,42.44,42.47,1094674
2014-11-05 13:45:00,42.47,42.48,42.43,42.458,1181341
2014-11-05 14:00:00,42.45,42.5,42.44,42.47,1239724
2014-11-05 14:15:00,42.47,42.48,42.44,42.475,1398856
2014-11-05 14:30:00,42.47,42.47,42.35,42.36,1512763
2014-11-05 14:45:00,42.36,42.42,42.36,42.3944,1560513
2014-11-05 15:00:00,42.399,42.4199,42.34,42.37,1640918
2014-11-05 15:15:00,42.39,42.42,42.31,42.31,1711299
2014-11-05 15:30:00,42.31,42.325,42.25,42.32,1805572
2014-11-05 15:45:00,42.31,42.355,42.26,42.27,1975542
2014-11-05 16:00:00,42.27,42.28,42.19,42.27,2494562
2014-11-06 09:45:00,42.34,42.48,42.19,42.33,179562
2014-11-06 10:00:00,42.33,42.35,42.24,42.25,268634
2014-11-06 10:15:00,42.26,42.42,42.23,42.32,363486
2014-11-06 10:30:00,42.32,42.43,42.24,42.4166,454482
2014-11-06 10:45:00,42.41,42.69,42.37,42.68,523815
2014-11-06 11:00:00,42.68,42.84,42.67,42.79,616855
2014-11-06 11:15:00,42.79,42.86,42.71,42.77,719683
2014-11-06 11:30:00,42.77,43.07,42.77,42.95,857201
2014-11-06 11:45:00,42.95,42.95,42.88,42.94,891962
2014-11-06 12:00:00,42.94,42.96,42.87,42.915,935811
2014-11-06 12:15:00,42.915,42.915,42.8,42.88,996929
2014-11-06 12:30:00,42.885,42.97,42.87,42.87,1059438
2014-11-06 12:45:00,42.875,42.97,42.87,42.97,1124508
2014-11-06 13:00:00,42.97,43.13,42.96,43.1,1213283
2014-11-06 13:15:00,43.1,43.11,42.95,42.98,1356027
2014-11-06 13:30:00,42.97,42.98,42.945,42.96,1536283
2014-11-06 13:45:00,42.96,42.98,42.92,42.965,1727423
2014-11-06 14:00:00,42.96,43.13,42.96,43.1105,1890614
2014-11-06 14:15:00,43.115,43.18,43.09,43.18,1992512
2014-11-06 14:30:00,43.18,43.31,43.18,43.19,2128458
2014-11-06 14:45:00,43.19,43.295,43.14,43.265,2285491
2014-11-06 15:00:00,43.26,43.35,43.21,43.33,2413712
2014-11-06 15:15:00,43.33,43.34,43.16,43.2,2577678
2014-11-06 15:30:00,43.19,43.26,43.17,43.25,2720163
2014-11-06 15:45:00,43.25,43.38,43.25,43.3798,2973861
2014-11-06 16:00:00,43.37,43.5,43.34,43.35,3580788
2014-11-07 09:45:00,43.32,43.33,43.15,43.19,138592
2014-11-07 10:00:00,43.2,43.38,43.17,43.37,204501
2014-11-07 10:15:00,43.37,43.37,43.27,43.37,273627
2014-11-07 10:30:00,43.37,43.47,43.31,43.47,368878
2014-11-07 10:45:00,43.47,43.65,43.45,43.58,468218
2014-11-07 11:00:00,43.57,43.67,43.57,43.615,522709
2014-11-07 11:15:00,43.62,43.67,43.56,43.56,577565
2014-11-07 11:30:00,43.57,43.71,43.55,43.7,640675
2014-11-07 11:45:00,43.7,43.725,43.64,43.66,686929
2014-11-07 12:00:00,43.65,43.655,43.56,43.59,749131
2014-11-07 12:15:00,43.58,43.61,43.57,43.58,811414
2014-11-07 12:30:00,43.57,43.64,43.565,43.62,838738
2014-11-07 12:45:00,43.61,43.6199,43.58,43.58,869385
2014-11-07 13:00:00,43.58,43.61,43.58,43.6,896351
2014-11-07 13:15:00,43.59,43.68,43.58,43.63,954725
2014-11-07 13:30:00,43.63,43.63,43.53,43.53,983914
2014-11-07 13:45:00,43.53,43.57,43.52,43.52,1016379
2014-11-07 14:00:00,43.51,43.58,43.49,43.56,1055901
2014-11-07 14:15:00,43.56,43.57,43.55,43.55,1090454
2014-11-07 14:30:00,43.55,43.58,43.54,43.54,1131944
2014-11-07 14:45:00,43.54,43.56,43.53,43.56,1176921
2014-11-07 15:00:00,43.56,43.56,43.47,43.48,1228488
2014-11-07 15:15:00,43.49,43.51,43.44,43.46,1281145
2014-11-07 15:30:00,43.45,43.45,43.33,43.33,1334652
2014-11-07 15:45:00,43.34,43.34,43.28,43.31,1488981
2014-11-07 16:00:00,43.31,43.34,43.26,43.335,1701541
2014-11-10 09:45:00,43.25,43.38,43.06,43.2,80051
2014-11-10 10:00:00,43.2,43.28,43.045,43.045,150334
2014-11-10 10:15:00,43.04,43.17,42.89,43.13,227644
2014-11-10 10:30:00,43.11,43.12,43.03,43.0951,273132
2014-11-10 10:45:00,43.1,43.15,43.07,43.125,342615
2014-11-10 11:00:00,43.12,43.17,43.11,43.13,381253
2014-11-10 11:15:00,43.125,43.14,43.0,43.005,450839
2014-11-10 11:30:00,43.01,43.025,42.97,43.0,492368
2014-11-10 11:45:00,43.0,43.01,42.96,42.98,538408
2014-11-10 12:00:00,42.98,43.0,42.98,42.99,556814
2014-11-10 12:15:00,42.998,42.998,42.94,42.97,579595
2014-11-10 12:30:00,42.9631,43.0,42.95,42.99,689320
2014-11-10 12:45:00,42.99,43.02,42.97,42.99,749181
2014-11-10 13:00:00,42.99,43.01,42.984,43.01,771733
2014-11-10 13:15:00,43.02,43.075,43.02,43.05,815139
2014-11-10 13:30:00,43.05,43.05,42.97,42.98,851138
2014-11-10 13:45:00,42.99,43.01,42.97,42.99,883425
2014-11-10 14:00:00,42.99,43.005,42.97,43.0,921469
2014-11-10 14:15:00,42.99,43.02,42.99,43.01,974026
2014-11-10 14:30:00,43.004,43.02,42.99,43.015,1024692
2014-11-10 14:45:00,43.015,43.015,42.99,43.0,1061018
2014-11-10 15:00:00,43.0,43.03,42.98,43.025,1116584
2014-11-10 15:15:00,43.02,43.05,43.01,43.045,1188801
2014-11-10 15:30:00,43.045,43.07,43.01,43.01,1255666
2014-11-10 15:45:00,43.01,43.02,42.97,42.98,1344736
2014-11-10 16:00:00,42.97,43.02,42.96,43.02,1514598
2014-11-11 09:45:00,42.98,43.09,42.9,42.9,29616
2014-11-11 10:00:00,42.89,42.9134,42.79,42.79,63409
2014-11-11 10:15:00,42.8,42.81,42.73,42.74,100935
2014-11-11 10:30:00,42.73,42.75,42.7,42.74,144095
2014-11-11 10:45:00,42.745,42.76,42.71,42.71,181931
2014-11-11 11:00:00,42.72,42.72,42.62,42.623,214794
2014-11-11 11:15:00,42.625,42.633,42.54,42.543,298532
2014-11-11 11:30:00,42.545,42.67,42.545,42.66,340205
2014-11-11 11:45:00,42.665,42.81,42.665,42.805,379475
2014-11-11 12:00:00,42.8,42.85,42.77,42.785,409561
2014-11-11 12:15:00,42.78,42.78,42.69,42.7,445190
2014-11-11 12:30:00,42.71,42.715,42.67,42.695,467274
2014-11-11 12:45:00,42.69,42.72,42.66,42.67,490823
2014-11-11 13:00:00,42.67,42.71,42.65,42.7,513379
2014-11-11 13:15:00,42.7,42.71,42.67,42.69,531294
2014-11-11 13:30:00,42.69,42.74,42.685,42.73,560762
2014-11-11 13:45:00,42.73,42.7636,42.7,42.74,584550
2014-11-11 14:00:00,42.74,42.748,42.7,42.71,606537
2014-11-11 14:15:00,42.71,42.74,42.7,42.74,638701
2014-11-11 14:30:00,42.74,42.8,42.725,42.77,698148
2014-11-11 14:45:00,42.7668,42.85,42.76,42.83,735519
2014-11-11 15:00:00,42.83,42.91,42.81,42.91,811746
2014-11-11 15:15:00,42.92,42.96,42.9,42.95,868059
2014-11-11 15:30:00,42.96,42.99,42.93,42.98,937663
2014-11-11 15:45:00,42.99,43.04,42.96,43.025,1064688
2014-11-11 16:00:00,43.03,43.03,42.99,43.0,1243898
2014-11-12 09:45:00,42.97,43.0,42.75,42.82,51347
2014-11-12 10:00:00,42.82,43.0,42.8,42.91,112335
2014-11-12 10:15:00,42.91,43.04,42.91,43.01,157878
2014-11-12 10:30:00,43.0,43.09,42.95,43.08,198365
2014-11-12 10:45:00,43.08,43.1,43.04,43.06,236986
2014-11-12 11:00:00,43.05,43.08,43.03,43.04,257352
2014-11-12 11:15:00,43.04,43.06,42.96,42.96,336230
2014-11-12 11:30:00,42.96,43.045,42.96,42.995,400910
2014-11-12 11:45:00,43.0,43.15,43.0,43.14,428973
2014-11-12 12:00:00,43.135,43.22,43.13,43.2199,479989
2014-11-12 12:15:00,43.215,43.33,43.21,43.3,565910
2014-11-12 12:30:00,43.3,43.34,43.28,43.28,934791
2014-11-12 12:45:00,43.27,43.27,43.17,43.17,1078919
2014-11-12 13:00:00,43.17,43.25,43.16,43.21,1271583
2014-11-12 13:15:00,43.2,43.21,43.15,43.16,1290456
2014-11-12 13:30:00,43.16,43.2,43.09,43.13,1413555
2014-11-12 13:45:00,43.13,43.2,43.125,43.19,1446196
2014-11-12 14:00:00,43.19,43.25,43.18,43.245,1610189
2014-11-12 14:15:00,43.24,43.25,43.21,43.225,1646775
2014-11-12 14:30:00,43.225,43.24,43.21,43.22,1677891
2014-11-12 14:45:00,43.22,43.22,43.1,43.1,1711906
2014-11-12 15:00:00,43.1,43.11,43.05,43.05,1772330
2014-11-12 15:15:00,43.05,43.06,43.025,43.045,1864283
2014-11-12 15:30:00,43.05,43.05,43.0,43.0,1948072
2014-11-12 15:45:00,43.005,43.08,43.0,43.08,2029180
2014-11-12 16:00:00,43.08,43.11,43.02,43.07,2314091
2014-11-13 09:45:00,43.21,43.21,42.91,43.005,62586
2014-11-13 10:00:00,42.993,43.02,42.9,42.91,127163
2014-11-13 10:15:00,42.915,42.915,42.765,42.8,192042
2014-11-13 10:30:00,42.81,42.82,42.735,42.81,287885
2014-11-13 10:45:00,42.81,42.815,42.66,42.66,339269
2014-11-13 11:00:00,42.67,42.71,42.65,42.71,383987
2014-11-13 11:15:00,42.71,42.71,42.49,42.49,494608
2014-11-13 11:30:00,42.5,42.54,42.47,42.535,577443
2014-11-13 11:45:00,42.535,42.54,42.36,42.45,656820
2014-11-13 12:00:00,42.45,42.57,42.44,42.515,725939
2014-11-13 12:15:00,42.52,42.59,42.47,42.585,772132
2014-11-13 12:30:00,42.6,42.65,42.57,42.65,817298
2014-11-13 12:45:00,42.65,42.68,42.61,42.64,872870
2014-11-13 13:00:00,42.63,42.68,42.61,42.645,906541
2014-11-13 13:15:00,42.64,42.68,42.61,42.66,953072
2014-11-13 13:30:00,42.65,42.66,42.62,42.63,996920
2014-11-13 13:45:00,42.64,42.64,42.52,42.585,1034054
2014-11-13 14:00:00,42.59,42.59,42.51,42.51,1076087
2014-11-13 14:15:00,42.51,42.53,42.42,42.42,1119835
2014-11-13 14:30:00,42.42,42.4382,42.28,42.365,1215184
2014-11-13 14:45:00,42.37,42.39,42.34,42.36,1305427
2014-11-13 15:00:00,42.36,42.44,42.355,42.38,1353269
2014-11-13 15:15:00,42.37,42.45,42.34,42.34,1469576
2014-11-13 15:30:00,42.34,42.42,42.33,42.36,1582648
2014-11-13 15:45:00,42.35,42.46,42.335,42.445,1701654
2014-11-13 16:00:00,42.45,42.455,42.36,42.41,2016734
2014-11-14 09:45:00,42.27,42.46,42.08,42.175,81806
2014-11-14 10:00:00,42.19,42.19,42.02,42.15,162279
2014-11-14 10:15:00,42.15,42.3,42.145,42.27,304326
2014-11-14 10:30:00,42.28,42.28,42.14,42.15,622505
2014-11-14 10:45:00,42.17,42.2326,42.05,42.17,674971
2014-11-14 11:00:00,42.17,42.18,42.09,42.1,804269
2014-11-14 11:15:00,42.1,42.105,42.04,42.05,868243
2014-11-14 11:30:00,42.06,42.07,42.0,42.02,926521
2014-11-14 11:45:00,42.02,42.02,41.83,41.85,1020666
2014-11-14 12:00:00,41.85,41.93,41.85,41.9,1048247
2014-11-14 12:15:00,41.9,41.9,41.77,41.78,1099378
2014-11-14 12:30:00,41.77,41.833,41.74,41.74,1214832
2014-11-14 12:45:00,41.74,41.77,41.725,41.743,1259317
2014-11-14 13:00:00,41.74,41.8,41.69,41.69,1335101
2014-11-14 13:15:00,41.69,41.695,41.65,41.65,1396641
2014-11-14 13:30:00,41.66,41.69,41.62,41.64,1491699
2014-11-14 13:45:00,41.64,41.64,41.58,41.6,1552979
2014-11-14 14:00:00,41.6,41.6,41.51,41.55,1694791
2014-11-14 14:15:00,41.54,41.67,41.52,41.665,1752499
2014-11-14 14:30:00,41.67,41.72,41.63,41.7,1823374
2014-11-14 14:45:00,41.7,41.71,41.62,41.63,1886324
2014-11-14 15:00:00,41.625,41.63,41.48,41.6,2037187
2014-11-14 15:15:00,41.6,41.67,41.59,41.59,2171106
2014-11-14 15:30:00,41.59,41.64,41.58,41.61,2284795
2014-11-14 15:45:00,41.61,41.62,41.58,41.59,2420588
2014-11-14 16:00:00,41.59,41.63,41.58,41.62,2685510
2014-11-17 09:45:00,41.58,41.71,41.33,41.69,248098
2014-11-17 10:00:00,41.69,41.7,41.56,41.585,341910
2014-11-17 10:15:00,41.585,41.6,41.5,41.56,412456
2014-11-17 10:30:00,41.57,41.6,41.5044,41.56,463670
2014-11-17 10:45:00,41.56,41.59,41.54,41.579,519186
2014-11-17 11:00:00,41.58,41.58,41.48,41.53,677575
2014-11-17 11:15:00,41.525,41.537,41.44,41.51,787555
2014-11-17 11:30:00,41.51,41.53,41.42,41.44,883263
2014-11-17 11:45:00,41.44,41.486,41.38,41.46,982071
2014-11-17 12:00:00,41.46,41.5,41.43,41.4646,1039748
2014-11-17 12:15:00,41.47,41.55,41.43,41.55,1095423
2014-11-17 12:30:00,41.55,41.56,41.505,41.52,1152108
2014-11-17 12:45:00,41.511,41.54,41.49,41.51,1220330
2014-11-17 13:00:00,41.51,41.52,41.485,41.49,1289806
2014-11-17 13:15:00,41.5,41.51,41.47,41.495,1341690
2014-11-17 13:30:00,41.4932,41.51,41.46,41.466,1442382
2014-11-17 13:45:00,41.46,41.51,41.45,41.505,1503483
2014-11-17 14:00:00,41.51,41.51,41.44,41.51,1558929
2014-11-17 14:15:00,41.515,41.53,41.45,41.51,1620728
2014-11-17 14:30:00,41.51,41.52,41.48,41.51,1682353
2014-11-17 14:45:00,41.51,41.58,41.51,41.58,1727012
2014-11-17 15:00:00,41.57,41.61,41.54,41.61,1787554
2014-11-17 15:15:00,41.605,41.605,41.51,41.55,1881020
2014-11-17 15:30:00,41.545,41.59,41.52,41.585,1936407
2014-11-17 15:45:00,41.5864,41.6,41.54,41.555,2038003
2014-11-17 16:00:00,41.55,41.57,41.51,41.55,2275581
2014-11-18 09:45:00,41.41,41.82,41.41,41.77,114898
2014-11-18 10:00:00,41.77,41.85,41.71,41.73,227759
2014-11-18 10:15:00,41.73,41.86,41.725,41.821,281992
2014-11-18 10:30:00,41.82,41.82,41.73,41.75,354596
2014-11-18 10:45:00,41.75,41.81,41.67,41.8,445015
2014-11-18 11:00:00,41.8,41.81,41.73,41.75,530985
2014-11-18 11:15:00,41.75,41.81,41.74,41.79,580954
2014-11-18 11:30:00,41.79,41.81,41.7,41.705,651898
2014-11-18 11:45:00,41.705,41.72,41.655,41.685,781960
2014-11-18 12:00:00,41.685,41.69,41.62,41.66,821774
2014-11-18 12:15:00,41.66,41.775,41.66,41.765,885290
2014-11-18 12:30:00,41.761,41.78,41.74,41.76,918601
2014-11-18 12:45:00,41.76,41.82,41.76,41.82,956283
2014-11-18 13:00:00,41.82,41.885,41.815,41.88,990791
2014-11-18 13:15:00,41.89,41.89,41.755,41.79,1064626
2014-11-18 13:30:00,41.79,41.84,41.79,41.835,1096198
2014-11-18 13:45:00,41.83,41.84,41.73,41.75,1170756
2014-11-18 14:00:00,41.77,41.79,41.75,41.77,1213293
2014-11-18 14:15:00,41.764,41.785,41.73,41.74,1269410
2014-11-18 14:30:00,41.73,41.76,41.73,41.75,1319803
2014-11-18 14:45:00,41.75,41.775,41.73,41.75,1378961
2014-11-18 15:00:00,41.75,41.78,41.74,41.765,1427837
2014-11-18 15:15:00,41.765,41.825,41.74,41.82,1498430
2014-11-18 15:30:00,41.82,41.88,41.755,41.875,1638542
2014-11-18 15:45:00,41.86,41.95,41.82,41.95,1813365
2014-11-18 16:00:00,41.94,41.94,41.81,41.82,2136228
2014-11-19 09:45:00,41.77,42.03,41.61,41.79,342605
2014-11-19 10:00:00,41.75,41.9,41.74,41.76,488199
2014-11-19 10:15:00,41.755,41.83,41.73,41.79,627381
2014-11-19 10:30:00,41.79,41.81,41.77,41.79,746391
2014-11-19 10:45:00,41.7956,41.8,41.68,41.7,815362
2014-11-19 11:00:00,41.71,41.79,41.69,41.74,917416
2014-11-19 11:15:00,41.73,41.77,41.71,41.74,1094421
2014-11-19 11:30:00,41.74,41.79,41.72,41.77,1172630
2014-11-19 11:45:00,41.77,41.78,41.71,41.729,1235392
2014-11-19 12:00:00,41.73,41.78,41.715,41.774,1317627
2014-11-19 12:15:00,41.78,41.81,41.75,41.75,1349824
2014-11-19 12:30:00,41.76,41.77,41.745,41.755,1384133
2014-11-19 12:45:00,41.75,41.77,41.715,41.75,1425036
2014-11-19 13:00:00,41.75,41.85,41.7401,41.85,1457246
2014-11-19 13:15:00,41.855,41.855,41.775,41.7801,1488069
2014-11-19 13:30:00,41.7849,41.81,41.78,41.79,1513673
2014-11-19 13:45:00,41.79,41.82,41.78,41.81,1559040
2014-11-19 14:00:00,41.815,41.82,41.74,41.75,1609431
2014-11-19 14:15:00,41.76,41.85,41.75,41.78,1680205
2014-11-19 14:30:00,41.7801,41.83,41.68,41.705,1740855
2014-11-19 14:45:00,41.705,41.72,41.65,41.68,1885874
2014-11-19 15:00:00,41.69,41.79,41.66,41.76,2028636
2014-11-19 15:15:00,41.76,41.77,41.68,41.6886,2082992
2014-11-19 15:30:00,41.68,41.745,41.68,41.68,2142401
2014-11-19 15:45:00,41.69,41.705,41.615,41.67,2233901
2014-11-19 16:00:00,41.67,41.7,41.65,41.67,2362920
2014-11-20 09:45:00,41.7,41.748,41.53,41.68,91342
2014-11-20 10:00:00,41.67,41.67,41.41,41.43,179508
2014-11-20 10:15:00,41.41,41.5,41.35,41.355,270588
2014-11-20 10:30:00,41.35,41.49,41.22,41.41,422758
2014-11-20 10:45:00,41.4124,41.51,41.41,41.49,516252
2014-11-20 11:00:00,41.495,41.53,41.45,41.48,741789
2014-11-20 11:15:00,41.48,41.61,41.46,41.61,804191
2014-11-20 11:30:00,41.61,41.67,41.61,41.62,883842
2014-11-20 11:45:00,41.62,41.62,41.48,41.52,940796
2014-11-20 12:00:00,41.52,41.58,41.52,41.56,1007328
2014-11-20 12:15:00,41.56,41.6,41.53,41.6,1061845
2014-11-20 12:30:00,41.6,41.64,41.55,41.55,1112473
2014-11-20 12:45:00,41.55,41.58,41.52,41.52,1154280
2014-11-20 13:00:00,41.53,41.6,41.52,41.6,1203075
2014-11-20 13:15:00,41.59,41.62,41.52,41.53,1246701
2014-11-20 13:30:00,41.54,41.575,41.52,41.5632,1289836
2014-11-20 13:45:00,41.57,41.6,41.57,41.58,1325993
2014-11-20 14:00:00,41.58,41.61,41.53,41.53,1388193
2014-11-20 14:15:00,41.53,41.575,41.505,41.51,1437142
2014-11-20 14:30:00,41.5,41.5199,41.45,41.47,1712982
2014-11-20 14:45:00,41.48,41.5,41.38,41.42,1800079
2014-11-20 15:00:00,41.42,41.48,41.42,41.43,1866201
2014-11-20 15:15:00,41.43,41.44,41.37,41.4,1946795
2014-11-20 15:30:00,41.39,41.405,41.39,41.4,2061915
2014-11-20 15:45:00,41.4,41.4,41.33,41.335,2267411
2014-11-20 16:00:00,41.34,41.35,41.24,41.27,2774381
2014-11-21 09:45:00,41.41,41.42,41.08,41.2,225321
2014-11-21 10:00:00,41.225,41.495,41.22,41.48,296319
2014-11-21 10:15:00,41.48,41.77,41.48,41.77,365337
2014-11-21 10:30:00,41.77,41.81,41.65,41.68,435844
2014-11-21 10:45:00,41.671,41.72,41.5899,41.6,598403
2014-11-21 11:00:00,41.6,41.61,41.48,41.5,744587
2014-11-21 11:15:00,41.5,41.5,41.39,41.399,794295
2014-11-21 11:30:00,41.4,41.4,41.3499,41.35,830645
2014-11-21 11:45:00,41.34,41.425,41.33,41.41,931348
2014-11-21 12:00:00,41.4199,41.4199,41.37,41.37,1066343
2014-11-21 12:15:00,41.379,41.42,41.355,41.4,1213179
2014-11-21 12:30:00,41.4,41.4,41.28,41.325,1299949
2014-11-21 12:45:00,41.325,41.36,41.32,41.325,1364796
2014-11-21 13:00:00,41.32,41.33,41.275,41.2775,1398805
2014-11-21 13:15:00,41.28,41.285,41.22,41.22,1432455
2014-11-21 13:30:00,41.225,41.23,41.17,41.17,1485397
2014-11-21 13:45:00,41.17,41.21,41.16,41.18,1529764
2014-11-21 14:00:00,41.19,41.21,41.15,41.17,1618396
2014-11-21 14:15:00,41.18,41.26,41.17,41.2,1666972
2014-11-21 14:30:00,41.205,41.22,41.17,41.195,1738135
2014-11-21 14:45:00,41.19,41.2,41.1,41.18,1846606
2014-11-21 15:00:00,41.17,41.21,41.14,41.205,1909905
2014-11-21 15:15:00,41.2,41.23,41.18,41.21,1993010
2014-11-21 15:30:00,41.22,41.23,41.19,41.21,2064339
2014-11-21 15:45:00,41.215,41.25,41.21,41.22,2170239
2014-11-21 16:00:00,41.22,41.22,41.12,41.15,2410092
2014-11-24 09:45:00,41.31,41.36,41.19,41.23,83809
2014-11-24 10:00:00,41.23,41.24,41.06,41.07,198273
2014-11-24 10:15:00,41.08,41.16,41.05,41.14,324991
2014-11-24 10:30:00,41.1346,41.18,41.06,41.16,437924
2014-11-24 10:45:00,41.158,41.18,41.09,41.15,588950
2014-11-24 11:00:00,41.15,41.19,41.13,41.19,676599
2014-11-24 11:15:00,41.2,41.2,41.12,41.19,766092
2014-11-24 11:30:00,41.19,41.19,41.05,41.09,886110
2014-11-24 11:45:00,41.1,41.15,41.07,41.1,943700
2014-11-24 12:00:00,41.1,41.11,41.06,41.09,1005229
2014-11-24 12:15:00,41.09,41.11,41.075,41.095,1076817
2014-11-24 12:30:00,41.1,41.11,41.05,41.09,1141420
2014-11-24 12:45:00,41.08,41.1,40.92,40.92,1275616
2014-11-24 13:00:00,40.93,40.93,40.855,40.87,1339571
2014-11-24 13:15:00,40.88,40.94,40.84,40.94,1416278
2014-11-24 13:30:00,40.94,40.985,40.94,40.96,1485773
2014-11-24 13:45:00,40.955,40.99,40.95,40.95,1625322
2014-11-24 14:00:00,40.94,40.94,40.81,40.845,1754060
2014-11-24 14:15:00,40.85,40.91,40.84,40.9,1835081
2014-11-24 14:30:00,40.9,41.0,40.891,40.92,2269570
2014-11-24 14:45:00,40.925,41.08,40.92,41.03,2439323
2014-11-24 15:00:00,41.03,41.05,40.97,40.99,2636672
2014-11-24 15:15:00,41.0,41.04,40.9932,41.04,2761317
2014-11-24 15:30:00,41.03,41.12,41.01,41.11,2887946
2014-11-24 15:45:00,41.12,41.2,41.115,41.14,3067813
2014-11-24 16:00:00,41.145,41.17,41.08,41.16,3396967
2014-11-25 09:45:00,41.19,41.335,41.05,41.1201,160994
2014-11-25 10:00:00,41.13,41.14,40.96,41.09,274735
2014-11-25 10:15:00,41.09,41.11,40.97,41.11,730765
2014-11-25 10:30:00,41.115,41.12,41.015,41.06,811825
2014-11-25 10:45:00,41.07,41.1,41.01,41.05,926548
2014-11-25 11:00:00,41.06,41.08,41.03,41.04,2222685
2014-11-25 11:15:00,41.04,41.05,41.03,41.05,2302940
2014-11-25 11:30:00,41.0464,41.1,40.95,40.96,2385302
2014-11-25 11:45:00,40.95,41.01,40.95,40.99,2442560
2014-11-25 12:00:00,40.9923,41.13,40.991,41.13,3008507
2014-11-25 12:15:00,41.13,41.2,41.13,41.175,3074328
2014-11-25 12:30:00,41.17,41.227,41.16,41.19,3131919
2014-11-25 12:45:00,41.19,41.26,41.17,41.25,3200196
2014-11-25 13:00:00,41.26,41.26,41.16,41.16,3341868
2014-11-25 13:15:00,41.16,41.2,41.1499,41.15,3384516
2014-11-25 13:30:00,41.15,41.18,41.095,41.17,3439430
2014-11-25 13:45:00,41.17,41.189,41.14,41.189,3486114
2014-11-25 14:00:00,41.185,41.21,41.16,41.18,3543024
2014-11-25 14:15:00,41.19,41.23,41.17,41.2,3627079
2014-11-25 14:30:00,41.195,41.22,41.18,41.2,3714021
2014-11-25 14:45:00,41.2,41.27,41.195,41.26,3946082
2014-11-25 15:00:00,41.26,41.26,41.15,41.17,4030932
2014-11-25 15:15:00,41.165,41.19,41.12,41.18,4141099
2014-11-25 15:30:00,41.19,41.255,41.17,41.18,4258812
2014-11-25 15:45:00,41.18,41.1899,41.14,41.14,4360945
2014-11-25 16:00:00,41.15,41.23,41.13,41.17,4769829
2014-11-26 09:45:00,41.21,41.4,41.08,41.11,75185
2014-11-26 10:00:00,41.12,41.28,41.12,41.26,376131
2014-11-26 10:15:00,41.26,41.28,41.17,41.19,455911
2014-11-26 10:30:00,41.185,41.27,41.14,41.215,587112
2014-11-26 10:45:00,41.215,41.26,41.17,41.25,710220
2014-11-26 11:00:00,41.25,41.275,41.23,41.26,794022
2014-11-26 11:15:00,41.2603,41.27,41.21,41.225,861353
2014-11-26 11:30:00,41.23,41.35,41.225,41.33,1082758
2014-11-26 11:45:00,41.33,41.36,41.25,41.28,1154940
2014-11-26 12:00:00,41.28,41.28,41.185,41.22,1215851
2014-11-26 12:15:00,41.2199,41.265,41.195,41.22,1249223
2014-11-26 12:30:00,41.21,41.34,41.21,41.34,1295159
2014-11-26 12:45:00,41.33,41.36,41.32,41.34,1364134
2014-11-26 13:00:00,41.3349,41.42,41.3349,41.41,1398152
2014-11-26 13:15:00,41.42,41.46,41.41,41.449,1423059
2014-11-26 13:30:00,41.45,41.53,41.44,41.53,1460848
2014-11-26 13:45:00,41.53,41.53,41.5,41.53,1493533
2014-11-26 14:00:00,41.53,41.6,41.51,41.565,1560428
2014-11-26 14:15:00,41.565,41.62,41.5532,41.61,1638155
2014-11-26 14:30:00,41.615,41.63,41.6,41.6,1681196
2014-11-26 14:45:00,41.6,41.63,41.58,41.63,1738799
2014-11-26 15:00:00,41.625,41.65,41.61,41.61,1792269
2014-11-26 15:15:00,41.61,41.66,41.6,41.655,1860319
2014-11-26 15:30:00,41.659,41.69,41.655,41.67,1946680
2014-11-26 15:45:00,41.67,41.7,41.65,41.7,2068845
2014-11-26 16:00:00,41.7,41.74,41.64,41.71,2519726
2014-11-28 09:45:00,41.71,41.86,41.44,41.494,491993
2014-11-28 10:00:00,41.48,41.71,41.42,41.69,552928
2014-11-28 10:15:00,41.67,41.73,41.56,41.67,761557
2014-11-28 10:30:00,41.67,41.86,41.66,41.77,1047404
2014-11-28 10:45:00,41.77,41.93,41.74,41.84,1214062
2014-11-28 11:00:00,41.84,41.95,41.815,41.83,1412909
2014-11-28 11:15:00,41.84,41.85,41.77,41.78,1497871
2014-11-28 11:30:00,41.785,41.81,41.77,41.795,1565767
2014-11-28 11:45:00,41.79,41.84,41.75,41.835,1669425
2014-11-28 12:00:00,41.835,41.85,41.75,41.78,1739466
2014-11-28 12:15:00,41.78,41.78,41.7,41.74,1909535
2014-11-28 12:30:00,41.72,41.84,41.7,41.755,2149220
2014-11-28 12:45:00,41.76,41.82,41.73,41.745,2297524
2014-11-28 13:00:00,41.75,41.79,41.74,41.77,2561371
2014-11-28 13:15:00,41.77,41.77,41.77,41.77,2690376
2014-12-01 09:45:00,41.72,41.85,41.6,41.75,105060
2014-12-01 10:00:00,41.78,41.83,41.66,41.75,676067
2014-12-01 10:15:00,41.75,41.9,41.74,41.895,800561
2014-12-01 10:30:00,41.89,41.96,41.83,41.96,924428
2014-12-01 10:45:00,41.955,41.955,41.7,41.74,1045084
2014-12-01 11:00:00,41.74,41.82,41.71,41.76,1108603
2014-12-01 11:15:00,41.76,41.95,41.745,41.85,1859461
2014-12-01 11:30:00,41.84,41.94,41.83,41.87,1947320
2014-12-01 11:45:00,41.875,41.93,41.84,41.93,2034940
2014-12-01 12:00:00,41.93,41.94,41.89,41.92,2148689
2014-12-01 12:15:00,41.915,41.95,41.905,41.93,2224975
2014-12-01 12:30:00,41.93,41.95,41.885,41.895,2294867
2014-12-01 12:45:00,41.9,41.92,41.8901,41.9,2343965
2014-12-01 13:00:00,41.9,41.965,41.9,41.94,2450614
2014-12-01 13:15:00,41.945,42.01,41.945,41.99,2559711
2014-12-01 13:30:00,41.99,42.04,41.98,42.015,2623868
2014-12-01 13:45:00,42.02,42.04,42.015,42.04,2690276
2014-12-01 14:00:00,42.035,42.37,42.03,42.37,2920096
2014-12-01 14:15:00,42.36,42.37,42.14,42.19,3091074
2014-12-01 14:30:00,42.18,42.29,42.18,42.25,3214927
2014-12-01 14:45:00,42.25,42.27,42.195,42.24,3327840
2014-12-01 15:00:00,42.23,42.235,42.15,42.16,3472350
2014-12-01 15:15:00,42.16,42.29,42.16,42.29,3567437
2014-12-01 15:30:00,42.2832,42.34,42.24,42.24,3668378
2014-12-01 15:45:00,42.25,42.27,42.2,42.23,3820343
2014-12-01 16:00:00,42.23,42.28,42.195,42.27,4236038
2014-12-02 09:45:00,42.16,42.26,41.88,42.0,357493
2014-12-02 10:00:00,42.01,42.01,41.71,41.8,568584
2014-12-02 10:15:00,41.8,42.01,41.78,41.82,733040
2014-12-02 10:30:00,41.83,41.86,41.71,41.715,880638
2014-12-02 10:45:00,41.72,41.75,41.58,41.61,966356
2014-12-02 11:00:00,41.61,41.75,41.61,41.7,1089424
2014-12-02 11:15:00,41.7,41.72,41.6,41.6,1173452
2014-12-02 11:30:00,41.61,41.62,41.54,41.54,1278460
2014-12-02 11:45:00,41.55,41.55,41.385,41.39,1418319
2014-12-02 12:00:00,41.39,41.455,41.33,41.45,1511237
2014-12-02 12:15:00,41.45,41.6,41.445,41.49,1702814
2014-12-02 12:30:00,41.48,41.63,41.475,41.63,1769492
2014-12-02 12:45:00,41.62,41.65,41.6,41.64,1810742
2014-12-02 13:00:00,41.64,41.71,41.63,41.71,1886066
2014-12-02 13:15:00,41.715,41.77,41.68,41.7,1945971
2014-12-02 13:30:00,41.71,41.76,41.685,41.76,1983674
2014-12-02 13:45:00,41.77,41.77,41.72,41.75,2039379
2014-12-02 14:00:00,41.76,41.77,41.67,41.67,2136069
2014-12-02 14:15:00,41.67,41.76,41.67,41.695,2255135
2014-12-02 14:30:00,41.7,41.79,41.68,41.77,2299260
2014-12-02 14:45:00,41.77,41.7999,41.75,41.77,2357141
2014-12-02 15:00:00,41.77,41.82,41.76,41.8,2414672
2014-12-02 15:15:00,41.799,41.81,41.77,41.775,2505011
2014-12-02 15:30:00,41.78,41.8,41.74,41.79,2637542
2014-12-02 15:45:00,41.78,41.785,41.7,41.715,2795031
2014-12-02 16:00:00,41.715,41.74,41.65,41.73,3167446
2014-12-03 09:45:00,42.69,43.46,42.16,43.46,414250
2014-12-03 10:00:00,43.28,43.38,42.94,43.36,711291
2014-12-03 10:15:00,43.4,43.42,43.08,43.35,962276
2014-12-03 10:30:00,43.36,43.66,43.28,43.35,1324531
2014-12-03 10:45:00,43.34,43.3625,43.24,43.27,1523437
2014-12-03 11:00:00,43.28,43.58,43.28,43.58,1665186
2014-12-03 11:15:00,43.575,43.62,43.43,43.52,1826096
2014-12-03 11:30:00,43.52,43.71,43.52,43.68,1946067
2014-12-03 11:45:00,43.695,43.71,43.47,43.58,2151749
2014-12-03 12:00:00,43.58,43.74,43.56,43.74,2217419
2014-12-03 12:15:00,43.73,43.7755,43.64,43.7755,2289562
2014-12-03 12:30:00,43.77,43.79,43.5112,43.74,2528525
2014-12-03 12:45:00,43.7363,43.77,43.67,43.77,2581311
2014-12-03 13:00:00,43.77,43.8,43.65,43.7,2683543
2014-12-03 13:15:00,43.69,43.71,43.62,43.66,2810067
2014-12-03 13:30:00,43.67,43.7,43.635,43.7,2885340
2014-12-03 13:45:00,43.69,43.77,43.64,43.64,2963889
2014-12-03 14:00:00,43.63,43.76,43.63,43.74,3033431
2014-12-03 14:15:00,43.74,43.74,43.65,43.655,3118883
2014-12-03 14:30:00,43.65,43.73,43.63,43.72,3211245
2014-12-03 14:45:00,43.72,43.75,43.67,43.68,3328961
2014-12-03 15:00:00,43.685,43.77,43.68,43.74,3431978
2014-12-03 15:15:00,43.73,43.76,43.66,43.76,3538059
2014-12-03 15:30:00,43.76,43.8,43.69,43.735,3697996
2014-12-03 15:45:00,43.73,43.8025,43.7,43.77,3895427
2014-12-03 16:00:00,43.77,43.815,43.71,43.75,4340715
2014-12-04 09:45:00,43.44,43.53,43.09,43.11,131473
2014-12-04 10:00:00,43.11,43.11,42.79,42.88,202058
2014-12-04 10:15:00,42.88,43.03,42.87,42.9837,346689
2014-12-04 10:30:00,42.99,43.07,42.91,42.94,478348
2014-12-04 10:45:00,42.94,43.01,42.86,42.875,595954
2014-12-04 11:00:00,42.88,42.99,42.8276,42.94,675763
2014-12-04 11:15:00,42.93,42.9675,42.92,42.935,762418
2014-12-04 11:30:00,42.94,42.99,42.92,42.94,880165
2014-12-04 11:45:00,42.94,43.0,42.86,42.88,960377
2014-12-04 12:00:00,42.88,42.91,42.85,42.91,1005075
2014-12-04 12:15:00,42.9,42.92,42.84,42.86,1080181
2014-12-04 12:30:00,42.86,42.91,42.849,42.89,1115644
2014-12-04 12:45:00,42.88,42.98,42.88,42.895,1198174
2014-12-04 13:00:00,42.89,42.92,42.85,42.88,1284410
2014-12-04 13:15:00,42.89,42.93,42.87,42.875,1361782
2014-12-04 13:30:00,42.875,42.99,42.87,42.99,1410513
2014-12-04 13:45:00,42.99,43.02,42.96,42.99,1479097
2014-12-04 14:00:00,42.98,43.01,42.92,42.935,1530787
2014-12-04 14:15:00,42.94,42.95,42.86,42.86,1673055
2014-12-04 14:30:00,42.86,42.9,42.82,42.89,1719586
2014-12-04 14:45:00,42.9,42.9,42.76,42.79,1795507
2014-12-04 15:00:00,42.79,42.82,42.77,42.81,1839028
2014-12-04 15:15:00,42.81,42.85,42.78,42.8,1907945
2014-12-04 15:30:00,42.79,42.8,42.72,42.765,1993537
2014-12-04 15:45:00,42.76,42.82,42.73,42.73,2140040
2014-12-04 16:00:00,42.74,42.8,42.715,42.79,2436228
2014-12-05 09:45:00,42.73,43.085,42.73,43.0,156935
2014-12-05 10:00:00,43.0,43.11,42.96,43.05,250163
2014-12-05 10:15:00,43.04,43.05,42.975,43.04,319127
2014-12-05 10:30:00,43.04,43.32,43.04,43.26,497718
2014-12-05 10:45:00,43.265,43.44,43.26,43.44,582438
2014-12-05 11:00:00,43.445,43.59,43.35,43.35,700137
2014-12-05 11:15:00,43.35,43.53,43.3,43.51,840636
2014-12-05 11:30:00,43.51,43.54,43.44,43.5,885127
2014-12-05 11:45:00,43.4925,43.52,43.48,43.49,1034690
2014-12-05 12:00:00,43.5,43.56,43.495,43.55,1089740
2014-12-05 12:15:00,43.54,43.55,43.49,43.52,1138982
2014-12-05 12:30:00,43.51,43.54,43.47,43.49,1190679
2014-12-05 12:45:00,43.49,43.57,43.48,43.57,1231066
2014-12-05 13:00:00,43.56,43.66,43.56,43.61,1302731
2014-12-05 13:15:00,43.61,43.65,43.59,43.65,1358697
2014-12-05 13:30:00,43.645,43.68,43.62,43.65,1432316
2014-12-05 13:45:00,43.66,43.7,43.65,43.695,1472856
2014-12-05 14:00:00,43.69,43.81,43.69,43.78,1602633
2014-12-05 14:15:00,43.77,43.79,43.74,43.775,1687021
2014-12-05 14:30:00,43.78,43.78,43.68,43.685,1769511
2014-12-05 14:45:00,43.69,43.7,43.485,43.66,2112510
2014-12-05 15:00:00,43.6668,43.71,43.62,43.7,2219678
2014-12-05 15:15:00,43.7,43.73,43.675,43.7,2572340
2014-12-05 15:30:00,43.7,43.73,43.67,43.695,2663646
2014-12-05 15:45:00,43.69,43.7,43.52,43.52,2849163
2014-12-05 16:00:00,43.53,43.59,43.47,43.54,3297533
2014-12-08 09:45:00,43.49,43.55,43.17,43.51,415122
2014-12-08 10:00:00,43.51,43.61,43.49,43.52,534880
2014-12-08 10:15:00,43.53,43.65,43.52,43.615,613340
2014-12-08 10:30:00,43.61,43.869,43.58,43.82,933808
2014-12-08 10:45:00,43.822,44.03,43.82,43.85,1046831
2014-12-08 11:00:00,43.86,44.02,43.85,43.98,1135547
2014-12-08 11:15:00,43.98,44.04,43.9,44.01,1345549
2014-12-08 11:30:00,44.01,44.05,43.978,43.98,1421435
2014-12-08 11:45:00,43.99,44.01,43.86,43.88,1594615
2014-12-08 12:00:00,43.87,43.97,43.84,43.94,1725169
2014-12-08 12:15:00,43.94,43.945,43.8,43.8,1776208
2014-12-08 12:30:00,43.79,43.85,43.71,43.82,1892622
2014-12-08 12:45:00,43.8,43.84,43.72,43.77,1951202
2014-12-08 13:00:00,43.76,43.78,43.62,43.66,2017170
2014-12-08 13:15:00,43.67,43.705,43.56,43.59,2089449
2014-12-08 13:30:00,43.6,43.6,43.51,43.54,2242580
2014-12-08 13:45:00,43.5401,43.57,43.47,43.51,2403574
2014-12-08 14:00:00,43.51,43.54,43.48,43.5,2517721
2014-12-08 14:15:00,43.495,43.56,43.48,43.515,2658166
2014-12-08 14:30:00,43.51,43.595,43.5,43.59,2743763
2014-12-08 14:45:00,43.585,43.67,43.57,43.655,2851796
2014-12-08 15:00:00,43.65,43.88,43.65,43.84,3006962
2014-12-08 15:15:00,43.83,43.88,43.78,43.8,3166311
2014-12-08 15:30:00,43.81,43.98,43.8,43.95,3365374
2014-12-08 15:45:00,43.94,43.95,43.765,43.79,3527298
2014-12-08 16:00:00,43.79,43.795,43.69,43.75,4008481
2014-12-09 09:45:00,43.75,44.03,43.61,43.88,252754
2014-12-09 10:00:00,43.89,43.905,43.74,43.84,483516
2014-12-09 10:15:00,43.84,43.85,43.75,43.825,592342
2014-12-09 10:30:00,43.82,43.84,43.75,43.75,814697
2014-12-09 10:45:00,43.75,43.76,43.62,43.72,989505
2014-12-09 11:00:00,43.72,43.8,43.715,43.77,1077595
2014-12-09 11:15:00,43.77,43.81,43.74,43.75,1158194
2014-12-09 11:30:00,43.75,43.94,43.75,43.94,1257597
2014-12-09 11:45:00,43.94,44.21,43.7562,44.19,1505709
2014-12-09 12:00:00,44.19,44.26,44.1,44.1233,1614344
2014-12-09 12:15:00,44.12,44.34,44.12,44.335,1743974
2014-12-09 12:30:00,44.34,44.47,44.33,44.46,1896375
2014-12-09 12:45:00,44.47,44.68,44.46,44.68,2051136
2014-12-09 13:00:00,44.67,44.81,44.63,44.76,2289807
2014-12-09 13:15:00,44.76,44.92,44.67,44.91,2457289
2014-12-09 13:30:00,44.92,45.09,44.89,45.06,2868088
2014-12-09 13:45:00,45.06,45.19,45.02,45.18,3059433
2014-12-09 14:00:00,45.18,45.32,45.17,45.3,3298656
2014-12-09 14:15:00,45.3,45.35,44.9569,45.07,3652241
2014-12-09 14:30:00,45.08,45.2425,45.06,45.21,3807401
2014-12-09 14:45:00,45.2,45.38,45.16,45.3,4037357
2014-12-09 15:00:00,45.29,45.31,45.14,45.22,4365882
2014-12-09 15:15:00,45.23,45.3,45.19,45.25,4564435
2014-12-09 15:30:00,45.25,45.36,45.17,45.34,4855049
2014-12-09 15:45:00,45.34,45.44,45.27,45.31,5292544
2014-12-09 16:00:00,45.3,45.3,45.11,45.17,5896247
2014-12-10 09:45:00,45.18,45.57,45.1,45.5,225675
2014-12-10 10:00:00,45.5,45.51,45.42,45.45,400387
2014-12-10 10:15:00,45.45,45.48,45.345,45.36,604221
2014-12-10 10:30:00,45.36,45.4,45.33,45.37,671366
2014-12-10 10:45:00,45.35,45.35,45.15,45.19,796772
2014-12-10 11:00:00,45.18,45.19,45.04,45.17,975185
2014-12-10 11:15:00,45.16,45.17,44.92,44.95,1097696
2014-12-10 11:30:00,44.94,44.94,44.77,44.79,1211872
2014-12-10 11:45:00,44.78,44.78,44.64,44.65,1338573
2014-12-10 12:00:00,44.64,44.66,44.48,44.53,1506627
2014-12-10 12:15:00,44.53,44.66,44.5,44.64,1600445
2014-12-10 12:30:00,44.63,44.66,44.54,44.55,1652477
2014-12-10 12:45:00,44.54,44.54,44.4398,44.48,1727784
2014-12-10 13:00:00,44.49,44.5,44.375,44.41,1805148
2014-12-10 13:15:00,44.405,44.46,44.402,44.43,1882427
2014-12-10 13:30:00,44.43,44.43,44.3,44.4,1969646
2014-12-10 13:45:00,44.405,44.41,44.28,44.3,2052672
2014-12-10 14:00:00,44.29,44.29,44.09,44.1,2215643
2014-12-10 14:15:00,44.1036,44.22,44.05,44.059,2348486
2014-12-10 14:30:00,44.05,44.14,44.005,44.015,2458794
2014-12-10 14:45:00,44.01,44.01,43.9,43.9,2586316
2014-12-10 15:00:00,43.9,43.95,43.77,43.78,2699855
2014-12-10 15:15:00,43.77,43.97,43.75,43.97,3035009
2014-12-10 15:30:00,43.96,44.09,43.94,44.03,3203506
2014-12-10 15:45:00,44.02,44.04,43.85,43.86,3497130
2014-12-10 16:00:00,43.85,43.875,43.72,43.78,4134565
2014-12-11 09:45:00,42.7,43.16,42.51,43.06,2769795
2014-12-11 10:00:00,43.08,43.13,42.94,43.05,3177248
2014-12-11 10:15:00,43.05,43.1,42.94,42.95,3553576
2014-12-11 10:30:00,42.94,43.11,42.94,43.06,3803854
2014-12-11 10:45:00,43.06,43.12,43.0,43.08,4053165
2014-12-11 11:00:00,43.075,43.1,43.0,43.03,4192837
2014-12-11 11:15:00,43.01,43.04,42.85,43.0,4546566
2014-12-11 11:30:00,43.0,43.0,42.85,42.89,4720004
2014-12-11 11:45:00,42.9,43.0,42.9,42.985,4836984
2014-12-11 12:00:00,42.98,43.01,42.94,42.99,5015937
2014-12-11 12:15:00,42.99,43.0,42.98,43.0,5115578
2014-12-11 12:30:00,42.995,43.0,42.96,42.98,5165535
2014-12-11 12:45:00,42.98,43.0,42.94,42.95,5268578
2014-12-11 13:00:00,42.955,42.99,42.95,42.98,5323483
2014-12-11 13:15:00,42.98,43.05,42.97,43.05,5599474
2014-12-11 13:30:00,43.05,43.16,43.04,43.14,5860992
2014-12-11 13:45:00,43.135,43.2,43.08,43.2,6121397
2014-12-11 14:00:00,43.195,43.25,43.075,43.11,6270683
2014-12-11 14:15:00,43.11,43.215,43.11,43.2,6406084
2014-12-11 14:30:00,43.2,43.22,43.09,43.09,6559823
2014-12-11 14:45:00,43.08,43.19,43.05,43.145,6696089
2014-12-11 15:00:00,43.14,43.16,43.045,43.09,6897401
2014-12-11 15:15:00,43.09,43.175,43.07,43.17,7089377
2014-12-11 15:30:00,43.16,43.25,43.145,43.205,7281159
2014-12-11 15:45:00,43.2,43.24,43.08,43.08,7520544
2014-12-11 16:00:00,43.08,43.12,42.98,43.05,8106669
2014-12-12 09:45:00,43.19,43.28,42.75,43.15,158854
2014-12-12 10:00:00,43.15,43.25,43.01,43.19,243029
2014-12-12 10:15:00,43.2,43.26,42.99,43.15,373561
2014-12-12 10:30:00,43.16,43.205,43.14,43.16,435618
2014-12-12 10:45:00,43.15,43.25,43.15,43.18,580510
2014-12-12 11:00:00,43.1848,43.1848,43.095,43.11,707666
2014-12-12 11:15:00,43.115,43.14,43.02,43.14,792150
2014-12-12 11:30:00,43.13,43.155,42.97,42.98,885041
2014-12-12 11:45:00,42.98,43.09,42.98,43.0599,987237
2014-12-12 12:00:00,43.06,43.13,43.04,43.06,1076249
2014-12-12 12:15:00,43.06,43.1,43.04,43.07,1147067
2014-12-12 12:30:00,43.06,43.135,43.04,43.12,1209291
2014-12-12 12:45:00,43.13,43.14,43.04,43.06,1317941
2014-12-12 13:00:00,43.06,43.18,43.055,43.152,1451406
2014-12-12 13:15:00,43.16,43.325,43.16,43.32,1617889
2014-12-12 13:30:00,43.33,43.46,43.32,43.44,1777907
2014-12-12 13:45:00,43.45,43.45,43.35,43.37,1895310
2014-12-12 14:00:00,43.36,43.49,43.36,43.45,2199267
2014-12-12 14:15:00,43.45,43.47,43.42,43.47,2477377
2014-12-12 14:30:00,43.47,43.51,43.44,43.49,2846789
2014-12-12 14:45:00,43.48,43.5,43.44,43.48,3084088
2014-12-12 15:00:00,43.48,43.72,43.455,43.7,3384034
2014-12-12 15:15:00,43.69,43.74,43.6,43.6,3599153
2014-12-12 15:30:00,43.61,43.63,43.5,43.51,3792856
2014-12-12 15:45:00,43.52,43.57,43.41,43.46,4119756
2014-12-12 16:00:00,43.465,43.51,43.34,43.37,4805367
2014-12-15 09:45:00,43.67,43.72,43.44,43.47,139405
2014-12-15 10:00:00,43.48,43.95,43.46,43.9,315374
2014-12-15 10:15:00,43.9,43.91,43.59,43.7,465232
2014-12-15 10:30:00,43.7,43.8,43.61,43.67,606434
2014-12-15 10:45:00,43.68,43.685,43.45,43.467,805136
2014-12-15 11:00:00,43.46,43.57,43.35,43.56,992496
2014-12-15 11:15:00,43.56,43.56,43.375,43.4,1103053
2014-12-15 11:30:00,43.3925,43.435,43.34,43.36,1190049
2014-12-15 11:45:00,43.36,43.38,43.14,43.22,1302188
2014-12-15 12:00:00,43.21,43.26,43.163,43.22,1395539
2014-12-15 12:15:00,43.23,43.41,43.23,43.35,1555833
2014-12-15 12:30:00,43.35,43.42,43.28,43.36,1665619
2014-12-15 12:45:00,43.37,43.45,43.29,43.43,1751171
2014-12-15 13:00:00,43.43,43.525,43.39,43.505,1905808
2014-12-15 13:15:00,43.5,43.51,43.37,43.4,2065753
2014-12-15 13:30:00,43.4025,43.525,43.39,43.47,2190165
2014-12-15 13:45:00,43.47,43.57,43.435,43.53,2281555
2014-12-15 14:00:00,43.53,43.565,43.455,43.49,2393007
2014-12-15 14:15:00,43.49,43.59,43.45,43.59,2540455
2014-12-15 14:30:00,43.59,43.63,43.5,43.56,2679435
2014-12-15 14:45:00,43.57,43.59,43.44,43.45,2809838
2014-12-15 15:00:00,43.45,43.5531,43.44,43.535,2915028
2014-12-15 15:15:00,43.53,43.68,43.49,43.61,3176986
2014-12-15 15:30:00,43.615,43.62,43.47,43.52,3522515
2014-12-15 15:45:00,43.52,43.63,43.47,43.5,4058509
2014-12-15 16:00:00,43.51,43.55,43.42,43.42,4631564
2014-12-16 09:45:00,43.48,43.89,43.27,43.88,303720
2014-12-16 10:00:00,43.88,43.88,43.59,43.62,405194
2014-12-16 10:15:00,43.64,43.7,43.45,43.45,540646
2014-12-16 10:30:00,43.45,43.64,43.44,43.64,687967
2014-12-16 10:45:00,43.64,43.67,43.51,43.55,844444
2014-12-16 11:00:00,43.55,43.61,43.5,43.595,1005213
2014-12-16 11:15:00,43.59,43.65,43.53,43.56,1081522
2014-12-16 11:30:00,43.57,43.73,43.56,43.68,1371917
2014-12-16 11:45:00,43.69,43.78,43.61,43.66,1487880
2014-12-16 12:00:00,43.66,43.69,43.65,43.66,1625993
2014-12-16 12:15:00,43.67,43.71,43.65,43.66,1768447
2014-12-16 12:30:00,43.655,43.67,43.57,43.62,1860111
2014-12-16 12:45:00,43.61,43.635,43.51,43.51,1942813
2014-12-16 13:00:00,43.51,43.59,43.48,43.55,1994832
2014-12-16 13:15:00,43.54,43.62,43.46,43.5,2083367
2014-12-16 13:30:00,43.5,43.56,43.4,43.46,2150651
2014-12-16 13:45:00,43.45,43.57,43.42,43.55,2288384
2014-12-16 14:00:00,43.55,43.67,43.505,43.57,2457341
2014-12-16 14:15:00,43.575,43.68,43.52,43.65,2580895
2014-12-16 14:30:00,43.655,43.66,43.54,43.66,3037380
2014-12-16 14:45:00,43.65,43.66,43.54,43.615,3194062
2014-12-16 15:00:00,43.615,43.64,43.52,43.6197,3294553
2014-12-16 15:15:00,43.62,43.66,43.53,43.595,3444815
2014-12-16 15:30:00,43.595,43.7,43.59,43.6,3679169
2014-12-16 15:45:00,43.6,43.67,43.52,43.56,3937842
2014-12-16 16:00:00,43.56,43.61,43.49,43.51,4470039
2014-12-17 09:45:00,43.73,43.73,43.44,43.62,180246
2014-12-17 10:00:00,43.64,43.82,43.59,43.8,419405
2014-12-17 10:15:00,43.81,43.83,43.5645,43.59,528821
2014-12-17 10:30:00,43.59,43.645,43.465,43.52,659649
2014-12-17 10:45:00,43.51,43.64,43.5,43.54,966910
2014-12-17 11:00:00,43.53,43.585,43.49,43.52,1096287
2014-12-17 11:15:00,43.52,43.56,43.5,43.51,1187507
2014-12-17 11:30:00,43.505,43.6099,43.49,43.59,1307220
2014-12-17 11:45:00,43.59,43.67,43.56,43.615,1468045
2014-12-17 12:00:00,43.615,43.65,43.565,43.61,1748611
2014-12-17 12:15:00,43.6,43.62,43.52,43.62,1942637
2014-12-17 12:30:00,43.62,43.72,43.595,43.63,2054749
2014-12-17 12:45:00,43.625,43.7,43.58,43.625,2164598
2014-12-17 13:00:00,43.625,43.7,43.58,43.6,2306330
2014-12-17 13:15:00,43.595,43.65,43.54,43.565,2401557
2014-12-17 13:30:00,43.56,43.62,43.54,43.5841,2634266
2014-12-17 13:45:00,43.59,43.65,43.54,43.56,2709385
2014-12-17 14:00:00,43.58,43.67,43.5,43.67,2787046
2014-12-17 14:15:00,43.69,44.02,43.67,43.95,2922447
2014-12-17 14:30:00,43.96,43.97,43.74,43.76,3080399
2014-12-17 14:45:00,43.75,43.865,43.655,43.7,3248627
2014-12-17 15:00:00,43.7,43.71,43.565,43.58,3333011
2014-12-17 15:15:00,43.59,43.66,43.48,43.66,3519915
2014-12-17 15:30:00,43.68,43.8,43.63,43.8,3673243
2014-12-17 15:45:00,43.8,43.91,43.74,43.82,3904966
2014-12-17 16:00:00,43.83,43.94,43.78,43.79,4358942
2014-12-18 09:45:00,44.52,44.56,44.13,44.1542,325289
2014-12-18 10:00:00,44.15,44.55,44.15,44.43,613142
2014-12-18 10:15:00,44.43,44.44,44.29,44.3,964506
2014-12-18 10:30:00,44.3,44.32,44.14,44.17,1132453
2014-12-18 10:45:00,44.18,44.55,44.18,44.55,1216326
2014-12-18 11:00:00,44.55,44.56,44.4,44.41,1317379
2014-12-18 11:15:00,44.41,44.43,44.2,44.23,1434695
2014-12-18 11:30:00,44.24,44.35,44.24,44.26,1508010
2014-12-18 11:45:00,44.27,44.28,44.16,44.2,1580950
2014-12-18 12:00:00,44.19,44.2,44.13,44.18,1640423
2014-12-18 12:15:00,44.18,44.315,44.13,44.26,1698419
2014-12-18 12:30:00,44.27,44.28,44.18,44.25,1753160
2014-12-18 12:45:00,44.26,44.32,44.26,44.32,1791420
2014-12-18 13:00:00,44.31,44.35,44.25,44.31,2396775
2014-12-18 13:15:00,44.32,44.375,44.28,44.31,2457089
2014-12-18 13:30:00,44.305,44.365,44.3,44.355,2510264
2014-12-18 13:45:00,44.355,44.37,44.26,44.32,2607155
2014-12-18 14:00:00,44.32,44.335,44.29,44.31,2665699
2014-12-18 14:15:00,44.32,44.36,44.28,44.34,2744367
2014-12-18 14:30:00,44.34,44.37,44.27,44.28,2838771
2014-12-18 14:45:00,44.29,44.35,44.25,44.32,2906721
2014-12-18 15:00:00,44.31,44.48,44.27,44.48,3099773
2014-12-18 15:15:00,44.48,44.6,44.45,44.595,3237232
2014-12-18 15:30:00,44.6,44.62,44.48,44.49,3472023
2014-12-18 15:45:00,44.49,44.58,44.48,44.53,3779409
2014-12-18 16:00:00,44.54,44.6,44.48,44.5,4749463
2014-12-19 09:45:00,44.5,44.8,44.4242,44.53,606049
2014-12-19 10:00:00,44.52,44.72,44.49,44.68,710514
2014-12-19 10:15:00,44.67,44.93,44.565,44.84,852363
2014-12-19 10:30:00,44.86,44.93,44.81,44.89,908045
2014-12-19 10:45:00,44.91,44.92,44.635,44.84,1025030
2014-12-19 11:00:00,44.83,44.83,44.7,44.75,1108744
2014-12-19 11:15:00,44.73,44.775,44.66,44.71,1196431
2014-12-19 11:30:00,44.7,44.75,44.605,44.63,1305433
2014-12-19 11:45:00,44.64,44.69,44.51,44.54,1428418
2014-12-19 12:00:00,44.54,44.54,44.42,44.5,1533204
2014-12-19 12:15:00,44.51,44.68,44.47,44.67,1572435
2014-12-19 12:30:00,44.69,44.74,44.51,44.54,1667315
2014-12-19 12:45:00,44.55,44.63,44.47,44.59,1833395
2014-12-19 13:00:00,44.59,44.6,44.41,44.41,1905430
2014-12-19 13:15:00,44.43,44.43,44.24,44.28,2096350
2014-12-19 13:30:00,44.29,44.32,44.24,44.26,2312374
2014-12-19 13:45:00,44.26,44.275,44.2,44.24,2406218
2014-12-19 14:00:00,44.24,44.29,44.2,44.28,2479184
2014-12-19 14:15:00,44.27,44.36,44.18,44.33,2580822
2014-12-19 14:30:00,44.335,44.34,44.19,44.24,2723755
2014-12-19 14:45:00,44.23,44.235,44.105,44.19,2941908
2014-12-19 15:00:00,44.19,44.41,44.12,44.4,3259386
2014-12-19 15:15:00,44.41,44.43,44.23,44.32,3410637
2014-12-19 15:30:00,44.32,44.33,44.203,44.25,3688423
2014-12-19 15:45:00,44.24,44.25,44.09,44.1,4557980
2014-12-19 16:00:00,44.1,44.39,44.0,44.23,6986373
2014-12-22 09:45:00,44.17,44.61,44.14,44.61,81295
2014-12-22 10:00:00,44.62,44.68,44.56,44.68,166702
2014-12-22 10:15:00,44.67,44.7,44.61,44.65,254991
2014-12-22 10:30:00,44.66,44.67,44.49,44.52,331250
2014-12-22 10:45:00,44.5288,44.585,44.51,44.51,408405
2014-12-22 11:00:00,44.52,44.58,44.48,44.55,497731
2014-12-22 11:15:00,44.55,44.56,44.39,44.42,596777
2014-12-22 11:30:00,44.43,44.51,44.38,44.49,710683
2014-12-22 11:45:00,44.49,44.58,44.49,44.58,761929
2014-12-22 12:00:00,44.58,44.58,44.54,44.57,813502
2014-12-22 12:15:00,44.579,44.59,44.52,44.53,859342
2014-12-22 12:30:00,44.52,44.545,44.48,44.539,897746
2014-12-22 12:45:00,44.53,44.55,44.46,44.47,953251
2014-12-22 13:00:00,44.47,44.585,44.46,44.56,1019748
2014-12-22 13:15:00,44.56,44.66,44.5559,44.6544,1127298
2014-12-22 13:30:00,44.65,44.675,44.59,44.61,1335524
2014-12-22 13:45:00,44.607,44.66,44.59,44.6,1393704
2014-12-22 14:00:00,44.609,44.62,44.5599,44.57,1452036
2014-12-22 14:15:00,44.565,44.59,44.52,44.59,1501218
2014-12-22 14:30:00,44.59,44.61,44.53,44.57,1568388
2014-12-22 14:45:00,44.56,44.585,44.53,44.54,1637422
2014-12-22 15:00:00,44.54,44.59,44.54,44.57,1712849
2014-12-22 15:15:00,44.57,44.59,44.55,44.55,1785807
2014-12-22 15:30:00,44.55,44.61,44.525,44.6,1928499
2014-12-22 15:45:00,44.6,44.62,44.57,44.57,2061630
2014-12-22 16:00:00,44.58,44.62,44.57,44.62,2353335
2014-12-23 09:45:00,44.75,45.0,44.64,44.99,94075
2014-12-23 10:00:00,45.0,45.3,44.99,45.27,181412
2014-12-23 10:15:00,45.3,45.43,45.27,45.31,284435
2014-12-23 10:30:00,45.3,45.39,45.29,45.31,340631
2014-12-23 10:45:00,45.32,45.42,45.24,45.27,437850
2014-12-23 11:00:00,45.27,45.42,45.23,45.42,527833
2014-12-23 11:15:00,45.42,45.58,45.4199,45.57,607320
2014-12-23 11:30:00,45.57,45.61,45.39,45.41,685035
2014-12-23 11:45:00,45.42,45.57,45.42,45.46,762400
2014-12-23 12:00:00,45.46,45.66,45.405,45.63,885702
2014-12-23 12:15:00,45.63,45.72,45.625,45.655,965165
2014-12-23 12:30:00,45.65,45.655,45.55,45.6,1008173
2014-12-23 12:45:00,45.59,45.6149,45.53,45.58,1044339
2014-12-23 13:00:00,45.5849,45.61,45.52,45.61,1105295
2014-12-23 13:15:00,45.62,45.63,45.57,45.6,1146836
2014-12-23 13:30:00,45.61,45.61,45.52,45.55,1182298
2014-12-23 13:45:00,45.54,45.59,45.54,45.57,1225031
2014-12-23 14:00:00,45.58,45.6,45.5,45.5,1274942
2014-12-23 14:15:00,45.5,45.59,45.5,45.53,1329287
2014-12-23 14:30:00,45.53,45.53,45.39,45.4,1386215
2014-12-23 14:45:00,45.4,45.42,45.35,45.37,1444065
2014-12-23 15:00:00,45.37,45.37,45.28,45.28,1507070
2014-12-23 15:15:00,45.29,45.29,45.16,45.25,1597819
2014-12-23 15:30:00,45.25,45.25,45.15,45.21,1687385
2014-12-23 15:45:00,45.21,45.21,45.105,45.17,1819234
2014-12-23 16:00:00,45.16,45.2,45.08,45.18,2108282
2014-12-24 09:45:00,45.19,45.39,45.19,45.27,60305
2014-12-24 10:00:00,45.27,45.35,45.205,45.2701,109737
2014-12-24 10:15:00,45.29,45.43,45.29,45.41,142616
2014-12-24 10:30:00,45.41,45.53,45.41,45.49,187111
2014-12-24 10:45:00,45.49,45.49,45.41,45.44,244281
2014-12-24 11:00:00,45.44,45.45,45.369,45.4,297033
2014-12-24 11:15:00,45.39,45.44,45.38,45.44,342185
2014-12-24 11:30:00,45.445,45.46,45.37,45.4,388794
2014-12-24 11:45:00,45.41,45.45,45.405,45.44,425924
2014-12-24 12:00:00,45.445,45.56,45.445,45.55,463874
2014-12-24 12:15:00,45.555,45.56,45.48,45.49,524516
2014-12-24 12:30:00,45.49,45.51,45.47,45.48,595773
2014-12-24 12:45:00,45.48,45.49,45.42,45.42,651389
2014-12-24 13:00:00,45.42,45.43,45.36,45.39,801893
2014-12-24 13:15:00,45.39,45.4,45.39,45.4,864689
2014-12-24 13:30:00,45.4,45.4,45.4,45.4,868028
2014-12-26 09:45:00,45.45,45.72,45.45,45.68,54676
2014-12-26 10:00:00,45.662,45.71,45.66,45.7,109033
2014-12-26 10:15:00,45.7,45.7237,45.55,45.58,263098
2014-12-26 10:30:00,45.58,45.7,45.58,45.7,347315
2014-12-26 10:45:00,45.7,45.71,45.57,45.58,432418
2014-12-26 11:00:00,45.58,45.63,45.58,45.62,492869
2014-12-26 11:15:00,45.62,45.72,45.62,45.71,591958
2014-12-26 11:30:00,45.72,45.76,45.71,45.72,682821
2014-12-26 11:45:00,45.72,45.74,45.71,45.71,743055
2014-12-26 12:00:00,45.715,45.72,45.63,45.6565,849500
2014-12-26 12:15:00,45.66,45.66,45.65,45.66,910466
2014-12-26 12:30:00,45.66,45.71,45.66,45.7,981063
2014-12-26 12:45:00,45.7,45.72,45.685,45.715,1056946
2014-12-26 13:00:00,45.71,45.74,45.71,45.74,1136077
2014-12-26 13:15:00,45.74,45.74,45.73,45.74,1173687
2014-12-26 13:30:00,45.74,45.74,45.73,45.735,1216030
2014-12-26 13:45:00,45.73,45.74,45.73,45.74,1281844
2014-12-26 14:00:00,45.74,45.78,45.73,45.77,1430715
2014-12-26 14:15:00,45.77,45.835,45.77,45.82,1535227
2014-12-26 14:30:00,45.83,45.88,45.82,45.85,1631192
2014-12-26 14:45:00,45.85,45.89,45.85,45.87,1820347
2014-12-26 15:00:00,45.87,45.88,45.69,45.715,1967388
2014-12-26 15:15:00,45.71,45.73,45.68,45.72,2166096
2014-12-26 15:30:00,45.72,45.77,45.69,45.75,2389448
2014-12-26 15:45:00,45.75,45.79,45.71,45.71,2629661
2014-12-26 16:00:00,45.7,45.79,45.7,45.735,3030253
2014-12-29 09:45:00,45.55,45.79,45.5,45.64,133677
2014-12-29 10:00:00,45.64,45.68,45.6,45.6,248017
2014-12-29 10:15:00,45.61,45.74,45.54,45.73,342741
2014-12-29 10:30:00,45.73,45.78,45.66,45.75,430635
2014-12-29 10:45:00,45.74,45.75,45.55,45.56,618082
2014-12-29 11:00:00,45.56,45.67,45.545,45.66,687115
2014-12-29 11:15:00,45.65,45.68,45.65,45.65,748031
2014-12-29 11:30:00,45.65,45.67,45.61,45.61,822412
2014-12-29 11:45:00,45.61,45.64,45.59,45.615,879924
2014-12-29 12:00:00,45.615,45.64,45.6,45.63,972186
2014-12-29 12:15:00,45.625,45.72,45.62,45.71,1085972
2014-12-29 12:30:00,45.7,45.71,45.685,45.7,1122749
2014-12-29 12:45:00,45.7,45.7,45.63,45.64,1171941
2014-12-29 13:00:00,45.64,45.65,45.54,45.5599,1249816
2014-12-29 13:15:00,45.56,45.6,45.49,45.5,1347527
2014-12-29 13:30:00,45.5,45.52,45.49,45.5,1400043
2014-12-29 13:45:00,45.5,45.53,45.44,45.52,1483046
2014-12-29 14:00:00,45.525,45.525,45.495,45.5,1539840
2014-12-29 14:15:00,45.5,45.53,45.47,45.53,1640160
2014-12-29 14:30:00,45.54,45.54,45.49,45.53,1765370
2014-12-29 14:45:00,45.54,45.58,45.53,45.555,1870741
2014-12-29 15:00:00,45.56,45.56,45.49,45.53,1961792
2014-12-29 15:15:00,45.535,45.535,45.5,45.5,2020704
2014-12-29 15:30:00,45.5,45.52,45.465,45.47,2104267
2014-12-29 15:45:00,45.47,45.5,45.45,45.475,2269668
2014-12-29 16:00:00,45.47,45.53,45.47,45.5,2577623
2014-12-30 09:45:00,45.27,45.52,45.175,45.37,64225
2014-12-30 10:00:00,45.38,45.44,45.2,45.2,139203
2014-12-30 10:15:00,45.22,45.31,45.19,45.24,200614
2014-12-30 10:30:00,45.26,45.28,45.2,45.23,253070
2014-12-30 10:45:00,45.23,45.24,45.06,45.11,338203
2014-12-30 11:00:00,45.12,45.17,45.09,45.15,393197
2014-12-30 11:15:00,45.14,45.145,45.095,45.1,450668
2014-12-30 11:30:00,45.12,45.24,45.1,45.19,513157
2014-12-30 11:45:00,45.18,45.18,45.1,45.11,564898
2014-12-30 12:00:00,45.1,45.12,45.1,45.1,613489
2014-12-30 12:15:00,45.1,45.11,45.07,45.07,658715
2014-12-30 12:30:00,45.07,45.075,45.02,45.04,699483
2014-12-30 12:45:00,45.04,45.109,45.03,45.1,751300
2014-12-30 13:00:00,45.1,45.17,45.1,45.11,804928
2014-12-30 13:15:00,45.11,45.12,45.08,45.1,855256
2014-12-30 13:30:00,45.1,45.13,45.1,45.12,912614
2014-12-30 13:45:00,45.12,45.13,45.03,45.04,997772
2014-12-30 14:00:00,45.04,45.15,45.035,45.15,1065618
2014-12-30 14:15:00,45.14,45.15,45.06,45.11,1119512
2014-12-30 14:30:00,45.115,45.1599,45.11,45.15,1167679
2014-12-30 14:45:00,45.155,45.31,45.15,45.305,1257455
2014-12-30 15:00:00,45.3099,45.4,45.3,45.39,1371035
2014-12-30 15:15:00,45.39,45.45,45.39,45.41,1448775
2014-12-30 15:30:00,45.41,45.425,45.36,45.36,1594223
2014-12-30 15:45:00,45.36,45.37,45.32,45.32,1762458
2014-12-30 16:00:00,45.31,45.325,45.25,45.3,2037562
2014-12-31 09:45:00,45.26,45.45,45.09,45.14,96735
2014-12-31 10:00:00,45.11,45.26,45.1,45.25,119511
2014-12-31 10:15:00,45.25,45.388,45.23,45.388,151692
2014-12-31 10:30:00,45.39,45.47,45.36,45.46,216111
2014-12-31 10:45:00,45.45,45.46,45.32,45.35,279597
2014-12-31 11:00:00,45.35,45.35,45.23,45.25,309785
2014-12-31 11:15:00,45.26,45.27,45.16,45.16,351693
2014-12-31 11:30:00,45.16,45.2,45.13,45.16,385846
2014-12-31 11:45:00,45.16,45.185,45.14,45.14,413850
2014-12-31 12:00:00,45.15,45.29,45.15,45.26,450018
2014-12-31 12:15:00,45.27,45.27,45.2,45.225,478535
2014-12-31 12:30:00,45.23,45.24,45.11,45.14,510457
2014-12-31 12:45:00,45.14,45.205,45.12,45.19,538677
2014-12-31 13:00:00,45.19,45.19,45.1,45.12,558806
2014-12-31 13:15:00,45.13,45.18,45.09,45.1,584898
2014-12-31 13:30:00,45.1,45.135,45.06,45.07,623311
2014-12-31 13:45:00,45.07,45.08,45.05,45.08,658875
2014-12-31 14:00:00,45.08,45.09,45.025,45.05,696982
2014-12-31 14:15:00,45.045,45.05,44.97,44.98,733828
2014-12-31 14:30:00,44.98,44.98,44.85,44.95,795757
2014-12-31 14:45:00,44.95,44.96,44.85,44.88,824550
2014-12-31 15:00:00,44.89,44.93,44.88,44.91,860407
2014-12-31 15:15:00,44.91,44.935,44.89,44.93,898960
2014-12-31 15:30:00,44.93,44.94,44.91,44.92,973727
2014-12-31 15:45:00,44.93,44.93,44.795,44.83,1069002
2014-12-31 16:00:00,44.83,44.83,44.7,44.71,1696282
2015-01-02 09:45:00,45.04,45.108,44.71,44.8,76497
2015-01-02 10:00:00,44.8,44.92,44.72,44.73,101709
2015-01-02 10:15:00,44.71,44.78,44.6,44.76,138760
2015-01-02 10:30:00,44.76,44.89,44.72,44.87,190059
2015-01-02 10:45:00,44.86,44.86,44.59,44.64,291781
2015-01-02 11:00:00,44.65,44.71,44.65,44.68,315423
2015-01-02 11:15:00,44.67,44.7,44.58,44.61,363457
2015-01-02 11:30:00,44.61,44.66,44.57,44.64,396537
2015-01-02 11:45:00,44.64,44.67,44.49,44.5,438429
2015-01-02 12:00:00,44.49,44.54,44.46,44.5,461817
2015-01-02 12:15:00,44.51,44.61,44.49,44.56,513785
2015-01-02 12:30:00,44.56,44.65,44.54,44.63,532186
2015-01-02 12:45:00,44.62,44.665,44.61,44.61,549862
2015-01-02 13:00:00,44.6,44.64,44.555,44.61,573048
2015-01-02 13:15:00,44.61,44.63,44.575,44.59,592180
2015-01-02 13:30:00,44.584,44.62,44.5,44.5,611780
2015-01-02 13:45:00,44.51,44.53,44.46,44.5,634872
2015-01-02 14:00:00,44.52,44.61,44.5,44.57,651345
2015-01-02 14:15:00,44.57,44.68,44.56,44.675,677619
2015-01-02 14:30:00,44.675,44.74,44.67,44.69,712345
2015-01-02 14:45:00,44.67,44.74,44.665,44.73,735109
2015-01-02 15:00:00,44.73,44.77,44.7,44.73,767271
2015-01-02 15:15:00,44.76,44.82,44.74,44.7832,833645
2015-01-02 15:30:00,44.78,44.91,44.78,44.905,903813
2015-01-02 15:45:00,44.91,44.91,44.83,44.835,995851
2015-01-02 16:00:00,44.84,44.91,44.83,44.835,1225682
2015-01-05 09:45:00,44.47,44.58,44.18,44.24,84158
2015-01-05 10:00:00,44.24,44.24,44.11,44.16,154712
2015-01-05 10:15:00,44.15,44.36,44.13,44.31,219047
2015-01-05 10:30:00,44.31,44.34,44.23,44.28,280679
2015-01-05 10:45:00,44.265,44.28,44.08,44.105,345833
2015-01-05 11:00:00,44.1,44.24,44.09,44.15,396969
2015-01-05 11:15:00,44.14,44.17,44.07,44.08,448174
2015-01-05 11:30:00,44.08,44.11,44.02,44.06,499261
2015-01-05 11:45:00,44.07,44.17,44.02,44.17,582654
2015-01-05 12:00:00,44.165,44.22,44.16,44.205,659823
2015-01-05 12:15:00,44.2,44.21,44.07,44.08,707680
2015-01-05 12:30:00,44.06,44.06,43.91,43.94,754700
2015-01-05 12:45:00,43.94,44.005,43.89,43.98,813463
2015-01-05 13:00:00,43.97,43.97,43.74,43.7984,892820
2015-01-05 13:15:00,43.81,43.885,43.76,43.79,940609
2015-01-05 13:30:00,43.78,43.815,43.765,43.79,1003758
2015-01-05 13:45:00,43.8,43.84,43.72,43.72,1057552
2015-01-05 14:00:00,43.72,43.85,43.67,43.78,1111392
2015-01-05 14:15:00,43.78,43.78,43.64,43.64,1161309
2015-01-05 14:30:00,43.64,43.71,43.62,43.63,1212561
2015-01-05 14:45:00,43.64,43.68,43.5,43.51,1323520
2015-01-05 15:00:00,43.511,43.59,43.5,43.52,1375453
2015-01-05 15:15:00,43.51,43.61,43.48,43.59,1433728
2015-01-05 15:30:00,43.58,43.62,43.51,43.5798,1507413
2015-01-05 15:45:00,43.57,43.605,43.51,43.51,1652843
2015-01-05 16:00:00,43.52,43.7,43.52,43.61,2018243
2015-01-06 09:45:00,42.5,43.06,42.31,43.0,300491
2015-01-06 10:00:00,43.0,43.07,42.97,43.035,474778
2015-01-06 10:15:00,43.03,43.13,42.91,43.05,641101
2015-01-06 10:30:00,43.04,43.22,43.03,43.07,758844
2015-01-06 10:45:00,43.06,43.07,42.96,42.97,870621
2015-01-06 11:00:00,42.97,43.03,42.85,42.87,955711
2015-01-06 11:15:00,42.85,42.91,42.78,42.89,1000515
2015-01-06 11:30:00,42.91,42.92,42.74,42.8,1049655
2015-01-06 11:45:00,42.8,42.9,42.66,42.7,1203184
2015-01-06 12:00:00,42.68,42.84,42.68,42.82,1278330
2015-01-06 12:15:00,42.81,42.82,42.63,42.7,1340384
2015-01-06 12:30:00,42.715,42.715,42.57,42.63,1429285
2015-01-06 12:45:00,42.64,42.75,42.61,42.71,1495784
2015-01-06 13:00:00,42.71,42.7225,42.63,42.65,1580087
2015-01-06 13:15:00,42.65,42.65,42.4518,42.48,1668076
2015-01-06 13:30:00,42.48,42.56,42.43,42.54,1848081
2015-01-06 13:45:00,42.53,42.59,42.47,42.515,1934115
2015-01-06 14:00:00,42.52,42.625,42.52,42.59,2025403
2015-01-06 14:15:00,42.59,42.6199,42.55,42.56,2124703
2015-01-06 14:30:00,42.54,42.65,42.5101,42.65,2199042
2015-01-06 14:45:00,42.65,42.785,42.6,42.76,2303092
2015-01-06 15:00:00,42.77,42.82,42.73,42.75,2376076
2015-01-06 15:15:00,42.75,42.8,42.7,42.78,2481952
2015-01-06 15:30:00,42.78,42.93,42.77,42.93,2613282
2015-01-06 15:45:00,42.93,42.93,42.75,42.81,2808585
2015-01-06 16:00:00,42.81,42.885,42.64,42.65,3136689
2015-01-07 09:45:00,42.92,42.92,42.63,42.8,64608
2015-01-07 10:00:00,42.8,42.925,42.71,42.9,132725
2015-01-07 10:15:00,42.9,43.02,42.69,42.7,203506
2015-01-07 10:30:00,42.71,42.71,42.53,42.55,287383
2015-01-07 10:45:00,42.55,42.655,42.49,42.57,381151
2015-01-07 11:00:00,42.56,42.6563,42.535,42.6563,504557
2015-01-07 11:15:00,42.66,42.7,42.45,42.45,583210
2015-01-07 11:30:00,42.45,42.49,42.41,42.42,648153
2015-01-07 11:45:00,42.43,42.52,42.39,42.52,724667
2015-01-07 12:00:00,42.515,42.53,42.45,42.53,821708
2015-01-07 12:15:00,42.53,42.74,42.53,42.585,911875
2015-01-07 12:30:00,42.585,42.68,42.5837,42.65,986623
2015-01-07 12:45:00,42.66,42.67,42.56,42.56,1032820
2015-01-07 13:00:00,42.56,42.565,42.47,42.5,1098728
2015-01-07 13:15:00,42.51,42.59,42.495,42.56,1165767
2015-01-07 13:30:00,42.56,42.61,42.465,42.475,1215958
2015-01-07 13:45:00,42.48,42.5801,42.475,42.5801,1296211
2015-01-07 14:00:00,42.58,42.605,42.53,42.53,1366951
2015-01-07 14:15:00,42.53,42.65,42.48,42.58,1466125
2015-01-07 14:30:00,42.58,42.74,42.56,42.65,1611949
2015-01-07 14:45:00,42.6499,42.71,42.645,42.685,1693832
2015-01-07 15:00:00,42.68,42.78,42.68,42.72,1944629
2015-01-07 15:15:00,42.72,42.8,42.72,42.79,2038645
2015-01-07 15:30:00,42.79,42.81,42.69,42.725,2247333
2015-01-07 15:45:00,42.73,42.8,42.69,42.71,2453835
2015-01-07 16:00:00,42.7,42.78,42.65,42.77,2940760
2015-01-08 09:45:00,43.05,43.29,43.0,43.27,61768
2015-01-08 10:00:00,43.28,43.32,43.2,43.255,101520
2015-01-08 10:15:00,43.26,43.3,43.21,43.28,189647
2015-01-08 10:30:00,43.29,43.49,43.29,43.47,275958
2015-01-08 10:45:00,43.46,43.51,43.41,43.44,384906
2015-01-08 11:00:00,43.44,43.52,43.41,43.52,475319
2015-01-08 11:15:00,43.53,43.63,43.49,43.49,527839
2015-01-08 11:30:00,43.49,43.4997,43.26,43.3,642969
2015-01-08 11:45:00,43.31,43.455,43.31,43.43,682355
2015-01-08 12:00:00,43.43,43.43,43.28,43.29,824928
2015-01-08 12:15:00,43.29,43.29,43.11,43.15,904569
2015-01-08 12:30:00,43.155,43.225,43.15,43.22,992088
2015-01-08 12:45:00,43.23,43.23,43.15,43.1675,1057968
2015-01-08 13:00:00,43.17,43.23,43.15,43.2101,1113556
2015-01-08 13:15:00,43.22,43.23,43.19,43.2,1198054
2015-01-08 13:30:00,43.21,43.22,43.13,43.15,1267831
2015-01-08 13:45:00,43.15,43.19,43.13,43.19,1315440
2015-01-08 14:00:00,43.19,43.21,43.16,43.19,1386054
2015-01-08 14:15:00,43.19,43.22,43.17,43.2,1448074
2015-01-08 14:30:00,43.195,43.31,43.17,43.305,1508206
2015-01-08 14:45:00,43.31,43.4,43.305,43.385,1570783
2015-01-08 15:00:00,43.38,43.385,43.29,43.33,1637715
2015-01-08 15:15:00,43.33,43.34,43.25,43.32,1704280
2015-01-08 15:30:00,43.32,43.32,43.2,43.21,1817920
2015-01-08 15:45:00,43.22,43.26,43.2,43.215,1913766
2015-01-08 16:00:00,43.22,43.26,43.2,43.25,2155541
2015-01-09 09:45:00,43.38,43.47,43.26,43.42,48736
2015-01-09 10:00:00,43.43,43.43,43.2,43.25,105506
2015-01-09 10:15:00,43.25,43.34,43.21,43.29,142275
2015-01-09 10:30:00,43.3,43.3,43.02,43.05,186506
2015-01-09 10:45:00,43.05,43.05,42.77,42.8,293375
2015-01-09 11:00:00,42.8,42.87,42.8,42.84,415059
2015-01-09 11:15:00,42.84,42.84,42.67,42.69,480753
2015-01-09 11:30:00,42.69,42.8,42.67,42.79,524333
2015-01-09 11:45:00,42.78,42.8,42.72,42.8,585052
2015-01-09 12:00:00,42.8,42.81,42.75,42.81,653939
2015-01-09 12:15:00,42.81,42.83,42.79,42.81,731089
2015-01-09 12:30:00,42.81,42.81,42.699,42.73,771801
2015-01-09 12:45:00,42.73,42.79,42.73,42.79,831867
2015-01-09 13:00:00,42.79,42.79,42.73,42.74,874642
2015-01-09 13:15:00,42.74,42.78,42.73,42.775,939659
2015-01-09 13:30:00,42.78,42.81,42.75,42.75,985226
2015-01-09 13:45:00,42.76,42.82,42.75,42.77,1015471
2015-01-09 14:00:00,42.77,42.85,42.76,42.79,1175768
2015-01-09 14:15:00,42.79,42.82,42.76,42.8,1205017
2015-01-09 14:30:00,42.79,42.79,42.7,42.71,1247292
2015-01-09 14:45:00,42.71,42.74,42.65,42.7,1297837
2015-01-09 15:00:00,42.7,42.75,42.68,42.72,1345513
2015-01-09 15:15:00,42.715,42.86,42.71,42.83,1403729
2015-01-09 15:30:00,42.84,42.84,42.74,42.76,1467206
2015-01-09 15:45:00,42.76,42.79,42.68,42.79,1581176
2015-01-09 16:00:00,42.79,42.81,42.72,42.73,1806719
2015-01-12 09:45:00,42.74,42.854,42.48,42.51,63810
2015-01-12 10:00:00,42.54,42.54,42.27,42.345,97031
2015-01-12 10:15:00,42.33,42.42,42.25,42.42,180207
2015-01-12 10:30:00,42.41,42.53,42.41,42.41,230880
2015-01-12 10:45:00,42.41,42.59,42.4,42.58,274220
2015-01-12 11:00:00,42.58,42.7,42.58,42.7,359918
2015-01-12 11:15:00,42.71,42.81,42.71,42.74,424770
2015-01-12 11:30:00,42.72,42.75,42.68,42.75,452438
2015-01-12 11:45:00,42.74,42.79,42.69,42.77,483028
2015-01-12 12:00:00,42.78,42.785,42.61,42.66,514692
2015-01-12 12:15:00,42.67,42.79,42.67,42.77,550456
2015-01-12 12:30:00,42.77,42.81,42.74,42.78,575256
2015-01-12 12:45:00,42.78,42.84,42.78,42.83,616293
2015-01-12 13:00:00,42.82,42.89,42.81,42.84,664641
2015-01-12 13:15:00,42.83,42.845,42.73,42.8,686178
2015-01-12 13:30:00,42.79,42.84,42.75,42.8,735289
2015-01-12 13:45:00,42.8,42.87,42.8,42.87,761566
2015-01-12 14:00:00,42.86,42.93,42.85,42.93,806863
2015-01-12 14:15:00,42.925,42.95,42.88,42.91,869158
2015-01-12 14:30:00,42.92,42.92,42.82,42.83,903592
2015-01-12 14:45:00,42.84,42.87,42.8,42.835,968660
2015-01-12 15:00:00,42.83,42.89,42.8,42.87,1043001
2015-01-12 15:15:00,42.87,42.8999,42.84,42.8725,1094433
2015-01-12 15:30:00,42.8725,42.93,42.82,42.88,1165872
2015-01-12 15:45:00,42.88,42.9,42.78,42.855,1230982
2015-01-12 16:00:00,42.86,42.99,42.78,42.8,1477055
2015-01-13 09:45:00,43.12,43.46,43.11,43.255,58262
2015-01-13 10:00:00,43.3,43.56,43.27,43.55,109264
2015-01-13 10:15:00,43.55,43.61,43.5,43.55,153536
2015-01-13 10:30:00,43.56,43.61,43.42,43.43,191261
2015-01-13 10:45:00,43.44,43.48,43.36,43.37,232247
2015-01-13 11:00:00,43.36,43.4,43.27,43.29,263827
2015-01-13 11:15:00,43.29,43.32,43.211,43.24,304967
2015-01-13 11:30:00,43.25,43.29,43.23,43.25,348782
2015-01-13 11:45:00,43.26,43.27,43.23,43.25,393804
2015-01-13 12:00:00,43.26,43.35,43.25,43.33,425270
2015-01-13 12:15:00,43.35,43.35,43.25,43.25,455543
2015-01-13 12:30:00,43.2541,43.26,43.13,43.185,484147
2015-01-13 12:45:00,43.18,43.18,43.11,43.15,521027
2015-01-13 13:00:00,43.15,43.24,43.1365,43.24,543538
2015-01-13 13:15:00,43.24,43.305,43.24,43.29,583668
2015-01-13 13:30:00,43.29,43.295,43.0,43.04,627358
2015-01-13 13:45:00,43.04,43.04,42.89,42.8901,668301
2015-01-13 14:00:00,42.89,42.91,42.64,42.71,717645
2015-01-13 14:15:00,42.7,42.7136,42.49,42.55,773740
2015-01-13 14:30:00,42.52,42.69,42.52,42.69,807951
2015-01-13 14:45:00,42.68,42.81,42.68,42.8,851225
2015-01-13 15:00:00,42.8,42.9,42.72,42.74,947097
2015-01-13 15:15:00,42.73,42.81,42.69,42.8,1005185
2015-01-13 15:30:00,42.8,42.86,42.75,42.75,1091155
2015-01-13 15:45:00,42.76,43.055,42.76,43.01,1217996
2015-01-13 16:00:00,43.0,43.02,42.87,42.98,1477927
2015-01-14 09:45:00,42.52,42.65,42.38,42.51,57056
2015-01-14 10:00:00,42.5,42.6,42.47,42.52,102085
2015-01-14 10:15:00,42.52,42.79,42.52,42.66,141126
2015-01-14 10:30:00,42.63,42.67,42.44,42.44,167478
2015-01-14 10:45:00,42.43,42.615,42.39,42.615,207419
2015-01-14 11:00:00,42.6,42.74,42.59,42.735,245379
2015-01-14 11:15:00,42.7325,42.739,42.41,42.41,282514
2015-01-14 11:30:00,42.42,42.51,42.42,42.46,296990
2015-01-14 11:45:00,42.45,42.68,42.4,42.6,344740
2015-01-14 12:00:00,42.61,42.66,42.55,42.55,365371
2015-01-14 12:15:00,42.58,42.59,42.5,42.53,409458
2015-01-14 12:30:00,42.53,42.625,42.53,42.62,460713
2015-01-14 12:45:00,42.62,42.72,42.61,42.63,517446
2015-01-14 13:00:00,42.621,42.64,42.5,42.56,545291
2015-01-14 13:15:00,42.56,42.63,42.46,42.47,573698
2015-01-14 13:30:00,42.46,42.54,42.45,42.47,603472
2015-01-14 13:45:00,42.47,42.48,42.31,42.31,639020
2015-01-14 14:00:00,42.3,42.4,42.29,42.31,673777
2015-01-14 14:15:00,42.33,42.48,42.32,42.48,714537
2015-01-14 14:30:00,42.48,42.59,42.45,42.59,757869
2015-01-14 14:45:00,42.58,42.69,42.55,42.63,827727
2015-01-14 15:00:00,42.63,42.65,42.57,42.64,910679
2015-01-14 15:15:00,42.63,42.71,42.59,42.62,972737
2015-01-14 15:30:00,42.64,42.81,42.64,42.76,1060838
2015-01-14 15:45:00,42.76,42.81,42.62,42.73,1183812
2015-01-14 16:00:00,42.74,42.83,42.735,42.81,1410174
2015-01-15 09:45:00,42.91,43.11,42.6,42.6,43878
2015-01-15 10:00:00,42.605,42.62,42.415,42.57,74284
2015-01-15 10:15:00,42.57,42.72,42.5,42.66,122375
2015-01-15 10:30:00,42.655,42.73,42.52,42.61,287491
2015-01-15 10:45:00,42.65,42.84,42.64,42.73,319031
2015-01-15 11:00:00,42.73,42.75,42.53,42.57,340749
2015-01-15 11:15:00,42.57,42.58,42.435,42.52,389994
2015-01-15 11:30:00,42.53,42.56,42.45,42.5,426356
2015-01-15 11:45:00,42.51,42.6,42.45,42.6,456277
2015-01-15 12:00:00,42.6,42.65,42.5,42.52,475729
2015-01-15 12:15:00,42.52,42.57,42.45,42.54,520508
2015-01-15 12:30:00,42.53,42.55,42.49,42.53,550457
2015-01-15 12:45:00,42.51,42.51,42.3,42.305,593951
2015-01-15 13:00:00,42.3,42.36,42.29,42.34,635633
2015-01-15 13:15:00,42.33,42.49,42.31,42.48,700320
2015-01-15 13:30:00,42.48,42.515,42.42,42.42,751683
2015-01-15 13:45:00,42.42,42.45,42.3404,42.36,770708
2015-01-15 14:00:00,42.36,42.51,42.34,42.4272,804555
2015-01-15 14:15:00,42.43,42.51,42.39,42.485,868498
2015-01-15 14:30:00,42.485,42.5,42.46,42.47,920207
2015-01-15 14:45:00,42.48,42.53,42.44,42.49,1033873
2015-01-15 15:00:00,42.48,42.51,42.44,42.48,1080488
2015-01-15 15:15:00,42.47,42.5,42.34,42.37,1147756
2015-01-15 15:30:00,42.38,42.46,42.34,42.41,1210524
2015-01-15 15:45:00,42.4,42.45,42.34,42.3877,1286434
2015-01-15 16:00:00,42.39,42.41,42.19,42.2,1591445
2015-01-16 09:45:00,42.05,42.33,42.02,42.2,352695
2015-01-16 10:00:00,42.2,42.31,42.12,42.195,444326
2015-01-16 10:15:00,42.21,42.225,41.92,42.06,684554
2015-01-16 10:30:00,42.04,42.36,41.94,42.32,777903
2015-01-16 10:45:00,42.31,42.38,42.27,42.335,856061
2015-01-16 11:00:00,42.33,42.5,42.32,42.49,958087
2015-01-16 11:15:00,42.5,42.53,42.44,42.49,1051757
2015-01-16 11:30:00,42.48,42.51,42.34,42.34,1126717
2015-01-16 11:45:00,42.35,42.41,42.3,42.38,1191137
2015-01-16 12:00:00,42.39,42.39,42.27,42.31,1237924
2015-01-16 12:15:00,42.32,42.39,42.305,42.31,1288102
2015-01-16 12:30:00,42.31,42.34,42.28,42.31,1346107
2015-01-16 12:45:00,42.305,42.53,42.305,42.5239,1368173
2015-01-16 13:00:00,42.53,42.53,42.45,42.465,1412642
2015-01-16 13:15:00,42.47,42.475,42.4,42.42,1465471
2015-01-16 13:30:00,42.42,42.51,42.39,42.42,1621575
2015-01-16 13:45:00,42.43,42.53,42.4,42.5247,1652102
2015-01-16 14:00:00,42.5225,42.61,42.51,42.59,1727851
2015-01-16 14:15:00,42.59,42.5955,42.535,42.56,1795493
2015-01-16 14:30:00,42.55,42.6199,42.55,42.59,1825215
2015-01-16 14:45:00,42.59,42.62,42.55,42.6,1876579
2015-01-16 15:00:00,42.6,42.67,42.575,42.6,1932701
2015-01-16 15:15:00,42.59,42.63,42.58,42.61,2031890
2015-01-16 15:30:00,42.61,42.68,42.61,42.65,2151963
2015-01-16 15:45:00,42.65,42.7,42.62,42.665,2504803
2015-01-16 16:00:00,42.67,42.75,42.67,42.7,3113638
2015-01-20 09:45:00,43.05,43.15,42.72,42.9,91890
2015-01-20 10:00:00,42.9,42.95,42.72,42.9125,205907
2015-01-20 10:15:00,42.91,43.03,42.88,42.995,274597
2015-01-20 10:30:00,42.99,43.09,42.95,43.05,332930
2015-01-20 10:45:00,43.05,43.068,42.81,42.83,406155
2015-01-20 11:00:00,42.82,42.97,42.82,42.94,485705
2015-01-20 11:15:00,42.94,43.03,42.9,42.9925,578271
2015-01-20 11:30:00,42.995,43.02,42.97,43.02,656026
2015-01-20 11:45:00,43.01,43.04,42.93,42.94,709940
2015-01-20 12:00:00,42.93,43.0,42.87,42.99,783334
2015-01-20 12:15:00,42.9825,43.01,42.95,43.01,810285
2015-01-20 12:30:00,43.0,43.01,42.975,43.0,835655
2015-01-20 12:45:00,42.99,43.035,42.98,43.0,871943
2015-01-20 13:00:00,43.015,43.1,43.01,43.07,939881
2015-01-20 13:15:00,43.07,43.13,43.03,43.09,1099956
2015-01-20 13:30:00,43.08,43.24,43.08,43.185,1143417
2015-01-20 13:45:00,43.18,43.26,43.175,43.25,1200795
2015-01-20 14:00:00,43.25,43.25,43.112,43.1374,1247313
2015-01-20 14:15:00,43.14,43.2,43.125,43.16,1277860
2015-01-20 14:30:00,43.15,43.18,43.135,43.175,1322161
2015-01-20 14:45:00,43.18,43.275,43.165,43.275,1361993
2015-01-20 15:00:00,43.26,43.38,43.25,43.38,1432106
2015-01-20 15:15:00,43.37,43.41,43.37,43.379,1516775
2015-01-20 15:30:00,43.37,43.4,43.32,43.36,1595356
2015-01-20 15:45:00,43.36,43.3799,43.3,43.32,1694021
2015-01-20 16:00:00,43.33,43.33,43.24,43.3,1972951
2015-01-21 09:45:00,43.12,43.87,42.99,43.6125,133642
2015-01-21 10:00:00,43.646,43.646,43.27,43.58,203163
2015-01-21 10:15:00,43.58,43.67,43.52,43.61,303609
2015-01-21 10:30:00,43.61,43.66,43.56,43.62,388706
2015-01-21 10:45:00,43.62,43.64,43.46,43.54,588743
2015-01-21 11:00:00,43.545,43.72,43.53,43.69,736208
2015-01-21 11:15:00,43.68,43.725,43.64,43.69,861111
2015-01-21 11:30:00,43.69,43.7,43.56,43.6,905617
2015-01-21 11:45:00,43.59,43.67,43.59,43.65,966917
2015-01-21 12:00:00,43.6525,43.75,43.6525,43.69,1010276
2015-01-21 12:15:00,43.685,43.8,43.685,43.8,1047570
2015-01-21 12:30:00,43.8,43.89,43.79,43.88,1083874
2015-01-21 12:45:00,43.89,43.94,43.84,43.9,1173937
2015-01-21 13:00:00,43.9,43.96,43.8,43.8814,1248615
2015-01-21 13:15:00,43.88,43.97,43.835,43.8425,1614598
2015-01-21 13:30:00,43.8325,43.86,43.74,43.75,1660903
2015-01-21 13:45:00,43.74,43.755,43.67,43.75,1712427
2015-01-21 14:00:00,43.755,43.85,43.67,43.72,1849670
2015-01-21 14:15:00,43.72,43.75,43.68,43.7,2002223
2015-01-21 14:30:00,43.71,43.795,43.7,43.76,2061530
2015-01-21 14:45:00,43.76,43.77,43.72,43.755,2150466
2015-01-21 15:00:00,43.755,43.895,43.755,43.87,2257335
2015-01-21 15:15:00,43.88,43.89,43.74,43.84,2408328
2015-01-21 15:30:00,43.84,43.97,43.83,43.945,2620550
2015-01-21 15:45:00,43.95,43.97,43.88,43.93,2784106
2015-01-21 16:00:00,43.93,43.94,43.83,43.88,3419156
2015-01-22 09:45:00,44.16,44.23,43.96,43.99,118058
2015-01-22 10:00:00,44.0,44.08,43.86,43.98,226642
2015-01-22 10:15:00,43.982,44.15,43.97,44.13,277487
2015-01-22 10:30:00,44.14,44.325,44.125,44.245,348661
2015-01-22 10:45:00,44.24,44.57,44.23,44.56,659923
2015-01-22 11:00:00,44.565,44.82,44.56,44.82,824645
2015-01-22 11:15:00,44.82,44.87,44.62,44.73,1028384
2015-01-22 11:30:00,44.75,44.8,44.7,44.73,1215882
2015-01-22 11:45:00,44.73,44.76,44.68,44.7,1298064
2015-01-22 12:00:00,44.71,44.745,44.67,44.74,1375417
2015-01-22 12:15:00,44.73,44.77,44.7,44.72,1460020
2015-01-22 12:30:00,44.72,44.77,44.71,44.74,1502716
2015-01-22 12:45:00,44.75,44.76,44.71,44.75,1666570
2015-01-22 13:00:00,44.76,44.815,44.72,44.81,1764501
2015-01-22 13:15:00,44.81,45.0,44.805,44.955,1958909
2015-01-22 13:30:00,44.95,45.02,44.92,45.0,2280000
2015-01-22 13:45:00,45.0,45.08,44.97,45.075,2244489
2015-01-22 14:00:00,45.075,45.08,44.965,44.99,2306729
2015-01-22 14:15:00,44.98,45.02,44.97,45.0,2363958
2015-01-22 14:30:00,45.0,45.07,44.975,44.98,2517796
2015-01-22 14:45:00,44.98,45.07,44.97,45.07,2669569
2015-01-22 15:00:00,45.075,45.195,45.075,45.18,2739610
2015-01-22 15:15:00,45.18,45.25,45.155,45.19,2826806
2015-01-22 15:30:00,45.19,45.22,45.12,45.165,2958531
2015-01-22 15:45:00,45.16,45.185,45.08,45.095,3121189
2015-01-22 16:00:00,45.095,45.13,44.99,45.12,3539960
2015-01-23 09:45:00,44.89,45.097,44.83,44.9465,88328
2015-01-23 10:00:00,44.95,44.99,44.7,44.79,146822
2015-01-23 10:15:00,44.8,44.84,44.76,44.79,180065
2015-01-23 10:30:00,44.78,44.95,44.73,44.87,255829
2015-01-23 10:45:00,44.89,44.96,44.8491,44.93,324485
2015-01-23 11:00:00,44.93,45.13,44.89,45.1,407809
2015-01-23 11:15:00,45.09,45.23,45.07,45.12,459924
2015-01-23 11:30:00,45.1001,45.215,45.1001,45.21,489080
2015-01-23 11:45:00,45.21,45.21,44.975,44.975,521907
2015-01-23 12:00:00,44.97,45.03,44.96,45.0,562864
2015-01-23 12:15:00,45.0,45.09,44.975,45.0892,594742
2015-01-23 12:30:00,45.07,45.1,44.97,45.09,631410
2015-01-23 12:45:00,45.1,45.21,45.06,45.18,674386
2015-01-23 13:00:00,45.2,45.21,45.07,45.1,1365706
2015-01-23 13:15:00,45.1,45.25,45.1,45.22,1418413
2015-01-23 13:30:00,45.22,45.23,45.075,45.16,1442262
2015-01-23 13:45:00,45.17,45.225,45.131,45.22,1464475
2015-01-23 14:00:00,45.21,45.22,45.09,45.1,1491783
2015-01-23 14:15:00,45.09,45.11,45.0,45.0,1519240
2015-01-23 14:30:00,45.0,45.04,44.97,45.02,1554645
2015-01-23 14:45:00,45.01,45.01,44.9,44.955,1611279
2015-01-23 15:00:00,44.95,44.955,44.84,44.84,1655181
2015-01-23 15:15:00,44.84,44.94,44.83,44.89,1700634
2015-01-23 15:30:00,44.8958,44.94,44.88,44.93,1748991
2015-01-23 15:45:00,44.92,44.95,44.87,44.9,1816516
2015-01-23 16:00:00,44.91,44.94,44.85,44.86,2006879
2015-01-26 09:45:00,44.71,44.8,44.55,44.55,44421
2015-01-26 10:00:00,44.55,44.69,44.51,44.61,92704
2015-01-26 10:15:00,44.62,44.76,44.59,44.71,185956
2015-01-26 10:30:00,44.7,44.72,44.6,44.65,337694
2015-01-26 10:45:00,44.65,44.6701,44.57,44.605,510346
2015-01-26 11:00:00,44.6,44.66,44.51,44.53,579882
2015-01-26 11:15:00,44.52,44.54,44.46,44.525,621552
2015-01-26 11:30:00,44.52,44.53,44.47,44.52,658222
2015-01-26 11:45:00,44.52,44.63,44.52,44.63,689325
2015-01-26 12:00:00,44.64,44.69,44.61,44.66,758930
2015-01-26 12:15:00,44.65,44.73,44.565,44.7,885676
2015-01-26 12:30:00,44.72,44.76,44.69,44.74,932617
2015-01-26 12:45:00,44.75,44.76,44.69,44.73,967723
2015-01-26 13:00:00,44.72,44.75,44.7,44.74,986880
2015-01-26 13:15:00,44.75,44.76,44.715,44.74,1020230
2015-01-26 13:30:00,44.74,44.78,44.732,44.76,1048552
2015-01-26 13:45:00,44.77,44.81,44.76,44.77,1089677
2015-01-26 14:00:00,44.77,44.81,44.74,44.74,1144043
2015-01-26 14:15:00,44.76,44.77,44.695,44.7,1236471
2015-01-26 14:30:00,44.7,44.71,44.645,44.67,1282482
2015-01-26 14:45:00,44.68,44.68,44.6401,44.67,1339539
2015-01-26 15:00:00,44.66,44.68,44.595,44.67,1375770
2015-01-26 15:15:00,44.67,44.69,44.635,44.66,1412817
2015-01-26 15:30:00,44.65,44.69,44.61,44.67,1457288
2015-01-26 15:45:00,44.665,44.7,44.64,44.655,1527735
2015-01-26 16:00:00,44.66,44.72,44.65,44.69,1680308
2015-01-27 09:45:00,44.26,44.66,44.12,44.58,97719
2015-01-27 10:00:00,44.55,44.56,44.45,44.52,128378
2015-01-27 10:15:00,44.5,44.6,44.39,44.43,323596
2015-01-27 10:30:00,44.43,44.45,44.37,44.37,363128
2015-01-27 10:45:00,44.36,44.36,44.07,44.09,434262
2015-01-27 11:00:00,44.11,44.22,44.07,44.17,481934
2015-01-27 11:15:00,44.18,44.24,44.11,44.175,526076
2015-01-27 11:30:00,44.18,44.24,44.12,44.22,587817
2015-01-27 11:45:00,44.23,44.33,44.21,44.32,642763
2015-01-27 12:00:00,44.32,44.47,44.22,44.22,701739
2015-01-27 12:15:00,44.21,44.35,44.21,44.32,728656
2015-01-27 12:30:00,44.32,44.41,44.29,44.41,750822
2015-01-27 12:45:00,44.3973,44.3973,44.3,44.36,778914
2015-01-27 13:00:00,44.36,44.39,44.265,44.37,796893
2015-01-27 13:15:00,44.37,44.41,44.29,44.32,818197
2015-01-27 13:30:00,44.32,44.42,44.32,44.39,845668
2015-01-27 13:45:00,44.385,44.43,44.295,44.3,884744
2015-01-27 14:00:00,44.295,44.38,44.29,44.37,919418
2015-01-27 14:15:00,44.38,44.4,44.31,44.39,955458
2015-01-27 14:30:00,44.3943,44.5,44.38,44.48,984279
2015-01-27 14:45:00,44.48,44.51,44.41,44.51,1013163
2015-01-27 15:00:00,44.51,44.52,44.35,44.36,1050380
2015-01-27 15:15:00,44.36,44.39,44.32,44.335,1090659
2015-01-27 15:30:00,44.33,44.35,44.115,44.115,1205027
2015-01-27 15:45:00,44.12,44.255,44.085,44.255,1321907
2015-01-27 16:00:00,44.25,44.25,44.13,44.18,1466502
2015-01-28 09:45:00,44.38,44.43,43.89,43.98,111421
2015-01-28 10:00:00,43.99,44.08,43.89,43.98,219384
2015-01-28 10:15:00,43.98,44.21,43.97,44.19,274666
2015-01-28 10:30:00,44.17,44.17,44.0,44.0,319320
2015-01-28 10:45:00,43.98,44.04,43.9,43.9,377974
2015-01-28 11:00:00,43.895,43.965,43.85,43.915,432008
2015-01-28 11:15:00,43.91,44.03,43.88,43.98,518613
2015-01-28 11:30:00,43.97,43.99,43.88,43.97,562670
2015-01-28 11:45:00,43.97,44.01,43.94,44.01,599916
2015-01-28 12:00:00,44.01,44.08,44.01,44.06,626453
2015-01-28 12:15:00,44.07,44.13,44.07,44.08,642140
2015-01-28 12:30:00,44.08,44.23,44.08,44.21,665417
2015-01-28 12:45:00,44.22,44.26,44.18,44.26,723129
2015-01-28 13:00:00,44.2658,44.29,44.24,44.25,746623
2015-01-28 13:15:00,44.24,44.2501,44.165,44.18,775768
2015-01-28 13:30:00,44.17,44.2,44.155,44.155,801069
2015-01-28 13:45:00,44.155,44.265,44.155,44.2425,877956
2015-01-28 14:00:00,44.245,44.28,44.185,44.185,949428
2015-01-28 14:15:00,44.19,44.34,44.0,44.12,1033570
2015-01-28 14:30:00,44.1,44.13,44.01,44.04,1106440
2015-01-28 14:45:00,44.03,44.14,43.97,44.1,1221994
2015-01-28 15:00:00,44.1,44.16,44.06,44.07,1256868
2015-01-28 15:15:00,44.07,44.16,44.0,44.02,1304871
2015-01-28 15:30:00,44.01,44.01,43.9,43.95,1387457
2015-01-28 15:45:00,43.95,43.95,43.75,43.8,1582114
2015-01-28 16:00:00,43.8,43.85,43.71,43.82,1854804
2015-01-29 09:45:00,43.75,44.02,43.7,44.01,145435
2015-01-29 10:00:00,44.01,44.23,44.0,44.04,327432
2015-01-29 10:15:00,44.04,44.17,44.01,44.06,507344
2015-01-29 10:30:00,44.04,44.12,43.98,44.07,614713
2015-01-29 10:45:00,44.08,44.2,43.87,43.89,748721
2015-01-29 11:00:00,43.88,44.01,43.85,44.0,863303
2015-01-29 11:15:00,43.99,44.08,43.98,44.056,944948
2015-01-29 11:30:00,44.04,44.11,44.0,44.06,1079934
2015-01-29 11:45:00,44.055,44.07,44.0,44.03,1133127
2015-01-29 12:00:00,44.03,44.155,44.02,44.09,1185566
2015-01-29 12:15:00,44.09,44.09,44.0,44.035,1233659
2015-01-29 12:30:00,44.05,44.1,44.05,44.07,1334164
2015-01-29 12:45:00,44.07,44.09,44.04,44.045,1380565
2015-01-29 13:00:00,44.045,44.17,44.03,44.15,1426475
2015-01-29 13:15:00,44.15,44.15,44.06,44.08,1487022
2015-01-29 13:30:00,44.1,44.165,44.09,44.14,1557373
2015-01-29 13:45:00,44.15,44.33,44.12,44.31,1604370
2015-01-29 14:00:00,44.3,44.385,44.3,44.37,1662926
2015-01-29 14:15:00,44.37,44.4,44.34,44.39,1731101
2015-01-29 14:30:00,44.39,44.43,44.34,44.425,1871384
2015-01-29 14:45:00,44.425,44.465,44.36,44.38,1901739
2015-01-29 15:00:00,44.38,44.38,44.31,44.35,1954364
2015-01-29 15:15:00,44.35,44.46,44.35,44.383,2007275
2015-01-29 15:30:00,44.39,44.56,44.37,44.48,2101242
2015-01-29 15:45:00,44.48,44.5,44.31,44.33,2396114
2015-01-29 16:00:00,44.34,44.4,44.29,44.33,2861573
2015-01-30 09:45:00,44.03,44.22,43.92,44.22,374477
2015-01-30 10:00:00,44.21,44.335,44.2,44.2,669970
2015-01-30 10:15:00,44.21,44.28,44.2,44.22,884246
2015-01-30 10:30:00,44.23,44.24,44.05,44.14,1036250
2015-01-30 10:45:00,44.12,44.18,44.12,44.14,1128279
2015-01-30 11:00:00,44.15,44.16,44.12,44.14,1249178
2015-01-30 11:15:00,44.14,44.17,44.12,44.14,1353279
2015-01-30 11:30:00,44.14,44.14,44.06,44.08,1403558
2015-01-30 11:45:00,44.08,44.11,43.895,43.9,1532601
2015-01-30 12:00:00,43.9,43.95,43.8,43.95,1623065
2015-01-30 12:15:00,43.96,44.0,43.92,44.0,1668036
2015-01-30 12:30:00,44.0,44.0,43.97,44.0,1747472
2015-01-30 12:45:00,43.99,44.0,43.91,43.92,1797660
2015-01-30 13:00:00,43.91,43.93,43.87,43.91,1848580
2015-01-30 13:15:00,43.91,43.99,43.91,43.92,1896525
2015-01-30 13:30:00,43.91,43.955,43.86,43.95,1958764
2015-01-30 13:45:00,43.95,43.96,43.87,43.95,1997768
2015-01-30 14:00:00,43.945,43.99,43.93,43.97,2066475
2015-01-30 14:15:00,43.96,43.99,43.92,43.94,2106086
2015-01-30 14:30:00,43.93,44.06,43.92,44.06,2156531
2015-01-30 14:45:00,44.06,44.06,43.92,43.96,2260614
2015-01-30 15:00:00,43.95,43.95,43.65,43.67,2339686
2015-01-30 15:15:00,43.68,43.78,43.63,43.7,2482214
2015-01-30 15:30:00,43.7,43.7,43.51,43.675,2653428
2015-01-30 15:45:00,43.675,43.68,43.5,43.54,2808408
2015-01-30 16:00:00,43.55,43.64,43.5,43.55,3246757
2015-02-02 09:45:00,43.59,43.81,43.23,43.38,95912
2015-02-02 10:00:00,43.385,43.52,43.27,43.305,230830
2015-02-02 10:15:00,43.27,43.29,42.97,43.02,304571
2015-02-02 10:30:00,43.02,43.14,43.0,43.01,398362
2015-02-02 10:45:00,43.02,43.16,42.93,43.11,469838
2015-02-02 11:00:00,43.1,43.14,43.02,43.11,515844
2015-02-02 11:15:00,43.11,43.27,43.09,43.23,572433
2015-02-02 11:30:00,43.21,43.29,43.19,43.29,624401
2015-02-02 11:45:00,43.3,43.51,43.28,43.47,734286
2015-02-02 12:00:00,43.49,43.62,43.46,43.47,912192
2015-02-02 12:15:00,43.48,43.48,43.25,43.26,1015961
2015-02-02 12:30:00,43.26,43.3,43.25,43.27,1106157
2015-02-02 12:45:00,43.28,43.3,43.21,43.27,1210306
2015-02-02 13:00:00,43.27,43.27,43.14,43.1475,1258725
2015-02-02 13:15:00,43.15,43.19,43.06,43.16,1337151
2015-02-02 13:30:00,43.155,43.21,43.1,43.15,1421043
2015-02-02 13:45:00,43.16,43.23,43.14,43.15,1508235
2015-02-02 14:00:00,43.15,43.195,43.02,43.03,1597965
2015-02-02 14:15:00,43.03,43.17,43.005,43.15,1659397
2015-02-02 14:30:00,43.1561,43.26,43.1,43.26,1707519
2015-02-02 14:45:00,43.255,43.285,43.21,43.22,1748847
2015-02-02 15:00:00,43.21,43.25,43.15,43.18,1800967
2015-02-02 15:15:00,43.19,43.37,43.16,43.37,1870407
2015-02-02 15:30:00,43.3616,43.43,43.29,43.43,1946939
2015-02-02 15:45:00,43.42,43.67,43.38,43.64,2072091
2015-02-02 16:00:00,43.64,43.75,43.64,43.72,2479391
2015-02-03 09:45:00,43.8,44.19,43.8,44.01,159312
2015-02-03 10:00:00,44.05,44.16,43.97,44.04,239922
2015-02-03 10:15:00,44.06,44.12,43.83,43.84,380108
2015-02-03 10:30:00,43.84,43.92,43.8,43.92,471063
2015-02-03 10:45:00,43.93,43.95,43.865,43.88,532041
2015-02-03 11:00:00,43.88,43.93,43.845,43.86,589964
2015-02-03 11:15:00,43.855,43.97,43.76,43.94,681380
2015-02-03 11:30:00,43.94,44.01,43.89,43.97,734121
2015-02-03 11:45:00,43.96,44.09,43.95,44.09,779584
2015-02-03 12:00:00,44.11,44.11,43.99,44.015,828787
2015-02-03 12:15:00,44.015,44.15,44.01,44.15,879544
2015-02-03 12:30:00,44.15,44.15,44.1,44.13,901240
2015-02-03 12:45:00,44.12,44.15,44.1,44.15,931486
2015-02-03 13:00:00,44.16,44.18,44.11,44.115,972050
2015-02-03 13:15:00,44.11,44.175,44.095,44.17,1021138
2015-02-03 13:30:00,44.175,44.235,44.1,44.115,1155739
2015-02-03 13:45:00,44.12,44.24,44.1,44.23,1426374
2015-02-03 14:00:00,44.22,44.3,44.215,44.295,1596629
2015-02-03 14:15:00,44.3,44.46,44.25,44.3,1712613
2015-02-03 14:30:00,44.305,44.31,44.21,44.26,1776760
2015-02-03 14:45:00,44.26,44.3,44.22,44.23,1832101
2015-02-03 15:00:00,44.24,44.29,44.23,44.29,1891981
2015-02-03 15:15:00,44.29,44.33,44.19,44.2,2071745
2015-02-03 15:30:00,44.2,44.2,44.17,44.19,2222755
2015-02-03 15:45:00,44.2,44.2,44.14,44.175,2412921
2015-02-03 16:00:00,44.19,44.2,44.14,44.14,3140960
2015-02-04 09:45:00,43.87,44.1,43.62,43.69,186590
2015-02-04 10:00:00,43.69,44.04,43.69,43.92,310048
2015-02-04 10:15:00,43.92,44.1,43.91,44.03,398145
2015-02-04 10:30:00,44.03,44.06,43.995,44.02,504523
2015-02-04 10:45:00,44.01,44.11,44.01,44.06,661910
2015-02-04 11:00:00,44.061,44.08,44.005,44.02,796098
2015-02-04 11:15:00,44.01,44.16,43.985,44.16,940923
2015-02-04 11:30:00,44.16,44.16,44.05,44.06,1046526
2015-02-04 11:45:00,44.07,44.1,44.01,44.02,1113584
2015-02-04 12:00:00,44.01,44.02,43.89,43.91,1228389
2015-02-04 12:15:00,43.91,43.91,43.77,43.77,1308974
2015-02-04 12:30:00,43.76,43.77,43.64,43.64,1371666
2015-02-04 12:45:00,43.65,43.67,43.54,43.55,1443446
2015-02-04 13:00:00,43.56,43.77,43.56,43.745,1490777
2015-02-04 13:15:00,43.75,43.75,43.72,43.725,1523729
2015-02-04 13:30:00,43.725,43.73,43.55,43.5933,1592796
2015-02-04 13:45:00,43.6,43.6,43.57,43.57,1662879
2015-02-04 14:00:00,43.58,43.58,43.47,43.48,1789344
2015-02-04 14:15:00,43.48,43.54,43.45,43.46,1899309
2015-02-04 14:30:00,43.46,43.52,43.43,43.52,1973150
2015-02-04 14:45:00,43.52,43.75,43.49,43.75,2066230
2015-02-04 15:00:00,43.75,43.77,43.66,43.7,2183358
2015-02-04 15:15:00,43.7,43.78,43.68,43.76,2264807
2015-02-04 15:30:00,43.765,43.985,43.75,43.97,2438466
2015-02-04 15:45:00,43.965,43.98,43.73,43.73,2584134
2015-02-04 16:00:00,43.74,43.75,43.61,43.75,2880369
2015-02-05 09:45:00,43.97,43.99,43.7,43.92,92879
2015-02-05 10:00:00,43.93,43.98,43.85,43.9,146334
2015-02-05 10:15:00,43.92,44.0,43.91,43.94,182914
2015-02-05 10:30:00,43.94,44.08,43.94,44.08,214294
2015-02-05 10:45:00,44.07,44.07,44.01,44.04,255434
2015-02-05 11:00:00,44.045,44.065,44.02,44.05,284995
2015-02-05 11:15:00,44.05,44.05,43.99,44.03,338920
2015-02-05 11:30:00,44.04,44.12,44.0,44.11,356891
2015-02-05 11:45:00,44.11,44.17,44.1,44.11,376165
2015-02-05 12:00:00,44.12,44.1472,43.98,44.03,461678
2015-02-05 12:15:00,44.02,44.05,43.97,44.0,598207
2015-02-05 12:30:00,44.01,44.08,44.0,44.08,621889
2015-02-05 12:45:00,44.08,44.1,44.04,44.04,649501
2015-02-05 13:00:00,44.03,44.05,43.9,43.95,680476
2015-02-05 13:15:00,43.94,43.96,43.79,43.8,784927
2015-02-05 13:30:00,43.8,43.88,43.755,43.88,855897
2015-02-05 13:45:00,43.88,43.91,43.87,43.88,891256
2015-02-05 14:00:00,43.88,43.88,43.8,43.825,983536
2015-02-05 14:15:00,43.825,44.02,43.81,44.0,1118133
2015-02-05 14:30:00,44.0,44.035,43.95,44.01,1164838
2015-02-05 14:45:00,44.02,44.05,44.0,44.0,1192744
2015-02-05 15:00:00,43.99,44.03,43.97,44.0,1227825
2015-02-05 15:15:00,44.0,44.02,43.93,43.96,1301130
2015-02-05 15:30:00,43.97,44.02,43.95,44.01,1377558
2015-02-05 15:45:00,44.01,44.015,43.98,44.0,1474686
2015-02-05 16:00:00,44.0,44.0,43.94,43.97,1765542
2015-02-06 09:45:00,43.81,44.04,43.575,43.575,64133
2015-02-06 10:00:00,43.575,43.64,43.49,43.63,119248
2015-02-06 10:15:00,43.635,43.74,43.6,43.7201,192318
2015-02-06 10:30:00,43.725,43.76,43.7,43.73,233583
2015-02-06 10:45:00,43.735,43.805,43.73,43.8,282242
2015-02-06 11:00:00,43.8,43.805,43.75,43.7599,328877
2015-02-06 11:15:00,43.75,43.7599,43.69,43.7001,381697
2015-02-06 11:30:00,43.7,43.71,43.65,43.66,412938
2015-02-06 11:45:00,43.65,43.65,43.44,43.47,497480
2015-02-06 12:00:00,43.46,43.58,43.46,43.5601,555434
2015-02-06 12:15:00,43.565,43.64,43.56,43.6342,587244
2015-02-06 12:30:00,43.635,43.65,43.56,43.565,641537
2015-02-06 12:45:00,43.56,43.59,43.47,43.475,686780
2015-02-06 13:00:00,43.47,43.49,43.43,43.445,740430
2015-02-06 13:15:00,43.445,43.46,43.36,43.395,777672
2015-02-06 13:30:00,43.395,43.43,43.29,43.3,830668
2015-02-06 13:45:00,43.295,43.34,43.26,43.335,874647
2015-02-06 14:00:00,43.335,43.43,43.335,43.405,912123
2015-02-06 14:15:00,43.405,43.41,43.34,43.35,969993
2015-02-06 14:30:00,43.345,43.49,43.34,43.48,1029469
2015-02-06 14:45:00,43.4857,43.56,43.46,43.52,1093256
2015-02-06 15:00:00,43.52,43.55,43.42,43.42,1264166
2015-02-06 15:15:00,43.42,43.445,43.36,43.38,1377817
2015-02-06 15:30:00,43.36,43.41,43.31,43.35,1472950
2015-02-06 15:45:00,43.34,43.41,43.34,43.39,1590843
2015-02-06 16:00:00,43.385,43.51,43.375,43.48,2036426
2015-02-09 09:45:00,43.12,43.45,43.08,43.24,50697
2015-02-09 10:00:00,43.26,43.46,43.26,43.33,80225
2015-02-09 10:15:00,43.33,43.35,43.28,43.33,104673
2015-02-09 10:30:00,43.35,43.42,43.34,43.39,148952
2015-02-09 10:45:00,43.38,43.47,43.38,43.39,184348
2015-02-09 11:00:00,43.37,43.475,43.3501,43.4451,221012
2015-02-09 11:15:00,43.44,43.59,43.43,43.59,329281
2015-02-09 11:30:00,43.59,43.74,43.58,43.73,405538
2015-02-09 11:45:00,43.73,43.73,43.6,43.62,432629
2015-02-09 12:00:00,43.61,43.69,43.61,43.665,471947
2015-02-09 12:15:00,43.66,43.69,43.62,43.628,526244
2015-02-09 12:30:00,43.63,43.63,43.54,43.55,563379
2015-02-09 12:45:00,43.56,43.67,43.56,43.67,610961
2015-02-09 13:00:00,43.665,43.68,43.59,43.595,647577
2015-02-09 13:15:00,43.61,43.615,43.55,43.55,670142
2015-02-09 13:30:00,43.55,43.56,43.5,43.52,719292
2015-02-09 13:45:00,43.52,43.54,43.49,43.49,760074
2015-02-09 14:00:00,43.47,43.5,43.44,43.49,794402
2015-02-09 14:15:00,43.5,43.52,43.44,43.445,851735
2015-02-09 14:30:00,43.44,43.47,43.41,43.46,883171
2015-02-09 14:45:00,43.47,43.5,43.44,43.45,917504
2015-02-09 15:00:00,43.46,43.46,43.38,43.39,956148
2015-02-09 15:15:00,43.39,43.39,43.29,43.34,992078
2015-02-09 15:30:00,43.34,43.43,43.295,43.43,1053741
2015-02-09 15:45:00,43.43,43.51,43.35,43.49,1147359
2015-02-09 16:00:00,43.495,43.51,43.43,43.43,1492142
2015-02-10 09:45:00,43.68,43.77,43.6,43.7,88072
2015-02-10 10:00:00,43.7,43.74,43.67,43.71,138075
2015-02-10 10:15:00,43.72,43.825,43.7,43.81,247968
2015-02-10 10:30:00,43.81,43.89,43.67,43.68,335555
2015-02-10 10:45:00,43.69,43.79,43.6521,43.76,384692
2015-02-10 11:00:00,43.75,43.76,43.59,43.71,440603
2015-02-10 11:15:00,43.71,43.8,43.67,43.75,481550
2015-02-10 11:30:00,43.75,43.79,43.74,43.79,518240
2015-02-10 11:45:00,43.79,43.81,43.75,43.79,569561
2015-02-10 12:00:00,43.785,43.81,43.77,43.81,614999
2015-02-10 12:15:00,43.8,43.87,43.73,43.87,664196
2015-02-10 12:30:00,43.86,43.92,43.86,43.87,704031
2015-02-10 12:45:00,43.86,43.86,43.82,43.84,723818
2015-02-10 13:00:00,43.845,43.88,43.83,43.87,747632
2015-02-10 13:15:00,43.87,43.87,43.78,43.78,782074
2015-02-10 13:30:00,43.78,43.78,43.691,43.74,809278
2015-02-10 13:45:00,43.73,43.755,43.72,43.74,906611
2015-02-10 14:00:00,43.75,43.75,43.725,43.74,946823
2015-02-10 14:15:00,43.74,43.75,43.73,43.75,986189
2015-02-10 14:30:00,43.74,43.89,43.73,43.88,1027771
2015-02-10 14:45:00,43.88,43.95,43.86,43.92,1083288
2015-02-10 15:00:00,43.91,43.96,43.86,43.96,1139985
2015-02-10 15:15:00,43.95,43.96,43.885,43.94,1194383
2015-02-10 15:30:00,43.93,43.98,43.91,43.98,1259254
2015-02-10 15:45:00,43.98,43.99,43.93,43.98,1329294
2015-02-10 16:00:00,43.97,43.97,43.84,43.86,1490654
2015-02-11 09:45:00,43.81,43.89,43.65,43.76,59506
2015-02-11 10:00:00,43.74,43.75,43.66,43.73,82603
2015-02-11 10:15:00,43.73,43.74,43.6,43.66,112794
2015-02-11 10:30:00,43.66,43.67,43.445,43.45,162821
2015-02-11 10:45:00,43.46,43.48,43.37,43.39,360907
2015-02-11 11:00:00,43.39,43.43,43.32,43.39,413915
2015-02-11 11:15:00,43.39,43.49,43.39,43.48,498241
2015-02-11 11:30:00,43.49,43.61,43.46,43.53,555929
2015-02-11 11:45:00,43.525,43.69,43.5,43.64,618132
2015-02-11 12:00:00,43.65,43.65,43.53,43.54,652877
2015-02-11 12:15:00,43.54,43.63,43.51,43.63,681576
2015-02-11 12:30:00,43.63,43.68,43.6,43.65,727701
2015-02-11 12:45:00,43.65,43.66,43.5,43.54,767469
2015-02-11 13:00:00,43.54,43.595,43.53,43.56,808437
2015-02-11 13:15:00,43.56,43.6,43.47,43.49,834390
2015-02-11 13:30:00,43.49,43.5711,43.472,43.57,874827
2015-02-11 13:45:00,43.57,43.71,43.57,43.68,925091
2015-02-11 14:00:00,43.675,43.7,43.56,43.66,982055
2015-02-11 14:15:00,43.65,43.68,43.61,43.63,1059482
2015-02-11 14:30:00,43.63,43.65,43.54,43.5543,1112037
2015-02-11 14:45:00,43.55,43.66,43.55,43.66,1160169
2015-02-11 15:00:00,43.66,43.72,43.655,43.665,1220786
2015-02-11 15:15:00,43.665,43.68,43.62,43.65,1270206
2015-02-11 15:30:00,43.64,43.82,43.57,43.8,1460346
2015-02-11 15:45:00,43.81,43.85,43.71,43.72,1645266
2015-02-11 16:00:00,43.72,43.8,43.66,43.73,1900962
2015-02-12 09:45:00,43.21,44.12,43.16,43.87,347943
2015-02-12 10:00:00,43.88,43.95,43.82,43.925,576504
2015-02-12 10:15:00,43.925,44.25,43.89,44.1,1021285
2015-02-12 10:30:00,44.1,44.1,43.98,44.0,1203128
2015-02-12 10:45:00,43.99,44.05,43.98,44.03,1291764
2015-02-12 11:00:00,44.035,44.06,43.85,43.91,1365827
2015-02-12 11:15:00,43.92,43.99,43.9,43.93,1531404
2015-02-12 11:30:00,43.93,43.93,43.76,43.76,1611882
2015-02-12 11:45:00,43.765,43.79,43.38,43.42,1751240
2015-02-12 12:00:00,43.43,43.69,43.29,43.61,1905438
2015-02-12 12:15:00,43.605,43.61,43.23,43.47,2060648
2015-02-12 12:30:00,43.49,43.66,43.36,43.66,2124899
2015-02-12 12:45:00,43.67,43.7,43.52,43.555,2184701
2015-02-12 13:00:00,43.55,43.56,43.32,43.535,2248735
2015-02-12 13:15:00,43.535,43.54,43.46,43.46,2294984
2015-02-12 13:30:00,43.47,43.51,43.415,43.51,2356359
2015-02-12 13:45:00,43.51,43.56,43.5,43.52,2412037
2015-02-12 14:00:00,43.52,43.57,43.42,43.56,2609915
2015-02-12 14:15:00,43.57,43.57,43.44,43.53,2701102
2015-02-12 14:30:00,43.525,43.54,43.515,43.525,2757825
2015-02-12 14:45:00,43.53,43.57,43.51,43.56,2872135
2015-02-12 15:00:00,43.56,43.74,43.555,43.721,2983088
2015-02-12 15:15:00,43.72,43.75,43.69,43.72,3086203
2015-02-12 15:30:00,43.72,43.74,43.65,43.65,3232199
2015-02-12 15:45:00,43.65,43.65,43.51,43.57,3417456
2015-02-12 16:00:00,43.58,43.58,43.46,43.57,3772891
2015-02-13 09:45:00,43.53,44.17,43.448,44.165,141303
2015-02-13 10:00:00,44.165,44.42,44.155,44.41,308543
2015-02-13 10:15:00,44.4,44.78,44.31,44.67,626434
2015-02-13 10:30:00,44.68,44.86,44.68,44.79,731703
2015-02-13 10:45:00,44.78,44.95,44.74,44.895,846773
2015-02-13 11:00:00,44.895,45.18,44.875,45.17,947866
2015-02-13 11:15:00,45.16,45.47,45.09,45.46,1127231
2015-02-13 11:30:00,45.45,45.57,45.38,45.57,1270404
2015-02-13 11:45:00,45.57,45.75,45.45,45.52,1578260
2015-02-13 12:00:00,45.525,45.85,45.525,45.85,1889226
2015-02-13 12:15:00,45.84,45.85,45.295,45.32,2076205
2015-02-13 12:30:00,45.325,45.52,45.32,45.49,2166315
2015-02-13 12:45:00,45.49,45.72,45.42,45.69,2255331
2015-02-13 13:00:00,45.68,45.69,45.51,45.51,2326109
2015-02-13 13:15:00,45.502,45.58,45.43,45.44,2407795
2015-02-13 13:30:00,45.44,45.58,45.38,45.5,2542813
2015-02-13 13:45:00,45.49,45.49,45.3,45.325,2598259
2015-02-13 14:00:00,45.325,45.35,45.25,45.32,2713481
2015-02-13 14:15:00,45.31,45.455,45.28,45.28,2831945
2015-02-13 14:30:00,45.28,45.42,45.22,45.33,2970049
2015-02-13 14:45:00,45.33,45.47,45.27,45.39,3074971
2015-02-13 15:00:00,45.38,45.605,45.28,45.46,3257731
2015-02-13 15:15:00,45.46,45.61,45.36,45.58,3509032
2015-02-13 15:30:00,45.57,45.58,45.43,45.51,3678377
2015-02-13 15:45:00,45.5028,45.57,45.41,45.56,3945812
2015-02-13 16:00:00,45.56,45.66,45.45,45.59,4420570
2015-02-17 09:45:00,45.5,45.5,45.08,45.08,59752
2015-02-17 10:00:00,45.1,45.2,44.93,44.98,104262
2015-02-17 10:15:00,44.98,45.07,44.88,45.07,162943
2015-02-17 10:30:00,45.08,45.17,45.03,45.06,241338
2015-02-17 10:45:00,45.05,45.14,44.98,44.985,306548
2015-02-17 11:00:00,44.97,44.98,44.81,44.8765,378024
2015-02-17 11:15:00,44.87,44.87,44.755,44.785,432496
2015-02-17 11:30:00,44.79,44.83,44.77,44.82,525466
2015-02-17 11:45:00,44.82,44.83,44.76,44.81,592114
2015-02-17 12:00:00,44.81,44.845,44.78,44.79,631561
2015-02-17 12:15:00,44.8,44.93,44.795,44.92,682086
2015-02-17 12:30:00,44.9249,45.02,44.92,45.02,722656
2015-02-17 12:45:00,45.01,45.12,45.0,45.0699,790349
2015-02-17 13:00:00,45.07,45.15,45.07,45.1,828459
2015-02-17 13:15:00,45.1,45.12,45.01,45.03,889915
2015-02-17 13:30:00,45.03,45.045,44.995,45.01,942918
2015-02-17 13:45:00,45.02,45.05,45.0,45.005,984007
2015-02-17 14:00:00,45.0,45.06,44.995,45.05,1030175
2015-02-17 14:15:00,45.055,45.06,45.0,45.0,1079528
2015-02-17 14:30:00,45.01,45.08,45.0,45.07,1151135
2015-02-17 14:45:00,45.06,45.09,45.06,45.085,1215719
2015-02-17 15:00:00,45.08,45.15,45.07,45.121,1308348
2015-02-17 15:15:00,45.12,45.15,45.12,45.15,1400521
2015-02-17 15:30:00,45.14,45.16,45.105,45.125,1477298
2015-02-17 15:45:00,45.125,45.14,45.09,45.115,1573010
2015-02-17 16:00:00,45.11,45.16,45.02,45.14,1856149
2015-02-18 09:45:00,45.09,45.19,44.92,45.16,81256
2015-02-18 10:00:00,45.19,45.22,45.07,45.1,104671
2015-02-18 10:15:00,45.1,45.1,44.95,45.02,160883
2015-02-18 10:30:00,45.03,45.04,44.94,44.96,190105
2015-02-18 10:45:00,44.96,45.05,44.96,45.0,259098
2015-02-18 11:00:00,44.99,45.01,44.92,44.93,304145
2015-02-18 11:15:00,44.93,44.94,44.83,44.83,338602
2015-02-18 11:30:00,44.835,44.96,44.81,44.95,389109
2015-02-18 11:45:00,44.95,45.02,44.94,45.0,504471
2015-02-18 12:00:00,45.01,45.22,44.98,45.22,579598
2015-02-18 12:15:00,45.22,45.24,45.14,45.23,621846
2015-02-18 12:30:00,45.24,45.33,45.23,45.3,710845
2015-02-18 12:45:00,45.29,45.29,45.15,45.21,769276
2015-02-18 13:00:00,45.22,45.27,45.1775,45.26,824891
2015-02-18 13:15:00,45.26,45.36,45.25,45.305,873441
2015-02-18 13:30:00,45.31,45.32,45.23,45.26,923752
2015-02-18 13:45:00,45.27,45.32,45.23,45.24,963403
2015-02-18 14:00:00,45.24,45.28,45.21,45.22,999524
2015-02-18 14:15:00,45.22,45.46,45.22,45.45,1123011
2015-02-18 14:30:00,45.45,45.58,45.44,45.53,1275042
2015-02-18 14:45:00,45.52,45.58,45.47,45.575,1323155
2015-02-18 15:00:00,45.58,45.61,45.54,45.55,1406141
2015-02-18 15:15:00,45.56,45.61,45.55,45.6,1476484
2015-02-18 15:30:00,45.6,45.64,45.57,45.62,1529703
2015-02-18 15:45:00,45.62,45.685,45.59,45.595,1656313
2015-02-18 16:00:00,45.59,45.71,45.59,45.69,1955718
2015-02-19 09:45:00,45.65,45.65,45.3,45.46,47909
2015-02-19 10:00:00,45.45,45.58,45.43,45.54,71050
2015-02-19 10:15:00,45.52,45.645,45.47,45.57,129611
2015-02-19 10:30:00,45.57,45.57,45.5,45.52,160652
2015-02-19 10:45:00,45.52,45.54,45.43,45.49,232172
2015-02-19 11:00:00,45.49,45.5,45.38,45.38,260653
2015-02-19 11:15:00,45.39,45.41,45.25,45.26,304241
2015-02-19 11:30:00,45.255,45.31,45.22,45.28,344564
2015-02-19 11:45:00,45.28,45.47,45.28,45.455,401036
2015-02-19 12:00:00,45.4507,45.55,45.4507,45.545,454634
2015-02-19 12:15:00,45.55,45.61,45.53,45.61,482847
2015-02-19 12:30:00,45.605,45.64,45.579,45.61,513096
2015-02-19 12:45:00,45.61,45.64,45.56,45.64,562422
2015-02-19 13:00:00,45.63,45.65,45.59,45.63,582602
2015-02-19 13:15:00,45.64,45.65,45.55,45.55,603475
2015-02-19 13:30:00,45.55,45.61,45.54,45.57,632629
2015-02-19 13:45:00,45.56,45.59,45.53,45.58,668536
2015-02-19 14:00:00,45.58,45.64,45.56,45.62,683724
2015-02-19 14:15:00,45.62,45.62,45.57,45.57,699501
2015-02-19 14:30:00,45.57,45.62,45.53,45.53,744073
2015-02-19 14:45:00,45.531,45.6,45.53,45.585,781739
2015-02-19 15:00:00,45.59,45.64,45.58,45.625,811015
2015-02-19 15:15:00,45.63,45.68,45.63,45.63,863681
2015-02-19 15:30:00,45.63,45.65,45.6,45.605,914232
2015-02-19 15:45:00,45.6,45.69,45.6,45.63,986604
2015-02-19 16:00:00,45.63,45.635,45.54,45.56,1208308
2015-02-20 09:45:00,45.6,45.615,45.19,45.235,116307
2015-02-20 10:00:00,45.28,45.32,45.1,45.2,224018
2015-02-20 10:15:00,45.2,45.35,45.19,45.27,277865
2015-02-20 10:30:00,45.265,45.325,45.19,45.22,350867
2015-02-20 10:45:00,45.21,45.33,45.19,45.21,403257
2015-02-20 11:00:00,45.215,45.28,45.19,45.24,454104
2015-02-20 11:15:00,45.25,45.31,45.18,45.18,524300
2015-02-20 11:30:00,45.18,45.19,45.11,45.125,550129
2015-02-20 11:45:00,45.14,45.19,45.11,45.15,579680
2015-02-20 12:00:00,45.16,45.16,45.02,45.02,614612
2015-02-20 12:15:00,45.04,45.14,45.03,45.14,647328
2015-02-20 12:30:00,45.14,45.16,45.06,45.07,677356
2015-02-20 12:45:00,45.07,45.13,44.97,45.08,740334
2015-02-20 13:00:00,45.09,45.15,45.085,45.1,772173
2015-02-20 13:15:00,45.1,45.15,45.075,45.11,803411
2015-02-20 13:30:00,45.09,45.11,45.04,45.04,834507
2015-02-20 13:45:00,45.05,45.1,45.04,45.1,869169
2015-02-20 14:00:00,45.09,45.18,45.08,45.15,909750
2015-02-20 14:15:00,45.14,45.16,45.09,45.09,937764
2015-02-20 14:30:00,45.1,45.16,45.05,45.1375,988240
2015-02-20 14:45:00,45.135,45.26,45.13,45.21,1042332
2015-02-20 15:00:00,45.215,45.24,45.17,45.23,1131902
2015-02-20 15:15:00,45.23,45.28,45.215,45.23,1188174
2015-02-20 15:30:00,45.24,45.3,45.17,45.285,1279209
2015-02-20 15:45:00,45.29,45.33,45.25,45.295,1378535
2015-02-20 16:00:00,45.29,45.31,45.24,45.28,1641567
2015-02-23 09:45:00,45.31,45.75,45.29,45.7246,68268
2015-02-23 10:00:00,45.71,45.78,45.65,45.73,121505
2015-02-23 10:15:00,45.73,45.89,45.73,45.8525,194149
2015-02-23 10:30:00,45.86,45.88,45.8,45.85,312926
2015-02-23 10:45:00,45.86,45.99,45.83,45.97,405694
2015-02-23 11:00:00,45.9725,46.08,45.97,46.02,516575
2015-02-23 11:15:00,46.01,46.03,45.86,45.86,548171
2015-02-23 11:30:00,45.85,45.95,45.84,45.95,586028
2015-02-23 11:45:00,45.94,45.99,45.87,45.88,618846
2015-02-23 12:00:00,45.89,45.89,45.81,45.82,654998
2015-02-23 12:15:00,45.81,45.83,45.79,45.81,710328
2015-02-23 12:30:00,45.81,45.82,45.78,45.8,749415
2015-02-23 12:45:00,45.79,45.85,45.78,45.84,794174
2015-02-23 13:00:00,45.84,45.87,45.82,45.84,826332
2015-02-23 13:15:00,45.85,45.9,45.83,45.8831,925877
2015-02-23 13:30:00,45.8839,45.89,45.84,45.8647,1001155
2015-02-23 13:45:00,45.865,45.93,45.86,45.905,1028117
2015-02-23 14:00:00,45.9,45.92,45.825,45.825,1050700
2015-02-23 14:15:00,45.83,45.83,45.765,45.775,1073451
2015-02-23 14:30:00,45.775,45.89,45.76,45.84,1135551
2015-02-23 14:45:00,45.83,45.84,45.78,45.8,1202679
2015-02-23 15:00:00,45.8,45.8,45.71,45.73,1259168
2015-02-23 15:15:00,45.72,45.7376,45.64,45.7,1323046
2015-02-23 15:30:00,45.69,45.7,45.64,45.69,1394609
2015-02-23 15:45:00,45.69,45.7,45.64,45.6475,1492728
2015-02-23 16:00:00,45.65,45.68,45.62,45.64,1720831
2015-02-24 09:45:00,45.63,45.99,45.6,45.955,80597
2015-02-24 10:00:00,45.97,45.9875,45.82,45.82,103073
2015-02-24 10:15:00,45.855,46.01,45.77,45.97,176984
2015-02-24 10:30:00,45.98,46.0,45.854,45.854,306581
2015-02-24 10:45:00,45.85,45.88,45.74,45.85,454072
2015-02-24 11:00:00,45.84,45.86,45.79,45.83,490276
2015-02-24 11:15:00,45.85,45.88,45.795,45.86,546684
2015-02-24 11:30:00,45.86,45.9,45.8561,45.885,587693
2015-02-24 11:45:00,45.89,45.97,45.89,45.93,626575
2015-02-24 12:00:00,45.93,46.03,45.925,46.0,662757
2015-02-24 12:15:00,46.01,46.11,46.01,46.085,701968
2015-02-24 12:30:00,46.085,46.09,46.04,46.045,729489
2015-02-24 12:45:00,46.045,46.05,45.95,46.01,772693
2015-02-24 13:00:00,46.01,46.105,46.0,46.095,805515
2015-02-24 13:15:00,46.095,46.14,46.095,46.1,884247
2015-02-24 13:30:00,46.095,46.21,46.095,46.18,1022151
2015-02-24 13:45:00,46.19,46.26,46.18,46.23,1062045
2015-02-24 14:00:00,46.23,46.23,46.175,46.19,1093006
2015-02-24 14:15:00,46.19,46.2,46.155,46.175,1137770
2015-02-24 14:30:00,46.17,46.21,46.165,46.19,1180629
2015-02-24 14:45:00,46.185,46.19,46.095,46.11,1213208
2015-02-24 15:00:00,46.095,46.095,46.02,46.05,1254888
2015-02-24 15:15:00,46.055,46.11,46.01,46.02,1296282
2015-02-24 15:30:00,46.02,46.06,46.01,46.045,1351810
2015-02-24 15:45:00,46.045,46.17,46.04,46.16,1444274
2015-02-24 16:00:00,46.155,46.17,46.13,46.15,1738020
2015-02-25 09:45:00,46.2,46.29,46.01,46.19,24199
2015-02-25 10:00:00,46.21,46.35,46.165,46.17,69599
2015-02-25 10:15:00,46.17,46.27,46.17,46.2,91463
2015-02-25 10:30:00,46.22,46.32,46.2,46.28,143331
2015-02-25 10:45:00,46.27,46.29,46.2,46.22,168894
2015-02-25 11:00:00,46.23,46.26,46.2,46.21,195701
2015-02-25 11:15:00,46.2,46.3,46.2,46.25,247472
2015-02-25 11:30:00,46.25,46.34,46.245,46.33,275174
2015-02-25 11:45:00,46.34,46.35,46.27,46.31,303178
2015-02-25 12:00:00,46.31,46.32,46.28,46.31,332509
2015-02-25 12:15:00,46.3,46.37,46.29,46.35,368682
2015-02-25 12:30:00,46.345,46.35,46.26,46.275,465634
2015-02-25 12:45:00,46.28,46.42,46.28,46.42,515347
2015-02-25 13:00:00,46.41,46.42,46.29,46.31,551325
2015-02-25 13:15:00,46.31,46.32,46.29,46.3,594600
2015-02-25 13:30:00,46.31,46.53,46.3067,46.48,717683
2015-02-25 13:45:00,46.48,46.58,46.48,46.56,802635
2015-02-25 14:00:00,46.555,46.57,46.53,46.55,865085
2015-02-25 14:15:00,46.54,46.56,46.38,46.38,942591
2015-02-25 14:30:00,46.38,46.44,46.375,46.38,1009148
2015-02-25 14:45:00,46.38,46.43,46.38,46.41,1114977
2015-02-25 15:00:00,46.4,46.43,46.35,46.42,1221972
2015-02-25 15:15:00,46.42,46.45,46.38,46.45,1316883
2015-02-25 15:30:00,46.45,46.46,46.43,46.44,1397285
2015-02-25 15:45:00,46.43,46.55,46.43,46.5,1591419
2015-02-25 16:00:00,46.5,46.54,46.48,46.49,1868080
2015-02-26 09:45:00,46.46,46.71,46.29,46.49,42747
2015-02-26 10:00:00,46.48,46.51,46.35,46.36,76136
2015-02-26 10:15:00,46.36,46.39,46.22,46.25,333801
2015-02-26 10:30:00,46.25,46.29,46.21,46.25,560683
2015-02-26 10:45:00,46.25,46.29,46.23,46.285,624819
2015-02-26 11:00:00,46.29,46.29,46.15,46.2,687885
2015-02-26 11:15:00,46.2,46.26,46.2,46.25,717461
2015-02-26 11:30:00,46.24,46.25,46.2,46.22,848806
2015-02-26 11:45:00,46.22,46.26,46.21,46.22,911941
2015-02-26 12:00:00,46.22,46.2599,46.22,46.23,960788
2015-02-26 12:15:00,46.22,46.23,46.14,46.155,1032878
2015-02-26 12:30:00,46.15,46.15,46.06,46.08,1090761
2015-02-26 12:45:00,46.09,46.12,46.07,46.08,1125051
2015-02-26 13:00:00,46.08,46.12,46.01,46.01,1174457
2015-02-26 13:15:00,46.02,46.05,45.995,46.01,1250315
2015-02-26 13:30:00,46.0,46.0,45.88,45.92,1297867
2015-02-26 13:45:00,45.92,45.93,45.84,45.844,1345952
2015-02-26 14:00:00,45.84,45.9,45.79,45.9,1540502
2015-02-26 14:15:00,45.9,45.97,45.885,45.94,1631747
2015-02-26 14:30:00,45.94,45.94,45.9,45.93,1719724
2015-02-26 14:45:00,45.92,45.93,45.84,45.9,1762129
2015-02-26 15:00:00,45.89,45.895,45.835,45.845,1823152
2015-02-26 15:15:00,45.85,45.88,45.75,45.88,1886298
2015-02-26 15:30:00,45.88,45.89,45.79,45.8,1988327
2015-02-26 15:45:00,45.805,45.84,45.78,45.84,2069240
2015-02-26 16:00:00,45.83,45.84,45.77,45.79,2246899
2015-02-27 09:45:00,45.71,45.86,45.67,45.67,34793
2015-02-27 10:00:00,45.61,45.69,45.47,45.53,65291
2015-02-27 10:15:00,45.53,45.5397,45.38,45.41,169359
2015-02-27 10:30:00,45.41,45.41,45.27,45.3,214932
2015-02-27 10:45:00,45.305,45.395,45.305,45.395,267204
2015-02-27 11:00:00,45.395,45.435,45.38,45.4001,305660
2015-02-27 11:15:00,45.405,45.42,45.385,45.4,357245
2015-02-27 11:30:00,45.395,45.41,45.27,45.27,439305
2015-02-27 11:45:00,45.27,45.295,45.21,45.22,470119
2015-02-27 12:00:00,45.22,45.23,45.18,45.2,498659
2015-02-27 12:15:00,45.2,45.23,45.19,45.21,599312
2015-02-27 12:30:00,45.2,45.22,45.1701,45.2,670165
2015-02-27 12:45:00,45.2,45.23,45.2,45.205,693603
2015-02-27 13:00:00,45.205,45.21,45.15,45.18,725252
2015-02-27 13:15:00,45.1701,45.1701,45.125,45.14,765588
2015-02-27 13:30:00,45.14,45.14,45.045,45.11,836481
2015-02-27 13:45:00,45.12,45.17,45.1001,45.155,879284
2015-02-27 14:00:00,45.15,45.18,45.14,45.16,984027
2015-02-27 14:15:00,45.17,45.295,45.165,45.295,1031307
2015-02-27 14:30:00,45.2938,45.385,45.285,45.37,1123167
2015-02-27 14:45:00,45.36,45.37,45.28,45.29,1185553
2015-02-27 15:00:00,45.3,45.31,45.26,45.295,1298690
2015-02-27 15:15:00,45.29,45.3,45.26,45.27,1452375
2015-02-27 15:30:00,45.26,45.3,45.245,45.28,1582171
2015-02-27 15:45:00,45.28,45.31,45.23,45.24,1743954
2015-02-27 16:00:00,45.24,45.28,45.2,45.22,2200581
2015-03-02 09:45:00,44.745,44.84,44.45,44.7,885959
2015-03-02 10:00:00,44.72,45.03,44.71,44.83,1405637
2015-03-02 10:15:00,44.83,45.0,44.83,44.98,1549345
2015-03-02 10:30:00,44.98,44.98,44.88,44.935,1664403
2015-03-02 10:45:00,44.935,44.96,44.84,44.96,1823086
2015-03-02 11:00:00,44.96,45.08,44.95,45.06,2060103
2015-03-02 11:15:00,45.06,45.07,44.97,45.04,2178069
2015-03-02 11:30:00,45.045,45.1,45.01,45.01,2249126
2015-03-02 11:45:00,45.015,45.06,45.01,45.03,2328490
2015-03-02 12:00:00,45.03,45.03,44.985,44.99,2363664
2015-03-02 12:15:00,44.99,45.0,44.98,44.9825,2465789
2015-03-02 12:30:00,44.98,45.0,44.89,44.92,2538361
2015-03-02 12:45:00,44.915,44.94,44.88,44.88,2591643
2015-03-02 13:00:00,44.88,44.885,44.74,44.75,2745187
2015-03-02 13:15:00,44.76,44.89,44.74,44.879,2833618
2015-03-02 13:30:00,44.88,44.91,44.8,44.9,2912061
2015-03-02 13:45:00,44.9,44.97,44.88,44.945,2962252
2015-03-02 14:00:00,44.935,44.94,44.87,44.9,3014755
2015-03-02 14:15:00,44.895,45.01,44.895,44.93,3156412
2015-03-02 14:30:00,44.935,44.94,44.885,44.898,3202072
2015-03-02 14:45:00,44.895,44.92,44.88,44.885,3366755
2015-03-02 15:00:00,44.885,44.91,44.85,44.8625,3438218
2015-03-02 15:15:00,44.87,44.925,44.86,44.89,3574119
2015-03-02 15:30:00,44.8912,44.96,44.89,44.94,3689853
2015-03-02 15:45:00,44.945,44.97,44.9,44.9,3941543
2015-03-02 16:00:00,44.905,44.96,44.85,44.95,4341099
2015-03-03 09:45:00,44.59,44.93,44.39,44.76,88895
2015-03-03 10:00:00,44.75,44.88,44.74,44.86,175010
2015-03-03 10:15:00,44.86,44.95,44.795,44.925,284067
2015-03-03 10:30:00,44.93,44.95,44.88,44.94,448527
2015-03-03 10:45:00,44.94,45.04,44.905,45.0325,508018
2015-03-03 11:00:00,45.04,45.165,44.965,45.01,626021
2015-03-03 11:15:00,45.0,45.01,44.93,44.94,673653
2015-03-03 11:30:00,44.94,45.0,44.94,44.95,719950
2015-03-03 11:45:00,44.95,44.96,44.825,44.85,786556
2015-03-03 12:00:00,44.85,44.905,44.84,44.845,831552
2015-03-03 12:15:00,44.85,44.9,44.795,44.89,911009
2015-03-03 12:30:00,44.9,44.9,44.84,44.85,955807
2015-03-03 12:45:00,44.85,44.855,44.84,44.85,989072
2015-03-03 13:00:00,44.85,44.98,44.84,44.95,1067230
2015-03-03 13:15:00,44.95,44.97,44.92,44.93,1103776
2015-03-03 13:30:00,44.92,44.93,44.88,44.91,1151932
2015-03-03 13:45:00,44.91,44.92,44.89,44.91,1223683
2015-03-03 14:00:00,44.92,45.02,44.92,44.985,1268199
2015-03-03 14:15:00,44.99,45.085,44.99,45.06,1367098
2015-03-03 14:30:00,45.06,45.08,45.04,45.08,1447645
2015-03-03 14:45:00,45.085,45.09,44.95,44.975,1505669
2015-03-03 15:00:00,44.98,45.01,44.95,45.0,1557055
2015-03-03 15:15:00,45.0,45.0,44.83,44.83,1645161
2015-03-03 15:30:00,44.83,44.92,44.83,44.91,1722665
2015-03-03 15:45:00,44.91,44.955,44.85,44.87,1806267
2015-03-03 16:00:00,44.86,44.88,44.81,44.83,2021987
2015-03-04 09:45:00,44.56,44.77,44.48,44.72,150753
2015-03-04 10:00:00,44.71,45.05,44.71,45.02,335957
2015-03-04 10:15:00,45.01,45.07,44.68,44.74,792244
2015-03-04 10:30:00,44.74,44.84,44.74,44.81,847549
2015-03-04 10:45:00,44.81,44.92,44.79,44.88,918839
2015-03-04 11:00:00,44.88,44.88,44.65,44.7,993889
2015-03-04 11:15:00,44.69,44.7,44.6,44.7,1067560
2015-03-04 11:30:00,44.7,44.72,44.63,44.66,1129300
2015-03-04 11:45:00,44.66,44.69,44.64,44.68,1177947
2015-03-04 12:00:00,44.68,44.7,44.57,44.595,2013221
2015-03-04 12:15:00,44.6,44.72,44.59,44.72,2051653
2015-03-04 12:30:00,44.73,44.765,44.68,44.68,2074593
2015-03-04 12:45:00,44.68,44.68,44.6,44.65,2116002
2015-03-04 13:00:00,44.64,44.66,44.6,44.61,2147122
2015-03-04 13:15:00,44.61,44.64,44.595,44.6236,2199498
2015-03-04 13:30:00,44.62,44.65,44.6,44.6,2242931
2015-03-04 13:45:00,44.6,44.63,44.6,44.6,2302615
2015-03-04 14:00:00,44.6,44.62,44.57,44.59,2381759
2015-03-04 14:15:00,44.59,44.625,44.53,44.55,2486113
2015-03-04 14:30:00,44.54,44.585,44.53,44.57,2603655
2015-03-04 14:45:00,44.57,44.59,44.52,44.57,2701110
2015-03-04 15:00:00,44.57,44.585,44.52,44.53,2799583
2015-03-04 15:15:00,44.54,44.555,44.49,44.55,2927385
2015-03-04 15:30:00,44.54,44.555,44.49,44.53,3119531
2015-03-04 15:45:00,44.52,44.63,44.52,44.62,4087831
2015-03-04 16:00:00,44.61,44.7,44.6,44.68,4606067
2015-03-05 09:45:00,44.83,44.9,44.59,44.64,96097
2015-03-05 10:00:00,44.64,44.76,44.64,44.69,165986
2015-03-05 10:15:00,44.68,44.7,44.67,44.7,241026
2015-03-05 10:30:00,44.7,44.86,44.69,44.84,360738
2015-03-05 10:45:00,44.84,44.9,44.83,44.85,424394
2015-03-05 11:00:00,44.84,44.96,44.83,44.95,504240
2015-03-05 11:15:00,44.94,44.97,44.78,44.79,626443
2015-03-05 11:30:00,44.79,44.8,44.73,44.76,687377
2015-03-05 11:45:00,44.77,44.79,44.75,44.76,726297
2015-03-05 12:00:00,44.76,44.8,44.72,44.8,778548
2015-03-05 12:15:00,44.8,44.81,44.75,44.78,886321
2015-03-05 12:30:00,44.78,44.81,44.75,44.7725,944916
2015-03-05 12:45:00,44.78,44.8,44.745,44.78,979397
2015-03-05 13:00:00,44.78,44.795,44.68,44.73,1061451
2015-03-05 13:15:00,44.72,44.75,44.67,44.68,1172945
2015-03-05 13:30:00,44.68,44.705,44.64,44.7,1284143
2015-03-05 13:45:00,44.71,44.75,44.7,44.75,1318867
2015-03-05 14:00:00,44.74,44.87,44.73,44.87,1418701
2015-03-05 14:15:00,44.86,44.92,44.8,44.8,1464911
2015-03-05 14:30:00,44.81,44.86,44.81,44.83,1505293
2015-03-05 14:45:00,44.84,44.84,44.78,44.78,1536843
2015-03-05 15:00:00,44.79,44.86,44.78,44.81,1581314
2015-03-05 15:15:00,44.81,44.86,44.79,44.86,1655114
2015-03-05 15:30:00,44.86,44.87,44.84,44.865,1714163
2015-03-05 15:45:00,44.86,44.89,44.8,44.805,1811995
2015-03-05 16:00:00,44.8,44.83,44.78,44.8,2154439
2015-03-06 09:45:00,44.56,44.87,44.48,44.87,51146
2015-03-06 10:00:00,44.83,44.92,44.7,44.79,88604
2015-03-06 10:15:00,44.78,44.8,44.51,44.51,134902
2015-03-06 10:30:00,44.5299,44.565,44.43,44.55,161238
2015-03-06 10:45:00,44.55,44.62,44.54,44.61,205281
2015-03-06 11:00:00,44.62,44.665,44.52,44.57,252654
2015-03-06 11:15:00,44.57,44.6,44.515,44.545,382366
2015-03-06 11:30:00,44.53,44.57,44.5,44.5,505244
2015-03-06 11:45:00,44.49,44.49,44.28,44.3,526156
2015-03-06 12:00:00,44.31,44.31,44.225,44.29,567582
2015-03-06 12:15:00,44.28,44.37,44.26,44.34,596474
2015-03-06 12:30:00,44.35,44.35,44.16,44.18,629568
2015-03-06 12:45:00,44.18,44.24,44.13,44.2,674222
2015-03-06 13:00:00,44.19,44.21,44.03,44.08,701964
2015-03-06 13:15:00,44.09,44.12,43.96,43.98,779182
2015-03-06 13:30:00,43.975,43.975,43.8575,43.9,905514
2015-03-06 13:45:00,43.89,44.0,43.865,43.96,983064
2015-03-06 14:00:00,43.96,44.1,43.9,44.085,1118694
2015-03-06 14:15:00,44.09,44.17,44.09,44.12,1162812
2015-03-06 14:30:00,44.11,44.11,44.0,44.05,1195476
2015-03-06 14:45:00,44.057,44.09,44.0,44.01,1230656
2015-03-06 15:00:00,44.02,44.09,44.0,44.04,1317715
2015-03-06 15:15:00,44.04,44.12,44.01,44.06,1360447
2015-03-06 15:30:00,44.06,44.15,44.02,44.08,1439237
2015-03-06 15:45:00,44.08,44.155,44.07,44.1,1553257
2015-03-06 16:00:00,44.09,44.11,44.05,44.1,1713736
2015-03-09 09:45:00,44.04,44.3,44.04,44.23,40630
2015-03-09 10:00:00,44.2,44.4,44.18,44.39,130069
2015-03-09 10:15:00,44.4,44.4,44.26,44.315,155597
2015-03-09 10:30:00,44.31,44.37,44.3,44.31,198788
2015-03-09 10:45:00,44.29,44.44,44.29,44.38,244378
2015-03-09 11:00:00,44.37,44.42,44.345,44.35,271548
2015-03-09 11:15:00,44.34,44.35,44.16,44.24,334138
2015-03-09 11:30:00,44.23,44.24,44.2,44.21,351841
2015-03-09 11:45:00,44.21,44.36,44.21,44.35,377286
2015-03-09 12:00:00,44.35,44.36,44.32,44.33,411368
2015-03-09 12:15:00,44.34,44.35,44.22,44.22,427982
2015-03-09 12:30:00,44.21,44.21,44.165,44.2,441462
2015-03-09 12:45:00,44.2,44.21,44.185,44.21,458634
2015-03-09 13:00:00,44.21,44.25,44.195,44.2,481864
2015-03-09 13:15:00,44.205,44.23,44.195,44.2,501337
2015-03-09 13:30:00,44.2075,44.26,44.195,44.25,524827
2015-03-09 13:45:00,44.25,44.27,44.21,44.23,538795
2015-03-09 14:00:00,44.23,44.235,44.16,44.16,554313
2015-03-09 14:15:00,44.16,44.22,44.14,44.19,579069
2015-03-09 14:30:00,44.19,44.21,44.18,44.19,606270
2015-03-09 14:45:00,44.195,44.215,44.16,44.21,633166
2015-03-09 15:00:00,44.21,44.25,44.19,44.19,656717
2015-03-09 15:15:00,44.19,44.2,44.12,44.13,711425
2015-03-09 15:30:00,44.13,44.17,44.09,44.16,771645
2015-03-09 15:45:00,44.15,44.19,44.135,44.175,862815
2015-03-09 16:00:00,44.18,44.27,44.15,44.16,1128424
2015-03-10 09:45:00,43.81,43.94,43.325,43.34,134066
2015-03-10 10:00:00,43.35,43.57,43.26,43.52,209576
2015-03-10 10:15:00,43.52,43.61,43.49,43.56,247969
2015-03-10 10:30:00,43.55,43.63,43.5,43.61,273448
2015-03-10 10:45:00,43.61,43.61,43.45,43.45,354395
2015-03-10 11:00:00,43.45,43.47,43.35,43.35,428684
2015-03-10 11:15:00,43.33,43.52,43.33,43.51,482919
2015-03-10 11:30:00,43.51,43.61,43.49,43.56,548860
2015-03-10 11:45:00,43.56,43.72,43.54,43.68,693981
2015-03-10 12:00:00,43.67,43.74,43.61,43.62,773911
2015-03-10 12:15:00,43.62,43.62,43.54,43.57,810256
2015-03-10 12:30:00,43.57,43.575,43.43,43.45,836155
2015-03-10 12:45:00,43.445,43.54,43.43,43.51,847959
2015-03-10 13:00:00,43.52,43.54,43.45,43.455,872915
2015-03-10 13:15:00,43.46,43.5,43.43,43.48,896805
2015-03-10 13:30:00,43.48,43.74,43.46,43.57,945669
2015-03-10 13:45:00,43.56,43.56,43.495,43.5,962586
2015-03-10 14:00:00,43.5,43.54,43.48,43.49,981887
2015-03-10 14:15:00,43.51,43.57,43.4464,43.46,1011095
2015-03-10 14:30:00,43.46,43.5525,43.455,43.53,1071523
2015-03-10 14:45:00,43.53,43.55,43.49,43.52,1100700
2015-03-10 15:00:00,43.525,43.55,43.465,43.48,1122551
2015-03-10 15:15:00,43.48,43.49,43.425,43.44,1152720
2015-03-10 15:30:00,43.43,43.48,43.415,43.42,1250618
2015-03-10 15:45:00,43.42,43.42,43.1,43.31,1570515
2015-03-10 16:00:00,43.31,43.32,43.16,43.19,1903603
2015-03-11 09:45:00,43.12,43.27,42.95,42.97,62589
2015-03-11 10:00:00,42.97,43.185,42.92,43.12,132476
2015-03-11 10:15:00,43.09,43.21,43.035,43.085,168794
2015-03-11 10:30:00,43.08,43.0925,43.01,43.01,210299
2015-03-11 10:45:00,43.02,43.07,42.99,43.01,262005
2015-03-11 11:00:00,43.01,43.06,42.985,43.02,293163
2015-03-11 11:15:00,43.02,43.05,42.99,43.04,383605
2015-03-11 11:30:00,43.03,43.13,43.03,43.11,432184
2015-03-11 11:45:00,43.115,43.14,43.09,43.1,467121
2015-03-11 12:00:00,43.095,43.12,43.05,43.09,493951
2015-03-11 12:15:00,43.09,43.1,43.0,43.05,517638
2015-03-11 12:30:00,43.04,43.04,42.86,42.89,568068
2015-03-11 12:45:00,42.88,42.95,42.88,42.88,598528
2015-03-11 13:00:00,42.88,42.89,42.84,42.855,630436
2015-03-11 13:15:00,42.85,42.87,42.82,42.85,656209
2015-03-11 13:30:00,42.85,42.94,42.825,42.94,709071
2015-03-11 13:45:00,42.93,42.93,42.83,42.86,764506
2015-03-11 14:00:00,42.86,42.9,42.825,42.88,823877
2015-03-11 14:15:00,42.88,42.93,42.84,42.9,863424
2015-03-11 14:30:00,42.895,42.941,42.85,42.85,913665
2015-03-11 14:45:00,42.85,42.94,42.82,42.865,963888
2015-03-11 15:00:00,42.86,42.915,42.83,42.915,1029863
2015-03-11 15:15:00,42.91,42.915,42.79,42.8,1144344
2015-03-11 15:30:00,42.79,42.805,42.74,42.74,1284069
2015-03-11 15:45:00,42.73,42.75,42.7,42.72,1415371
2015-03-11 16:00:00,42.72,42.73,42.6,42.65,1872553
2015-03-12 09:45:00,42.76,42.81,42.39,42.5,263934
2015-03-12 10:00:00,42.49,42.51,42.37,42.4,390746
2015-03-12 10:15:00,42.4,42.48,42.32,42.34,501680
2015-03-12 10:30:00,42.34,42.38,42.23,42.38,550016
2015-03-12 10:45:00,42.38,42.53,42.38,42.53,651166
2015-03-12 11:00:00,42.53,42.535,42.4,42.424,771266
2015-03-12 11:15:00,42.43,42.55,42.4,42.55,855193
2015-03-12 11:30:00,42.55,42.55,42.46,42.48,975385
2015-03-12 11:45:00,42.47,42.55,42.3,42.55,3376402
2015-03-12 12:00:00,42.55,42.75,42.54,42.58,3672123
2015-03-12 12:15:00,42.57,42.71,42.57,42.65,3740596
2015-03-12 12:30:00,42.65,42.99,42.64,42.89,3976501
2015-03-12 12:45:00,42.88,42.92,42.82,42.85,4105024
2015-03-12 13:00:00,42.8425,42.9,42.65,42.685,4375730
2015-03-12 13:15:00,42.685,42.8,42.685,42.78,4470714
2015-03-12 13:30:00,42.79,42.8,42.77,42.8,4548572
2015-03-12 13:45:00,42.79,42.86,42.73,42.78,4666520
2015-03-12 14:00:00,42.775,42.94,42.765,42.91,4804442
2015-03-12 14:15:00,42.9,43.19,42.89,43.165,5025510
2015-03-12 14:30:00,43.15,43.155,43.02,43.05,5171721
2015-03-12 14:45:00,43.0425,43.1,43.02,43.08,5242587
2015-03-12 15:00:00,43.09,43.09,42.92,42.99,5528216
2015-03-12 15:15:00,42.98,43.09,42.98,43.06,5774144
2015-03-12 15:30:00,43.06,43.15,43.04,43.115,6033265
2015-03-12 15:45:00,43.115,43.16,43.09,43.115,6389096
2015-03-12 16:00:00,43.11,43.21,43.08,43.17,6842682
2015-03-13 09:45:00,43.16,43.16,42.87,43.15,48617
2015-03-13 10:00:00,43.14,43.27,43.1,43.11,118759
2015-03-13 10:15:00,43.1,43.13,43.0,43.05,180638
2015-03-13 10:30:00,43.04,43.06,42.9,42.97,300946
2015-03-13 10:45:00,42.96,42.98,42.87,42.935,407844
2015-03-13 11:00:00,42.94,42.96,42.72,42.73,572858
2015-03-13 11:15:00,42.72,42.85,42.72,42.85,650400
2015-03-13 11:30:00,42.85,42.88,42.7,42.715,744721
2015-03-13 11:45:00,42.72,42.74,42.685,42.715,801955
2015-03-13 12:00:00,42.71,42.79,42.7,42.785,909353
2015-03-13 12:15:00,42.78,42.78,42.633,42.725,1130447
2015-03-13 12:30:00,42.725,42.725,42.64,42.725,1216119
2015-03-13 12:45:00,42.729,42.82,42.729,42.8,1249014
2015-03-13 13:00:00,42.8,42.85,42.745,42.8,1360988
2015-03-13 13:15:00,42.82,42.83,42.775,42.79,1481907
2015-03-13 13:30:00,42.78,42.81,42.76,42.76,1607962
2015-03-13 13:45:00,42.76,42.82,42.73,42.81,1781319
2015-03-13 14:00:00,42.8,42.85,42.75,42.75,1894735
2015-03-13 14:15:00,42.76,42.81,42.68,42.695,2007177
2015-03-13 14:30:00,42.69,42.77,42.65,42.71,2109470
2015-03-13 14:45:00,42.71,42.76,42.7,42.7,2210753
2015-03-13 15:00:00,42.7,42.73,42.54,42.6,2452470
2015-03-13 15:15:00,42.595,42.62,42.44,42.45,2588947
2015-03-13 15:30:00,42.45,42.52,42.39,42.43,2824968
2015-03-13 15:45:00,42.42,42.605,42.36,42.565,3130418
2015-03-13 16:00:00,42.56,42.66,42.535,42.575,3938011
2015-03-16 09:45:00,42.88,43.19,42.78,43.0,77781
2015-03-16 10:00:00,43.01,43.33,42.995,43.27,368812
2015-03-16 10:15:00,43.29,43.29,43.05,43.14,554870
2015-03-16 10:30:00,43.15,43.27,43.145,43.19,628661
2015-03-16 10:45:00,43.18,43.26,43.14,43.24,665184
2015-03-16 11:00:00,43.25,43.39,43.21,43.39,753408
2015-03-16 11:15:00,43.39,43.48,43.38,43.4301,821081
2015-03-16 11:30:00,43.44,43.49,43.41,43.43,862378
2015-03-16 11:45:00,43.43,43.46,43.36,43.36,888297
2015-03-16 12:00:00,43.355,43.39,43.33,43.35,930879
2015-03-16 12:15:00,43.34,43.35,43.2,43.2001,986649
2015-03-16 12:30:00,43.2,43.21,43.11,43.13,1018677
2015-03-16 12:45:00,43.13,43.3,43.13,43.275,1037587
2015-03-16 13:00:00,43.29,43.31,43.27,43.3,1063524
2015-03-16 13:15:00,43.28,43.28,43.16,43.2,1093005
2015-03-16 13:30:00,43.19,43.21,43.15,43.17,1134222
2015-03-16 13:45:00,43.17,43.25,43.16,43.25,1158354
2015-03-16 14:00:00,43.25,43.26,43.2,43.23,1207772
2015-03-16 14:15:00,43.23,43.25,43.17,43.175,1244276
2015-03-16 14:30:00,43.175,43.26,43.17,43.25,1300481
2015-03-16 14:45:00,43.25,43.27,43.215,43.26,1331464
2015-03-16 15:00:00,43.2613,43.29,43.21,43.27,1364246
2015-03-16 15:15:00,43.28,43.31,43.26,43.275,1398989
2015-03-16 15:30:00,43.275,43.29,43.19,43.24,1479733
2015-03-16 15:45:00,43.25,43.255,43.17,43.215,1573753
2015-03-16 16:00:00,43.22,43.24,43.185,43.21,1799723
2015-03-17 09:45:00,42.97,43.22,42.97,43.22,45515
2015-03-17 10:00:00,43.23,43.28,43.07,43.1,80256
2015-03-17 10:15:00,43.12,43.18,43.1,43.12,127923
2015-03-17 10:30:00,43.12,43.2,43.09,43.11,172852
2015-03-17 10:45:00,43.11,43.195,43.09,43.095,221423
2015-03-17 11:00:00,43.11,43.13,43.035,43.05,267699
2015-03-17 11:15:00,43.04,43.04,42.91,42.95,298281
2015-03-17 11:30:00,42.955,43.01,42.78,42.89,503760
2015-03-17 11:45:00,42.9,42.92,42.75,42.81,593012
2015-03-17 12:00:00,42.8075,42.92,42.77,42.9,646495
2015-03-17 12:15:00,42.895,42.95,42.84,42.95,698616
2015-03-17 12:30:00,42.97,43.03,42.97,42.9701,734915
2015-03-17 12:45:00,42.97,43.1,42.94,43.095,755647
2015-03-17 13:00:00,43.1,43.1,43.04,43.08,777760
2015-03-17 13:15:00,43.07,43.12,43.04,43.1,808843
2015-03-17 13:30:00,43.1,43.14,43.095,43.13,837022
2015-03-17 13:45:00,43.14,43.15,43.07,43.085,859964
2015-03-17 14:00:00,43.09,43.1,43.0,43.1,893676
2015-03-17 14:15:00,43.09,43.1,43.02,43.09,930464
2015-03-17 14:30:00,43.09,43.09,42.96,43.08,993187
2015-03-17 14:45:00,43.09,43.11,43.02,43.035,1064392
2015-03-17 15:00:00,43.035,43.05,42.98,43.01,1135689
2015-03-17 15:15:00,43.02,43.14,43.02,43.09,1187977
2015-03-17 15:30:00,43.1,43.13,43.08,43.12,1253763
2015-03-17 15:45:00,43.12,43.16,43.1,43.12,1352234
2015-03-17 16:00:00,43.12,43.17,43.08,43.09,1652587
2015-03-18 09:45:00,43.14,43.14,42.85,42.985,67663
2015-03-18 10:00:00,42.96,43.14,42.95,43.14,103325
2015-03-18 10:15:00,43.13,43.15,43.09,43.1,133108
2015-03-18 10:30:00,43.11,43.11,43.02,43.07,154888
2015-03-18 10:45:00,43.07,43.07,42.92,42.94,175792
2015-03-18 11:00:00,42.94,43.14,42.92,43.13,369164
2015-03-18 11:15:00,43.14,43.29,43.13,43.26,448724
2015-03-18 11:30:00,43.25,43.255,43.15,43.15,517627
2015-03-18 11:45:00,43.15,43.26,43.14,43.23,590500
2015-03-18 12:00:00,43.23,43.23,43.19,43.2,660025
2015-03-18 12:15:00,43.2,43.23,43.09,43.11,709224
2015-03-18 12:30:00,43.13,43.15,43.04,43.14,751721
2015-03-18 12:45:00,43.14,43.17,43.14,43.16,806276
2015-03-18 13:00:00,43.16,43.19,43.095,43.11,874502
2015-03-18 13:15:00,43.101,43.12,43.08,43.08,973631
2015-03-18 13:30:00,43.08,43.14,43.05,43.14,1002804
2015-03-18 13:45:00,43.15,43.16,43.06,43.08,1051450
2015-03-18 14:00:00,43.08,43.16,43.04,43.16,1161191
2015-03-18 14:15:00,43.15,43.68,43.14,43.59,1308185
2015-03-18 14:30:00,43.59,43.69,43.55,43.58,1392675
2015-03-18 14:45:00,43.59,43.65,43.513,43.58,1582747
2015-03-18 15:00:00,43.58,43.65,43.49,43.61,1632914
2015-03-18 15:15:00,43.62,43.745,43.55,43.715,1766722
2015-03-18 15:30:00,43.71,43.78,43.685,43.7,1857704
2015-03-18 15:45:00,43.7,43.72,43.63,43.65,1932944
2015-03-18 16:00:00,43.64,43.69,43.57,43.65,2200464
2015-03-19 09:45:00,43.55,43.83,43.485,43.59,132108
2015-03-19 10:00:00,43.6,43.72,43.46,43.71,169118
2015-03-19 10:15:00,43.71,43.75,43.63,43.71,193895
2015-03-19 10:30:00,43.71,43.73,43.62,43.73,219991
2015-03-19 10:45:00,43.72,43.725,43.6,43.67,248553
2015-03-19 11:00:00,43.68,43.68,43.61,43.66,271095
2015-03-19 11:15:00,43.655,43.655,43.51,43.53,299077
2015-03-19 11:30:00,43.53,43.54,43.44,43.44,350714
2015-03-19 11:45:00,43.445,43.46,43.27,43.29,392444
2015-03-19 12:00:00,43.29,43.37,43.28,43.35,410908
2015-03-19 12:15:00,43.36,43.42,43.35,43.39,429275
2015-03-19 12:30:00,43.4,43.41,43.37,43.41,448689
2015-03-19 12:45:00,43.4,43.415,43.36,43.415,479645
2015-03-19 13:00:00,43.41,43.46,43.39,43.46,515176
2015-03-19 13:15:00,43.45,43.46,43.42,43.44,542106
2015-03-19 13:30:00,43.44,43.455,43.42,43.42,595039
2015-03-19 13:45:00,43.41,43.42,43.395,43.41,628088
2015-03-19 14:00:00,43.4075,43.46,43.4,43.43,667328
2015-03-19 14:15:00,43.43,43.48,43.42,43.43,703007
2015-03-19 14:30:00,43.43,43.45,43.39,43.42,755639
2015-03-19 14:45:00,43.41,43.44,43.39,43.43,813923
2015-03-19 15:00:00,43.425,43.45,43.39,43.41,884743
2015-03-19 15:15:00,43.4,43.45,43.39,43.445,989117
2015-03-19 15:30:00,43.4434,43.45,43.4,43.44,1052547
2015-03-19 15:45:00,43.44,43.52,43.41,43.41,1131927
2015-03-19 16:00:00,43.41,43.46,43.39,43.4,1501584
2015-03-20 09:45:00,43.64,43.85,43.55,43.78,449775
2015-03-20 10:00:00,43.76,43.8,43.73,43.77,495456
2015-03-20 10:15:00,43.78,43.83,43.76,43.83,554844
2015-03-20 10:30:00,43.82,43.89,43.8,43.82,609346
2015-03-20 10:45:00,43.83,43.89,43.81,43.835,665133
2015-03-20 11:00:00,43.84,43.85,43.8,43.8,729446
2015-03-20 11:15:00,43.81,43.82,43.8,43.82,834114
2015-03-20 11:30:00,43.815,43.87,43.8,43.86,951121
2015-03-20 11:45:00,43.86,43.88,43.84,43.84,992426
2015-03-20 12:00:00,43.84,43.87,43.83,43.865,1109217
2015-03-20 12:15:00,43.86,43.87,43.84,43.87,1174828
2015-03-20 12:30:00,43.865,43.94,43.86,43.94,1217383
2015-03-20 12:45:00,43.935,43.95,43.91,43.94,1271145
2015-03-20 13:00:00,43.94,44.0,43.93,44.0,1332465
2015-03-20 13:15:00,43.99,44.005,43.945,43.945,1363650
2015-03-20 13:30:00,43.945,44.0,43.92,43.99,1420378
2015-03-20 13:45:00,43.985,44.01,43.855,43.87,1484357
2015-03-20 14:00:00,43.86,43.91,43.84,43.91,1581701
2015-03-20 14:15:00,43.92,44.01,43.92,43.9925,1723705
2015-03-20 14:30:00,43.98,43.98,43.93,43.98,1807323
2015-03-20 14:45:00,43.98,44.02,43.965,44.0,1936552
2015-03-20 15:00:00,43.99,44.005,43.92,43.96,1999385
2015-03-20 15:15:00,43.96,43.98,43.9435,43.9435,2047430
2015-03-20 15:30:00,43.945,43.955,43.92,43.93,2227195
2015-03-20 15:45:00,43.92,43.93,43.86,43.87,2351854
2015-03-20 16:00:00,43.87,43.93,43.835,43.88,2780726
2015-03-23 09:45:00,43.98,43.98,43.77,43.86,91096
2015-03-23 10:00:00,43.86,43.92,43.85,43.91,157872
2015-03-23 10:15:00,43.91,43.94,43.89,43.92,214371
2015-03-23 10:30:00,43.912,44.01,43.912,43.95,301132
2015-03-23 10:45:00,43.942,43.99,43.94,43.98,361117
2015-03-23 11:00:00,43.99,44.03,43.96,43.97,410269
2015-03-23 11:15:00,43.97,43.98,43.89,43.9,468892
2015-03-23 11:30:00,43.9,43.91,43.81,43.81,507549
2015-03-23 11:45:00,43.81,43.84,43.73,43.77,545528
2015-03-23 12:00:00,43.765,43.87,43.73,43.86,586444
2015-03-23 12:15:00,43.865,43.88,43.84,43.87,639609
2015-03-23 12:30:00,43.87,43.89,43.8,43.82,678137
2015-03-23 12:45:00,43.82,43.925,43.81,43.89,708927
2015-03-23 13:00:00,43.89,43.93,43.885,43.93,742198
2015-03-23 13:15:00,43.925,43.93,43.88,43.89,782840
2015-03-23 13:30:00,43.895,43.895,43.85,43.87,821217
2015-03-23 13:45:00,43.86,43.87,43.85,43.86,850868
2015-03-23 14:00:00,43.86,43.92,43.845,43.89,916761
2015-03-23 14:15:00,43.885,43.95,43.88,43.94,955593
2015-03-23 14:30:00,43.94,43.945,43.85,43.9,1103519
2015-03-23 14:45:00,43.9,43.92,43.79,43.79,1180310
2015-03-23 15:00:00,43.79,43.79,43.69,43.75,1256950
2015-03-23 15:15:00,43.74,43.77,43.73,43.745,1337259
2015-03-23 15:30:00,43.74,43.82,43.74,43.81,1399048
2015-03-23 15:45:00,43.81,43.82,43.74,43.745,1510171
2015-03-23 16:00:00,43.745,43.77,43.65,43.65,1721133
2015-03-24 09:45:00,43.57,43.68,43.5,43.51,36647
2015-03-24 10:00:00,43.5,43.6,43.5,43.52,75573
2015-03-24 10:15:00,43.53,43.54,43.47,43.47,136866
2015-03-24 10:30:00,43.47,43.49,43.37,43.45,180385
2015-03-24 10:45:00,43.45,43.46,43.355,43.4075,214465
2015-03-24 11:00:00,43.4,43.44,43.38,43.41,251543
2015-03-24 11:15:00,43.42,43.44,43.39,43.425,316039
2015-03-24 11:30:00,43.425,43.45,43.42,43.43,391942
2015-03-24 11:45:00,43.43,43.56,43.43,43.54,492480
2015-03-24 12:00:00,43.54,43.54,43.47,43.48,552405
2015-03-24 12:15:00,43.46,43.57,43.455,43.56,650459
2015-03-24 12:30:00,43.56,43.62,43.51,43.6,692674
2015-03-24 12:45:00,43.6,43.6,43.495,43.54,726661
2015-03-24 13:00:00,43.535,43.535,43.42,43.425,774348
2015-03-24 13:15:00,43.43,43.55,43.425,43.55,810684
2015-03-24 13:30:00,43.55,43.55,43.455,43.5,856546
2015-03-24 13:45:00,43.5,43.535,43.4973,43.52,887755
2015-03-24 14:00:00,43.53,43.53,43.5,43.51,929348
2015-03-24 14:15:00,43.5,43.57,43.48,43.55,993958
2015-03-24 14:30:00,43.55,43.57,43.45,43.45,1056081
2015-03-24 14:45:00,43.45,43.46,43.385,43.43,1117780
2015-03-24 15:00:00,43.42,43.47,43.395,43.47,1164588
2015-03-24 15:15:00,43.47,43.48,43.38,43.38,1232633
2015-03-24 15:30:00,43.37,43.41,43.35,43.35,1328037
2015-03-24 15:45:00,43.355,43.4,43.34,43.37,1425495
2015-03-24 16:00:00,43.36,43.375,43.245,43.27,1666004
2015-03-25 09:45:00,43.4,43.58,43.4,43.54,69115
2015-03-25 10:00:00,43.545,43.65,43.45,43.65,111914
2015-03-25 10:15:00,43.65,43.77,43.64,43.75,205094
2015-03-25 10:30:00,43.76,43.835,43.73,43.83,269988
2015-03-25 10:45:00,43.83,43.85,43.79,43.805,397289
2015-03-25 11:00:00,43.805,43.99,43.79,43.99,600751
2015-03-25 11:15:00,43.99,44.145,43.985,44.125,770849
2015-03-25 11:30:00,44.125,44.19,43.94,44.0,1043821
2015-03-25 11:45:00,43.99,44.05,43.93,43.94,1262356
2015-03-25 12:00:00,43.945,43.945,43.78,43.815,1411305
2015-03-25 12:15:00,43.82,43.82,43.7001,43.705,1626860
2015-03-25 12:30:00,43.705,43.72,43.64,43.72,1688073
2015-03-25 12:45:00,43.72,43.725,43.62,43.62,1735775
2015-03-25 13:00:00,43.63,43.65,43.56,43.615,1802908
2015-03-25 13:15:00,43.61,43.705,43.59,43.6,1850013
2015-03-25 13:30:00,43.6,43.79,43.6,43.77,1913622
2015-03-25 13:45:00,43.77,43.79,43.605,43.7,1996667
2015-03-25 14:00:00,43.69,43.695,43.49,43.495,2123104
2015-03-25 14:15:00,43.495,43.495,43.4,43.4,2224316
2015-03-25 14:30:00,43.4,43.46,43.34,43.43,2394863
2015-03-25 14:45:00,43.435,43.5,43.43,43.5,2461530
2015-03-25 15:00:00,43.49,43.54,43.435,43.44,2561273
2015-03-25 15:15:00,43.45,43.45,43.395,43.4,2632943
2015-03-25 15:30:00,43.41,43.42,43.32,43.325,2714534
2015-03-25 15:45:00,43.325,43.33,43.26,43.27,2878898
2015-03-25 16:00:00,43.27,43.275,43.07,43.08,3355067
2015-03-26 09:45:00,42.92,43.32,42.86,43.15,99828
2015-03-26 10:00:00,43.13,43.13,42.94,42.97,148221
2015-03-26 10:15:00,42.99,43.05,42.99,42.99,232349
2015-03-26 10:30:00,42.99,43.04,42.98,43.0,297951
2015-03-26 10:45:00,43.0,43.05,42.99,43.02,354294
2015-03-26 11:00:00,43.03,43.06,43.0,43.06,397164
2015-03-26 11:15:00,43.06,43.06,43.0,43.01,440650
2015-03-26 11:30:00,43.02,43.045,42.99,43.0,491655
2015-03-26 11:45:00,43.0,43.07,42.99,43.05,585398
2015-03-26 12:00:00,43.06,43.2,43.05,43.2,641304
2015-03-26 12:15:00,43.2,43.22,43.08,43.08,707049
2015-03-26 12:30:00,43.09,43.1,43.03,43.05,740026
2015-03-26 12:45:00,43.05,43.06,43.0,43.02,773716
2015-03-26 13:00:00,43.03,43.08,43.02,43.05,794013
2015-03-26 13:15:00,43.05,43.06,42.99,43.0,837533
2015-03-26 13:30:00,43.0,43.13,42.98,43.13,1065117
2015-03-26 13:45:00,43.13,43.23,43.1,43.22,1088812
2015-03-26 14:00:00,43.24,43.24,43.18,43.22,1127417
2015-03-26 14:15:00,43.23,43.25,43.16,43.1601,1155672
2015-03-26 14:30:00,43.17,43.22,43.16,43.18,1201626
2015-03-26 14:45:00,43.175,43.23,43.175,43.2,1238663
2015-03-26 15:00:00,43.21,43.21,43.08,43.08,1279859
2015-03-26 15:15:00,43.08,43.095,43.03,43.03,1321837
2015-03-26 15:30:00,43.03,43.08,42.99,43.08,1417893
2015-03-26 15:45:00,43.08,43.13,43.02,43.05,1544475
2015-03-26 16:00:00,43.06,43.09,43.0,43.015,1868137
2015-03-27 09:45:00,43.0,43.28,42.92,43.26,64833
2015-03-27 10:00:00,43.26,43.41,43.21,43.28,150406
2015-03-27 10:15:00,43.28,43.35,43.14,43.18,237014
2015-03-27 10:30:00,43.18,43.39,43.18,43.31,387792
2015-03-27 10:45:00,43.3,43.36,43.19,43.36,504803
2015-03-27 11:00:00,43.36,43.37,43.18,43.195,594440
2015-03-27 11:15:00,43.2,43.21,43.18,43.19,628016
2015-03-27 11:30:00,43.18,43.21,43.11,43.1114,663770
2015-03-27 11:45:00,43.11,43.135,43.0993,43.12,690785
2015-03-27 12:00:00,43.11,43.12,42.99,43.06,726471
2015-03-27 12:15:00,43.07,43.23,43.07,43.23,774234
2015-03-27 12:30:00,43.23,43.28,43.2,43.23,822299
2015-03-27 12:45:00,43.24,43.315,43.24,43.275,846567
2015-03-27 13:00:00,43.27,43.28,43.24,43.27,862807
2015-03-27 13:15:00,43.275,43.3,43.25,43.255,884075
2015-03-27 13:30:00,43.25,43.3,43.25,43.275,918254
2015-03-27 13:45:00,43.279,43.38,43.265,43.36,955580
2015-03-27 14:00:00,43.37,43.495,43.37,43.47,1015329
2015-03-27 14:15:00,43.46,43.47,43.39,43.455,1052638
2015-03-27 14:30:00,43.45,43.45,43.345,43.37,1093194
2015-03-27 14:45:00,43.36,43.38,43.32,43.37,1127856
2015-03-27 15:00:00,43.37,43.395,43.34,43.35,1152188
2015-03-27 15:15:00,43.35,43.37,43.3,43.32,1228348
2015-03-27 15:30:00,43.31,43.31,43.25,43.255,1391871
2015-03-27 15:45:00,43.26,43.405,43.26,43.38,1476973
2015-03-27 16:00:00,43.37,43.37,43.28,43.32,1657358
2015-03-30 09:45:00,43.5,44.13,43.5,44.07,91132
2015-03-30 10:00:00,44.07,44.135,44.0,44.06,131416
2015-03-30 10:15:00,44.06,44.36,44.03,44.32,325831
2015-03-30 10:30:00,44.33,44.37,44.25,44.33,465219
2015-03-30 10:45:00,44.33,44.3375,44.24,44.32,586965
2015-03-30 11:00:00,44.32,44.475,44.295,44.45,696703
2015-03-30 11:15:00,44.44,44.57,44.44,44.55,825390
2015-03-30 11:30:00,44.54,44.545,44.4,44.51,911113
2015-03-30 11:45:00,44.51,44.525,44.42,44.46,1063901
2015-03-30 12:00:00,44.45,44.73,44.42,44.71,1204771
2015-03-30 12:15:00,44.7,44.87,44.69,44.83,1351293
2015-03-30 12:30:00,44.83,44.95,44.8,44.83,1465471
2015-03-30 12:45:00,44.83,44.845,44.66,44.66,1666394
2015-03-30 13:00:00,44.66,44.76,44.63,44.75,1776276
2015-03-30 13:15:00,44.75,44.85,44.74,44.79,1921893
2015-03-30 13:30:00,44.78,44.84,44.735,44.84,2026764
2015-03-30 13:45:00,44.84,44.84,44.745,44.83,2154059
2015-03-30 14:00:00,44.83,44.86,44.78,44.84,2264836
2015-03-30 14:15:00,44.83,44.87,44.755,44.84,2340015
2015-03-30 14:30:00,44.84,44.85,44.83,44.85,2424614
2015-03-30 14:45:00,44.84,44.89,44.76,44.81,2532114
2015-03-30 15:00:00,44.81,44.89,44.77,44.86,2612482
2015-03-30 15:15:00,44.86,44.89,44.81,44.81,2700283
2015-03-30 15:30:00,44.81,44.95,44.81,44.94,2901433
2015-03-30 15:45:00,44.94,44.98,44.825,44.83,3062119
2015-03-30 16:00:00,44.82,44.83,44.73,44.77,3497750
2015-03-31 09:45:00,44.7,44.77,44.415,44.76,86745
2015-03-31 10:00:00,44.725,44.75,44.66,44.711,141692
2015-03-31 10:15:00,44.72,44.735,44.68,44.715,207164
2015-03-31 10:30:00,44.7,44.95,44.7,44.95,393085
2015-03-31 10:45:00,44.95,44.95,44.89,44.9,484069
2015-03-31 11:00:00,44.9,44.96,44.9,44.92,555603
2015-03-31 11:15:00,44.91,44.98,44.9,44.98,598264
2015-03-31 11:30:00,44.98,44.98,44.88,44.89,710682
2015-03-31 11:45:00,44.88,44.9,44.7,44.71,795101
2015-03-31 12:00:00,44.71,44.71,44.52,44.5204,847939
2015-03-31 12:15:00,44.53,44.66,44.5,44.62,941058
2015-03-31 12:30:00,44.625,44.635,44.56,44.6,970151
2015-03-31 12:45:00,44.59,44.61,44.53,44.59,1063723
2015-03-31 13:00:00,44.58,44.5956,44.57,44.59,1161181
2015-03-31 13:15:00,44.6,44.67,44.6,44.67,1219811
2015-03-31 13:30:00,44.665,44.79,44.665,44.75,1255589
2015-03-31 13:45:00,44.75,44.91,44.75,44.85,1353631
2015-03-31 14:00:00,44.85,44.86,44.81,44.835,1434875
2015-03-31 14:15:00,44.835,44.91,44.83,44.88,1492027
2015-03-31 14:30:00,44.88,44.91,44.84,44.8699,1549933
2015-03-31 14:45:00,44.87,44.87,44.76,44.78,1688581
2015-03-31 15:00:00,44.78,44.85,44.78,44.85,1742442
2015-03-31 15:15:00,44.84,44.88,44.825,44.86,1924549
2015-03-31 15:30:00,44.86,44.89,44.7,44.73,2195248
2015-03-31 15:45:00,44.73,44.77,44.6,44.6,2326680
2015-03-31 16:00:00,44.6,44.67,44.56,44.56,2689909
2015-04-01 09:45:00,44.5,44.51,44.11,44.2,292547
2015-04-01 10:00:00,44.18,44.31,44.145,44.27,369104
2015-04-01 10:15:00,44.26,44.34,44.21,44.31,434848
2015-04-01 10:30:00,44.31,44.505,44.275,44.5,494683
2015-04-01 10:45:00,44.51,44.68,44.43,44.68,557771
2015-04-01 11:00:00,44.68,44.83,44.65,44.65,688819
2015-04-01 11:15:00,44.65,44.74,44.56,44.74,753909
2015-04-01 11:30:00,44.75,44.84,44.7,44.73,842512
2015-04-01 11:45:00,44.73,44.79,44.68,44.74,910822
2015-04-01 12:00:00,44.73,44.79,44.645,44.66,1004054
2015-04-01 12:15:00,44.68,44.76,44.67,44.755,1080117
2015-04-01 12:30:00,44.75,44.819,44.695,44.8,1196284
2015-04-01 12:45:00,44.8,44.82,44.79,44.79,1238273
2015-04-01 13:00:00,44.8,44.9,44.79,44.89,1287841
2015-04-01 13:15:00,44.88,44.9,44.83,44.88,1331471
2015-04-01 13:30:00,44.87,44.97,44.84,44.94,1389508
2015-04-01 13:45:00,44.94,45.1,44.92,45.06,1521363
2015-04-01 14:00:00,45.05,45.08,44.97,45.0,1593005
2015-04-01 14:15:00,45.005,45.02,44.92,44.95,1732876
2015-04-01 14:30:00,44.94,44.94,44.86,44.86,1787550
2015-04-01 14:45:00,44.85,44.89,44.84,44.86,1830271
2015-04-01 15:00:00,44.85,44.88,44.81,44.81,1919463
2015-04-01 15:15:00,44.81,44.82,44.75,44.8,2045441
2015-04-01 15:30:00,44.8,44.85,44.78,44.83,2165249
2015-04-01 15:45:00,44.83,44.94,44.811,44.85,2338962
2015-04-01 16:00:00,44.85,44.97,44.81,44.96,2733001
2015-04-02 09:45:00,44.96,45.11,44.76,45.07,75556
2015-04-02 10:00:00,45.08,45.45,45.07,45.375,161958
2015-04-02 10:15:00,45.36,45.42,45.23,45.33,217122
2015-04-02 10:30:00,45.33,45.33,45.19,45.24,251981
2015-04-02 10:45:00,45.25,45.32,45.24,45.24,331330
2015-04-02 11:00:00,45.24,45.35,45.2,45.35,404500
2015-04-02 11:15:00,45.34,45.39,45.34,45.36,452545
2015-04-02 11:30:00,45.36,45.48,45.34,45.415,530711
2015-04-02 11:45:00,45.415,45.515,45.395,45.515,595081
2015-04-02 12:00:00,45.51,45.52,45.35,45.43,652523
2015-04-02 12:15:00,45.435,45.435,45.33,45.35,689444
2015-04-02 12:30:00,45.35,45.43,45.35,45.4,735139
2015-04-02 12:45:00,45.4,45.43,45.38,45.42,764277
2015-04-02 13:00:00,45.42,45.43,45.385,45.41,793804
2015-04-02 13:15:00,45.41,45.44,45.4,45.43,824118
2015-04-02 13:30:00,45.44,45.571,45.425,45.55,905524
2015-04-02 13:45:00,45.55,45.58,45.39,45.41,968831
2015-04-02 14:00:00,45.42,45.505,45.42,45.47,1028635
2015-04-02 14:15:00,45.461,45.47,45.395,45.4,1080886
2015-04-02 14:30:00,45.4,45.515,45.4,45.46,1158265
2015-04-02 14:45:00,45.47,45.515,45.47,45.485,1218965
2015-04-02 15:00:00,45.485,45.545,45.48,45.51,1285894
2015-04-02 15:15:00,45.5049,45.52,45.47,45.51,1367248
2015-04-02 15:30:00,45.5,45.555,45.45,45.555,1445905
2015-04-02 15:45:00,45.56,45.625,45.53,45.58,1629533
2015-04-02 16:00:00,45.59,45.65,45.53,45.53,1948271
2015-04-06 09:45:00,45.26,45.71,45.11,45.69,50474
2015-04-06 10:00:00,45.69,45.7,45.53,45.56,100825
2015-04-06 10:15:00,45.56,45.62,45.52,45.62,136222
2015-04-06 10:30:00,45.64,45.78,45.62,45.71,192339
2015-04-06 10:45:00,45.72,45.87,45.72,45.79,237025
2015-04-06 11:00:00,45.79,45.79,45.65,45.69,277707
2015-04-06 11:15:00,45.68,45.79,45.68,45.74,308554
2015-04-06 11:30:00,45.75,45.84,45.72,45.74,342348
2015-04-06 11:45:00,45.74,45.79,45.72,45.79,373154
2015-04-06 12:00:00,45.79,45.8,45.72,45.76,396183
2015-04-06 12:15:00,45.76,45.845,45.76,45.815,426253
2015-04-06 12:30:00,45.82,45.89,45.8,45.84,462187
2015-04-06 12:45:00,45.83,45.9,45.82,45.875,493124
2015-04-06 13:00:00,45.8725,45.93,45.85,45.875,530643
2015-04-06 13:15:00,45.8725,45.98,45.87,45.98,624591
2015-04-06 13:30:00,45.98,46.05,45.96,46.01,669656
2015-04-06 13:45:00,46.0,46.01,45.87,45.87,767936
2015-04-06 14:00:00,45.87,45.95,45.87,45.925,802636
2015-04-06 14:15:00,45.93,45.9749,45.92,45.9749,859214
2015-04-06 14:30:00,45.98,46.0,45.97,45.975,917985
2015-04-06 14:45:00,45.97,46.01,45.97,46.01,1016954
2015-04-06 15:00:00,46.0,46.03,45.97,46.0,1098086
2015-04-06 15:15:00,46.0,46.055,45.98,46.0,1239206
2015-04-06 15:30:00,45.99,46.0,45.89,45.895,1356575
2015-04-06 15:45:00,45.89,45.99,45.89,45.96,1468479
2015-04-06 16:00:00,45.96,45.965,45.85,45.9,1677287
2015-04-07 09:45:00,45.84,46.0,45.84,45.92,56749
2015-04-07 10:00:00,45.95,46.02,45.88,45.98,106483
2015-04-07 10:15:00,45.99,46.0,45.8,45.94,210450
2015-04-07 10:30:00,45.93,46.03,45.93,45.99,379932
2015-04-07 10:45:00,46.0,46.085,45.94,46.075,624277
2015-04-07 11:00:00,46.08,46.15,46.04,46.05,673091
2015-04-07 11:15:00,46.04,46.045,46.0,46.03,749272
2015-04-07 11:30:00,46.03,46.04,45.94,45.99,806964
2015-04-07 11:45:00,45.99,46.01,45.98,46.0,834514
2015-04-07 12:00:00,46.0,46.07,45.98,46.045,910311
2015-04-07 12:15:00,46.04,46.05,46.01,46.02,935841
2015-04-07 12:30:00,46.02,46.05,46.01,46.05,959007
2015-04-07 12:45:00,46.04,46.05,46.01,46.035,1000686
2015-04-07 13:00:00,46.03,46.04,45.97,46.01,1106035
2015-04-07 13:15:00,46.01,46.02,45.93,45.96,1168220
2015-04-07 13:30:00,45.9501,45.96,45.92,45.94,1219713
2015-04-07 13:45:00,45.94,45.98,45.92,45.92,1283393
2015-04-07 14:00:00,45.92,45.94,45.87,45.93,1370435
2015-04-07 14:15:00,45.93,45.94,45.85,45.89,1415584
2015-04-07 14:30:00,45.88,45.92,45.88,45.9,1478900
2015-04-07 14:45:00,45.903,45.91,45.89,45.9,1498958
2015-04-07 15:00:00,45.9,45.91,45.83,45.885,1549807
2015-04-07 15:15:00,45.89,45.89,45.78,45.78,1613327
2015-04-07 15:30:00,45.78,45.8,45.73,45.73,1735317
2015-04-07 15:45:00,45.73,45.735,45.63,45.73,1813353
2015-04-07 16:00:00,45.73,45.75,45.66,45.67,2035128
2015-04-08 09:45:00,45.65,45.92,45.61,45.67,36986
2015-04-08 10:00:00,45.67,45.69,45.47,45.57,82764
2015-04-08 10:15:00,45.57,45.655,45.54,45.55,129251
2015-04-08 10:30:00,45.55,45.58,45.53,45.55,174941
2015-04-08 10:45:00,45.54,45.58,45.44,45.47,263636
2015-04-08 11:00:00,45.47,45.47,45.38,45.38,307197
2015-04-08 11:15:00,45.37,45.505,45.35,45.45,351968
2015-04-08 11:30:00,45.45,45.56,45.45,45.56,401469
2015-04-08 11:45:00,45.56,45.59,45.5,45.58,484186
2015-04-08 12:00:00,45.59,45.61,45.495,45.525,518134
2015-04-08 12:15:00,45.53,45.61,45.5,45.6,561274
2015-04-08 12:30:00,45.595,45.61,45.58,45.605,587377
2015-04-08 12:45:00,45.6,45.65,45.59,45.6451,630314
2015-04-08 13:00:00,45.65,45.71,45.64,45.685,675083
2015-04-08 13:15:00,45.685,45.705,45.67,45.695,722469
2015-04-08 13:30:00,45.69,45.69,45.61,45.62,760919
2015-04-08 13:45:00,45.62,45.63,45.59,45.6,808231
2015-04-08 14:00:00,45.6,45.61,45.55,45.55,852315
2015-04-08 14:15:00,45.559,45.66,45.5,45.64,1048316
2015-04-08 14:30:00,45.64,45.74,45.625,45.64,1095080
2015-04-08 14:45:00,45.6375,45.66,45.595,45.62,1188024
2015-04-08 15:00:00,45.63,45.67,45.595,45.625,1271928
2015-04-08 15:15:00,45.63,45.65,45.605,45.615,1384072
2015-04-08 15:30:00,45.62,45.645,45.59,45.595,1537236
2015-04-08 15:45:00,45.595,45.66,45.59,45.61,1647769
2015-04-08 16:00:00,45.61,45.64,45.595,45.61,1924825
2015-04-09 09:45:00,45.67,45.7045,45.51,45.63,85855
2015-04-09 10:00:00,45.62,45.64,45.5,45.52,190927
2015-04-09 10:15:00,45.52,45.6,45.5,45.59,286253
2015-04-09 10:30:00,45.6,45.75,45.57,45.75,345742
2015-04-09 10:45:00,45.7562,45.76,45.63,45.645,443407
2015-04-09 11:00:00,45.66,45.68,45.61,45.63,479995
2015-04-09 11:15:00,45.64,45.69,45.59,45.65,802860
2015-04-09 11:30:00,45.65,45.69,45.58,45.66,929394
2015-04-09 11:45:00,45.66,45.82,45.66,45.82,980592
2015-04-09 12:00:00,45.83,45.89,45.78,45.81,1017224
2015-04-09 12:15:00,45.81,45.93,45.8,45.92,1071298
2015-04-09 12:30:00,45.925,46.09,45.92,45.995,1113751
2015-04-09 12:45:00,45.995,46.04,45.965,45.965,1301402
2015-04-09 13:00:00,45.96,45.96,45.89,45.9,1330831
2015-04-09 13:15:00,45.89,45.91,45.81,45.815,1372004
2015-04-09 13:30:00,45.815,45.815,45.73,45.75,1503523
2015-04-09 13:45:00,45.75,45.75,45.66,45.66,1528305
2015-04-09 14:00:00,45.67,45.68,45.65,45.68,1550493
2015-04-09 14:15:00,45.67,45.71,45.66,45.7,1656932
2015-04-09 14:30:00,45.7,45.7,45.56,45.57,1712038
2015-04-09 14:45:00,45.57,45.6,45.53,45.58,1771165
2015-04-09 15:00:00,45.57,45.62,45.48,45.615,1888019
2015-04-09 15:15:00,45.615,45.785,45.61,45.78,1944505
2015-04-09 15:30:00,45.78,45.83,45.72,45.82,2005953
2015-04-09 15:45:00,45.83,45.84,45.76,45.83,2102745
2015-04-09 16:00:00,45.83,45.85,45.76,45.82,2316594
2015-04-10 09:45:00,45.82,46.06,45.72,45.93,49134
2015-04-10 10:00:00,45.9359,45.985,45.71,45.72,72843
2015-04-10 10:15:00,45.74,45.88,45.74,45.85,108089
2015-04-10 10:30:00,45.85,45.925,45.83,45.92,138560
2015-04-10 10:45:00,45.92,45.98,45.91,45.96,171124
2015-04-10 11:00:00,45.98,46.02,45.94,45.97,194444
2015-04-10 11:15:00,45.97,46.04,45.925,46.03,237252
2015-04-10 11:30:00,46.04,46.059,46.0,46.02,265184
2015-04-10 11:45:00,46.01,46.11,46.01,46.11,291209
2015-04-10 12:00:00,46.12,46.14,46.06,46.07,325853
2015-04-10 12:15:00,46.09,46.14,46.0,46.01,341495
2015-04-10 12:30:00,46.0,46.03,45.98,45.98,350891
2015-04-10 12:45:00,45.99,46.03,45.97,45.98,367189
2015-04-10 13:00:00,45.9856,46.02,45.98,46.02,380156
2015-04-10 13:15:00,46.03,46.06,46.0,46.06,393705
2015-04-10 13:30:00,46.05,46.09,46.04,46.09,424914
2015-04-10 13:45:00,46.08,46.1,46.07,46.07,449548
2015-04-10 14:00:00,46.07,46.12,46.05,46.09,477567
2015-04-10 14:15:00,46.09,46.11,46.0675,46.07,489307
2015-04-10 14:30:00,46.07,46.08,45.985,46.0,512548
2015-04-10 14:45:00,46.01,46.05,45.97,46.03,540327
2015-04-10 15:00:00,46.03,46.06,46.01,46.045,565370
2015-04-10 15:15:00,46.045,46.09,46.02,46.08,605241
2015-04-10 15:30:00,46.07,46.07,45.99,46.05,650212
2015-04-10 15:45:00,46.05,46.1,46.03,46.08,718423
2015-04-10 16:00:00,46.08,46.08,45.99,46.02,869674
2015-04-13 09:45:00,45.05,45.92,45.05,45.67,110927
2015-04-13 10:00:00,45.67,45.77,45.63,45.69,143359
2015-04-13 10:15:00,45.69,45.71,45.62,45.68,198978
2015-04-13 10:30:00,45.68,45.71,45.65,45.7,228836
2015-04-13 10:45:00,45.7,45.73,45.65,45.65,275451
2015-04-13 11:00:00,45.65,45.66,45.63,45.63,306167
2015-04-13 11:15:00,45.64,45.66,45.605,45.63,332900
2015-04-13 11:30:00,45.62,45.71,45.62,45.69,357973
2015-04-13 11:45:00,45.7,45.72,45.62,45.66,395317
2015-04-13 12:00:00,45.68,45.68,45.56,45.56,456451
2015-04-13 12:15:00,45.56,45.609,45.545,45.57,521467
2015-04-13 12:30:00,45.56,45.59,45.54,45.58,574468
2015-04-13 12:45:00,45.58,45.61,45.56,45.61,589784
2015-04-13 13:00:00,45.61,45.63,45.58,45.62,619168
2015-04-13 13:15:00,45.61,45.65,45.595,45.62,635625
2015-04-13 13:30:00,45.62,45.65,45.57,45.62,666015
2015-04-13 13:45:00,45.61,45.648,45.57,45.61,693321
2015-04-13 14:00:00,45.615,45.67,45.59,45.67,724586
2015-04-13 14:15:00,45.68,45.7,45.64,45.668,761577
2015-04-13 14:30:00,45.668,45.7,45.6,45.6899,796578
2015-04-13 14:45:00,45.68,45.69,45.58,45.64,853510
2015-04-13 15:00:00,45.64,45.66,45.57,45.58,917781
2015-04-13 15:15:00,45.59,45.61,45.52,45.61,972800
2015-04-13 15:30:00,45.6,45.6,45.5,45.53,1038733
2015-04-13 15:45:00,45.53,45.57,45.495,45.545,1117879
2015-04-13 16:00:00,45.55,45.605,45.52,45.52,1474943
2015-04-14 09:45:00,45.3,45.45,45.2899,45.415,191393
2015-04-14 10:00:00,45.42,45.495,45.35,45.43,276670
2015-04-14 10:15:00,45.412,45.5,45.35,45.5,333042
2015-04-14 10:30:00,45.497,45.56,45.49,45.51,432393
2015-04-14 10:45:00,45.51,45.515,45.4,45.49,498400
2015-04-14 11:00:00,45.47,45.585,45.47,45.55,553692
2015-04-14 11:15:00,45.555,45.76,45.53,45.735,678549
2015-04-14 11:30:00,45.74,45.76,45.6,45.6,763037
2015-04-14 11:45:00,45.61,45.68,45.6,45.66,820652
2015-04-14 12:00:00,45.66,45.66,45.59,45.6,853219
2015-04-14 12:15:00,45.608,45.63,45.59,45.63,930322
2015-04-14 12:30:00,45.625,45.69,45.62,45.675,982520
2015-04-14 12:45:00,45.68,45.81,45.68,45.75,1050498
2015-04-14 13:00:00,45.745,45.79,45.745,45.76,1074028
2015-04-14 13:15:00,45.76,45.76,45.68,45.7,1098376
2015-04-14 13:30:00,45.68,45.72,45.67,45.7,1127322
2015-04-14 13:45:00,45.7,45.72,45.62,45.64,1184778
2015-04-14 14:00:00,45.64,45.66,45.59,45.66,1217171
2015-04-14 14:15:00,45.655,45.73,45.64,45.73,1257736
2015-04-14 14:30:00,45.73,45.79,45.71,45.76,1303239
2015-04-14 14:45:00,45.755,45.77,45.71,45.77,1359170
2015-04-14 15:00:00,45.77,45.9,45.77,45.895,1463361
2015-04-14 15:15:00,45.9,46.0,45.89,46.0,1588115
2015-04-14 15:30:00,46.0,46.055,45.95,45.985,1776433
2015-04-14 15:45:00,45.99,46.01,45.896,45.945,1968673
2015-04-14 16:00:00,45.95,46.0,45.945,46.0,2398198
2015-04-15 09:45:00,46.02,46.16,45.89,45.93,63033
2015-04-15 10:00:00,45.93,45.97,45.81,45.81,120130
2015-04-15 10:15:00,45.82,45.85,45.73,45.79,150280
2015-04-15 10:30:00,45.78,45.79,45.63,45.63,223751
2015-04-15 10:45:00,45.62,45.71,45.61,45.63,276112
2015-04-15 11:00:00,45.62,45.675,45.5601,45.5675,343516
2015-04-15 11:15:00,45.56,45.6,45.47,45.57,444603
2015-04-15 11:30:00,45.5675,45.66,45.48,45.66,529304
2015-04-15 11:45:00,45.67,45.67,45.5575,45.65,624839
2015-04-15 12:00:00,45.65,45.67,45.59,45.62,679328
2015-04-15 12:15:00,45.63,45.66,45.6,45.66,732162
2015-04-15 12:30:00,45.66,45.69,45.57,45.59,807071
2015-04-15 12:45:00,45.6,45.6,45.46,45.53,856447
2015-04-15 13:00:00,45.535,45.6109,45.5,45.61,905174
2015-04-15 13:15:00,45.61,45.62,45.57,45.62,963602
2015-04-15 13:30:00,45.62,45.655,45.55,45.65,1059211
2015-04-15 13:45:00,45.65,45.66,45.62,45.62,1114501
2015-04-15 14:00:00,45.63,45.64,45.44,45.49,1216293
2015-04-15 14:15:00,45.49,45.57,45.48,45.48,1269008
2015-04-15 14:30:00,45.48,45.51,45.4,45.43,1354103
2015-04-15 14:45:00,45.44,45.555,45.42,45.55,1420469
2015-04-15 15:00:00,45.55,45.58,45.5,45.55,1529531
2015-04-15 15:15:00,45.55,45.55,45.395,45.45,1669141
2015-04-15 15:30:00,45.445,45.52,45.4,45.51,1831999
2015-04-15 15:45:00,45.51,45.54,45.36,45.39,1975066
2015-04-15 16:00:00,45.39,45.45,45.29,45.415,2391190
2015-04-16 09:45:00,45.28,45.295,44.925,45.06,83310
2015-04-16 10:00:00,45.06,45.06,44.88,45.02,179412
2015-04-16 10:15:00,45.02,45.21,44.99,45.125,291101
2015-04-16 10:30:00,45.125,45.13,45.07,45.1,365376
2015-04-16 10:45:00,45.1,45.13,45.07,45.1,413415
2015-04-16 11:00:00,45.1,45.11,45.04,45.07,454483
2015-04-16 11:15:00,45.07,45.08,45.034,45.06,489400
2015-04-16 11:30:00,45.06,45.1,45.05,45.08,523619
2015-04-16 11:45:00,45.085,45.11,45.03,45.03,609676
2015-04-16 12:00:00,45.03,45.129,45.02,45.109,642623
2015-04-16 12:15:00,45.1076,45.11,45.06,45.1,724336
2015-04-16 12:30:00,45.1,45.1,45.04,45.05,753953
2015-04-16 12:45:00,45.04,45.11,45.04,45.09,778793
2015-04-16 13:00:00,45.1,45.1,45.01,45.028,822402
2015-04-16 13:15:00,45.03,45.07,44.97,45.06,849099
2015-04-16 13:30:00,45.06,45.08,45.0272,45.05,881423
2015-04-16 13:45:00,45.055,45.13,45.04,45.13,912666
2015-04-16 14:00:00,45.14,45.18,45.13,45.17,947593
2015-04-16 14:15:00,45.16,45.16,45.03,45.08,1027394
2015-04-16 14:30:00,45.085,45.085,45.03,45.05,1096991
2015-04-16 14:45:00,45.06,45.075,45.01,45.04,1170079
2015-04-16 15:00:00,45.035,45.105,45.03,45.06,1264681
2015-04-16 15:15:00,45.06,45.09,45.01,45.05,1349624
2015-04-16 15:30:00,45.05,45.09,45.01,45.01,1406765
2015-04-16 15:45:00,45.02,45.041,44.97,44.99,1490906
2015-04-16 16:00:00,44.99,44.99,44.895,44.94,1745433
2015-04-17 09:45:00,44.64,44.75,44.44,44.5,148411
2015-04-17 10:00:00,44.5,44.63,44.45,44.49,202380
2015-04-17 10:15:00,44.4641,44.51,44.37,44.46,287404
2015-04-17 10:30:00,44.45,44.47,44.35,44.38,336040
2015-04-17 10:45:00,44.37,44.45,44.37,44.45,367928
2015-04-17 11:00:00,44.45,44.47,44.38,44.45,434305
2015-04-17 11:15:00,44.445,44.445,44.28,44.36,464935
2015-04-17 11:30:00,44.38,44.51,44.33,44.48,515416
2015-04-17 11:45:00,44.49,44.51,44.41,44.47,585010
2015-04-17 12:00:00,44.48,44.5,44.45,44.45,657584
2015-04-17 12:15:00,44.45,44.58,44.445,44.56,731377
2015-04-17 12:30:00,44.56,44.59,44.525,44.57,758906
2015-04-17 12:45:00,44.58,44.625,44.54,44.6,802227
2015-04-17 13:00:00,44.5932,44.61,44.54,44.55,847910
2015-04-17 13:15:00,44.57,44.63,44.55,44.61,870908
2015-04-17 13:30:00,44.6,44.63,44.54,44.58,924383
2015-04-17 13:45:00,44.575,44.6,44.52,44.54,975853
2015-04-17 14:00:00,44.55,44.59,44.35,44.41,1046544
2015-04-17 14:15:00,44.42,44.4625,44.33,44.35,1082110
2015-04-17 14:30:00,44.34,44.34,44.24,44.29,1137070
2015-04-17 14:45:00,44.28,44.35,44.24,44.34,1175933
2015-04-17 15:00:00,44.35,44.37,44.27,44.27,1209055
2015-04-17 15:15:00,44.26,44.27,44.18,44.27,1260977
2015-04-17 15:30:00,44.27,44.3,44.23,44.285,1347183
2015-04-17 15:45:00,44.28,44.3,44.25,44.25,1436981
2015-04-17 16:00:00,44.255,44.27,44.16,44.22,1710453
2015-04-20 09:45:00,44.34,44.56,44.34,44.46,101161
2015-04-20 10:00:00,44.48,44.5,44.44,44.5,157107
2015-04-20 10:15:00,44.5,44.64,44.48,44.64,235346
2015-04-20 10:30:00,44.63,44.759,44.61,44.759,302573
2015-04-20 10:45:00,44.76,44.87,44.71,44.79,360533
2015-04-20 11:00:00,44.79,44.95,44.77,44.9,457360
2015-04-20 11:15:00,44.91,45.0,44.91,44.98,489766
2015-04-20 11:30:00,44.99,45.08,44.95,45.08,566955
2015-04-20 11:45:00,45.08,45.12,45.0,45.02,622201
2015-04-20 12:00:00,45.01,45.17,45.01,45.09,726000
2015-04-20 12:15:00,45.09,45.14,45.07,45.13,800481
2015-04-20 12:30:00,45.13,45.2,45.13,45.17,853056
2015-04-20 12:45:00,45.18,45.19,45.12,45.15,895104
2015-04-20 13:00:00,45.14,45.17,45.1,45.1,918382
2015-04-20 13:15:00,45.1,45.1,45.06,45.07,956316
2015-04-20 13:30:00,45.07,45.09,45.05,45.09,987112
2015-04-20 13:45:00,45.085,45.1,45.03,45.05,1026919
2015-04-20 14:00:00,45.05,45.08,45.01,45.05,1058060
2015-04-20 14:15:00,45.05,45.05,45.0,45.03,1104673
2015-04-20 14:30:00,45.05,45.05,45.0,45.02,1154180
2015-04-20 14:45:00,45.02,45.04,45.0,45.03,1209970
2015-04-20 15:00:00,45.03,45.04,44.98,45.0,1268510
2015-04-20 15:15:00,45.0,45.06,44.98,45.05,1331374
2015-04-20 15:30:00,45.04,45.05,44.99,45.02,1413453
2015-04-20 15:45:00,45.02,45.03,44.975,44.98,1529722
2015-04-20 16:00:00,44.98,45.09,44.97,45.05,1974789
2015-04-21 09:45:00,45.14,45.47,45.14,45.33,121712
2015-04-21 10:00:00,45.33,45.38,45.24,45.28,174799
2015-04-21 10:15:00,45.29,45.37,45.24,45.33,260281
2015-04-21 10:30:00,45.33,45.42,45.31,45.34,351578
2015-04-21 10:45:00,45.34,45.38,45.27,45.31,430396
2015-04-21 11:00:00,45.315,45.41,45.31,45.37,483973
2015-04-21 11:15:00,45.37,45.434,45.3475,45.3475,618278
2015-04-21 11:30:00,45.36,45.44,45.35,45.425,679868
2015-04-21 11:45:00,45.42,45.46,45.4,45.45,744141
2015-04-21 12:00:00,45.45,45.49,45.41,45.45,854339
2015-04-21 12:15:00,45.45,45.57,45.4,45.52,964894
2015-04-21 12:30:00,45.51,45.52,45.44,45.5,1016715
2015-04-21 12:45:00,45.505,45.57,45.42,45.52,1135163
2015-04-21 13:00:00,45.52,45.56,45.475,45.54,1222104
2015-04-21 13:15:00,45.53,45.75,45.53,45.7423,1342557
2015-04-21 13:30:00,45.75,45.87,45.73,45.87,1506298
2015-04-21 13:45:00,45.865,45.93,45.81,45.93,1665535
2015-04-21 14:00:00,45.93,45.99,45.845,45.96,1801037
2015-04-21 14:15:00,45.95,45.975,45.84,45.97,1909773
2015-04-21 14:30:00,45.97,46.18,45.97,46.06,2053865
2015-04-21 14:45:00,46.07,46.1,45.97,45.98,2206822
2015-04-21 15:00:00,45.99,46.12,45.96,46.02,2318290
2015-04-21 15:15:00,46.01,46.03,45.9,46.02,2478319
2015-04-21 15:30:00,46.02,46.04,45.94,45.98,2681491
2015-04-21 15:45:00,45.98,45.99,45.9,45.97,3065800
2015-04-21 16:00:00,45.96,45.97,45.83,45.84,3683601
2015-04-22 09:45:00,44.84,45.36,44.63,44.99,506256
2015-04-22 10:00:00,45.0,45.11,44.9,45.02,753369
2015-04-22 10:15:00,45.01,45.11,45.0,45.01,1170469
2015-04-22 10:30:00,45.015,45.15,44.9,45.045,1528130
2015-04-22 10:45:00,45.05,45.23,45.0,45.195,1710452
2015-04-22 11:00:00,45.19,45.45,45.185,45.415,1921212
2015-04-22 11:15:00,45.41,45.69,45.39,45.51,2224796
2015-04-22 11:30:00,45.5,45.56,45.44,45.51,2381166
2015-04-22 11:45:00,45.51,45.61,45.44,45.53,2678284
2015-04-22 12:00:00,45.525,45.61,45.51,45.57,2851434
2015-04-22 12:15:00,45.57,45.59,45.5,45.52,3152408
2015-04-22 12:30:00,45.51,45.62,45.5,45.56,3375992
2015-04-22 12:45:00,45.56,45.58,45.545,45.55,3470648
2015-04-22 13:00:00,45.55,45.64,45.55,45.625,3578798
2015-04-22 13:15:00,45.625,45.63,45.57,45.605,3663444
2015-04-22 13:30:00,45.61,45.63,45.6,45.605,3829791
2015-04-22 13:45:00,45.6,46.02,45.6,45.97,4034709
2015-04-22 14:00:00,45.975,45.99,45.84,45.88,4202987
2015-04-22 14:15:00,45.88,45.88,45.75,45.7985,4400101
2015-04-22 14:30:00,45.8,45.92,45.79,45.809,4520390
2015-04-22 14:45:00,45.8,45.91,45.8,45.87,4732481
2015-04-22 15:00:00,45.86,45.88,45.845,45.87,4834258
2015-04-22 15:15:00,45.87,45.97,45.78,45.97,5117677
2015-04-22 15:30:00,45.965,46.12,45.9,45.94,5305181
2015-04-22 15:45:00,45.94,45.94,45.85,45.905,5646215
2015-04-22 16:00:00,45.91,46.12,45.9,46.11,6459105
2015-04-23 09:45:00,46.15,46.56,46.14,46.48,215064
2015-04-23 10:00:00,46.48,46.642,46.46,46.5,486913
2015-04-23 10:15:00,46.5,46.53,46.44,46.47,852798
2015-04-23 10:30:00,46.46,46.47,46.37,46.39,1258911
2015-04-23 10:45:00,46.39,46.4,46.32,46.32,1395841
2015-04-23 11:00:00,46.33,46.36,46.155,46.16,1587803
2015-04-23 11:15:00,46.16,46.3,46.14,46.15,1698364
2015-04-23 11:30:00,46.15,46.151,46.05,46.085,1834403
2015-04-23 11:45:00,46.085,46.195,46.03,46.07,1923245
2015-04-23 12:00:00,46.07,46.35,46.07,46.31,2012802
2015-04-23 12:15:00,46.3,46.3,46.18,46.18,2094745
2015-04-23 12:30:00,46.18,46.22,46.12,46.13,2163221
2015-04-23 12:45:00,46.13,46.28,46.1,46.24,2221736
2015-04-23 13:00:00,46.24,46.28,46.22,46.22,2269068
2015-04-23 13:15:00,46.22,46.25,46.21,46.21,2304550
2015-04-23 13:30:00,46.21,46.21,46.14,46.14,2361436
2015-04-23 13:45:00,46.145,46.18,46.1,46.1,2415076
2015-04-23 14:00:00,46.1,46.13,46.09,46.09,2463041
2015-04-23 14:15:00,46.09,46.13,46.06,46.12,2550672
2015-04-23 14:30:00,46.12,46.33,46.09,46.27,2651595
2015-04-23 14:45:00,46.265,46.33,46.24,46.33,2761130
2015-04-23 15:00:00,46.33,46.403,46.29,46.38,2910332
2015-04-23 15:15:00,46.38,46.38,46.29,46.335,3062061
2015-04-23 15:30:00,46.33,46.45,46.32,46.44,3191533
2015-04-23 15:45:00,46.44,46.44,46.25,46.32,3380589
2015-04-23 16:00:00,46.31,46.39,46.26,46.37,3986975
2015-04-24 09:45:00,45.38,45.68,45.36,45.6,2026205
2015-04-24 10:00:00,45.6,45.97,45.51,45.88,2841995
2015-04-24 10:15:00,45.87,46.06,45.71,45.74,3724395
2015-04-24 10:30:00,45.74,45.76,45.64,45.701,4135418
2015-04-24 10:45:00,45.7,45.82,45.66,45.69,4606608
2015-04-24 11:00:00,45.6875,45.725,45.66,45.695,4905689
2015-04-24 11:15:00,45.695,45.77,45.65,45.75,5240019
2015-04-24 11:30:00,45.75,45.78,45.7,45.78,5602888
2015-04-24 11:45:00,45.78,45.8,45.7,45.7,5846723
2015-04-24 12:00:00,45.71,45.72,45.61,45.71,5953362
2015-04-24 12:15:00,45.71,45.715,45.695,45.7,6015814
2015-04-24 12:30:00,45.7,45.71,45.68,45.68,6192915
2015-04-24 12:45:00,45.69,45.71,45.67,45.705,6355972
2015-04-24 13:00:00,45.7,45.89,45.69,45.85,6552938
2015-04-24 13:15:00,45.86,45.99,45.855,45.9,6850825
2015-04-24 13:30:00,45.89,45.914,45.86,45.87,7054521
2015-04-24 13:45:00,45.88,45.9,45.85,45.86,7194513
2015-04-24 14:00:00,45.86,45.86,45.85,45.855,7338176
2015-04-24 14:15:00,45.855,45.9,45.78,45.855,7558654
2015-04-24 14:30:00,45.86,46.02,45.855,45.98,7955066
2015-04-24 14:45:00,46.0,46.01,45.9,45.91,8236619
2015-04-24 15:00:00,45.92,46.06,45.9,45.95,8489935
2015-04-24 15:15:00,45.94,46.015,45.9,45.99,8837242
2015-04-24 15:30:00,45.99,46.04,45.96,46.03,9037557
2015-04-24 15:45:00,46.04,46.07,45.94,45.995,9697095
2015-04-24 16:00:00,45.99,46.01,45.915,45.93,10818227
2015-04-27 09:45:00,46.06,46.31,46.01,46.05,231237
2015-04-27 10:00:00,46.06,46.15,45.96,46.1,474430
2015-04-27 10:15:00,46.11,46.25,46.08,46.2,645225
2015-04-27 10:30:00,46.2,46.22,46.09,46.105,716760
2015-04-27 10:45:00,46.1,46.3,46.1,46.29,842850
2015-04-27 11:00:00,46.29,46.33,46.145,46.16,999929
2015-04-27 11:15:00,46.16,46.18,46.06,46.06,1155818
2015-04-27 11:30:00,46.06,46.07,45.96,45.98,1281567
2015-04-27 11:45:00,45.97,46.12,45.95,46.1,1466307
2015-04-27 12:00:00,46.1,46.1,46.0,46.01,1557133
2015-04-27 12:15:00,46.01,46.02,45.93,45.95,1612763
2015-04-27 12:30:00,45.95,45.96,45.9,45.95,1675190
2015-04-27 12:45:00,45.95,45.95,45.74,45.745,1775176
2015-04-27 13:00:00,45.74,45.745,45.68,45.71,1895186
2015-04-27 13:15:00,45.71,45.75,45.7,45.7,1935407
2015-04-27 13:30:00,45.7,45.75,45.66,45.74,2043681
2015-04-27 13:45:00,45.74,45.82,45.7,45.75,2100032
2015-04-27 14:00:00,45.76,45.77,45.68,45.7,2165287
2015-04-27 14:15:00,45.7,45.7,45.55,45.55,2257362
2015-04-27 14:30:00,45.54,45.58,45.52,45.57,2352479
2015-04-27 14:45:00,45.58,45.67,45.5,45.67,2427713
2015-04-27 15:00:00,45.66,45.69,45.61,45.62,2499769
2015-04-27 15:15:00,45.62,45.73,45.61,45.7,2609793
2015-04-27 15:30:00,45.7,45.7,45.61,45.65,2704532
2015-04-27 15:45:00,45.64,45.64,45.54,45.6,2824277
2015-04-27 16:00:00,45.6,45.6,45.47,45.52,3201975
2015-04-28 09:45:00,45.45,45.68,45.4,45.49,145682
2015-04-28 10:00:00,45.51,45.59,45.47,45.57,265937
2015-04-28 10:15:00,45.56,45.56,45.33,45.36,389928
2015-04-28 10:30:00,45.36,45.48,45.36,45.46,468180
2015-04-28 10:45:00,45.46,45.5505,45.46,45.54,539363
2015-04-28 11:00:00,45.53,45.58,45.5,45.57,600644
2015-04-28 11:15:00,45.57,45.61,45.54,45.54,663407
2015-04-28 11:30:00,45.54,45.58,45.5199,45.55,730605
2015-04-28 11:45:00,45.55,45.7,45.55,45.665,799312
2015-04-28 12:00:00,45.665,45.735,45.65,45.705,928581
2015-04-28 12:15:00,45.71,45.71,45.59,45.6,1006349
2015-04-28 12:30:00,45.59,45.615,45.585,45.6,1059445
2015-04-28 12:45:00,45.6,45.63,45.59,45.6,1117489
2015-04-28 13:00:00,45.61,45.72,45.59,45.66,1194276
2015-04-28 13:15:00,45.665,45.72,45.66,45.71,1294657
2015-04-28 13:30:00,45.72,45.77,45.72,45.77,1346092
2015-04-28 13:45:00,45.77,45.8,45.73,45.76,1432688
2015-04-28 14:00:00,45.7575,45.7575,45.65,45.65,1482837
2015-04-28 14:15:00,45.65,45.65,45.6,45.62,1549037
2015-04-28 14:30:00,45.61,45.64,45.605,45.64,1590440
2015-04-28 14:45:00,45.64,45.69,45.62,45.65,1657117
2015-04-28 15:00:00,45.65,45.65,45.62,45.62,1702045
2015-04-28 15:15:00,45.62,45.64,45.62,45.62,1818429
2015-04-28 15:30:00,45.62,45.63,45.57,45.58,1903333
2015-04-28 15:45:00,45.58,45.76,45.57,45.75,2068038
2015-04-28 16:00:00,45.74,45.755,45.64,45.68,2449512
2015-04-29 09:45:00,45.58,45.67,45.43,45.5,59748
2015-04-29 10:00:00,45.52,45.52,45.33,45.37,111516
2015-04-29 10:15:00,45.37,45.4,45.23,45.31,137862
2015-04-29 10:30:00,45.29,45.33,45.21,45.24,159589
2015-04-29 10:45:00,45.23,45.34,45.23,45.32,180527
2015-04-29 11:00:00,45.31,45.32,45.26,45.27,216989
2015-04-29 11:15:00,45.26,45.41,45.26,45.34,255218
2015-04-29 11:30:00,45.34,45.42,45.33,45.41,300262
2015-04-29 11:45:00,45.41,45.42,45.34,45.38,331616
2015-04-29 12:00:00,45.39,45.52,45.385,45.48,374362
2015-04-29 12:15:00,45.48,45.5,45.36,45.37,396566
2015-04-29 12:30:00,45.37,45.38,45.3,45.33,438232
2015-04-29 12:45:00,45.33,45.3458,45.27,45.3075,462049
2015-04-29 13:00:00,45.31,45.43,45.31,45.41,487206
2015-04-29 13:15:00,45.41,45.41,45.33,45.41,516610
2015-04-29 13:30:00,45.41,45.4602,45.4,45.4457,542281
2015-04-29 13:45:00,45.45,45.53,45.43,45.53,568673
2015-04-29 14:00:00,45.5201,45.63,45.5201,45.59,643801
2015-04-29 14:15:00,45.57,45.6,45.39,45.41,716337
2015-04-29 14:30:00,45.42,45.54,45.42,45.5051,761511
2015-04-29 14:45:00,45.5,45.63,45.48,45.58,811044
2015-04-29 15:00:00,45.59,45.59,45.47,45.47,838051
2015-04-29 15:15:00,45.47,45.51,45.375,45.42,913698
2015-04-29 15:30:00,45.42,45.445,45.38,45.4,972839
2015-04-29 15:45:00,45.4,45.47,45.36,45.365,1050622
2015-04-29 16:00:00,45.36,45.48,45.35,45.42,1247635
2015-04-30 09:45:00,45.38,45.71,45.31,45.48,145511
2015-04-30 10:00:00,45.46,45.56,45.42,45.51,361739
2015-04-30 10:15:00,45.5,45.53,45.415,45.44,480457
2015-04-30 10:30:00,45.45,45.45,45.31,45.37,529432
2015-04-30 10:45:00,45.35,45.42,45.34,45.4,573055
2015-04-30 11:00:00,45.39,45.4,45.35,45.4,608652
2015-04-30 11:15:00,45.39,45.53,45.39,45.47,652758
2015-04-30 11:30:00,45.46,45.52,45.44,45.505,723394
2015-04-30 11:45:00,45.5,45.57,45.48,45.54,787910
2015-04-30 12:00:00,45.55,45.62,45.53,45.57,863661
2015-04-30 12:15:00,45.56,45.57,45.41,45.41,901535
2015-04-30 12:30:00,45.41,45.44,45.34,45.34,928996
2015-04-30 12:45:00,45.34,45.39,45.31,45.345,972774
2015-04-30 13:00:00,45.35,45.42,45.33,45.41,1010866
2015-04-30 13:15:00,45.41,45.4199,45.35,45.39,1059322
2015-04-30 13:30:00,45.39,45.41,45.375,45.39,1086611
2015-04-30 13:45:00,45.38,45.42,45.375,45.39,1137732
2015-04-30 14:00:00,45.39,45.395,45.31,45.31,1169718
2015-04-30 14:15:00,45.31,45.45,45.275,45.45,1204464
2015-04-30 14:30:00,45.44,45.44,45.285,45.29,1237960
2015-04-30 14:45:00,45.29,45.35,45.2778,45.33,1286778
2015-04-30 15:00:00,45.34,45.35,45.16,45.165,1374581
2015-04-30 15:15:00,45.16,45.17,44.89,44.915,1520732
2015-04-30 15:30:00,44.9,44.99,44.88,44.95,1929880
2015-04-30 15:45:00,44.94,45.03,44.87,44.89,2130323
2015-04-30 16:00:00,44.885,45.02,44.885,44.94,2712611
2015-05-01 09:45:00,45.01,45.46,44.94,45.25,163623
2015-05-01 10:00:00,45.26,45.26,44.87,45.03,280652
2015-05-01 10:15:00,45.02,45.27,45.0,45.25,348319
2015-05-01 10:30:00,45.25,45.34,45.23,45.29,412131
2015-05-01 10:45:00,45.3,45.33,45.1,45.11,472187
2015-05-01 11:00:00,45.12,45.12,44.97,45.01,539170
2015-05-01 11:15:00,45.01,45.07,44.97,44.995,589037
2015-05-01 11:30:00,45.0,45.0,44.96,44.98,652945
2015-05-01 11:45:00,44.98,45.01,44.895,44.91,699958
2015-05-01 12:00:00,44.905,44.905,44.82,44.845,753356
2015-05-01 12:15:00,44.86,44.86,44.75,44.7819,824876
2015-05-01 12:30:00,44.79,44.81,44.71,44.76,879170
2015-05-01 12:45:00,44.775,44.81,44.77,44.77,920002
2015-05-01 13:00:00,44.77,44.79,44.63,44.65,1035504
2015-05-01 13:15:00,44.65,44.79,44.65,44.76,1076394
2015-05-01 13:30:00,44.77,44.8,44.71,44.75,1146838
2015-05-01 13:45:00,44.75,44.76,44.71,44.72,1242117
2015-05-01 14:00:00,44.71,44.88,44.705,44.82,1330207
2015-05-01 14:15:00,44.815,44.87,44.81,44.8568,1375264
2015-05-01 14:30:00,44.86,44.94,44.845,44.94,1458840
2015-05-01 14:45:00,44.96,45.0,44.935,44.9675,1533953
2015-05-01 15:00:00,44.965,44.97,44.89,44.89,1600608
2015-05-01 15:15:00,44.9,44.92,44.86,44.88,1662145
2015-05-01 15:30:00,44.87,44.91,44.81,44.815,1730301
2015-05-01 15:45:00,44.815,44.92,44.81,44.905,1872534
2015-05-01 16:00:00,44.91,44.93,44.835,44.84,2387504
2015-05-04 09:45:00,45.15,45.73,45.15,45.68,361082
2015-05-04 10:00:00,45.69,45.76,45.58,45.68,599475
2015-05-04 10:15:00,45.68,45.89,45.55,45.77,824485
2015-05-04 10:30:00,45.77,46.0,45.69,45.99,1046978
2015-05-04 10:45:00,46.0,46.07,45.91,45.995,1280864
2015-05-04 11:00:00,46.0,46.0,45.82,45.83,1438885
2015-05-04 11:15:00,45.83,45.89,45.72,45.82,1569578
2015-05-04 11:30:00,45.82,45.89,45.75,45.84,1681211
2015-05-04 11:45:00,45.84,45.87,45.785,45.87,1765096
2015-05-04 12:00:00,45.87,45.92,45.71,45.81,1905020
2015-05-04 12:15:00,45.81,45.89,45.77,45.805,2067483
2015-05-04 12:30:00,45.8,45.84,45.75,45.81,2234769
2015-05-04 12:45:00,45.81,45.82,45.71,45.82,2322901
2015-05-04 13:00:00,45.82,45.91,45.785,45.87,2458045
2015-05-04 13:15:00,45.865,45.9,45.81,45.86,2579609
2015-05-04 13:30:00,45.85,45.87,45.81,45.82,2693804
2015-05-04 13:45:00,45.825,45.9,45.76,45.89,2785810
2015-05-04 14:00:00,45.885,45.91,45.855,45.91,2863333
2015-05-04 14:15:00,45.91,45.94,45.83,45.83,2966433
2015-05-04 14:30:00,45.83,45.94,45.8,45.91,3062041
2015-05-04 14:45:00,45.91,45.92,45.89,45.91,3156400
2015-05-04 15:00:00,45.91,45.92,45.87,45.87,3279265
2015-05-04 15:15:00,45.88,45.88,45.81,45.815,3402749
2015-05-04 15:30:00,45.82,45.865,45.78,45.79,3685524
2015-05-04 15:45:00,45.79,45.85,45.78,45.85,3932929
2015-05-04 16:00:00,45.85,45.85,45.76,45.77,4391817
2015-05-05 09:45:00,45.57,45.88,45.53,45.85,88328
2015-05-05 10:00:00,45.86,45.875,45.74,45.82,203793
2015-05-05 10:15:00,45.82,45.83,45.695,45.74,345955
2015-05-05 10:30:00,45.74,45.95,45.74,45.87,461183
2015-05-05 10:45:00,45.88,45.89,45.78,45.86,680765
2015-05-05 11:00:00,45.87,45.91,45.81,45.851,1138791
2015-05-05 11:15:00,45.85,45.86,45.77,45.8,1355154
2015-05-05 11:30:00,45.81,45.81,45.66,45.69,1474536
2015-05-05 11:45:00,45.69,45.69,45.51,45.52,1638912
2015-05-05 12:00:00,45.51,45.52,45.42,45.48,1818806
2015-05-05 12:15:00,45.48,45.6,45.47,45.49,2117186
2015-05-05 12:30:00,45.49,45.62,45.44,45.54,2219816
2015-05-05 12:45:00,45.56,45.56,45.43,45.47,2304459
2015-05-05 13:00:00,45.46,45.55,45.44,45.55,2413895
2015-05-05 13:15:00,45.55,45.55,45.41,45.43,2498078
2015-05-05 13:30:00,45.42,45.48,45.4,45.41,2557259
2015-05-05 13:45:00,45.41,45.49,45.41,45.425,2617443
2015-05-05 14:00:00,45.42,45.43,45.34,45.385,2712829
2015-05-05 14:15:00,45.38,45.38,45.3,45.35,2842971
2015-05-05 14:30:00,45.34,45.38,45.27,45.28,3002498
2015-05-05 14:45:00,45.27,45.36,45.25,45.29,3097740
2015-05-05 15:00:00,45.29,45.3,45.2,45.22,3199991
2015-05-05 15:15:00,45.22,45.25,45.07,45.09,3464018
2015-05-05 15:30:00,45.08,45.2,45.06,45.18,3912151
2015-05-05 15:45:00,45.175,45.19,45.12,45.145,4380183
2015-05-05 16:00:00,45.145,45.195,45.075,45.1,5176461
2015-05-06 09:45:00,45.13,45.39,44.87,44.9,80244
2015-05-06 10:00:00,44.9,44.99,44.73,44.96,148626
2015-05-06 10:15:00,44.96,45.0,44.68,44.69,237616
2015-05-06 10:30:00,44.7,44.91,44.68,44.9,320766
2015-05-06 10:45:00,44.9,44.98,44.84,44.95,431171
2015-05-06 11:00:00,44.94,45.055,44.92,44.97,706482
2015-05-06 11:15:00,44.97,45.0,44.91,44.96,795800
2015-05-06 11:30:00,44.95,45.0,44.92,44.99,899378
2015-05-06 11:45:00,45.0,45.19,44.99,45.18,992625
2015-05-06 12:00:00,45.181,45.25,45.14,45.24,1082564
2015-05-06 12:15:00,45.24,45.24,45.13,45.18,1145856
2015-05-06 12:30:00,45.16,45.26,45.16,45.16,1209239
2015-05-06 12:45:00,45.16,45.2,45.06,45.06,1284169
2015-05-06 13:00:00,45.05,45.1,44.97,45.05,1356559
2015-05-06 13:15:00,45.06,45.1,44.99,45.06,1413125
2015-05-06 13:30:00,45.07,45.105,44.99,44.99,1470279
2015-05-06 13:45:00,44.99,44.99,44.87,44.92,1529871
2015-05-06 14:00:00,44.91,44.93,44.79,44.79,1597559
2015-05-06 14:15:00,44.79,44.805,44.72,44.77,1686389
2015-05-06 14:30:00,44.76,44.785,44.7,44.74,1781781
2015-05-06 14:45:00,44.73,44.73,44.54,44.58,1889262
2015-05-06 15:00:00,44.58,44.73,44.58,44.73,1976368
2015-05-06 15:15:00,44.73,44.77,44.69,44.71,2106336
2015-05-06 15:30:00,44.715,44.78,44.645,44.78,2218364
2015-05-06 15:45:00,44.775,44.81,44.695,44.74,2400600
2015-05-06 16:00:00,44.74,44.77,44.71,44.75,2853192
2015-05-07 09:45:00,44.82,44.96,44.64,44.9399,96086
2015-05-07 10:00:00,44.95,44.95,44.61,44.66,228363
2015-05-07 10:15:00,44.65,44.785,44.58,44.77,353749
2015-05-07 10:30:00,44.78,44.93,44.75,44.82,463929
2015-05-07 10:45:00,44.83,44.89,44.77,44.875,552555
2015-05-07 11:00:00,44.88,45.02,44.86,45.0,706685
2015-05-07 11:15:00,45.0,45.04,44.9,45.04,819824
2015-05-07 11:30:00,45.04,45.2,45.04,45.16,901425
2015-05-07 11:45:00,45.16,45.23,45.13,45.13,974271
2015-05-07 12:00:00,45.14,45.18,45.05,45.18,1053726
2015-05-07 12:15:00,45.18,45.21,45.11,45.17,1156844
2015-05-07 12:30:00,45.18,45.26,45.14,45.15,1267273
2015-05-07 12:45:00,45.16,45.17,45.12,45.14,1322178
2015-05-07 13:00:00,45.14,45.16,45.08,45.15,1401157
2015-05-07 13:15:00,45.145,45.15,45.1,45.14,1452103
2015-05-07 13:30:00,45.14,45.14,45.01,45.03,1553385
2015-05-07 13:45:00,45.03,45.15,45.01,45.1251,1616542
2015-05-07 14:00:00,45.12,45.125,45.0,45.08,1707575
2015-05-07 14:15:00,45.08,45.15,45.07,45.125,1799687
2015-05-07 14:30:00,45.13,45.15,45.12,45.125,1856252
2015-05-07 14:45:00,45.13,45.135,45.0,45.05,1958986
2015-05-07 15:00:00,45.05,45.1,45.04,45.095,2016653
2015-05-07 15:15:00,45.1,45.14,45.09,45.12,2108945
2015-05-07 15:30:00,45.1,45.11,45.015,45.06,2248538
2015-05-07 15:45:00,45.06,45.06,45.0,45.01,2445248
2015-05-07 16:00:00,45.0,45.03,44.98,44.99,2855101
2015-05-08 09:45:00,45.45,45.9,45.45,45.7,114005
2015-05-08 10:00:00,45.7,45.72,45.54,45.6,186178
2015-05-08 10:15:00,45.61,45.81,45.54,45.79,345048
2015-05-08 10:30:00,45.8,45.955,45.75,45.94,452200
2015-05-08 10:45:00,45.94,45.975,45.82,45.89,625627
2015-05-08 11:00:00,45.89,45.9,45.78,45.78,726234
2015-05-08 11:15:00,45.78,45.78,45.62,45.63,847690
2015-05-08 11:30:00,45.63,45.66,45.54,45.62,940466
2015-05-08 11:45:00,45.63,45.64,45.45,45.45,1073804
2015-05-08 12:00:00,45.45,45.56,45.4,45.47,1184873
2015-05-08 12:15:00,45.47,45.565,45.47,45.49,1318791
2015-05-08 12:30:00,45.49,45.53,45.46,45.53,1375967
2015-05-08 12:45:00,45.52,45.62,45.48,45.48,1465216
2015-05-08 13:00:00,45.48,45.51,45.43,45.44,1567248
2015-05-08 13:15:00,45.44,45.55,45.4,45.48,1712629
2015-05-08 13:30:00,45.48,45.51,45.42,45.44,1806067
2015-05-08 13:45:00,45.44,45.46,45.44,45.44,1860436
2015-05-08 14:00:00,45.44,45.46,45.39,45.42,1918610
2015-05-08 14:15:00,45.42,45.46,45.4,45.43,1995777
2015-05-08 14:30:00,45.43,45.46,45.42,45.43,2067691
2015-05-08 14:45:00,45.43,45.48,45.42,45.45,2144295
2015-05-08 15:00:00,45.44,45.57,45.44,45.47,2224668
2015-05-08 15:15:00,45.48,45.48,45.37,45.39,2355696
2015-05-08 15:30:00,45.39,45.45,45.365,45.38,2612132
2015-05-08 15:45:00,45.39,45.41,44.9,45.36,3176111
2015-05-08 16:00:00,45.35,45.41,45.22,45.3,5101394
2015-05-11 09:45:00,45.17,45.35,45.15,45.24,160313
2015-05-11 10:00:00,45.25,45.31,45.19,45.21,253174
2015-05-11 10:15:00,45.21,45.32,45.2,45.245,351785
2015-05-11 10:30:00,45.25,45.25,45.09,45.09,408638
2015-05-11 10:45:00,45.09,45.15,45.0,45.15,493446
2015-05-11 11:00:00,45.14,45.22,45.13,45.22,568585
2015-05-11 11:15:00,45.22,45.23,45.14,45.23,643678
2015-05-11 11:30:00,45.23,45.23,45.14,45.15,726782
2015-05-11 11:45:00,45.15,45.16,45.05,45.06,806494
2015-05-11 12:00:00,45.06,45.08,45.04,45.05,875912
2015-05-11 12:15:00,45.04,45.06,44.95,44.98,935462
2015-05-11 12:30:00,44.965,44.995,44.9,44.995,1102974
2015-05-11 12:45:00,44.995,45.06,44.975,45.02,1190174
2015-05-11 13:00:00,45.025,45.11,45.02,45.105,1267643
2015-05-11 13:15:00,45.105,45.16,45.1,45.16,1320677
2015-05-11 13:30:00,45.15,45.16,45.11,45.12,1397036
2015-05-11 13:45:00,45.11,45.11,45.01,45.03,1475541
2015-05-11 14:00:00,45.03,45.08,45.005,45.015,1548761
2015-05-11 14:15:00,45.01,45.07,44.98,44.98,1620023
2015-05-11 14:30:00,44.9899,44.99,44.94,44.95,1682043
2015-05-11 14:45:00,44.96,44.97,44.93,44.96,1764136
2015-05-11 15:00:00,44.96,44.96,44.91,44.9199,1839252
2015-05-11 15:15:00,44.91,44.95,44.89,44.95,1953232
2015-05-11 15:30:00,44.95,44.98,44.94,44.95,2068742
2015-05-11 15:45:00,44.95,44.96,44.88,44.91,2243401
2015-05-11 16:00:00,44.92,44.93,44.89,44.91,2665280
2015-05-12 09:45:00,44.67,44.7799,44.42,44.44,126664
2015-05-12 10:00:00,44.41,44.57,44.4,44.53,173170
2015-05-12 10:15:00,44.53,44.53,44.38,44.41,216409
2015-05-12 10:30:00,44.41,44.46,44.32,44.38,272281
2015-05-12 10:45:00,44.39,44.68,44.39,44.62,325446
2015-05-12 11:00:00,44.63,44.67,44.55,44.59,368995
2015-05-12 11:15:00,44.59,44.64,44.54,44.54,461987
2015-05-12 11:30:00,44.54,44.55,44.45,44.46,517811
2015-05-12 11:45:00,44.47,44.56,44.47,44.5,569591
2015-05-12 12:00:00,44.5,44.6,44.47,44.585,631476
2015-05-12 12:15:00,44.59,44.59,44.45,44.5,659136
2015-05-12 12:30:00,44.5,44.53,44.46,44.53,681231
2015-05-12 12:45:00,44.54,44.56,44.515,44.555,699019
2015-05-12 13:00:00,44.56,44.56,44.5,44.5,749792
2015-05-12 13:15:00,44.5,44.52,44.47,44.51,813147
2015-05-12 13:30:00,44.52,44.575,44.5,44.565,863226
2015-05-12 13:45:00,44.55,44.57,44.486,44.49,899908
2015-05-12 14:00:00,44.5,44.51,44.44,44.48,935203
2015-05-12 14:15:00,44.48,44.49,44.41,44.43,992192
2015-05-12 14:30:00,44.43,44.49,44.4,44.49,1032402
2015-05-12 14:45:00,44.49,44.54,44.48,44.5,1121208
2015-05-12 15:00:00,44.5,44.54,44.43,44.45,1164583
2015-05-12 15:15:00,44.45,44.49,44.423,44.45,1215842
2015-05-12 15:30:00,44.44,44.48,44.42,44.48,1298672
2015-05-12 15:45:00,44.48,44.54,44.45,44.49,1423367
2015-05-12 16:00:00,44.5,44.52,44.44,44.46,1651910
2015-05-13 09:45:00,44.48,44.61,44.37,44.53,35027
2015-05-13 10:00:00,44.5435,44.56,44.34,44.4,157150
2015-05-13 10:15:00,44.42,44.55,44.38,44.52,197508
2015-05-13 10:30:00,44.52,44.52,44.41,44.47,254176
2015-05-13 10:45:00,44.48,44.48,44.4,44.42,314861
2015-05-13 11:00:00,44.41,44.49,44.4,44.48,397917
2015-05-13 11:15:00,44.48,44.48,44.4,44.41,457413
2015-05-13 11:30:00,44.41,44.44,44.38,44.43,506785
2015-05-13 11:45:00,44.43,44.52,44.41,44.515,570396
2015-05-13 12:00:00,44.51,44.515,44.45,44.46,617079
2015-05-13 12:15:00,44.465,44.55,44.465,44.51,646783
2015-05-13 12:30:00,44.515,44.54,44.48,44.505,711952
2015-05-13 12:45:00,44.51,44.59,44.485,44.575,760069
2015-05-13 13:00:00,44.58,44.64,44.575,44.6,832552
2015-05-13 13:15:00,44.61,44.64,44.59,44.61,888011
2015-05-13 13:30:00,44.605,44.62,44.565,44.615,923518
2015-05-13 13:45:00,44.62,44.63,44.59,44.615,960542
2015-05-13 14:00:00,44.62,44.63,44.59,44.62,1043177
2015-05-13 14:15:00,44.61,44.62,44.55,44.575,1140060
2015-05-13 14:30:00,44.57,44.59,44.54,44.575,1220863
2015-05-13 14:45:00,44.57,44.575,44.465,44.475,1291875
2015-05-13 15:00:00,44.47,44.5,44.46,44.46,1400981
2015-05-13 15:15:00,44.47,44.48,44.39,44.395,1559467
2015-05-13 15:30:00,44.395,44.44,44.37,44.4,1651307
2015-05-13 15:45:00,44.4,44.405,44.33,44.34,1795094
2015-05-13 16:00:00,44.34,44.37,44.33,44.34,2283986
2015-05-14 09:45:00,44.75,45.1,44.69,44.9,136902
2015-05-14 10:00:00,44.9,45.0,44.83,44.83,193619
2015-05-14 10:15:00,44.84,44.99,44.81,44.98,220602
2015-05-14 10:30:00,44.98,44.98,44.88,44.885,271926
2015-05-14 10:45:00,44.9,44.905,44.83,44.9,300075
2015-05-14 11:00:00,44.9,44.91,44.88,44.9,342543
2015-05-14 11:15:00,44.9,44.96,44.855,44.87,383825
2015-05-14 11:30:00,44.86,44.91,44.84,44.875,405463
2015-05-14 11:45:00,44.88,44.88,44.82,44.85,434357
2015-05-14 12:00:00,44.84,44.95,44.82,44.94,477503
2015-05-14 12:15:00,44.95,45.0,44.95,45.0,525366
2015-05-14 12:30:00,45.0,45.02,44.99,45.0,573040
2015-05-14 12:45:00,45.005,45.01,44.96,44.98,615310
2015-05-14 13:00:00,44.98,44.99,44.97,44.98,640248
2015-05-14 13:15:00,44.98,45.005,44.975,44.985,692211
2015-05-14 13:30:00,44.985,44.985,44.88,44.885,750648
2015-05-14 13:45:00,44.89,44.91,44.865,44.89,863351
2015-05-14 14:00:00,44.89,44.9,44.87,44.895,895097
2015-05-14 14:15:00,44.9,45.01,44.89,45.0,948694
2015-05-14 14:30:00,45.0,45.0,44.98,45.0,982404
2015-05-14 14:45:00,44.99,45.0,44.98,45.0,1046205
2015-05-14 15:00:00,44.995,45.11,44.97,45.105,1114601
2015-05-14 15:15:00,45.11,45.11,45.07,45.07,1211712
2015-05-14 15:30:00,45.07,45.08,45.04,45.06,1292490
2015-05-14 15:45:00,45.06,45.07,44.985,45.01,1508222
2015-05-14 16:00:00,45.01,45.12,45.01,45.03,2102294
2015-05-15 09:45:00,45.06,45.41,45.01,45.19,187777
2015-05-15 10:00:00,45.23,45.27,45.07,45.11,269182
2015-05-15 10:15:00,45.12,45.15,45.02,45.07,361362
2015-05-15 10:30:00,45.09,45.24,45.08,45.24,569306
2015-05-15 10:45:00,45.24,45.28,45.14,45.16,887529
2015-05-15 11:00:00,45.155,45.43,45.145,45.34,1027647
2015-05-15 11:15:00,45.345,45.48,45.345,45.46,1112358
2015-05-15 11:30:00,45.47,45.47,45.35,45.44,1200317
2015-05-15 11:45:00,45.42,45.52,45.41,45.48,1390710
2015-05-15 12:00:00,45.49,45.51,45.3,45.32,1478054
2015-05-15 12:15:00,45.33,45.44,45.31,45.43,1557371
2015-05-15 12:30:00,45.44,45.44,45.31,45.34,1625478
2015-05-15 12:45:00,45.345,45.44,45.34,45.41,1681783
2015-05-15 13:00:00,45.4075,45.48,45.38,45.4,1740022
2015-05-15 13:15:00,45.41,45.43,45.35,45.405,1819851
2015-05-15 13:30:00,45.41,45.47,45.4,45.47,1883392
2015-05-15 13:45:00,45.47,45.47,45.38,45.4,1946446
2015-05-15 14:00:00,45.41,45.45,45.39,45.425,2020200
2015-05-15 14:15:00,45.42,45.48,45.42,45.45,2112548
2015-05-15 14:30:00,45.445,45.56,45.44,45.56,2183880
2015-05-15 14:45:00,45.55,45.55,45.47,45.515,2247914
2015-05-15 15:00:00,45.51,45.54,45.5,45.53,2308205
2015-05-15 15:15:00,45.52,45.58,45.52,45.56,2408578
2015-05-15 15:30:00,45.56,45.565,45.495,45.5299,2525547
2015-05-15 15:45:00,45.52,45.61,45.51,45.6,2705103
2015-05-15 16:00:00,45.59,45.6,45.555,45.57,3054558
2015-05-18 09:45:00,45.51,45.62,45.42,45.51,49764
2015-05-18 10:00:00,45.51,45.6,45.475,45.5,137958
2015-05-18 10:15:00,45.51,45.54,45.48,45.54,175239
2015-05-18 10:30:00,45.54,45.62,45.49,45.61,221954
2015-05-18 10:45:00,45.62,45.64,45.54,45.55,273633
2015-05-18 11:00:00,45.542,45.6,45.51,45.6,329363
2015-05-18 11:15:00,45.6,45.63,45.58,45.605,362036
2015-05-18 11:30:00,45.62,45.63,45.57,45.6,401649
2015-05-18 11:45:00,45.59,45.65,45.59,45.6332,417816
2015-05-18 12:00:00,45.64,45.72,45.64,45.71,448176
2015-05-18 12:15:00,45.71,45.84,45.7,45.77,527094
2015-05-18 12:30:00,45.77,45.81,45.75,45.81,558714
2015-05-18 12:45:00,45.81,45.81,45.77,45.8,581299
2015-05-18 13:00:00,45.81,45.86,45.78,45.845,621383
2015-05-18 13:15:00,45.84,45.87,45.83,45.865,661029
2015-05-18 13:30:00,45.855,45.91,45.83,45.86,778896
2015-05-18 13:45:00,45.85,45.9,45.845,45.87,828833
2015-05-18 14:00:00,45.87,45.96,45.87,45.93,886902
2015-05-18 14:15:00,45.92,45.971,45.91,45.94,916320
2015-05-18 14:30:00,45.93,45.95,45.92,45.92,941014
2015-05-18 14:45:00,45.925,45.95,45.89,45.91,999050
2015-05-18 15:00:00,45.91,45.94,45.8925,45.91,1044069
2015-05-18 15:15:00,45.91,45.92,45.89,45.9,1099282
2015-05-18 15:30:00,45.9,45.93,45.89,45.93,1166949
2015-05-18 15:45:00,45.93,45.96,45.9,45.9215,1288860
2015-05-18 16:00:00,45.92,45.96,45.92,45.94,1506270
2015-05-19 09:45:00,45.87,46.11,45.87,46.03,135801
2015-05-19 10:00:00,46.03,46.06,45.95,46.02,192147
2015-05-19 10:15:00,46.02,46.05,45.99,46.04,232799
2015-05-19 10:30:00,46.04,46.055,45.97,46.035,285091
2015-05-19 10:45:00,46.04,46.06,45.99,46.05,405354
2015-05-19 11:00:00,46.03,46.05,45.92,45.94,435256
2015-05-19 11:15:00,45.94,45.95,45.89,45.935,484690
2015-05-19 11:30:00,45.94,46.0,45.93,46.0,542419
2015-05-19 11:45:00,46.0,46.0,45.93,45.945,599741
2015-05-19 12:00:00,45.95,45.98,45.91,45.93,685448
2015-05-19 12:15:00,45.93,45.96,45.92,45.95,707805
2015-05-19 12:30:00,45.95,45.95,45.89,45.89,724350
2015-05-19 12:45:00,45.89,45.97,45.89,45.945,751816
2015-05-19 13:00:00,45.945,45.96,45.87,45.9,780598
2015-05-19 13:15:00,45.89,45.95,45.87,45.95,825511
2015-05-19 13:30:00,45.95,45.96,45.91,45.95,915888
2015-05-19 13:45:00,45.96,45.96,45.92,45.95,1030225
2015-05-19 14:00:00,45.95,45.96,45.89,45.91,1088332
2015-05-19 14:15:00,45.91,45.92,45.88,45.88,1173887
2015-05-19 14:30:00,45.89,45.89,45.8,45.805,1213038
2015-05-19 14:45:00,45.805,45.805,45.73,45.735,1266274
2015-05-19 15:00:00,45.73,45.732,45.665,45.675,1330182
2015-05-19 15:15:00,45.68,45.69,45.52,45.52,1414301
2015-05-19 15:30:00,45.52,45.58,45.52,45.55,1517537
2015-05-19 15:45:00,45.545,45.625,45.54,45.57,1597342
2015-05-19 16:00:00,45.57,45.66,45.53,45.66,1925466
2015-05-20 09:45:00,45.67,45.94,45.58,45.75,86477
2015-05-20 10:00:00,45.75,45.9,45.725,45.82,124585
2015-05-20 10:15:00,45.81,45.89,45.81,45.86,197727
2015-05-20 10:30:00,45.86,45.87,45.82,45.84,225284
2015-05-20 10:45:00,45.85,45.88,45.825,45.855,296014
2015-05-20 11:00:00,45.855,45.9,45.84,45.89,361110
2015-05-20 11:15:00,45.9,45.91,45.86,45.875,394197
2015-05-20 11:30:00,45.88,45.92,45.86,45.91,443633
2015-05-20 11:45:00,45.91,45.93,45.89,45.9299,532404
2015-05-20 12:00:00,45.93,45.97,45.905,45.945,583105
2015-05-20 12:15:00,45.94,45.99,45.93,45.95,612524
2015-05-20 12:30:00,45.95,45.955,45.885,45.8875,657397
2015-05-20 12:45:00,45.885,45.89,45.785,45.8,751785
2015-05-20 13:00:00,45.8,45.81,45.74,45.74,838139
2015-05-20 13:15:00,45.735,45.735,45.67,45.67,880589
2015-05-20 13:30:00,45.68,45.69,45.64,45.645,913783
2015-05-20 13:45:00,45.65,45.67,45.6,45.61,951412
2015-05-20 14:00:00,45.6199,45.645,45.51,45.63,1137058
2015-05-20 14:15:00,45.64,45.75,45.6,45.71,1194445
2015-05-20 14:30:00,45.71,45.86,45.7,45.84,1250225
2015-05-20 14:45:00,45.84,45.88,45.81,45.81,1284987
2015-05-20 15:00:00,45.82,45.88,45.8,45.87,1343588
2015-05-20 15:15:00,45.86,45.87,45.79,45.82,1386378
2015-05-20 15:30:00,45.81,45.82,45.76,45.78,1463164
2015-05-20 15:45:00,45.78,45.83,45.74,45.83,1591992
2015-05-20 16:00:00,45.82,45.86,45.79,45.79,1776818
2015-05-21 09:45:00,45.61,45.93,45.61,45.83,106308
2015-05-21 10:00:00,45.83,45.87,45.71,45.73,167760
2015-05-21 10:15:00,45.72,45.87,45.69,45.79,252055
2015-05-21 10:30:00,45.79,45.84,45.72,45.81,323693
2015-05-21 10:45:00,45.81,45.91,45.8,45.855,375631
2015-05-21 11:00:00,45.855,45.86,45.725,45.725,459113
2015-05-21 11:15:00,45.73,45.79,45.72,45.72,508006
2015-05-21 11:30:00,45.725,45.8,45.69,45.785,586143
2015-05-21 11:45:00,45.78,45.79,45.755,45.765,661521
2015-05-21 12:00:00,45.765,45.83,45.74,45.83,738505
2015-05-21 12:15:00,45.83,45.84,45.79,45.825,782248
2015-05-21 12:30:00,45.825,45.83,45.76,45.765,838062
2015-05-21 12:45:00,45.765,45.83,45.76,45.81,915791
2015-05-21 13:00:00,45.815,45.88,45.815,45.87,970359
2015-05-21 13:15:00,45.87,45.87,45.81,45.82,1017594
2015-05-21 13:30:00,45.815,45.82,45.77,45.775,1058829
2015-05-21 13:45:00,45.78,45.78,45.73,45.735,1118947
2015-05-21 14:00:00,45.735,45.74,45.7,45.705,1161716
2015-05-21 14:15:00,45.7001,45.745,45.66,45.745,1280452
2015-05-21 14:30:00,45.745,45.78,45.7,45.77,1385301
2015-05-21 14:45:00,45.77,45.89,45.77,45.86,1480162
2015-05-21 15:00:00,45.86,45.96,45.84,45.91,1543326
2015-05-21 15:15:00,45.915,45.92,45.79,45.8,1657401
2015-05-21 15:30:00,45.8049,45.84,45.72,45.78,1767683
2015-05-21 15:45:00,45.785,45.875,45.75,45.84,1887178
2015-05-21 16:00:00,45.84,45.84,45.71,45.74,2132114
2015-05-22 09:45:00,45.71,45.87,45.68,45.82,38641
2015-05-22 10:00:00,45.81,45.84,45.75,45.84,60667
2015-05-22 10:15:00,45.845,45.93,45.835,45.93,92686
2015-05-22 10:30:00,45.938,45.97,45.825,45.89,156174
2015-05-22 10:45:00,45.89,45.9,45.85,45.85,173416
2015-05-22 11:00:00,45.86,45.9,45.84,45.9,192794
2015-05-22 11:15:00,45.89,45.9,45.8,45.81,255156
2015-05-22 11:30:00,45.815,45.87,45.805,45.87,309383
2015-05-22 11:45:00,45.87,45.9,45.85,45.87,331055
2015-05-22 12:00:00,45.875,45.97,45.83,45.96,360247
2015-05-22 12:15:00,45.97,45.97,45.93,45.93,375329
2015-05-22 12:30:00,45.935,45.95,45.91,45.91,397085
2015-05-22 12:45:00,45.91,45.935,45.91,45.92,416620
2015-05-22 13:00:00,45.92,45.95,45.92,45.95,439959
2015-05-22 13:15:00,45.94,45.98,45.89,45.945,469352
2015-05-22 13:30:00,45.9438,45.97,45.9438,45.97,485902
2015-05-22 13:45:00,45.98,45.99,45.97,45.99,503329
2015-05-22 14:00:00,45.99,45.99,45.955,45.96,519559
2015-05-22 14:15:00,45.96,45.97,45.92,45.96,541779
2015-05-22 14:30:00,45.955,45.99,45.95,45.98,564030
2015-05-22 14:45:00,45.9868,45.99,45.93,45.93,586379
2015-05-22 15:00:00,45.93,45.95,45.92,45.94,610822
2015-05-22 15:15:00,45.94,45.97,45.93,45.95,638634
2015-05-22 15:30:00,45.95,45.98,45.94,45.94,680054
2015-05-22 15:45:00,45.94,45.95,45.91,45.91,732635
2015-05-22 16:00:00,45.91,45.915,45.84,45.86,918655
2015-05-26 09:45:00,45.8,45.9,45.77,45.81,79077
2015-05-26 10:00:00,45.8,45.85,45.75,45.75,335530
2015-05-26 10:15:00,45.755,45.755,45.575,45.65,426455
2015-05-26 10:30:00,45.65,45.65,45.53,45.64,477698
2015-05-26 10:45:00,45.63,45.63,45.52,45.57,519378
2015-05-26 11:00:00,45.5725,45.6,45.53,45.56,578066
2015-05-26 11:15:00,45.56,45.565,45.43,45.505,644605
2015-05-26 11:30:00,45.5,45.5,45.335,45.36,692709
2015-05-26 11:45:00,45.36,45.43,45.35,45.4,738800
2015-05-26 12:00:00,45.4,45.4,45.29,45.29,795330
2015-05-26 12:15:00,45.29,45.295,45.22,45.22,828566
2015-05-26 12:30:00,45.225,45.23,45.18,45.18,851735
2015-05-26 12:45:00,45.19,45.255,45.17,45.245,938280
2015-05-26 13:00:00,45.25,45.28,45.22,45.26,976206
2015-05-26 13:15:00,45.26,45.26,45.195,45.25,1002637
2015-05-26 13:30:00,45.26,45.345,45.24,45.33,1033399
2015-05-26 13:45:00,45.33,45.33,45.23,45.235,1061864
2015-05-26 14:00:00,45.23,45.27,45.19,45.19,1107319
2015-05-26 14:15:00,45.2,45.23,45.19,45.2,1132769
2015-05-26 14:30:00,45.2,45.24,45.17,45.22,1178105
2015-05-26 14:45:00,45.22,45.235,45.19,45.2,1213657
2015-05-26 15:00:00,45.2,45.235,45.18,45.18,1258729
2015-05-26 15:15:00,45.185,45.22,45.18,45.22,1291208
2015-05-26 15:30:00,45.22,45.26,45.2,45.21,1339692
2015-05-26 15:45:00,45.22,45.285,45.22,45.27,1441249
2015-05-26 16:00:00,45.27,45.34,45.26,45.32,1642896
2015-05-27 09:45:00,45.33,45.33,45.06,45.23,52581
2015-05-27 10:00:00,45.23,45.31,45.15,45.27,90009
2015-05-27 10:15:00,45.29,45.325,45.22,45.3,118470
2015-05-27 10:30:00,45.3,45.305,45.24,45.26,146396
2015-05-27 10:45:00,45.28,45.34,45.28,45.3,162317
2015-05-27 11:00:00,45.31,45.37,45.3,45.325,205017
2015-05-27 11:15:00,45.325,45.395,45.29,45.31,236091
2015-05-27 11:30:00,45.31,45.31,45.2,45.26,272365
2015-05-27 11:45:00,45.265,45.37,45.265,45.365,307138
2015-05-27 12:00:00,45.36,45.43,45.36,45.4,373362
2015-05-27 12:15:00,45.41,45.425,45.38,45.405,392234
2015-05-27 12:30:00,45.405,45.49,45.39,45.47,418152
2015-05-27 12:45:00,45.46,45.46,45.4,45.43,440542
2015-05-27 13:00:00,45.44,45.44,45.36,45.37,466548
2015-05-27 13:15:00,45.38,45.47,45.38,45.445,518397
2015-05-27 13:30:00,45.44,45.5,45.42,45.5,539810
2015-05-27 13:45:00,45.5,45.5,45.41,45.44,581205
2015-05-27 14:00:00,45.45,45.46,45.425,45.43,629008
2015-05-27 14:15:00,45.43,45.45,45.4,45.405,664730
2015-05-27 14:30:00,45.41,45.43,45.38,45.38,692923
2015-05-27 14:45:00,45.38,45.41,45.3676,45.38,740393
2015-05-27 15:00:00,45.39,45.41,45.36,45.38,787394
2015-05-27 15:15:00,45.39,45.48,45.38,45.48,835303
2015-05-27 15:30:00,45.49,45.51,45.43,45.46,914507
2015-05-27 15:45:00,45.46,45.495,45.43,45.49,971152
2015-05-27 16:00:00,45.48,45.53,45.47,45.49,1154032
2015-05-28 09:45:00,45.34,45.5,45.1345,45.24,40149
2015-05-28 10:00:00,45.24,45.24,45.055,45.08,83265
2015-05-28 10:15:00,45.09,45.16,45.01,45.04,122716
2015-05-28 10:30:00,45.04,45.095,44.95,44.95,158211
2015-05-28 10:45:00,44.95,44.955,44.84,44.91,194995
2015-05-28 11:00:00,44.92,45.0,44.84,44.9207,272246
2015-05-28 11:15:00,44.93,45.08,44.905,45.08,303242
2015-05-28 11:30:00,45.08,45.11,44.92,44.925,338872
2015-05-28 11:45:00,44.925,45.03,44.925,45.0,371517
2015-05-28 12:00:00,44.99,45.0,44.87,44.9187,406465
2015-05-28 12:15:00,44.93,44.95,44.89,44.92,433617
2015-05-28 12:30:00,44.91,44.96,44.9,44.91,459806
2015-05-28 12:45:00,44.91,44.97,44.89,44.97,498463
2015-05-28 13:00:00,44.98,45.0,44.95,44.9507,538283
2015-05-28 13:15:00,44.96,45.025,44.94,44.94,563610
2015-05-28 13:30:00,44.94,44.97,44.92,44.93,600034
2015-05-28 13:45:00,44.935,44.98,44.92,44.95,628928
2015-05-28 14:00:00,44.96,44.975,44.92,44.93,657049
2015-05-28 14:15:00,44.935,44.95,44.92,44.93,692209
2015-05-28 14:30:00,44.94,45.06,44.93,45.04,760851
2015-05-28 14:45:00,45.045,45.07,45.01,45.035,785932
2015-05-28 15:00:00,45.03,45.06,44.99,45.0,824081
2015-05-28 15:15:00,44.995,45.07,44.98,45.06,887088
2015-05-28 15:30:00,45.0551,45.06,44.99,45.03,929160
2015-05-28 15:45:00,45.03,45.05,45.01,45.03,981754
2015-05-28 16:00:00,45.03,45.11,45.025,45.1,1134622
2015-05-29 09:45:00,45.13,45.26,44.89,44.9,329831
2015-05-29 10:00:00,44.885,44.98,44.87,44.89,365581
2015-05-29 10:15:00,44.89,44.96,44.89,44.92,411344
2015-05-29 10:30:00,44.93,45.0,44.91,44.94,451062
2015-05-29 10:45:00,44.94,44.98,44.85,44.86,500461
2015-05-29 11:00:00,44.86,44.86,44.71,44.77,539207
2015-05-29 11:15:00,44.77,44.82,44.74,44.78,587207
2015-05-29 11:30:00,44.78,44.84,44.76,44.76,616793
2015-05-29 11:45:00,44.75,44.86,44.73,44.85,641569
2015-05-29 12:00:00,44.84,44.9,44.84,44.9,672917
2015-05-29 12:15:00,44.9,44.95,44.86,44.865,708043
2015-05-29 12:30:00,44.87,44.94,44.87,44.93,727887
2015-05-29 12:45:00,44.925,45.02,44.925,44.98,768336
2015-05-29 13:00:00,44.98,45.01,44.96,44.98,804631
2015-05-29 13:15:00,44.99,45.015,44.97,45.015,845418
2015-05-29 13:30:00,45.02,45.06,44.985,45.03,981112
2015-05-29 13:45:00,45.025,45.05,44.95,45.02,1049951
2015-05-29 14:00:00,45.02,45.04,44.97,44.975,1104414
2015-05-29 14:15:00,44.98,45.01,44.93,44.94,1143195
2015-05-29 14:30:00,44.93,44.95,44.89,44.935,1220751
2015-05-29 14:45:00,44.93,44.99,44.91,44.99,1296176
2015-05-29 15:00:00,44.98,45.01,44.92,45.01,1346676
2015-05-29 15:15:00,45.0,45.07,44.95,45.02,1399501
2015-05-29 15:30:00,45.02,45.09,44.98,45.05,1460688
2015-05-29 15:45:00,45.045,45.08,44.99,45.0,1524810
2015-05-29 16:00:00,45.01,45.04,44.98,44.99,1762604
2015-06-01 09:45:00,45.18,45.25,44.95,44.96,81967
2015-06-01 10:00:00,44.95,45.04,44.95,44.96,136391
2015-06-01 10:15:00,44.96,45.08,44.94,44.985,205537
2015-06-01 10:30:00,44.985,45.13,44.97,45.09,270192
2015-06-01 10:45:00,45.09,45.12,44.98,44.98,296253
2015-06-01 11:00:00,44.98,45.15,44.95,45.11,340313
2015-06-01 11:15:00,45.11,45.21,45.04,45.05,371718
2015-06-01 11:30:00,45.05,45.09,45.01,45.01,491928
2015-06-01 11:45:00,45.01,45.04,44.94,45.03,538443
2015-06-01 12:00:00,45.035,45.04,44.98,45.01,606750
2015-06-01 12:15:00,45.015,45.05,44.96,44.96,663299
2015-06-01 12:30:00,44.96,45.035,44.95,45.0,700149
2015-06-01 12:45:00,45.01,45.038,44.92,44.92,738004
2015-06-01 13:00:00,44.92,44.97,44.91,44.96,769810
2015-06-01 13:15:00,44.96,45.01,44.91,44.99,804609
2015-06-01 13:30:00,45.0,45.045,44.98,45.0,863176
2015-06-01 13:45:00,45.0,45.02,44.93,45.01,892183
2015-06-01 14:00:00,45.01,45.02,44.95,45.0125,920019
2015-06-01 14:15:00,45.0,45.04,44.93,44.97,957262
2015-06-01 14:30:00,44.96,45.08,44.955,45.08,981326
2015-06-01 14:45:00,45.07,45.08,44.98,45.02,1017190
2015-06-01 15:00:00,45.015,45.015,44.96,45.0,1068597
2015-06-01 15:15:00,45.01,45.06,44.98,44.98,1135457
2015-06-01 15:30:00,44.98,45.0,44.95,44.988,1173723
2015-06-01 15:45:00,44.98,44.98,44.87,44.87,1244264
2015-06-01 16:00:00,44.87,44.87,44.8,44.85,1425548
2015-06-02 09:45:00,44.31,44.53,44.3,44.49,93961
2015-06-02 10:00:00,44.49,44.6,44.385,44.57,153047
2015-06-02 10:15:00,44.61,44.66,44.52,44.645,200451
2015-06-02 10:30:00,44.66,44.66,44.55,44.55,315458
2015-06-02 10:45:00,44.56,44.63,44.51,44.51,346831
2015-06-02 11:00:00,44.52,44.6,44.5,44.51,381917
2015-06-02 11:15:00,44.5,44.545,44.48,44.52,455329
2015-06-02 11:30:00,44.53,44.55,44.49,44.54,477446
2015-06-02 11:45:00,44.53,44.58,44.53,44.58,505246
2015-06-02 12:00:00,44.57,44.62,44.54,44.61,531969
2015-06-02 12:15:00,44.61,44.71,44.59,44.675,563428
2015-06-02 12:30:00,44.68,44.74,44.66,44.67,599910
2015-06-02 12:45:00,44.68,44.69,44.64,44.66,616942
2015-06-02 13:00:00,44.66,44.69,44.64,44.65,637345
2015-06-02 13:15:00,44.65,44.66,44.61,44.65,661237
2015-06-02 13:30:00,44.64,44.665,44.62,44.64,687226
2015-06-02 13:45:00,44.64,44.73,44.63,44.72,730221
2015-06-02 14:00:00,44.73,44.74,44.685,44.69,774660
2015-06-02 14:15:00,44.699,44.755,44.68,44.7183,916101
2015-06-02 14:30:00,44.7199,44.76,44.69,44.72,945894
2015-06-02 14:45:00,44.7299,44.75,44.69,44.7,1067205
2015-06-02 15:00:00,44.69,44.72,44.63,44.69,1104562
2015-06-02 15:15:00,44.69,44.69,44.62,44.655,1139708
2015-06-02 15:30:00,44.65,44.685,44.65,44.67,1182950
2015-06-02 15:45:00,44.67,44.7165,44.65,44.71,1325814
2015-06-02 16:00:00,44.71,44.735,44.69,44.73,1526293
2015-06-03 09:45:00,44.76,44.864,44.67,44.7,65779
2015-06-03 10:00:00,44.68,44.82,44.68,44.8,109798
2015-06-03 10:15:00,44.82,44.98,44.725,44.96,154818
2015-06-03 10:30:00,44.959,45.035,44.88,45.02,196751
2015-06-03 10:45:00,45.03,45.06,44.99,45.05,254647
2015-06-03 11:00:00,45.05,45.18,45.05,45.16,317500
2015-06-03 11:15:00,45.16,45.23,45.14,45.18,392539
2015-06-03 11:30:00,45.18,45.23,45.17,45.21,439059
2015-06-03 11:45:00,45.22,45.37,45.21,45.33,518400
2015-06-03 12:00:00,45.34,45.34,45.21,45.2721,558738
2015-06-03 12:15:00,45.27,45.295,45.179,45.19,599552
2015-06-03 12:30:00,45.19,45.205,45.09,45.11,647924
2015-06-03 12:45:00,45.115,45.135,45.06,45.12,672756
2015-06-03 13:00:00,45.12,45.24,45.11,45.21,716930
2015-06-03 13:15:00,45.23,45.24,45.2,45.225,750130
2015-06-03 13:30:00,45.23,45.24,45.22,45.23,786192
2015-06-03 13:45:00,45.235,45.36,45.22,45.35,840274
2015-06-03 14:00:00,45.3435,45.49,45.34,45.42,998146
2015-06-03 14:15:00,45.43,45.47,45.41,45.465,1052221
2015-06-03 14:30:00,45.47,45.52,45.46,45.505,1120596
2015-06-03 14:45:00,45.51,45.53,45.49,45.5,1197876
2015-06-03 15:00:00,45.5,45.55,45.48,45.51,1249407
2015-06-03 15:15:00,45.51,45.53,45.37,45.38,1325061
2015-06-03 15:30:00,45.37,45.42,45.34,45.38,1419986
2015-06-03 15:45:00,45.385,45.45,45.38,45.45,1517657
2015-06-03 16:00:00,45.45,45.46,45.33,45.35,1734292
2015-06-04 09:45:00,45.08,45.33,45.08,45.2675,89824
2015-06-04 10:00:00,45.29,45.33,45.173,45.33,154380
2015-06-04 10:15:00,45.34,45.48,45.31,45.47,240225
2015-06-04 10:30:00,45.46,45.485,45.4,45.435,388537
2015-06-04 10:45:00,45.43,45.45,45.22,45.27,680992
2015-06-04 11:00:00,45.28,45.34,45.26,45.28,727520
2015-06-04 11:15:00,45.27,45.28,45.13,45.2701,777159
2015-06-04 11:30:00,45.27,45.27,45.19,45.21,820379
2015-06-04 11:45:00,45.22,45.3,45.19,45.24,864048
2015-06-04 12:00:00,45.2,45.27,45.19,45.21,889931
2015-06-04 12:15:00,45.2,45.228,45.15,45.18,914905
2015-06-04 12:30:00,45.17,45.19,45.1,45.15,990893
2015-06-04 12:45:00,45.15,45.24,45.14,45.2,1017944
2015-06-04 13:00:00,45.2049,45.255,45.18,45.25,1067195
2015-06-04 13:15:00,45.24,45.25,45.11,45.11,1093743
2015-06-04 13:30:00,45.1,45.1162,44.99,45.0,1146105
2015-06-04 13:45:00,45.0,45.02,44.99,45.0,1190366
2015-06-04 14:00:00,44.99,45.01,44.96,44.96,1235965
2015-06-04 14:15:00,44.96,44.99,44.92,44.99,1288397
2015-06-04 14:30:00,44.99,45.03,44.99,45.0,1321509
2015-06-04 14:45:00,45.0,45.04,44.98,45.04,1364286
2015-06-04 15:00:00,45.04,45.04,44.95,45.0,1399473
2015-06-04 15:15:00,44.99,45.035,44.98,45.0,1455393
2015-06-04 15:30:00,44.99,44.995,44.92,44.94,1498826
2015-06-04 15:45:00,44.93,44.95,44.91,44.92,1569294
2015-06-04 16:00:00,44.91,44.93,44.85,44.92,1798158
2015-06-05 09:45:00,44.85,44.952,44.4528,44.56,46730
2015-06-05 10:00:00,44.54,44.62,44.53,44.59,75922
2015-06-05 10:15:00,44.59,44.73,44.57,44.58,114409
2015-06-05 10:30:00,44.58,44.7,44.58,44.63,152481
2015-06-05 10:45:00,44.6394,44.73,44.63,44.64,193486
2015-06-05 11:00:00,44.64,44.66,44.57,44.64,242837
2015-06-05 11:15:00,44.65,44.6966,44.63,44.67,277667
2015-06-05 11:30:00,44.67,44.78,44.65,44.78,327273
2015-06-05 11:45:00,44.78,44.8,44.67,44.69,365819
2015-06-05 12:00:00,44.7,44.72,44.68,44.68,399587
2015-06-05 12:15:00,44.69,44.7,44.65,44.65,443969
2015-06-05 12:30:00,44.65,44.66,44.55,44.55,481799
2015-06-05 12:45:00,44.56,44.595,44.5,44.56,527275
2015-06-05 13:00:00,44.56,44.62,44.54,44.6,546098
2015-06-05 13:15:00,44.605,44.61,44.58,44.595,586585
2015-06-05 13:30:00,44.595,44.68,44.595,44.67,619978
2015-06-05 13:45:00,44.665,44.75,44.64,44.64,665075
2015-06-05 14:00:00,44.64,44.65,44.605,44.605,689367
2015-06-05 14:15:00,44.62,44.7,44.6,44.7,725385
2015-06-05 14:30:00,44.7,44.7,44.6,44.62,757670
2015-06-05 14:45:00,44.63,44.65,44.57,44.575,814089
2015-06-05 15:00:00,44.58,44.66,44.56,44.635,863458
2015-06-05 15:15:00,44.64,44.7,44.63,44.7,922112
2015-06-05 15:30:00,44.71,44.75,44.705,44.71,975917
2015-06-05 15:45:00,44.71,44.755,44.67,44.705,1030170
2015-06-05 16:00:00,44.7,44.77,44.685,44.75,1146044
2015-06-08 09:45:00,44.67,44.73,44.61,44.61,20665
2015-06-08 10:00:00,44.62,44.63,44.55,44.56,31457
2015-06-08 10:15:00,44.56,44.56,44.48,44.55,60888
2015-06-08 10:30:00,44.55,44.6616,44.55,44.65,96526
2015-06-08 10:45:00,44.65,44.66,44.57,44.595,175752
2015-06-08 11:00:00,44.59,44.64,44.59,44.6,238902
2015-06-08 11:15:00,44.6,44.65,44.59,44.63,264064
2015-06-08 11:30:00,44.64,44.71,44.62,44.635,300629
2015-06-08 11:45:00,44.63,44.68,44.59,44.64,323596
2015-06-08 12:00:00,44.635,44.635,44.56,44.58,339901
2015-06-08 12:15:00,44.59,44.6,44.54,44.54,358015
2015-06-08 12:30:00,44.53,44.5457,44.53,44.539,368680
2015-06-08 12:45:00,44.53,44.55,44.5,44.5,387160
2015-06-08 13:00:00,44.5,44.5,44.44,44.44,401840
2015-06-08 13:15:00,44.44,44.45,44.42,44.4462,410096
2015-06-08 13:30:00,44.44,44.44,44.42,44.43,422760
2015-06-08 13:45:00,44.43,44.44,44.41,44.42,445575
2015-06-08 14:00:00,44.43,44.46,44.42,44.45,463595
2015-06-08 14:15:00,44.44,44.44,44.415,44.43,484395
2015-06-08 14:30:00,44.43,44.445,44.41,44.425,521575
2015-06-08 14:45:00,44.43,44.525,44.43,44.5249,623074
2015-06-08 15:00:00,44.52,44.5399,44.5,44.51,675810
2015-06-08 15:15:00,44.505,44.505,44.46,44.47,743239
2015-06-08 15:30:00,44.46,44.5,44.46,44.47,824261
2015-06-08 15:45:00,44.47,44.48,44.4015,44.41,939046
2015-06-08 16:00:00,44.4,44.405,44.29,44.3,1273932
2015-06-09 09:45:00,44.3,44.62,44.26,44.47,171130
2015-06-09 10:00:00,44.47,44.63,44.45,44.6136,244461
2015-06-09 10:15:00,44.61,44.62,44.45,44.52,272817
2015-06-09 10:30:00,44.53,44.535,44.36,44.37,325251
2015-06-09 10:45:00,44.39,44.49,44.36,44.47,359652
2015-06-09 11:00:00,44.475,44.54,44.46,44.54,404477
2015-06-09 11:15:00,44.54,44.58,44.54,44.56,425902
2015-06-09 11:30:00,44.5625,44.565,44.53,44.55,444899
2015-06-09 11:45:00,44.54,44.62,44.54,44.61,471769
2015-06-09 12:00:00,44.61,44.63,44.585,44.61,495764
2015-06-09 12:15:00,44.61,44.625,44.48,44.49,520113
2015-06-09 12:30:00,44.49,44.52,44.47,44.48,533903
2015-06-09 12:45:00,44.49,44.53,44.4844,44.5275,549414
2015-06-09 13:00:00,44.52,44.63,44.51,44.62,591260
2015-06-09 13:15:00,44.62,44.69,44.62,44.63,638996
2015-06-09 13:30:00,44.63,44.675,44.61,44.66,661745
2015-06-09 13:45:00,44.66,44.67,44.6,44.6,783789
2015-06-09 14:00:00,44.61,44.62,44.56,44.56,803132
2015-06-09 14:15:00,44.56,44.56,44.5,44.5,820722
2015-06-09 14:30:00,44.51,44.54,44.5,44.53,837295
2015-06-09 14:45:00,44.53,44.605,44.53,44.6,858591
2015-06-09 15:00:00,44.6,44.62,44.54,44.54,886563
2015-06-09 15:15:00,44.54,44.55,44.505,44.51,906638
2015-06-09 15:30:00,44.51,44.53,44.49,44.5101,968062
2015-06-09 15:45:00,44.52,44.54,44.49,44.53,1028970
2015-06-09 16:00:00,44.52,44.545,44.49,44.49,1279226
2015-06-10 09:45:00,44.62,44.77,44.56,44.75,27593
2015-06-10 10:00:00,44.78,44.84,44.775,44.81,54187
2015-06-10 10:15:00,44.82,44.83,44.75,44.8,118589
2015-06-10 10:30:00,44.82,44.91,44.82,44.88,139618
2015-06-10 10:45:00,44.88,44.94,44.86,44.915,153287
2015-06-10 11:00:00,44.92,44.97,44.91,44.91,183354
2015-06-10 11:15:00,44.9,45.13,44.9,45.105,256507
2015-06-10 11:30:00,45.11,45.14,45.06,45.14,278697
2015-06-10 11:45:00,45.14,45.27,45.13,45.24,326361
2015-06-10 12:00:00,45.234,45.27,45.21,45.25,354286
2015-06-10 12:15:00,45.25,45.3,45.24,45.25,372820
2015-06-10 12:30:00,45.25,45.265,45.24,45.25,388567
2015-06-10 12:45:00,45.245,45.25,45.2,45.21,404307
2015-06-10 13:00:00,45.21,45.24,45.195,45.24,425258
2015-06-10 13:15:00,45.24,45.255,45.23,45.23,440022
2015-06-10 13:30:00,45.23,45.25,45.2115,45.23,460893
2015-06-10 13:45:00,45.235,45.25,45.21,45.235,476098
2015-06-10 14:00:00,45.23,45.245,45.22,45.23,494900
2015-06-10 14:15:00,45.23,45.28,45.23,45.265,519274
2015-06-10 14:30:00,45.265,45.27,45.24,45.25,531608
2015-06-10 14:45:00,45.26,45.285,45.245,45.28,553538
2015-06-10 15:00:00,45.29,45.3,45.27,45.285,576401
2015-06-10 15:15:00,45.29,45.3,45.27,45.2729,606437
2015-06-10 15:30:00,45.28,45.29,45.27,45.27,631520
2015-06-10 15:45:00,45.275,45.275,45.21,45.2201,689457
2015-06-10 16:00:00,45.23,45.24,45.2,45.2,838778
2015-06-11 09:45:00,44.99,45.08,44.87,44.97,457369
2015-06-11 10:00:00,44.97,45.05,44.95,44.95,699453
2015-06-11 10:15:00,44.97,45.02,44.97,45.0,873971
2015-06-11 10:30:00,45.0,45.01,44.97,44.99,1086252
2015-06-11 10:45:00,44.98,44.98,44.9,44.96,1187873
2015-06-11 11:00:00,44.96,44.9699,44.91,44.923,1242602
2015-06-11 11:15:00,44.92,44.97,44.92,44.95,1320715
2015-06-11 11:30:00,44.95,44.98,44.94,44.98,1430486
2015-06-11 11:45:00,44.98,45.005,44.93,44.94,1557964
2015-06-11 12:00:00,44.94,44.965,44.9299,44.96,1596288
2015-06-11 12:15:00,44.96,44.965,44.94,44.96,1623190
2015-06-11 12:30:00,44.96,45.0,44.95,44.99,1674970
2015-06-11 12:45:00,44.99,45.01,44.99,45.0,1713227
2015-06-11 13:00:00,45.01,45.01,44.99,45.0,1745922
2015-06-11 13:15:00,45.0,45.0,44.99,45.0,1765600
2015-06-11 13:30:00,44.995,45.005,44.99,44.995,1820977
2015-06-11 13:45:00,45.0,45.01,44.99,45.0,1973720
2015-06-11 14:00:00,45.0,45.07,44.99,45.05,2057841
2015-06-11 14:15:00,45.0462,45.06,45.02,45.05,2106886
2015-06-11 14:30:00,45.04,45.05,44.99,45.02,2174100
2015-06-11 14:45:00,45.02,45.11,45.0,45.06,2266039
2015-06-11 15:00:00,45.05,45.065,45.0,45.01,2322905
2015-06-11 15:15:00,45.01,45.11,45.01,45.085,2405053
2015-06-11 15:30:00,45.08,45.13,45.08,45.09,2495298
2015-06-11 15:45:00,45.1,45.1,45.01,45.03,2599667
2015-06-11 16:00:00,45.04,45.06,45.02,45.06,2908057
2015-06-12 09:45:00,44.9,45.04,44.81,44.89,29870
2015-06-12 10:00:00,44.89,44.965,44.88,44.9,50577
2015-06-12 10:15:00,44.91,44.99,44.9,44.91,67963
2015-06-12 10:30:00,44.91,44.98,44.89,44.97,103515
2015-06-12 10:45:00,44.96,44.98,44.85,44.85,127183
2015-06-12 11:00:00,44.86,44.88,44.81,44.82,147493
2015-06-12 11:15:00,44.81,44.93,44.81,44.92,174704
2015-06-12 11:30:00,44.92,45.05,44.9,45.05,208458
2015-06-12 11:45:00,45.06,45.08,45.0,45.0,249354
2015-06-12 12:00:00,45.0,45.02,44.96,45.01,268645
2015-06-12 12:15:00,45.0,45.04,45.0,45.02,288794
2015-06-12 12:30:00,45.01,45.05,45.01,45.04,298116
2015-06-12 12:45:00,45.04,45.04,44.985,45.0,317384
2015-06-12 13:00:00,45.0,45.02,45.0,45.0,333018
2015-06-12 13:15:00,45.01,45.04,45.0,45.02,349418
2015-06-12 13:30:00,45.03,45.05,45.02,45.04,374460
2015-06-12 13:45:00,45.04,45.07,45.02,45.03,416296
2015-06-12 14:00:00,45.03,45.04,45.015,45.04,444462
2015-06-12 14:15:00,45.04,45.04,45.005,45.01,471762
2015-06-12 14:30:00,45.01,45.04,45.01,45.03,487902
2015-06-12 14:45:00,45.03,45.03,44.94,44.965,519710
2015-06-12 15:00:00,44.96,44.99,44.92,44.93,550020
2015-06-12 15:15:00,44.925,44.97,44.91,44.95,590863
2015-06-12 15:30:00,44.95,44.99,44.93,44.97,631408
2015-06-12 15:45:00,44.98,45.0,44.9,44.93,696689
2015-06-12 16:00:00,44.925,44.96,44.89,44.945,880625
2015-06-15 09:45:00,44.59,44.72,44.46,44.7,62909
2015-06-15 10:00:00,44.7,44.71,44.53,44.55,84052
2015-06-15 10:15:00,44.55,44.64,44.55,44.61,102924
2015-06-15 10:30:00,44.61,44.67,44.585,44.62,130770
2015-06-15 10:45:00,44.61,44.665,44.58,44.58,156274
2015-06-15 11:00:00,44.58,44.63,44.545,44.56,181768
2015-06-15 11:15:00,44.57,44.71,44.56,44.71,286527
2015-06-15 11:30:00,44.715,44.78,44.6,44.6,310472
2015-06-15 11:45:00,44.6,44.71,44.6,44.69,337640
2015-06-15 12:00:00,44.68,44.72,44.59,44.625,421861
2015-06-15 12:15:00,44.625,44.75,44.62,44.75,637973
2015-06-15 12:30:00,44.74,44.78,44.695,44.74,689463
2015-06-15 12:45:00,44.735,44.8,44.725,44.77,771243
2015-06-15 13:00:00,44.77,44.86,44.77,44.82,792361
2015-06-15 13:15:00,44.81,44.82,44.75,44.76,809342
2015-06-15 13:30:00,44.7669,44.78,44.71,44.74,844370
2015-06-15 13:45:00,44.74,44.745,44.68,44.705,925599
2015-06-15 14:00:00,44.71,44.79,44.66,44.72,1025219
2015-06-15 14:15:00,44.72,44.77,44.7,44.77,1093773
2015-06-15 14:30:00,44.77,44.81,44.75,44.765,1127134
2015-06-15 14:45:00,44.78,44.83,44.76,44.81,1176802
2015-06-15 15:00:00,44.81,44.83,44.735,44.775,1233683
2015-06-15 15:15:00,44.77,44.8,44.76,44.79,1288544
2015-06-15 15:30:00,44.785,44.81,44.77,44.8,1371101
2015-06-15 15:45:00,44.8,44.84,44.795,44.83,1462855
2015-06-15 16:00:00,44.83,44.86,44.75,44.76,1804614
2015-06-16 09:45:00,44.79,44.98,44.65,44.89,227651
2015-06-16 10:00:00,44.89,44.92,44.76,44.85,291386
2015-06-16 10:15:00,44.84,44.94,44.8,44.8,355565
2015-06-16 10:30:00,44.8,44.82,44.69,44.7,431684
2015-06-16 10:45:00,44.69,44.7443,44.65,44.72,491038
2015-06-16 11:00:00,44.72,44.74,44.65,44.65,573641
2015-06-16 11:15:00,44.66,44.72,44.65,44.68,640009
2015-06-16 11:30:00,44.68,44.71,44.65,44.675,682932
2015-06-16 11:45:00,44.68,44.69,44.665,44.685,712993
2015-06-16 12:00:00,44.69,44.7,44.6,44.6,768607
2015-06-16 12:15:00,44.6,44.61,44.5,44.5,820025
2015-06-16 12:30:00,44.5,44.51,44.475,44.49,855420
2015-06-16 12:45:00,44.49,44.59,44.48,44.5851,888200
2015-06-16 13:00:00,44.58,44.68,44.58,44.68,922514
2015-06-16 13:15:00,44.68,44.77,44.68,44.69,976592
2015-06-16 13:30:00,44.7,44.73,44.65,44.73,1030067
2015-06-16 13:45:00,44.73,44.77,44.705,44.72,1071726
2015-06-16 14:00:00,44.72,44.84,44.71,44.84,1112109
2015-06-16 14:15:00,44.84,44.88,44.81,44.81,1184889
2015-06-16 14:30:00,44.815,44.91,44.815,44.89,1255531
2015-06-16 14:45:00,44.89,44.89,44.84,44.845,1318801
2015-06-16 15:00:00,44.845,44.86,44.67,44.86,1446720
2015-06-16 15:15:00,44.86,44.86,44.805,44.81,1520607
2015-06-16 15:30:00,44.81,44.86,44.8,44.84,1600461
2015-06-16 15:45:00,44.84,44.84,44.76,44.785,1680281
2015-06-16 16:00:00,44.785,44.84,44.77,44.83,1821929
2015-06-17 09:45:00,44.94,45.03,44.83,44.97,60217
2015-06-17 10:00:00,44.97,45.09,44.96,45.052,199192
2015-06-17 10:15:00,45.07,45.1,44.97,45.01,289027
2015-06-17 10:30:00,45.01,45.03,44.94,45.0,323307
2015-06-17 10:45:00,45.0,45.02,44.96,44.98,354657
2015-06-17 11:00:00,44.98,45.05,44.97,45.05,392072
2015-06-17 11:15:00,45.06,45.07,44.99,44.99,414690
2015-06-17 11:30:00,44.99,45.0,44.94,44.94,476393
2015-06-17 11:45:00,44.95,44.96,44.93,44.95,521695
2015-06-17 12:00:00,44.94,44.96,44.91,44.96,542380
2015-06-17 12:15:00,44.96,44.98,44.9,44.92,587328
2015-06-17 12:30:00,44.92,44.92,44.88,44.91,613076
2015-06-17 12:45:00,44.91,44.99,44.89,44.89,661978
2015-06-17 13:00:00,44.89,44.91,44.8,44.85,717274
2015-06-17 13:15:00,44.85,44.85,44.77,44.77,760177
2015-06-17 13:30:00,44.77,44.87,44.77,44.85,784871
2015-06-17 13:45:00,44.85,44.9,44.85,44.86,812516
2015-06-17 14:00:00,44.86,44.97,44.84,44.95,852394
2015-06-17 14:15:00,44.95,45.1,44.8,45.02,952060
2015-06-17 14:30:00,45.02,45.06,44.945,44.99,999935
2015-06-17 14:45:00,44.985,45.22,44.95,45.17,1063582
2015-06-17 15:00:00,45.18,45.271,45.18,45.22,1105846
2015-06-17 15:15:00,45.22,45.23,45.08,45.09,1180964
2015-06-17 15:30:00,45.085,45.14,45.07,45.14,1284279
2015-06-17 15:45:00,45.15,45.17,45.09,45.1062,1364581
2015-06-17 16:00:00,45.09,45.1,45.0,45.03,1567035
2015-06-18 09:45:00,45.14,45.5,45.03,45.12,84984
2015-06-18 10:00:00,45.12,45.33,45.04,45.08,172083
2015-06-18 10:15:00,45.08,45.22,45.05,45.213,548626
2015-06-18 10:30:00,45.22,45.4,45.16,45.4,642426
2015-06-18 10:45:00,45.4,45.445,45.36,45.445,714989
2015-06-18 11:00:00,45.445,45.56,45.445,45.56,756550
2015-06-18 11:15:00,45.57,45.68,45.565,45.68,801830
2015-06-18 11:30:00,45.68,45.78,45.65,45.73,869933
2015-06-18 11:45:00,45.74,45.75,45.655,45.66,997932
2015-06-18 12:00:00,45.66,45.675,45.58,45.62,1088641
2015-06-18 12:15:00,45.63,45.67,45.62,45.66,1126225
2015-06-18 12:30:00,45.67,45.75,45.63,45.7,1167391
2015-06-18 12:45:00,45.7,45.77,45.695,45.72,1213976
2015-06-18 13:00:00,45.715,45.73,45.685,45.69,1261935
2015-06-18 13:15:00,45.69,45.725,45.6,45.605,1315295
2015-06-18 13:30:00,45.61,45.63,45.5,45.525,1401263
2015-06-18 13:45:00,45.55,45.66,45.54,45.66,1440002
2015-06-18 14:00:00,45.655,45.69,45.65,45.655,1521296
2015-06-18 14:15:00,45.655,45.67,45.58,45.58,1572188
2015-06-18 14:30:00,45.5775,45.71,45.575,45.6893,1639549
2015-06-18 14:45:00,45.68,45.72,45.675,45.695,1686381
2015-06-18 15:00:00,45.695,45.76,45.68,45.76,1838814
2015-06-18 15:15:00,45.765,45.77,45.73,45.77,1942280
2015-06-18 15:30:00,45.76,45.8,45.69,45.72,2167363
2015-06-18 15:45:00,45.7199,45.76,45.69,45.7401,2400873
2015-06-18 16:00:00,45.75,45.75,45.57,45.6,2815827
2015-06-19 09:45:00,45.47,45.51,45.265,45.4,371118
2015-06-19 10:00:00,45.39,45.53,45.35,45.52,419270
2015-06-19 10:15:00,45.52,45.57,45.47,45.535,457840
2015-06-19 10:30:00,45.54,45.59,45.49,45.57,518938
2015-06-19 10:45:00,45.57,45.71,45.5699,45.62,589601
2015-06-19 11:00:00,45.63,45.68,45.59,45.59,655752
2015-06-19 11:15:00,45.58,45.59,45.5,45.5,939439
2015-06-19 11:30:00,45.505,45.53,45.47,45.52,990123
2015-06-19 11:45:00,45.51,45.54,45.4925,45.495,1027008
2015-06-19 12:00:00,45.495,45.5501,45.49,45.54,1061174
2015-06-19 12:15:00,45.53,45.56,45.51,45.54,1103548
2015-06-19 12:30:00,45.53,45.57,45.51,45.56,1119345
2015-06-19 12:45:00,45.55,45.64,45.55,45.6311,1138701
2015-06-19 13:00:00,45.64,45.64,45.53,45.5375,1253201
2015-06-19 13:15:00,45.53,45.54,45.49,45.5275,1281974
2015-06-19 13:30:00,45.525,45.56,45.52,45.56,1296249
2015-06-19 13:45:00,45.56,45.605,45.54,45.54,1331503
2015-06-19 14:00:00,45.54,45.56,45.539,45.55,1350441
2015-06-19 14:15:00,45.55,45.56,45.5,45.51,1479269
2015-06-19 14:30:00,45.51,45.51,45.46,45.49,1525972
2015-06-19 14:45:00,45.48,45.555,45.47,45.555,1561400
2015-06-19 15:00:00,45.56,45.565,45.52,45.53,1602638
2015-06-19 15:15:00,45.54,45.54,45.49,45.52,1646002
2015-06-19 15:30:00,45.51,45.54,45.49,45.505,1719037
2015-06-19 15:45:00,45.5,45.54,45.49,45.52,1870974
2015-06-19 16:00:00,45.52,45.63,45.52,45.54,2583896
2015-06-22 09:45:00,45.76,45.85,45.61,45.74,72615
2015-06-22 10:00:00,45.76,45.85,45.75,45.85,105231
2015-06-22 10:15:00,45.85,45.9,45.79,45.87,168871
2015-06-22 10:30:00,45.88,45.99,45.87,45.96,460354
2015-06-22 10:45:00,45.97,46.1,45.96,46.1,500764
2015-06-22 11:00:00,46.1,46.11,45.97,46.0,573914
2015-06-22 11:15:00,46.01,46.13,45.99,46.13,624152
2015-06-22 11:30:00,46.13,46.17,46.11,46.15,665376
2015-06-22 11:45:00,46.15,46.16,46.065,46.07,707910
2015-06-22 12:00:00,46.065,46.13,46.05,46.09,753464
2015-06-22 12:15:00,46.095,46.095,45.99,46.0,779097
2015-06-22 12:30:00,45.99,46.03,45.91,45.94,802122
2015-06-22 12:45:00,45.95,46.03,45.95,46.0,828469
2015-06-22 13:00:00,46.0,46.055,45.95,46.0,901634
2015-06-22 13:15:00,46.01,46.03,45.96,45.96,935461
2015-06-22 13:30:00,45.96,46.015,45.955,45.96,989462
2015-06-22 13:45:00,45.96,45.98,45.89,45.945,1031995
2015-06-22 14:00:00,45.95,46.005,45.945,45.98,1338642
2015-06-22 14:15:00,45.98,46.01,45.95,45.95,1372831
2015-06-22 14:30:00,45.95,45.96,45.875,45.88,1418466
2015-06-22 14:45:00,45.89,45.95,45.89,45.94,1457235
2015-06-22 15:00:00,45.94,45.95,45.885,45.95,1525010
2015-06-22 15:15:00,45.95,45.96,45.92,45.95,1584905
2015-06-22 15:30:00,45.95,45.95,45.92,45.93,1659015
2015-06-22 15:45:00,45.94,45.96,45.88,45.88,1773112
2015-06-22 16:00:00,45.88,45.92,45.86,45.89,2206857
2015-06-23 09:45:00,45.85,46.05,45.84,46.05,39431
2015-06-23 10:00:00,46.01,46.03,45.95,46.015,55270
2015-06-23 10:15:00,46.0,46.01,45.91,45.945,78206
2015-06-23 10:30:00,45.94,45.95,45.81,45.82,129708
2015-06-23 10:45:00,45.82,45.84,45.72,45.72,172036
2015-06-23 11:00:00,45.73,45.76,45.65,45.76,267762
2015-06-23 11:15:00,45.76,45.82,45.72,45.7601,346109
2015-06-23 11:30:00,45.76,45.79,45.735,45.77,390894
2015-06-23 11:45:00,45.77,45.78,45.73,45.755,435982
2015-06-23 12:00:00,45.76,45.76,45.73,45.755,478340
2015-06-23 12:15:00,45.755,45.76,45.7075,45.73,528150
2015-06-23 12:30:00,45.74,45.7551,45.71,45.73,598490
2015-06-23 12:45:00,45.72,45.735,45.7,45.71,668000
2015-06-23 13:00:00,45.725,45.75,45.69,45.705,693722
2015-06-23 13:15:00,45.705,45.71,45.585,45.59,758764
2015-06-23 13:30:00,45.59,45.665,45.585,45.66,799124
2015-06-23 13:45:00,45.66,45.66,45.64,45.655,836370
2015-06-23 14:00:00,45.66,45.68,45.65,45.675,877963
2015-06-23 14:15:00,45.67,45.7,45.67,45.7,953512
2015-06-23 14:30:00,45.7,45.71,45.67,45.67,1012968
2015-06-23 14:45:00,45.67,45.71,45.67,45.684,1076015
2015-06-23 15:00:00,45.68,45.71,45.67,45.69,1135753
2015-06-23 15:15:00,45.7,45.7,45.67,45.685,1183979
2015-06-23 15:30:00,45.68,45.7,45.67,45.6891,1251365
2015-06-23 15:45:00,45.685,45.71,45.67,45.68,1326986
2015-06-23 16:00:00,45.69,45.74,45.67,45.71,1537197
2015-06-24 09:45:00,45.81,46.04,45.46,45.97,94380
2015-06-24 10:00:00,45.97,45.99,45.83,45.91,152408
2015-06-24 10:15:00,45.9,45.92,45.74,45.8,216370
2015-06-24 10:30:00,45.81,45.9,45.77,45.9,278855
2015-06-24 10:45:00,45.91,45.955,45.91,45.93,321475
2015-06-24 11:00:00,45.93,45.93,45.8,45.87,393910
2015-06-24 11:15:00,45.86,45.87,45.8,45.81,435197
2015-06-24 11:30:00,45.81,45.84,45.79,45.84,471482
2015-06-24 11:45:00,45.84,45.905,45.84,45.899,526993
2015-06-24 12:00:00,45.89,45.895,45.75,45.775,585510
2015-06-24 12:15:00,45.78,45.79,45.7,45.74,618163
2015-06-24 12:30:00,45.74,45.76,45.68,45.69,645622
2015-06-24 12:45:00,45.69,45.76,45.69,45.7,692285
2015-06-24 13:00:00,45.6958,45.71,45.59,45.59,748083
2015-06-24 13:15:00,45.595,45.6,45.54,45.54,825250
2015-06-24 13:30:00,45.54,45.54,45.47,45.52,924544
2015-06-24 13:45:00,45.525,45.61,45.48,45.61,1151140
2015-06-24 14:00:00,45.61,45.63,45.545,45.63,1248679
2015-06-24 14:15:00,45.64,45.65,45.555,45.575,1299128
2015-06-24 14:30:00,45.59,45.64,45.58,45.62,1427664
2015-06-24 14:45:00,45.62,45.64,45.59,45.6,1504144
2015-06-24 15:00:00,45.6,45.7,45.6,45.69,1557022
2015-06-24 15:15:00,45.7,45.7,45.605,45.635,1621480
2015-06-24 15:30:00,45.635,45.66,45.6,45.66,1707934
2015-06-24 15:45:00,45.66,45.69,45.64,45.645,1801945
2015-06-24 16:00:00,45.65,45.66,45.565,45.6,2056134
2015-06-25 09:45:00,45.65,45.83,45.52,45.59,103801
2015-06-25 10:00:00,45.6002,45.7,45.56,45.68,157257
2015-06-25 10:15:00,45.68,45.72,45.61,45.6975,183816
2015-06-25 10:30:00,45.72,45.76,45.66,45.73,207574
2015-06-25 10:45:00,45.72,45.74,45.69,45.725,228660
2015-06-25 11:00:00,45.73,45.77,45.72,45.75,269057
2015-06-25 11:15:00,45.75,45.83,45.75,45.79,314789
2015-06-25 11:30:00,45.79,45.8,45.76,45.765,355665
2015-06-25 11:45:00,45.77,45.78,45.74,45.74,390578
2015-06-25 12:00:00,45.75,45.76,45.74,45.75,426961
2015-06-25 12:15:00,45.7566,45.76,45.735,45.76,464704
2015-06-25 12:30:00,45.75,45.75,45.65,45.65,488637
2015-06-25 12:45:00,45.655,45.675,45.64,45.65,510971
2015-06-25 13:00:00,45.66,45.69,45.65,45.66,536537
2015-06-25 13:15:00,45.66,45.72,45.66,45.72,586672
2015-06-25 13:30:00,45.72,45.72,45.705,45.715,629700
2015-06-25 13:45:00,45.72,45.755,45.7,45.75,708496
2015-06-25 14:00:00,45.75,45.79,45.75,45.785,760951
2015-06-25 14:15:00,45.785,45.785,45.68,45.68,799583
2015-06-25 14:30:00,45.68,45.72,45.59,45.6325,837967
2015-06-25 14:45:00,45.635,45.71,45.62,45.71,933205
2015-06-25 15:00:00,45.705,45.71,45.7,45.71,1010684
2015-06-25 15:15:00,45.7,45.765,45.69,45.72,1071443
2015-06-25 15:30:00,45.72,45.76,45.71,45.7499,1181002
2015-06-25 15:45:00,45.74,45.75,45.59,45.62,1411428
2015-06-25 16:00:00,45.61,45.62,45.55,45.57,1659137
2015-06-26 09:45:00,45.73,45.91,45.6,45.76,50393
2015-06-26 10:00:00,45.76,46.03,45.75,45.99,106946
2015-06-26 10:15:00,45.99,46.06,45.88,46.035,173376
2015-06-26 10:30:00,46.04,46.23,46.02,46.23,247278
2015-06-26 10:45:00,46.22,46.315,46.13,46.14,351010
2015-06-26 11:00:00,46.1432,46.255,46.12,46.13,563051
2015-06-26 11:15:00,46.125,46.42,46.1,46.41,723590
2015-06-26 11:30:00,46.41,46.5232,46.33,46.5,929654
2015-06-26 11:45:00,46.5,46.57,46.46,46.51,1034941
2015-06-26 12:00:00,46.5,46.57,46.48,46.545,1171321
2015-06-26 12:15:00,46.55,46.69,46.54,46.67,1300542
2015-06-26 12:30:00,46.67,46.77,46.65,46.74,1421397
2015-06-26 12:45:00,46.74,46.84,46.73,46.84,1733928
2015-06-26 13:00:00,46.845,46.85,46.67,46.72,2279191
2015-06-26 13:15:00,46.72,46.76,46.505,46.51,2669976
2015-06-26 13:30:00,46.507,46.535,46.405,46.53,2803495
2015-06-26 13:45:00,46.54,46.71,46.53,46.7,2917247
2015-06-26 14:00:00,46.68,46.73,46.65,46.7,3086728
2015-06-26 14:15:00,46.69,46.71,46.63,46.705,3183851
2015-06-26 14:30:00,46.7,46.71,46.61,46.69,3293137
2015-06-26 14:45:00,46.68,46.71,46.59,46.62,3452778
2015-06-26 15:00:00,46.63,46.65,46.38,46.38,3717088
2015-06-26 15:15:00,46.38,46.4,46.32,46.32,3911204
2015-06-26 15:30:00,46.31,46.34,46.205,46.26,4254595
2015-06-26 15:45:00,46.26,46.345,46.25,46.25,4584648
2015-06-26 16:00:00,46.25,46.28,46.13,46.22,5431186
2015-06-29 09:45:00,45.83,45.94,45.75,45.88,82561
2015-06-29 10:00:00,45.89,46.0,45.89,45.89,167126
2015-06-29 10:15:00,45.89,46.0,45.76,45.78,218371
2015-06-29 10:30:00,45.77,45.84,45.65,45.71,292721
2015-06-29 10:45:00,45.715,45.79,45.69,45.745,393273
2015-06-29 11:00:00,45.74,45.79,45.7,45.73,463163
2015-06-29 11:15:00,45.73,45.74,45.695,45.72,563797
2015-06-29 11:30:00,45.725,45.76,45.63,45.665,616537
2015-06-29 11:45:00,45.67,45.67,45.55,45.63,687426
2015-06-29 12:00:00,45.63,45.63,45.59,45.6,749857
2015-06-29 12:15:00,45.6,45.62,45.59,45.605,799103
2015-06-29 12:30:00,45.605,45.62,45.43,45.4301,841238
2015-06-29 12:45:00,45.44,45.45,45.34,45.35,866984
2015-06-29 13:00:00,45.35,45.35,45.27,45.293,905823
2015-06-29 13:15:00,45.3,45.3,45.18,45.18,950837
2015-06-29 13:30:00,45.18,45.27,45.155,45.26,1030826
2015-06-29 13:45:00,45.26,45.29,45.23,45.26,1107166
2015-06-29 14:00:00,45.26,45.2899,45.24,45.2899,1188721
2015-06-29 14:15:00,45.28,45.28,45.07,45.085,1274389
2015-06-29 14:30:00,45.0701,45.12,44.96,45.0,1338542
2015-06-29 14:45:00,44.99,45.12,44.98,45.12,1433253
2015-06-29 15:00:00,45.11,45.18,45.0,45.0,1492298
2015-06-29 15:15:00,45.0,45.01,44.925,44.97,1611055
2015-06-29 15:30:00,44.96,44.99,44.89,44.89,1694910
2015-06-29 15:45:00,44.89,44.92,44.795,44.795,1853330
2015-06-29 16:00:00,44.79,44.835,44.69,44.75,2167352
2015-06-30 09:45:00,45.07,45.13,44.84,44.94,83708
2015-06-30 10:00:00,44.96,44.98,44.76,44.76,119020
2015-06-30 10:15:00,44.74,44.87,44.71,44.73,161139
2015-06-30 10:30:00,44.72,44.9,44.72,44.81,229381
2015-06-30 10:45:00,44.8,44.81,44.76,44.8,267774
2015-06-30 11:00:00,44.8,44.89,44.75,44.84,312799
2015-06-30 11:15:00,44.84,44.85,44.77,44.78,348788
2015-06-30 11:30:00,44.78,44.86,44.71,44.745,443885
2015-06-30 11:45:00,44.75,44.795,44.73,44.79,508863
2015-06-30 12:00:00,44.8,44.85,44.71,44.71,547584
2015-06-30 12:15:00,44.7,44.73,44.66,44.69,576576
2015-06-30 12:30:00,44.68,44.76,44.65,44.65,640072
2015-06-30 12:45:00,44.65,44.7,44.61,44.665,693195
2015-06-30 13:00:00,44.66,44.7,44.64,44.7,735037
2015-06-30 13:15:00,44.71,44.75,44.68,44.7,766505
2015-06-30 13:30:00,44.71,44.8,44.69,44.78,807787
2015-06-30 13:45:00,44.78,44.83,44.75,44.81,840862
2015-06-30 14:00:00,44.8,44.87,44.78,44.84,885089
2015-06-30 14:15:00,44.85,45.07,44.83,45.06,950903
2015-06-30 14:30:00,45.05,45.06,44.89,44.93,989168
2015-06-30 14:45:00,44.93,44.99,44.84,44.86,1037741
2015-06-30 15:00:00,44.86,44.9,44.82,44.85,1116395
2015-06-30 15:15:00,44.86,44.92,44.76,44.76,1190749
2015-06-30 15:30:00,44.76,44.86,44.75,44.79,1293933
2015-06-30 15:45:00,44.8,44.88,44.775,44.8,1435267
2015-06-30 16:00:00,44.79,44.88,44.75,44.75,1788629
2015-07-01 09:45:00,45.41,45.54,45.06,45.44,119300
2015-07-01 10:00:00,45.43,45.59,45.35,45.53,225100
2015-07-01 10:15:00,45.52,45.56,45.435,45.51,299052
2015-07-01 10:30:00,45.51,45.52,45.35,45.38,338630
2015-07-01 10:45:00,45.38,45.39,45.29,45.35,390827
2015-07-01 11:00:00,45.35,45.39,45.2,45.39,458053
2015-07-01 11:15:00,45.39,45.51,45.3,45.48,581758
2015-07-01 11:30:00,45.485,45.67,45.485,45.66,672638
2015-07-01 11:45:00,45.67,45.68,45.54,45.56,747657
2015-07-01 12:00:00,45.56,45.71,45.56,45.5601,833235
2015-07-01 12:15:00,45.56,45.58,45.48,45.49,869875
2015-07-01 12:30:00,45.49,45.5,45.33,45.43,897728
2015-07-01 12:45:00,45.42,45.44,45.21,45.225,924322
2015-07-01 13:00:00,45.22,45.28,45.19,45.22,952098
2015-07-01 13:15:00,45.22,45.22,45.14,45.17,977553
2015-07-01 13:30:00,45.17,45.23,45.16,45.17,1005415
2015-07-01 13:45:00,45.16,45.23,45.15,45.22,1033334
2015-07-01 14:00:00,45.221,45.23,45.16,45.16,1060707
2015-07-01 14:15:00,45.155,45.18,45.07,45.1,1096744
2015-07-01 14:30:00,45.11,45.11,45.0,45.0,1151783
2015-07-01 14:45:00,45.0,45.01,44.94,44.94,1227843
2015-07-01 15:00:00,44.945,45.05,44.94,45.0,1303478
2015-07-01 15:15:00,45.0,45.11,45.0,45.095,1367135
2015-07-01 15:30:00,45.095,45.15,45.075,45.115,1443536
2015-07-01 15:45:00,45.12,45.13,45.02,45.1,1537788
2015-07-01 16:00:00,45.1,45.17,45.09,45.13,1734254
2015-07-02 09:45:00,45.3,45.39,45.19,45.27,55998
2015-07-02 10:00:00,45.23,45.285,45.13,45.15,87230
2015-07-02 10:15:00,45.15,45.19,45.08,45.09,112826
2015-07-02 10:30:00,45.09,45.16,45.06,45.08,146966
2015-07-02 10:45:00,45.07,45.08,45.01,45.01,185682
2015-07-02 11:00:00,45.01,45.04,44.94,44.94,243360
2015-07-02 11:15:00,44.94,44.94,44.82,44.845,285540
2015-07-02 11:30:00,44.85,44.85,44.79,44.795,329789
2015-07-02 11:45:00,44.8099,44.82,44.76,44.77,368641
2015-07-02 12:00:00,44.77,44.82,44.72,44.82,419991
2015-07-02 12:15:00,44.82,44.88,44.82,44.845,456608
2015-07-02 12:30:00,44.84,44.84,44.71,44.73,476070
2015-07-02 12:45:00,44.735,44.75,44.69,44.71,512826
2015-07-02 13:00:00,44.7,44.79,44.68,44.69,553404
2015-07-02 13:15:00,44.68,44.76,44.67,44.73,590397
2015-07-02 13:30:00,44.73,44.76,44.72,44.76,628419
2015-07-02 13:45:00,44.76,44.78,44.74,44.77,672069
2015-07-02 14:00:00,44.78,44.78,44.725,44.75,701514
2015-07-02 14:15:00,44.75,44.78,44.75,44.75,732237
2015-07-02 14:30:00,44.76,44.77,44.72,44.75,753003
2015-07-02 14:45:00,44.76,44.8,44.74,44.75,793520
2015-07-02 15:00:00,44.75,44.86,44.74,44.85,909878
2015-07-02 15:15:00,44.85,44.86,44.79,44.85,1010813
2015-07-02 15:30:00,44.84,45.01,44.82,44.93,1090684
2015-07-02 15:45:00,44.94,44.985,44.89,44.98,1145328
2015-07-02 16:00:00,45.0,45.05,44.99,44.99,1395136
2015-07-06 09:45:00,44.62,44.84,44.61,44.72,28866
2015-07-06 10:00:00,44.73,44.83,44.73,44.79,47240
2015-07-06 10:15:00,44.79,44.83,44.68,44.82,70314
2015-07-06 10:30:00,44.82,44.86,44.78,44.85,98051
2015-07-06 10:45:00,44.85,45.0475,44.825,45.0475,140934
2015-07-06 11:00:00,45.04,45.12,45.035,45.11,208235
2015-07-06 11:15:00,45.11,45.125,45.02,45.05,269065
2015-07-06 11:30:00,45.05,45.05,44.93,44.94,292905
2015-07-06 11:45:00,44.945,44.96,44.9,44.92,326293
2015-07-06 12:00:00,44.92,44.96,44.9,44.96,349412
2015-07-06 12:15:00,44.97,45.0,44.93,44.99,368134
2015-07-06 12:30:00,44.98,45.009,44.96,44.98,391473
2015-07-06 12:45:00,44.98,44.99,44.93,44.9673,435191
2015-07-06 13:00:00,44.96,44.99,44.94,44.97,457393
2015-07-06 13:15:00,44.97,44.97,44.9,44.915,492538
2015-07-06 13:30:00,44.91,44.91,44.75,44.77,523720
2015-07-06 13:45:00,44.77,44.78,44.72,44.73,553532
2015-07-06 14:00:00,44.73,44.77,44.68,44.72,589228
2015-07-06 14:15:00,44.72,44.77,44.69,44.76,620710
2015-07-06 14:30:00,44.7499,44.77,44.65,44.66,652650
2015-07-06 14:45:00,44.65,44.71,44.63,44.64,689705
2015-07-06 15:00:00,44.65,44.725,44.65,44.68,715813
2015-07-06 15:15:00,44.68,44.72,44.68,44.72,760804
2015-07-06 15:30:00,44.73,44.81,44.72,44.79,835333
2015-07-06 15:45:00,44.8,44.86,44.77,44.82,912258
2015-07-06 16:00:00,44.81,44.855,44.77,44.81,1073973
2015-07-07 09:45:00,44.88,44.89,44.64,44.67,29027
2015-07-07 10:00:00,44.67,44.69,44.58,44.6,93197
2015-07-07 10:15:00,44.59,44.68,44.58,44.62,198282
2015-07-07 10:30:00,44.61,44.615,44.47,44.5,225885
2015-07-07 10:45:00,44.49,44.49,44.31,44.32,274461
2015-07-07 11:00:00,44.32,44.51,44.32,44.42,324296
2015-07-07 11:15:00,44.42,44.44,44.33,44.43,365971
2015-07-07 11:30:00,44.42,44.47,44.36,44.38,420113
2015-07-07 11:45:00,44.37,44.47,44.31,44.47,466300
2015-07-07 12:00:00,44.45,44.63,44.43,44.5,528699
2015-07-07 12:15:00,44.49,44.532,44.45,44.45,587612
2015-07-07 12:30:00,44.45,44.55,44.45,44.5,606170
2015-07-07 12:45:00,44.51,44.54,44.48,44.5,695083
2015-07-07 13:00:00,44.5,44.65,44.495,44.62,752214
2015-07-07 13:15:00,44.62,44.68,44.5,44.67,829721
2015-07-07 13:30:00,44.66,44.66,44.54,44.57,884480
2015-07-07 13:45:00,44.58,44.63,44.53,44.63,927732
2015-07-07 14:00:00,44.63,44.68,44.56,44.56,984333
2015-07-07 14:15:00,44.56,44.58,44.5,44.5,1023677
2015-07-07 14:30:00,44.49,44.51,44.41,44.45,1066331
2015-07-07 14:45:00,44.4453,44.64,44.4453,44.63,1188539
2015-07-07 15:00:00,44.63,44.91,44.63,44.89,1256015
2015-07-07 15:15:00,44.9,44.9,44.81,44.85,1300668
2015-07-07 15:30:00,44.85,44.97,44.805,44.92,1380335
2015-07-07 15:45:00,44.92,44.96,44.865,44.87,1443412
2015-07-07 16:00:00,44.88,44.98,44.87,44.97,1610791
2015-07-08 09:45:00,44.65,44.8,44.37,44.69,50509
2015-07-08 10:00:00,44.69,44.7,44.53,44.55,96785
2015-07-08 10:15:00,44.54,44.58,44.44,44.5,143407
2015-07-08 10:30:00,44.5,44.55,44.424,44.52,167756
2015-07-08 10:45:00,44.49,44.58,44.42,44.56,204162
2015-07-08 11:00:00,44.55,44.64,44.53,44.55,269985
2015-07-08 11:15:00,44.53,44.56,44.51,44.53,301801
2015-07-08 11:30:00,44.52,44.55,44.46,44.51,326945
2015-07-08 11:45:00,44.5,44.54,44.39,44.41,358449
2015-07-08 12:00:00,44.41,44.44,44.22,44.26,403127
2015-07-08 12:15:00,44.25,44.35,44.24,44.3,427935
2015-07-08 12:30:00,44.3,44.31,44.24,44.26,449389
2015-07-08 12:45:00,44.28,44.29,44.21,44.24,472971
2015-07-08 13:00:00,44.22,44.31,44.2,44.3,496552
2015-07-08 13:15:00,44.3102,44.3102,44.19,44.19,536753
2015-07-08 13:30:00,44.2,44.22,44.16,44.22,566589
2015-07-08 13:45:00,44.22,44.22,44.18,44.215,634232
2015-07-08 14:00:00,44.21,44.24,44.17,44.21,677580
2015-07-08 14:15:00,44.21,44.22,44.09,44.18,723058
2015-07-08 14:30:00,44.18,44.2,44.07,44.14,760829
2015-07-08 14:45:00,44.14,44.18,44.06,44.065,820654
2015-07-08 15:00:00,44.065,44.11,43.95,44.07,898472
2015-07-08 15:15:00,44.08,44.2,44.08,44.2,998214
2015-07-08 15:30:00,44.2,44.22,44.15,44.15,1159697
2015-07-08 15:45:00,44.15,44.32,44.14,44.27,1299429
2015-07-08 16:00:00,44.26,44.27,44.16,44.17,1623402
2015-07-09 09:45:00,44.69,44.78,44.59,44.77,100704
2015-07-09 10:00:00,44.76,44.76,44.65,44.75,212162
2015-07-09 10:15:00,44.75,44.78,44.67,44.76,333778
2015-07-09 10:30:00,44.76,44.76,44.62,44.62,419888
2015-07-09 10:45:00,44.62,44.69,44.59,44.69,485166
2015-07-09 11:00:00,44.68,44.72,44.63,44.7,526419
2015-07-09 11:15:00,44.69,44.79,44.68,44.749,582684
2015-07-09 11:30:00,44.74,44.74,44.63,44.66,644475
2015-07-09 11:45:00,44.66,44.71,44.62,44.69,706654
2015-07-09 12:00:00,44.69,44.71,44.62,44.65,752273
2015-07-09 12:15:00,44.62,44.645,44.54,44.59,800237
2015-07-09 12:30:00,44.59,44.62,44.55,44.56,846680
2015-07-09 12:45:00,44.56,44.595,44.51,44.53,885763
2015-07-09 13:00:00,44.54,44.56,44.5148,44.54,928504
2015-07-09 13:15:00,44.54,44.56,44.48,44.505,963204
2015-07-09 13:30:00,44.5,44.57,44.49,44.555,1070699
2015-07-09 13:45:00,44.55,44.655,44.55,44.655,1120221
2015-07-09 14:00:00,44.65,44.7,44.6299,44.67,1165615
2015-07-09 14:15:00,44.67,44.675,44.59,44.59,1209478
2015-07-09 14:30:00,44.59,44.6,44.519,44.54,1241104
2015-07-09 14:45:00,44.54,44.59,44.4895,44.56,1283128
2015-07-09 15:00:00,44.56,44.64,44.54,44.61,1336865
2015-07-09 15:15:00,44.61,44.635,44.602,44.62,1388736
2015-07-09 15:30:00,44.62,44.65,44.6,44.6,1451141
2015-07-09 15:45:00,44.6,44.6,44.51,44.52,1548387
2015-07-09 16:00:00,44.51,44.55,44.46,44.47,1872838
2015-07-10 09:45:00,45.0,45.14,44.85,44.98,137103
2015-07-10 10:00:00,44.98,45.01,44.875,44.89,170670
2015-07-10 10:15:00,44.89,45.01,44.88,45.01,227558
2015-07-10 10:30:00,45.01,45.09,44.955,45.0,410875
2015-07-10 10:45:00,45.0,45.01,44.9,44.92,469906
2015-07-10 11:00:00,44.91,44.93,44.885,44.91,511529
2015-07-10 11:15:00,44.91,45.005,44.905,45.0,550919
2015-07-10 11:30:00,45.0,45.05,44.98,44.99,591788
2015-07-10 11:45:00,45.0,45.02,44.965,45.02,698209
2015-07-10 12:00:00,45.0101,45.04,44.99,45.0,745283
2015-07-10 12:15:00,45.0,45.02,44.985,45.0,766170
2015-07-10 12:30:00,45.0,45.01,44.97,44.9928,789330
2015-07-10 12:45:00,44.99,44.99,44.935,44.95,815385
2015-07-10 13:00:00,44.96,45.01,44.955,44.99,841865
2015-07-10 13:15:00,44.99,45.02,44.96,44.98,868958
2015-07-10 13:30:00,44.99,45.0225,44.955,45.02,906889
2015-07-10 13:45:00,45.02,45.02,44.995,45.0,940915
2015-07-10 14:00:00,45.01,45.025,44.99,45.02,969250
2015-07-10 14:15:00,45.02,45.07,44.995,45.055,1108518
2015-07-10 14:30:00,45.08,45.145,45.08,45.12,1148884
2015-07-10 14:45:00,45.13,45.235,45.13,45.235,1219562
2015-07-10 15:00:00,45.24,45.25,45.2,45.235,1251224
2015-07-10 15:15:00,45.24,45.3,45.235,45.29,1296929
2015-07-10 15:30:00,45.29,45.36,45.29,45.32,1345766
2015-07-10 15:45:00,45.32,45.34,45.31,45.325,1404691
2015-07-10 16:00:00,45.32,45.34,45.27,45.28,1552724
2015-07-13 09:45:00,45.7,45.8,45.48,45.77,92611
2015-07-13 10:00:00,45.75,45.83,45.7,45.73,127128
2015-07-13 10:15:00,45.73,45.76,45.71,45.76,191235
2015-07-13 10:30:00,45.76,45.83,45.755,45.821,258432
2015-07-13 10:45:00,45.83,45.86,45.81,45.86,284832
2015-07-13 11:00:00,45.86,45.86,45.83,45.85,324532
2015-07-13 11:15:00,45.85,45.86,45.83,45.85,387558
2015-07-13 11:30:00,45.84,45.86,45.825,45.83,419967
2015-07-13 11:45:00,45.83,45.88,45.83,45.855,448344
2015-07-13 12:00:00,45.855,45.86,45.81,45.84,480982
2015-07-13 12:15:00,45.84,45.84,45.81,45.83,493825
2015-07-13 12:30:00,45.84,45.84,45.73,45.81,516093
2015-07-13 12:45:00,45.81,45.815,45.77,45.77,548030
2015-07-13 13:00:00,45.77,45.7861,45.75,45.77,567760
2015-07-13 13:15:00,45.78,45.8,45.75,45.78,593520
2015-07-13 13:30:00,45.77,45.85,45.77,45.84,616513
2015-07-13 13:45:00,45.84,45.84,45.8,45.82,648041
2015-07-13 14:00:00,45.82,45.83,45.78,45.79,675477
2015-07-13 14:15:00,45.7875,45.8,45.78,45.79,694176
2015-07-13 14:30:00,45.78,45.79,45.74,45.74,745364
2015-07-13 14:45:00,45.74,45.75,45.71,45.73,780252
2015-07-13 15:00:00,45.73,45.79,45.72,45.76,829856
2015-07-13 15:15:00,45.76,45.79,45.74,45.76,945747
2015-07-13 15:30:00,45.75,45.82,45.75,45.82,990893
2015-07-13 15:45:00,45.82,45.8225,45.78,45.8,1119109
2015-07-13 16:00:00,45.8,45.84,45.78,45.78,1389680
2015-07-14 09:45:00,45.96,45.96,45.67,45.9,36343
2015-07-14 10:00:00,45.9,45.95,45.85,45.85,60545
2015-07-14 10:15:00,45.85,45.87,45.75,45.77,123180
2015-07-14 10:30:00,45.76,45.8095,45.73,45.8,155037
2015-07-14 10:45:00,45.81,45.82,45.75,45.76,217769
2015-07-14 11:00:00,45.76,45.7795,45.745,45.745,249893
2015-07-14 11:15:00,45.75,45.75,45.715,45.735,291071
2015-07-14 11:30:00,45.73,45.75,45.72,45.73,320047
2015-07-14 11:45:00,45.74,45.82,45.74,45.82,341727
2015-07-14 12:00:00,45.82,45.83,45.79,45.8,374966
2015-07-14 12:15:00,45.8,45.8,45.79,45.795,392494
2015-07-14 12:30:00,45.79,45.8,45.77,45.79,415023
2015-07-14 12:45:00,45.78,45.8,45.76,45.76,454098
2015-07-14 13:00:00,45.76,45.8,45.69,45.69,502712
2015-07-14 13:15:00,45.69,45.71,45.665,45.68,549616
2015-07-14 13:30:00,45.68,45.69,45.66,45.66,582796
2015-07-14 13:45:00,45.66,45.68,45.6,45.6,612813
2015-07-14 14:00:00,45.6,45.61,45.59,45.6,638108
2015-07-14 14:15:00,45.595,45.61,45.58,45.6,766168
2015-07-14 14:30:00,45.6,45.67,45.59,45.665,798686
2015-07-14 14:45:00,45.665,45.7,45.65,45.65,842250
2015-07-14 15:00:00,45.65,45.6557,45.62,45.635,888970
2015-07-14 15:15:00,45.635,45.68,45.635,45.68,951022
2015-07-14 15:30:00,45.68,45.69,45.65,45.6575,1025916
2015-07-14 15:45:00,45.65,45.66,45.61,45.61,1087219
2015-07-14 16:00:00,45.61,45.64,45.59,45.61,1307731
2015-07-15 09:45:00,45.57,45.66,45.36,45.57,156893
2015-07-15 10:00:00,45.6,45.6,45.46,45.55,190879
2015-07-15 10:15:00,45.54,45.54,45.465,45.5,241147
2015-07-15 10:30:00,45.5,45.56,45.4599,45.53,281576
2015-07-15 10:45:00,45.52,45.53,45.475,45.52,327637
2015-07-15 11:00:00,45.525,45.56,45.51,45.53,399863
2015-07-15 11:15:00,45.53,45.55,45.43,45.43,448599
2015-07-15 11:30:00,45.43,45.49,45.41,45.49,505573
2015-07-15 11:45:00,45.49,45.52,45.48,45.49,526332
2015-07-15 12:00:00,45.48,45.5,45.45,45.45,553173
2015-07-15 12:15:00,45.45,45.515,45.45,45.47,572147
2015-07-15 12:30:00,45.46,45.52,45.46,45.52,587957
2015-07-15 12:45:00,45.53,45.54,45.49,45.495,607432
2015-07-15 13:00:00,45.51,45.535,45.49,45.53,623713
2015-07-15 13:15:00,45.53,45.61,45.51,45.61,649537
2015-07-15 13:30:00,45.61,45.61,45.58,45.61,664275
2015-07-15 13:45:00,45.61,45.64,45.58,45.59,681810
2015-07-15 14:00:00,45.6,45.6,45.55,45.56,702140
2015-07-15 14:15:00,45.56,45.6,45.56,45.57,718820
2015-07-15 14:30:00,45.58,45.615,45.575,45.59,737423
2015-07-15 14:45:00,45.59,45.59,45.48,45.52,802976
2015-07-15 15:00:00,45.51,45.52,45.455,45.5132,858700
2015-07-15 15:15:00,45.51,45.51,45.45,45.48,973786
2015-07-15 15:30:00,45.475,45.53,45.46,45.53,1044890
2015-07-15 15:45:00,45.53,45.6,45.52,45.54,1097676
2015-07-15 16:00:00,45.54,45.575,45.5,45.56,1237287
2015-07-16 09:45:00,45.74,45.82,45.56,45.66,44194
2015-07-16 10:00:00,45.67,45.79,45.67,45.77,71549
2015-07-16 10:15:00,45.79,45.84,45.71,45.72,107431
2015-07-16 10:30:00,45.73,45.7975,45.72,45.775,136262
2015-07-16 10:45:00,45.78,45.8175,45.77,45.8,157002
2015-07-16 11:00:00,45.805,45.84,45.785,45.79,182151
2015-07-16 11:15:00,45.79,45.83,45.79,45.8,259332
2015-07-16 11:30:00,45.8,45.8325,45.775,45.81,316275
2015-07-16 11:45:00,45.81,45.875,45.805,45.87,335128
2015-07-16 12:00:00,45.87,45.93,45.87,45.88,352091
2015-07-16 12:15:00,45.88,45.88,45.83,45.84,375316
2015-07-16 12:30:00,45.84,45.87,45.83,45.85,388014
2015-07-16 12:45:00,45.855,45.875,45.83,45.845,407424
2015-07-16 13:00:00,45.84,45.84,45.8,45.81,426698
2015-07-16 13:15:00,45.81,45.81,45.76,45.76,442745
2015-07-16 13:30:00,45.76,45.78,45.73,45.78,467982
2015-07-16 13:45:00,45.79,45.8,45.775,45.8,479766
2015-07-16 14:00:00,45.8,45.81,45.7749,45.78,494943
2015-07-16 14:15:00,45.78,45.79,45.75,45.75,521877
2015-07-16 14:30:00,45.76,45.87,45.76,45.85,581037
2015-07-16 14:45:00,45.84,45.87,45.84,45.87,620875
2015-07-16 15:00:00,45.88,45.95,45.87,45.919,720523
2015-07-16 15:15:00,45.91,45.91,45.85,45.8549,749161
2015-07-16 15:30:00,45.85,45.865,45.83,45.8401,788669
2015-07-16 15:45:00,45.845,45.855,45.78,45.81,847106
2015-07-16 16:00:00,45.81,45.82,45.79,45.81,946224
2015-07-17 09:45:00,45.95,45.95,45.71,45.82,172727
2015-07-17 10:00:00,45.81,45.83,45.79,45.83,215583
2015-07-17 10:15:00,45.83,45.83,45.72,45.74,250511
2015-07-17 10:30:00,45.74,45.795,45.72,45.791,281044
2015-07-17 10:45:00,45.79,45.795,45.73,45.74,320172
2015-07-17 11:00:00,45.731,45.76,45.66,45.6801,346190
2015-07-17 11:15:00,45.69,45.71,45.65,45.67,396376
2015-07-17 11:30:00,45.67,45.69,45.62,45.65,755514
2015-07-17 11:45:00,45.66,45.75,45.655,45.74,791630
2015-07-17 12:00:00,45.75,45.78,45.71,45.71,837598
2015-07-17 12:15:00,45.71,45.72,45.695,45.705,846826
2015-07-17 12:30:00,45.71,45.71,45.64,45.6425,866336
2015-07-17 12:45:00,45.64,45.65,45.57,45.57,890399
2015-07-17 13:00:00,45.58,45.585,45.525,45.5558,921240
2015-07-17 13:15:00,45.55,45.6,45.54,45.6,954875
2015-07-17 13:30:00,45.59,45.595,45.52,45.53,989360
2015-07-17 13:45:00,45.5275,45.5275,45.475,45.5,1011881
2015-07-17 14:00:00,45.5,45.5,45.455,45.47,1033438
2015-07-17 14:15:00,45.48,45.5,45.475,45.4938,1062557
2015-07-17 14:30:00,45.5,45.525,45.5,45.5,1130869
2015-07-17 14:45:00,45.51,45.51,45.48,45.48,1153949
2015-07-17 15:00:00,45.485,45.5,45.45,45.45,1207554
2015-07-17 15:15:00,45.45,45.46,45.43,45.46,1248517
2015-07-17 15:30:00,45.455,45.49,45.45,45.47,1341058
2015-07-17 15:45:00,45.47,45.56,45.47,45.5,1407247
2015-07-17 16:00:00,45.51,45.57,45.475,45.5,1597500
2015-07-20 09:45:00,45.4,45.68,45.4,45.66,85953
2015-07-20 10:00:00,45.66,45.74,45.6,45.72,145639
2015-07-20 10:15:00,45.74,45.74,45.56,45.6,212256
2015-07-20 10:30:00,45.6,45.63,45.58,45.61,239314
2015-07-20 10:45:00,45.61,45.61,45.56,45.596,283820
2015-07-20 11:00:00,45.6,45.675,45.59,45.63,338565
2015-07-20 11:15:00,45.64,45.66,45.61,45.62,390790
2015-07-20 11:30:00,45.62,45.63,45.53,45.535,408419
2015-07-20 11:45:00,45.54,45.595,45.5,45.595,432182
2015-07-20 12:00:00,45.6,45.61,45.54,45.55,466026
2015-07-20 12:15:00,45.5499,45.59,45.54,45.59,488519
2015-07-20 12:30:00,45.5838,45.63,45.58,45.62,552202
2015-07-20 12:45:00,45.62,45.65,45.6,45.65,643854
2015-07-20 13:00:00,45.64,45.6699,45.64,45.65,667665
2015-07-20 13:15:00,45.65,45.66,45.64,45.655,710523
2015-07-20 13:30:00,45.65,45.705,45.64,45.695,757422
2015-07-20 13:45:00,45.69,45.72,45.67,45.6735,798749
2015-07-20 14:00:00,45.675,45.675,45.65,45.655,832702
2015-07-20 14:15:00,45.65,45.69,45.65,45.675,893015
2015-07-20 14:30:00,45.675,45.76,45.66,45.76,935304
2015-07-20 14:45:00,45.76,45.77,45.7,45.72,956648
2015-07-20 15:00:00,45.725,45.73,45.7,45.71,989536
2015-07-20 15:15:00,45.71,45.75,45.67,45.75,1031398
2015-07-20 15:30:00,45.74,45.745,45.7,45.71,1085385
2015-07-20 15:45:00,45.7,45.72,45.61,45.625,1156979
2015-07-20 16:00:00,45.64,45.66,45.62,45.64,1399101
2015-07-21 09:45:00,45.6,45.65,45.5,45.61,44435
2015-07-21 10:00:00,45.6,45.6,45.54,45.5901,61766
2015-07-21 10:15:00,45.59,45.6,45.51,45.52,91575
2015-07-21 10:30:00,45.51,45.55,45.49,45.5125,113422
2015-07-21 10:45:00,45.52,45.52,45.42,45.43,141938
2015-07-21 11:00:00,45.43,45.495,45.42,45.45,166720
2015-07-21 11:15:00,45.45,45.475,45.34,45.38,205456
2015-07-21 11:30:00,45.38,45.415,45.34,45.4,238606
2015-07-21 11:45:00,45.3975,45.41,45.378,45.405,262662
2015-07-21 12:00:00,45.4,45.408,45.305,45.315,290563
2015-07-21 12:15:00,45.3175,45.34,45.3,45.31,314740
2015-07-21 12:30:00,45.3,45.3,45.245,45.27,339059
2015-07-21 12:45:00,45.27,45.3,45.25,45.26,364837
2015-07-21 13:00:00,45.26,45.26,45.19,45.25,390627
2015-07-21 13:15:00,45.25,45.25,45.21,45.23,417714
2015-07-21 13:30:00,45.25,45.29,45.21,45.265,451962
2015-07-21 13:45:00,45.27,45.335,45.26,45.335,474504
2015-07-21 14:00:00,45.33,45.4,45.325,45.39,508686
2015-07-21 14:15:00,45.39,45.39,45.3,45.305,522457
2015-07-21 14:30:00,45.31,45.37,45.3,45.37,537992
2015-07-21 14:45:00,45.37,45.39,45.36,45.38,559648
2015-07-21 15:00:00,45.38,45.39,45.32,45.36,590786
2015-07-21 15:15:00,45.36,45.37,45.3,45.35,647987
2015-07-21 15:30:00,45.35,45.395,45.34,45.3802,700343
2015-07-21 15:45:00,45.38,45.425,45.37,45.415,739089
2015-07-21 16:00:00,45.41,45.41,45.33,45.34,904054
2015-07-22 09:45:00,45.26,45.49,45.1708,45.47,62168
2015-07-22 10:00:00,45.49,45.52,45.44,45.47,97061
2015-07-22 10:15:00,45.47,45.62,45.47,45.61,135798
2015-07-22 10:30:00,45.605,45.66,45.54,45.55,187542
2015-07-22 10:45:00,45.54,45.56,45.44,45.44,207342
2015-07-22 11:00:00,45.44,45.47,45.4,45.4445,236223
2015-07-22 11:15:00,45.45,45.45,45.355,45.355,259373
2015-07-22 11:30:00,45.35,45.35,45.26,45.3,283356
2015-07-22 11:45:00,45.32,45.38,45.3,45.37,304158
2015-07-22 12:00:00,45.37,45.38,45.34,45.38,318061
2015-07-22 12:15:00,45.38,45.4,45.33,45.33,337852
2015-07-22 12:30:00,45.33,45.41,45.3,45.41,368457
2015-07-22 12:45:00,45.41,45.41,45.355,45.37,389497
2015-07-22 13:00:00,45.37,45.37,45.34,45.35,404901
2015-07-22 13:15:00,45.355,45.3956,45.345,45.355,424201
2015-07-22 13:30:00,45.36,45.39,45.35,45.385,443402
2015-07-22 13:45:00,45.39,45.4,45.335,45.35,474985
2015-07-22 14:00:00,45.36,45.37,45.32,45.36,503429
2015-07-22 14:15:00,45.36,45.36,45.3235,45.355,539037
2015-07-22 14:30:00,45.355,45.425,45.35,45.41,583261
2015-07-22 14:45:00,45.41,45.43,45.39,45.4,634436
2015-07-22 15:00:00,45.4,45.42,45.34,45.34,657572
2015-07-22 15:15:00,45.3401,45.39,45.34,45.35,704316
2015-07-22 15:30:00,45.345,45.35,45.303,45.303,742174
2015-07-22 15:45:00,45.305,45.305,45.225,45.23,798379
2015-07-22 16:00:00,45.23,45.34,45.22,45.31,947312
2015-07-23 09:45:00,45.25,45.345,45.22,45.22,48859
2015-07-23 10:00:00,45.22,45.25,45.2,45.225,85800
2015-07-23 10:15:00,45.22,45.235,45.17,45.185,119317
2015-07-23 10:30:00,45.185,45.245,45.17,45.24,152860
2015-07-23 10:45:00,45.24,45.26,45.22,45.2328,193640
2015-07-23 11:00:00,45.24,45.255,45.22,45.23,227501
2015-07-23 11:15:00,45.23,45.265,45.22,45.255,262522
2015-07-23 11:30:00,45.255,45.255,45.19,45.19,285873
2015-07-23 11:45:00,45.19,45.2,45.15,45.15,318433
2015-07-23 12:00:00,45.16,45.19,45.14,45.17,346566
2015-07-23 12:15:00,45.17,45.17,45.1,45.11,374088
2015-07-23 12:30:00,45.12,45.12,45.05,45.08,396137
2015-07-23 12:45:00,45.08,45.08,45.02,45.025,418551
2015-07-23 13:00:00,45.025,45.04,44.97,44.99,445692
2015-07-23 13:15:00,44.99,45.04,44.97,45.039,478353
2015-07-23 13:30:00,45.03,45.11,45.03,45.09,516994
2015-07-23 13:45:00,45.08,45.18,45.08,45.175,560869
2015-07-23 14:00:00,45.165,45.28,45.16,45.28,593375
2015-07-23 14:15:00,45.28,45.28,45.21,45.21,626685
2015-07-23 14:30:00,45.22,45.23,45.205,45.23,672344
2015-07-23 14:45:00,45.23,45.29,45.22,45.29,714887
2015-07-23 15:00:00,45.29,45.32,45.23,45.26,834822
2015-07-23 15:15:00,45.26,45.28,45.23,45.23,886007
2015-07-23 15:30:00,45.235,45.25,45.21,45.24,950492
2015-07-23 15:45:00,45.24,45.3001,45.22,45.29,1016774
2015-07-23 16:00:00,45.29,45.36,45.26,45.33,1182635
2015-07-24 09:45:00,45.37,45.466,45.2,45.38,45790
2015-07-24 10:00:00,45.38,45.515,45.36,45.46,88860
2015-07-24 10:15:00,45.46,45.46,45.32,45.32,134649
2015-07-24 10:30:00,45.32,45.36,45.27,45.35,168958
2015-07-24 10:45:00,45.35,45.36,45.29,45.335,213462
2015-07-24 11:00:00,45.33,45.345,45.3,45.3,258388
2015-07-24 11:15:00,45.3,45.34,45.27,45.3,303196
2015-07-24 11:30:00,45.3,45.38,45.29,45.31,352359
2015-07-24 11:45:00,45.32,45.42,45.3,45.41,406484
2015-07-24 12:00:00,45.41,45.42,45.375,45.385,457063
2015-07-24 12:15:00,45.38,45.46,45.38,45.46,496189
2015-07-24 12:30:00,45.45,45.455,45.35,45.365,537055
2015-07-24 12:45:00,45.37,45.38,45.31,45.325,563953
2015-07-24 13:00:00,45.33,45.33,45.22,45.23,595126
2015-07-24 13:15:00,45.23,45.29,45.21,45.2251,635894
2015-07-24 13:30:00,45.22,45.285,45.21,45.25,674177
2015-07-24 13:45:00,45.26,45.27,45.17,45.195,720549
2015-07-24 14:00:00,45.18,45.22,45.15,45.16,770849
2015-07-24 14:15:00,45.17,45.205,45.115,45.19,832274
2015-07-24 14:30:00,45.19,45.19,45.08,45.18,887593
2015-07-24 14:45:00,45.18,45.225,45.155,45.2,979759
2015-07-24 15:00:00,45.19,45.27,45.16,45.26,1041074
2015-07-24 15:15:00,45.25,45.31,45.19,45.23,1103397
2015-07-24 15:30:00,45.24,45.245,45.15,45.15,1173807
2015-07-24 15:45:00,45.15,45.18,45.12,45.18,1313771
2015-07-24 16:00:00,45.18,45.22,45.15,45.18,1456594
2015-07-27 09:45:00,44.79,44.866,44.41,44.66,94946
2015-07-27 10:00:00,44.67,44.9,44.55,44.86,177079
2015-07-27 10:15:00,44.84,44.91,44.81,44.89,252766
2015-07-27 10:30:00,44.89,44.93,44.86,44.93,367323
2015-07-27 10:45:00,44.92,45.13,44.92,45.12,500187
2015-07-27 11:00:00,45.12,45.15,45.01,45.04,574588
2015-07-27 11:15:00,45.04,45.08,44.985,45.01,690896
2015-07-27 11:30:00,45.0,45.03,44.93,44.98,751413
2015-07-27 11:45:00,44.99,45.05,44.975,44.975,830291
2015-07-27 12:00:00,44.98,45.0,44.93,44.98,877226
2015-07-27 12:15:00,44.98,45.01,44.94,44.97,930309
2015-07-27 12:30:00,44.98,45.01,44.975,45.0,960441
2015-07-27 12:45:00,45.01,45.02,44.91,44.9425,1066096
2015-07-27 13:00:00,44.94,44.96,44.89,44.9025,1131146
2015-07-27 13:15:00,44.91,44.93,44.83,44.8525,1167415
2015-07-27 13:30:00,44.85,44.87,44.815,44.85,1354258
2015-07-27 13:45:00,44.85,44.86,44.765,44.83,1414465
2015-07-27 14:00:00,44.83,44.88,44.825,44.85,1445822
2015-07-27 14:15:00,44.86,44.89,44.83,44.86,1515259
2015-07-27 14:30:00,44.87,44.96,44.83,44.83,1596951
2015-07-27 14:45:00,44.84,44.84,44.725,44.745,1664130
2015-07-27 15:00:00,44.755,44.78,44.68,44.76,1738971
2015-07-27 15:15:00,44.76,44.76,44.67,44.67,1813798
2015-07-27 15:30:00,44.675,44.7,44.6,44.68,1952422
2015-07-27 15:45:00,44.67,44.74,44.67,44.695,2134589
2015-07-27 16:00:00,44.69,44.86,44.67,44.85,2527093
2015-07-28 09:45:00,46.15,46.47,45.78,46.19,297780
2015-07-28 10:00:00,46.22,46.47,46.06,46.325,433183
2015-07-28 10:15:00,46.32,46.38,46.19,46.2,599012
2015-07-28 10:30:00,46.2,46.2,46.0,46.14,785919
2015-07-28 10:45:00,46.15,46.51,46.125,46.49,865701
2015-07-28 11:00:00,46.5,46.92,46.4601,46.88,1023928
2015-07-28 11:15:00,46.87,47.07,46.79,46.92,1196904
2015-07-28 11:30:00,46.93,46.9675,46.83,46.9,1340840
2015-07-28 11:45:00,46.9,47.11,46.89,47.05,1509361
2015-07-28 12:00:00,47.0451,47.23,47.0,47.0,1591696
2015-07-28 12:15:00,47.0,47.15,47.0,47.15,1643438
2015-07-28 12:30:00,47.15,47.39,47.14,47.29,1713852
2015-07-28 12:45:00,47.295,47.3,47.01,47.2,1821811
2015-07-28 13:00:00,47.2,47.22,47.06,47.08,1879619
2015-07-28 13:15:00,47.06,47.16,47.05,47.05,1974002
2015-07-28 13:30:00,47.05,47.1,47.05,47.05,2007397
2015-07-28 13:45:00,47.055,47.055,46.82,46.89,2093305
2015-07-28 14:00:00,46.9,46.92,46.83,46.89,2187259
2015-07-28 14:15:00,46.885,47.16,46.88,47.1,2251647
2015-07-28 14:30:00,47.1,47.25,47.075,47.24,2319017
2015-07-28 14:45:00,47.24,47.24,47.06,47.095,2400700
2015-07-28 15:00:00,47.09,47.185,47.07,47.17,2476938
2015-07-28 15:15:00,47.17,47.245,47.16,47.165,2570728
2015-07-28 15:30:00,47.165,47.19,47.07,47.145,2679492
2015-07-28 15:45:00,47.145,47.17,47.05,47.12,2874306
2015-07-28 16:00:00,47.13,47.18,47.12,47.17,3174614
2015-07-29 09:45:00,47.38,48.515,47.38,47.825,394365
2015-07-29 10:00:00,47.82,48.13,47.82,48.0,587919
2015-07-29 10:15:00,48.0,48.11,47.97,47.98,734962
2015-07-29 10:30:00,47.98,48.18,47.98,48.03,878435
2015-07-29 10:45:00,48.05,48.26,48.04,48.24,964308
2015-07-29 11:00:00,48.23,48.26,48.12,48.16,1079929
2015-07-29 11:15:00,48.16,48.27,48.15,48.265,1177478
2015-07-29 11:30:00,48.265,48.34,48.23,48.3,1279352
2015-07-29 11:45:00,48.31,48.45,48.3,48.33,1387249
2015-07-29 12:00:00,48.34,48.39,48.29,48.39,1451454
2015-07-29 12:15:00,48.38,48.39,48.29,48.355,1523056
2015-07-29 12:30:00,48.355,48.355,48.26,48.26,1586172
2015-07-29 12:45:00,48.27,48.28,48.21,48.22,1643318
2015-07-29 13:00:00,48.21,48.22,48.12,48.16,1749698
2015-07-29 13:15:00,48.15,48.22,48.14,48.185,1797779
2015-07-29 13:30:00,48.1848,48.265,48.18,48.22,1843042
2015-07-29 13:45:00,48.21,48.265,48.15,48.25,1912351
2015-07-29 14:00:00,48.2598,48.28,48.21,48.28,1979416
2015-07-29 14:15:00,48.27,48.35,48.12,48.185,2107054
2015-07-29 14:30:00,48.18,48.267,48.16,48.23,2187405
2015-07-29 14:45:00,48.225,48.35,48.22,48.33,2301077
2015-07-29 15:00:00,48.33,48.42,48.3,48.36,2399944
2015-07-29 15:15:00,48.36,48.41,48.3,48.32,2511628
2015-07-29 15:30:00,48.325,48.36,48.29,48.31,2622203
2015-07-29 15:45:00,48.31,48.41,48.25,48.41,2782023
2015-07-29 16:00:00,48.42,48.455,48.28,48.32,3092379
2015-07-30 09:45:00,48.02,48.1,47.9,47.94,837051
2015-07-30 10:00:00,47.96,48.0,47.83,47.9,1099608
2015-07-30 10:15:00,47.89,48.05,47.85,48.04,1336298
2015-07-30 10:30:00,48.045,48.11,47.99,48.05,1497649
2015-07-30 10:45:00,48.06,48.1,47.97,47.985,1586039
2015-07-30 11:00:00,47.985,48.0,47.92,47.935,1702213
2015-07-30 11:15:00,47.935,48.11,47.93,48.11,1939650
2015-07-30 11:30:00,48.1,48.28,48.1,48.27,2126198
2015-07-30 11:45:00,48.28,48.49,48.25,48.48,2258180
2015-07-30 12:00:00,48.48,48.565,48.42,48.525,2346693
2015-07-30 12:15:00,48.53,48.55,48.445,48.49,2537224
2015-07-30 12:30:00,48.49,48.56,48.43,48.45,2628687
2015-07-30 12:45:00,48.445,48.45,48.33,48.39,2746606
2015-07-30 13:00:00,48.39,48.5598,48.37,48.5598,3177880
2015-07-30 13:15:00,48.555,48.7,48.555,48.68,3252203
2015-07-30 13:30:00,48.68,48.72,48.63,48.65,3379758
2015-07-30 13:45:00,48.66,48.795,48.63,48.7,3549664
2015-07-30 14:00:00,48.69,48.88,48.69,48.88,3646869
2015-07-30 14:15:00,48.89,49.0,48.89,48.96,3782176
2015-07-30 14:30:00,48.96,49.03,48.95,49.0,3970862
2015-07-30 14:45:00,49.0,49.15,48.98,49.14,4098462
2015-07-30 15:00:00,49.15,49.26,49.14,49.25,4283302
2015-07-30 15:15:00,49.26,49.28,49.18,49.2,4509274
2015-07-30 15:30:00,49.19,49.24,49.18,49.23,4699390
2015-07-30 15:45:00,49.23,49.25,49.17,49.185,4878698
2015-07-30 16:00:00,49.18,49.18,49.045,49.07,5320031
2015-07-31 09:45:00,49.28,49.31,49.02,49.07,58617
2015-07-31 10:00:00,49.07,49.134,48.91,48.91,118050
2015-07-31 10:15:00,48.9,49.0,48.89,48.93,189666
2015-07-31 10:30:00,48.93,49.05,48.93,48.99,322404
2015-07-31 10:45:00,48.9871,49.05,48.95,49.01,364095
2015-07-31 11:00:00,49.02,49.21,48.99,49.185,412503
2015-07-31 11:15:00,49.18,49.29,49.12,49.12,470438
2015-07-31 11:30:00,49.13,49.22,49.1,49.22,494986
2015-07-31 11:45:00,49.21,49.37,49.17,49.36,584201
2015-07-31 12:00:00,49.35,49.35,48.99,49.015,723952
2015-07-31 12:15:00,49.02,49.02,48.91,48.97,789215
2015-07-31 12:30:00,48.98,48.98,48.91,48.95,840238
2015-07-31 12:45:00,48.94,48.975,48.94,48.965,867337
2015-07-31 13:00:00,48.96,48.965,48.86,48.86,920629
2015-07-31 13:15:00,48.88,48.885,48.82,48.83,970244
2015-07-31 13:30:00,48.825,48.84,48.68,48.685,1030759
2015-07-31 13:45:00,48.69,48.75,48.62,48.75,1113440
2015-07-31 14:00:00,48.75,48.75,48.64,48.65,1151903
2015-07-31 14:15:00,48.65,48.795,48.65,48.715,1184119
2015-07-31 14:30:00,48.71,48.75,48.615,48.68,1244251
2015-07-31 14:45:00,48.68,48.75,48.55,48.6,1342306
2015-07-31 15:00:00,48.6,48.65,48.5,48.635,1427172
2015-07-31 15:15:00,48.635,48.64,48.47,48.48,1544706
2015-07-31 15:30:00,48.47,48.54,48.43,48.48,1713737
2015-07-31 15:45:00,48.49,48.59,48.48,48.51,1891030
2015-07-31 16:00:00,48.51,48.51,48.38,48.46,2318053
2015-08-03 09:45:00,48.4,48.41,47.92,47.96,182070
2015-08-03 10:00:00,47.96,48.3,47.9,48.255,353019
2015-08-03 10:15:00,48.26,48.38,48.2,48.3175,445646
2015-08-03 10:30:00,48.31,48.31,48.04,48.09,599727
2015-08-03 10:45:00,48.1,48.2,48.02,48.18,666157
2015-08-03 11:00:00,48.18,48.2,48.105,48.17,729620
2015-08-03 11:15:00,48.17,48.2,48.1,48.16,803129
2015-08-03 11:30:00,48.15,48.21,48.125,48.165,882191
2015-08-03 11:45:00,48.17,48.2,48.1,48.11,961747
2015-08-03 12:00:00,48.1,48.135,48.035,48.04,1096379
2015-08-03 12:15:00,48.04,48.07,47.98,48.015,1223794
2015-08-03 12:30:00,48.01,48.015,47.96,47.99,1272267
2015-08-03 12:45:00,47.98,47.98,47.92,47.98,1363721
2015-08-03 13:00:00,47.97,47.99,47.94,47.98,1418272
2015-08-03 13:15:00,47.98,48.0,47.96,47.965,1494113
2015-08-03 13:30:00,47.96,48.0,47.91,47.915,1571684
2015-08-03 13:45:00,47.91,47.92,47.845,47.89,1643902
2015-08-03 14:00:00,47.88,47.9,47.8,47.81,1705257
2015-08-03 14:15:00,47.81,47.86,47.75,47.77,1809183
2015-08-03 14:30:00,47.77,47.81,47.75,47.77,1968573
2015-08-03 14:45:00,47.76,47.83,47.7,47.76,2082410
2015-08-03 15:00:00,47.76,47.77,47.64,47.665,2195692
2015-08-03 15:15:00,47.68,47.71,47.65,47.68,2399640
2015-08-03 15:30:00,47.67,47.7,47.64,47.68,2556147
2015-08-03 15:45:00,47.69,47.93,47.6825,47.915,2771178
2015-08-03 16:00:00,47.91,47.96,47.84,47.95,3097814
2015-08-04 09:45:00,48.08,48.11,47.87,47.99,55718
2015-08-04 10:00:00,47.99,48.0,47.93,47.96,108373
2015-08-04 10:15:00,47.96,47.99,47.925,47.9875,182043
2015-08-04 10:30:00,47.985,47.99,47.9,47.96,240817
2015-08-04 10:45:00,47.96,48.0,47.9,47.905,281991
2015-08-04 11:00:00,47.91,47.925,47.73,47.76,378467
2015-08-04 11:15:00,47.76,47.8599,47.76,47.85,434686
2015-08-04 11:30:00,47.8475,47.8475,47.78,47.82,484344
2015-08-04 11:45:00,47.82,47.84,47.775,47.81,513922
2015-08-04 12:00:00,47.815,47.845,47.78,47.84,541167
2015-08-04 12:15:00,47.84,47.91,47.83,47.865,578943
2015-08-04 12:30:00,47.865,47.88,47.845,47.855,611440
2015-08-04 12:45:00,47.85,47.88,47.795,47.795,651359
2015-08-04 13:00:00,47.795,47.84,47.79,47.825,678313
2015-08-04 13:15:00,47.82,47.83,47.77,47.81,707578
2015-08-04 13:30:00,47.815,47.94,47.815,47.935,746582
2015-08-04 13:45:00,47.94,48.0,47.92,47.92,809234
2015-08-04 14:00:00,47.925,47.955,47.8,47.86,878593
2015-08-04 14:15:00,47.85,47.89,47.805,47.84,938668
2015-08-04 14:30:00,47.84,47.91,47.83,47.91,993954
2015-08-04 14:45:00,47.91,47.985,47.885,47.9701,1082436
2015-08-04 15:00:00,47.98,48.01,47.96,48.0,1214734
2015-08-04 15:15:00,48.005,48.01,47.9,47.945,1292787
2015-08-04 15:30:00,47.945,47.985,47.91,47.96,1369709
2015-08-04 15:45:00,47.96,47.99,47.885,47.905,1508161
2015-08-04 16:00:00,47.905,47.955,47.87,47.945,1715983
2015-08-05 09:45:00,47.99,48.01,47.82,48.01,150758
2015-08-05 10:00:00,48.01,48.03,47.93,47.94,209541
2015-08-05 10:15:00,47.96,48.0,47.9,47.9,390288
2015-08-05 10:30:00,47.91,47.96,47.87,47.88,454108
2015-08-05 10:45:00,47.88,47.91,47.83,47.845,505315
2015-08-05 11:00:00,47.855,47.91,47.84,47.859,558645
2015-08-05 11:15:00,47.86,47.9,47.795,47.805,601539
2015-08-05 11:30:00,47.805,47.9,47.77,47.899,644471
2015-08-05 11:45:00,47.9,47.9025,47.81,47.82,668119
2015-08-05 12:00:00,47.82,47.825,47.64,47.65,710086
2015-08-05 12:15:00,47.66,47.66,47.58,47.62,805862
2015-08-05 12:30:00,47.625,47.66,47.59,47.655,839705
2015-08-05 12:45:00,47.655,47.74,47.65,47.73,889936
2015-08-05 13:00:00,47.73,47.9,47.73,47.9,922841
2015-08-05 13:15:00,47.9,47.9,47.61,47.77,1064237
2015-08-05 13:30:00,47.775,47.78,47.67,47.71,1142458
2015-08-05 13:45:00,47.72,47.79,47.69,47.79,1190572
2015-08-05 14:00:00,47.8,47.805,47.69,47.71,1235512
2015-08-05 14:15:00,47.72,47.805,47.71,47.78,1271576
2015-08-05 14:30:00,47.7752,47.93,47.77,47.925,1302697
2015-08-05 14:45:00,47.925,47.93,47.785,47.815,1354139
2015-08-05 15:00:00,47.82,47.86,47.8,47.84,1438295
2015-08-05 15:15:00,47.85,47.95,47.85,47.945,1509895
2015-08-05 15:30:00,47.95,48.11,47.95,48.11,1832399
2015-08-05 15:45:00,48.1,48.135,48.04,48.095,2064560
2015-08-05 16:00:00,48.09,48.11,47.98,48.045,2536178
2015-08-06 09:45:00,47.85,47.94,47.4301,47.45,136013
2015-08-06 10:00:00,47.44,47.445,47.145,47.21,321721
2015-08-06 10:15:00,47.23,47.23,46.94,46.97,509108
2015-08-06 10:30:00,46.97,47.03,46.84,47.02,651542
2015-08-06 10:45:00,47.02,47.35,47.02,47.32,747501
2015-08-06 11:00:00,47.32,47.32,47.1,47.21,878081
2015-08-06 11:15:00,47.2,47.2,46.955,46.96,976961
2015-08-06 11:30:00,46.95,46.96,46.66,46.74,1286513
2015-08-06 11:45:00,46.76,46.76,46.64,46.655,1367044
2015-08-06 12:00:00,46.65,46.65,46.42,46.435,1461149
2015-08-06 12:15:00,46.43,46.45,46.3,46.32,1656260
2015-08-06 12:30:00,46.33,46.33,46.175,46.199,1800537
2015-08-06 12:45:00,46.2,46.215,46.1,46.205,1937707
2015-08-06 13:00:00,46.2,46.5,46.17,46.45,2217398
2015-08-06 13:15:00,46.45,46.46,46.36,46.37,2276266
2015-08-06 13:30:00,46.3775,46.5,46.29,46.5,2452524
2015-08-06 13:45:00,46.5,46.64,46.49,46.61,2732813
2015-08-06 14:00:00,46.6,46.71,46.585,46.685,2925526
2015-08-06 14:15:00,46.6875,46.72,46.625,46.63,3069180
2015-08-06 14:30:00,46.63,46.6375,46.57,46.62,3190732
2015-08-06 14:45:00,46.62,46.63,46.5,46.5,3345301
2015-08-06 15:00:00,46.5,46.55,46.48,46.5275,3495542
2015-08-06 15:15:00,46.53,46.64,46.52,46.575,3771816
2015-08-06 15:30:00,46.575,46.575,46.48,46.48,3880407
2015-08-06 15:45:00,46.48,46.6,46.45,46.57,4037053
2015-08-06 16:00:00,46.565,46.6,46.53,46.57,4522479
2015-08-07 09:45:00,46.34,46.7,46.29,46.31,238088
2015-08-07 10:00:00,46.31,46.49,46.245,46.48,355833
2015-08-07 10:15:00,46.475,46.5,46.38,46.44,488114
2015-08-07 10:30:00,46.43,46.43,46.36,46.39,583115
2015-08-07 10:45:00,46.38,46.48,46.37,46.43,686637
2015-08-07 11:00:00,46.43,46.48,46.37,46.4525,850473
2015-08-07 11:15:00,46.45,46.5,46.44,46.45,984866
2015-08-07 11:30:00,46.45,46.48,46.27,46.335,1112425
2015-08-07 11:45:00,46.3375,46.4,46.28,46.38,1157016
2015-08-07 12:00:00,46.37,46.415,46.34,46.37,1233584
2015-08-07 12:15:00,46.37,46.46,46.37,46.44,1375078
2015-08-07 12:30:00,46.43,46.44,46.33,46.375,1429902
2015-08-07 12:45:00,46.3698,46.37,46.3,46.36,1500762
2015-08-07 13:00:00,46.35,46.36,46.28,46.3,1575376
2015-08-07 13:15:00,46.31,46.31,46.19,46.2,1654297
2015-08-07 13:30:00,46.2,46.26,46.2,46.25,1723287
2015-08-07 13:45:00,46.25,46.36,46.25,46.29,1822508
2015-08-07 14:00:00,46.29,46.31,46.29,46.3,1873925
2015-08-07 14:15:00,46.3,46.4,46.29,46.38,1916425
2015-08-07 14:30:00,46.38,46.39,46.25,46.26,1981470
2015-08-07 14:45:00,46.27,46.35,46.265,46.2807,2095545
2015-08-07 15:00:00,46.28,46.299,46.22,46.29,2173980
2015-08-07 15:15:00,46.28,46.33,46.22,46.235,2270637
2015-08-07 15:30:00,46.24,46.42,46.23,46.4,2398506
2015-08-07 15:45:00,46.4,46.48,46.375,46.43,2758238
2015-08-07 16:00:00,46.42,46.5,46.41,46.47,2953404
2015-08-10 09:45:00,47.14,47.86,47.14,47.66,446790
2015-08-10 10:00:00,47.66,47.77,47.61,47.67,632649
2015-08-10 10:15:00,47.68,47.7592,47.67,47.7,697975
2015-08-10 10:30:00,47.71,47.71,47.47,47.54,957326
2015-08-10 10:45:00,47.54,47.75,47.53,47.75,1093189
2015-08-10 11:00:00,47.76,47.88,47.76,47.83,1242308
2015-08-10 11:15:00,47.83,48.025,47.83,47.88,1382365
2015-08-10 11:30:00,47.88,48.0,47.85,47.91,1462681
2015-08-10 11:45:00,47.92,47.94,47.71,47.74,1677362
2015-08-10 12:00:00,47.75,47.8,47.65,47.73,1876176
2015-08-10 12:15:00,47.73,47.75,47.66,47.75,1965493
2015-08-10 12:30:00,47.76,47.84,47.76,47.82,1993275
2015-08-10 12:45:00,47.83,48.03,47.81,47.96,2068873
2015-08-10 13:00:00,47.955,48.065,47.95,48.06,2153698
2015-08-10 13:15:00,48.06,48.19,48.05,48.19,2214111
2015-08-10 13:30:00,48.195,48.25,48.1,48.12,2283966
2015-08-10 13:45:00,48.12,48.23,48.09,48.17,2354663
2015-08-10 14:00:00,48.165,48.24,48.155,48.24,2398226
2015-08-10 14:15:00,48.24,48.25,48.105,48.125,2452106
2015-08-10 14:30:00,48.13,48.16,48.06,48.08,2506113
2015-08-10 14:45:00,48.08,48.09,48.03,48.04,2579829
2015-08-10 15:00:00,48.04,48.04,48.0,48.005,2648794
2015-08-10 15:15:00,48.01,48.08,47.99,48.08,2737439
2015-08-10 15:30:00,48.07,48.11,48.03,48.11,2829516
2015-08-10 15:45:00,48.1075,48.11,47.995,48.005,3061420
2015-08-10 16:00:00,48.01,48.04,47.9,47.98,3365589
2015-08-11 09:45:00,47.54,47.64,47.41,47.58,43842
2015-08-11 10:00:00,47.59,47.71,47.55,47.68,84643
2015-08-11 10:15:00,47.68,47.81,47.62,47.81,140638
2015-08-11 10:30:00,47.81,47.88,47.75,47.75,183627
2015-08-11 10:45:00,47.73,47.77,47.64,47.74,248569
2015-08-11 11:00:00,47.74,47.78,47.65,47.65,279972
2015-08-11 11:15:00,47.65,47.7,47.59,47.67,318890
2015-08-11 11:30:00,47.67,47.675,47.59,47.61,367177
2015-08-11 11:45:00,47.62,47.755,47.62,47.73,422281
2015-08-11 12:00:00,47.74,47.755,47.58,47.62,461486
2015-08-11 12:15:00,47.62,47.74,47.62,47.68,511872
2015-08-11 12:30:00,47.68,47.7525,47.66,47.74,543697
2015-08-11 12:45:00,47.74,47.85,47.73,47.845,602864
2015-08-11 13:00:00,47.85,47.85,47.71,47.75,629082
2015-08-11 13:15:00,47.745,47.77,47.65,47.695,673708
2015-08-11 13:30:00,47.69,47.82,47.67,47.81,733137
2015-08-11 13:45:00,47.82,47.89,47.79,47.825,773194
2015-08-11 14:00:00,47.83,47.85,47.79,47.81,832878
2015-08-11 14:15:00,47.8,47.86,47.76,47.79,886139
2015-08-11 14:30:00,47.79,47.89,47.76,47.86,940616
2015-08-11 14:45:00,47.86,47.87,47.8,47.82,969572
2015-08-11 15:00:00,47.82,47.84,47.755,47.81,1016682
2015-08-11 15:15:00,47.81,47.88,47.795,47.88,1081752
2015-08-11 15:30:00,47.88,47.885,47.8,47.86,1130244
2015-08-11 15:45:00,47.87,47.9,47.81,47.9,1221689
2015-08-11 16:00:00,47.89,47.91,47.79,47.89,1390106
2015-08-12 09:45:00,47.32,47.71,47.26,47.54,71462
2015-08-12 10:00:00,47.5,47.5,47.35,47.425,133571
2015-08-12 10:15:00,47.425,47.5,47.295,47.295,212831
2015-08-12 10:30:00,47.295,47.35,47.11,47.22,278104
2015-08-12 10:45:00,47.22,47.29,47.19,47.21,371580
2015-08-12 11:00:00,47.21,47.26,47.15,47.25,423211
2015-08-12 11:15:00,47.26,47.37,47.26,47.28,470832
2015-08-12 11:30:00,47.29,47.35,47.27,47.33,623689
2015-08-12 11:45:00,47.34,47.34,47.15,47.1503,653573
2015-08-12 12:00:00,47.16,47.2,47.1003,47.13,684392
2015-08-12 12:15:00,47.13,47.17,47.07,47.17,713992
2015-08-12 12:30:00,47.16,47.22,47.16,47.21,739080
2015-08-12 12:45:00,47.21,47.33,47.17,47.32,798530
2015-08-12 13:00:00,47.32,47.33,47.24,47.24,814054
2015-08-12 13:15:00,47.25,47.39,47.25,47.35,841101
2015-08-12 13:30:00,47.36,47.49,47.36,47.435,870359
2015-08-12 13:45:00,47.44,47.56,47.34,47.56,953204
2015-08-12 14:00:00,47.55,47.72,47.55,47.64,979712
2015-08-12 14:15:00,47.64,47.65,47.57,47.61,1042730
2015-08-12 14:30:00,47.615,47.66,47.58,47.595,1099001
2015-08-12 14:45:00,47.6,47.69,47.585,47.69,1166738
2015-08-12 15:00:00,47.69,47.74,47.67,47.67,1203785
2015-08-12 15:15:00,47.68,47.69,47.615,47.67,1279719
2015-08-12 15:30:00,47.67,47.87,47.65,47.84,1404464
2015-08-12 15:45:00,47.835,47.845,47.71,47.8,1536602
2015-08-12 16:00:00,47.805,47.85,47.78,47.83,1742938
2015-08-13 09:45:00,47.45,47.78,47.3,47.71,28616
2015-08-13 10:00:00,47.7,47.86,47.7,47.86,65271
2015-08-13 10:15:00,47.835,47.845,47.756,47.81,111549
2015-08-13 10:30:00,47.8,47.92,47.7725,47.91,171059
2015-08-13 10:45:00,47.9,47.97,47.8784,47.93,216760
2015-08-13 11:00:00,47.945,47.945,47.84,47.9,290846
2015-08-13 11:15:00,47.9099,47.94,47.89,47.91,362369
2015-08-13 11:30:00,47.92,48.04,47.895,47.94,561072
2015-08-13 11:45:00,47.94,48.07,47.94,48.06,597572
2015-08-13 12:00:00,48.06,48.12,48.04,48.07,621455
2015-08-13 12:15:00,48.07,48.15,48.07,48.12,650797
2015-08-13 12:30:00,48.13,48.14,48.08,48.12,686176
2015-08-13 12:45:00,48.12,48.13,48.05,48.08,716965
2015-08-13 13:00:00,48.09,48.1,48.06,48.07,734578
2015-08-13 13:15:00,48.0601,48.16,48.0601,48.15,754020
2015-08-13 13:30:00,48.14,48.22,48.14,48.21,782923
2015-08-13 13:45:00,48.2138,48.26,48.19,48.22,812923
2015-08-13 14:00:00,48.22,48.24,48.17,48.23,844330
2015-08-13 14:15:00,48.23,48.24,48.19,48.22,896127
2015-08-13 14:30:00,48.22,48.28,48.2,48.28,938217
2015-08-13 14:45:00,48.28,48.29,48.24,48.245,970126
2015-08-13 15:00:00,48.245,48.31,48.24,48.27,1007526
2015-08-13 15:15:00,48.27,48.33,48.21,48.25,1448484
2015-08-13 15:30:00,48.25,48.28,48.21,48.22,1521742
2015-08-13 15:45:00,48.22,48.22,48.15,48.17,1683589
2015-08-13 16:00:00,48.17,48.19,48.12,48.13,1846717
2015-08-14 09:45:00,48.12,48.204,48.025,48.17,38636
2015-08-14 10:00:00,48.16,48.45,48.15,48.44,82737
2015-08-14 10:15:00,48.41,48.4101,48.225,48.24,120021
2015-08-14 10:30:00,48.24,48.39,48.225,48.36,145814
2015-08-14 10:45:00,48.37,48.46,48.37,48.38,184942
2015-08-14 11:00:00,48.36,48.39,48.28,48.34,218025
2015-08-14 11:15:00,48.32,48.35,48.2,48.2,253936
2015-08-14 11:30:00,48.2,48.3,48.17,48.295,287244
2015-08-14 11:45:00,48.29,48.415,48.265,48.4,310198
2015-08-14 12:00:00,48.4,48.4,48.31,48.31,327481
2015-08-14 12:15:00,48.31,48.36,48.2951,48.34,347842
2015-08-14 12:30:00,48.35,48.35,48.31,48.32,360285
2015-08-14 12:45:00,48.33,48.37,48.325,48.37,372263
2015-08-14 13:00:00,48.37,48.39,48.305,48.39,397648
2015-08-14 13:15:00,48.38,48.47,48.37,48.47,432765
2015-08-14 13:30:00,48.48,48.62,48.47,48.52,481718
2015-08-14 13:45:00,48.52,48.52,48.49,48.51,498704
2015-08-14 14:00:00,48.505,48.505,48.405,48.45,515469
2015-08-14 14:15:00,48.45,48.5,48.45,48.465,542937
2015-08-14 14:30:00,48.47,48.47,48.41,48.41,560822
2015-08-14 14:45:00,48.4,48.48,48.38,48.46,587323
2015-08-14 15:00:00,48.46,48.48,48.45,48.4609,611451
2015-08-14 15:15:00,48.47,48.55,48.46,48.53,645433
2015-08-14 15:30:00,48.525,48.54,48.52,48.53,692183
2015-08-14 15:45:00,48.53,48.58,48.51,48.56,755083
2015-08-14 16:00:00,48.55,48.59,48.49,48.51,893961
2015-08-17 09:45:00,48.34,48.42,48.17,48.17,24370
2015-08-17 10:00:00,48.15,48.22,48.08,48.1801,48284
2015-08-17 10:15:00,48.18,48.2,48.11,48.19,79496
2015-08-17 10:30:00,48.1901,48.31,48.16,48.26,104332
2015-08-17 10:45:00,48.26,48.28,48.17,48.18,133992
2015-08-17 11:00:00,48.2,48.33,48.2,48.32,161409
2015-08-17 11:15:00,48.3175,48.4,48.31,48.37,185808
2015-08-17 11:30:00,48.37,48.39,48.32,48.37,224498
2015-08-17 11:45:00,48.36,48.36,48.26,48.28,260704
2015-08-17 12:00:00,48.28,48.305,48.24,48.28,284403
2015-08-17 12:15:00,48.27,48.305,48.23,48.25,326931
2015-08-17 12:30:00,48.24,48.28,48.21,48.24,358864
2015-08-17 12:45:00,48.23,48.255,48.205,48.25,406052
2015-08-17 13:00:00,48.25,48.29,48.22,48.29,439898
2015-08-17 13:15:00,48.29,48.35,48.27,48.31,467972
2015-08-17 13:30:00,48.3138,48.3651,48.3138,48.36,491821
2015-08-17 13:45:00,48.37,48.4,48.34,48.375,513895
2015-08-17 14:00:00,48.37,48.39,48.33,48.33,539170
2015-08-17 14:15:00,48.33,48.35,48.28,48.28,574108
2015-08-17 14:30:00,48.275,48.29,48.22,48.22,600710
2015-08-17 14:45:00,48.22,48.315,48.22,48.28,630453
2015-08-17 15:00:00,48.29,48.3,48.245,48.2675,663172
2015-08-17 15:15:00,48.265,48.31,48.25,48.305,704618
2015-08-17 15:30:00,48.3,48.34,48.285,48.34,739956
2015-08-17 15:45:00,48.3401,48.36,48.29,48.305,793458
2015-08-17 16:00:00,48.3,48.36,48.27,48.36,906532
2015-08-18 09:45:00,48.35,48.38,48.08,48.08,32677
2015-08-18 10:00:00,48.09,48.16,48.075,48.13,58493
2015-08-18 10:15:00,48.14,48.17,48.03,48.17,91442
2015-08-18 10:30:00,48.16,48.27,48.16,48.16,125343
2015-08-18 10:45:00,48.13,48.21,48.08,48.17,155081
2015-08-18 11:00:00,48.17,48.25,48.13,48.24,182146
2015-08-18 11:15:00,48.24,48.25,48.14,48.14,224514
2015-08-18 11:30:00,48.14,48.2,48.12,48.18,270179
2015-08-18 11:45:00,48.17,48.18,48.11,48.14,305484
2015-08-18 12:00:00,48.14,48.16,48.11,48.11,327908
2015-08-18 12:15:00,48.12,48.12,48.0,48.04,403863
2015-08-18 12:30:00,48.04,48.07,47.995,48.07,470913
2015-08-18 12:45:00,48.08,48.12,48.03,48.04,507862
2015-08-18 13:00:00,48.04,48.08,48.025,48.05,560475
2015-08-18 13:15:00,48.04,48.09,48.0,48.03,615564
2015-08-18 13:30:00,48.03,48.08,48.01,48.065,654009
2015-08-18 13:45:00,48.065,48.065,48.02,48.02,691033
2015-08-18 14:00:00,48.02,48.0501,48.0,48.03,710206
2015-08-18 14:15:00,48.03,48.15,48.0,48.145,735323
2015-08-18 14:30:00,48.15,48.2201,48.15,48.2201,764872
2015-08-18 14:45:00,48.222,48.24,48.19,48.21,795371
2015-08-18 15:00:00,48.21,48.25,48.195,48.23,830332
2015-08-18 15:15:00,48.22,48.2651,48.215,48.25,863405
2015-08-18 15:30:00,48.25,48.27,48.235,48.26,899909
2015-08-18 15:45:00,48.26,48.31,48.24,48.25,961882
2015-08-18 16:00:00,48.25,48.38,48.245,48.37,1182297
2015-08-19 09:45:00,48.07,48.07,47.77,47.92,93379
2015-08-19 10:00:00,47.91,48.05,47.88,48.01,143035
2015-08-19 10:15:00,47.99,48.28,47.99,48.25,201097
2015-08-19 10:30:00,48.2501,48.27,48.16,48.22,221910
2015-08-19 10:45:00,48.22,48.22,48.02,48.04,249875
2015-08-19 11:00:00,48.03,48.12,47.99,48.07,296261
2015-08-19 11:15:00,48.08,48.16,48.08,48.127,319615
2015-08-19 11:30:00,48.13,48.13,48.03,48.03,374464
2015-08-19 11:45:00,48.0,48.03,47.97,47.975,403277
2015-08-19 12:00:00,47.972,48.03,47.95,48.025,439855
2015-08-19 12:15:00,48.02,48.075,47.9936,48.04,471637
2015-08-19 12:30:00,48.04,48.08,48.01,48.06,493906
2015-08-19 12:45:00,48.06,48.16,48.06,48.15,528232
2015-08-19 13:00:00,48.14,48.14,48.05,48.11,562097
2015-08-19 13:15:00,48.11,48.19,48.105,48.17,601104
2015-08-19 13:30:00,48.18,48.25,48.14,48.15,626064
2015-08-19 13:45:00,48.135,48.26,48.135,48.25,670595
2015-08-19 14:00:00,48.23,48.318,48.22,48.24,727795
2015-08-19 14:15:00,48.23,48.54,48.23,48.48,786569
2015-08-19 14:30:00,48.47,48.47,48.325,48.34,821986
2015-08-19 14:45:00,48.35,48.41,48.32,48.35,872135
2015-08-19 15:00:00,48.35,48.35,48.12,48.14,898233
2015-08-19 15:15:00,48.14,48.21,48.1,48.19,928715
2015-08-19 15:30:00,48.19,48.26,48.14,48.2151,968593
2015-08-19 15:45:00,48.22,48.32,48.21,48.31,1064014
2015-08-19 16:00:00,48.31,48.37,48.22,48.23,1228117
2015-08-20 09:45:00,47.75,47.96,47.7,47.9,82339
2015-08-20 10:00:00,47.92,48.05,47.79,47.98,174106
2015-08-20 10:15:00,47.98,47.98,47.68,47.7,478090
2015-08-20 10:30:00,47.7,47.7,47.34,47.34,683587
2015-08-20 10:45:00,47.36,47.57,47.295,47.5,791568
2015-08-20 11:00:00,47.48,47.52,47.4,47.45,881082
2015-08-20 11:15:00,47.44,47.44,47.35,47.38,961071
2015-08-20 11:30:00,47.38,47.56,47.375,47.5,1189790
2015-08-20 11:45:00,47.52,47.59,47.49,47.59,1229743
2015-08-20 12:00:00,47.6,47.65,47.56,47.64,1256663
2015-08-20 12:15:00,47.64,47.649,47.5435,47.58,1273360
2015-08-20 12:30:00,47.57,47.57,47.37,47.465,1302333
2015-08-20 12:45:00,47.46,47.52,47.44,47.47,1331958
2015-08-20 13:00:00,47.46,47.51,47.38,47.47,1384949
2015-08-20 13:15:00,47.47,47.47,47.41,47.45,1412552
2015-08-20 13:30:00,47.45,47.61,47.45,47.59,1439380
2015-08-20 13:45:00,47.58,47.62,47.49,47.54,1462875
2015-08-20 14:00:00,47.54,47.665,47.53,47.63,1502410
2015-08-20 14:15:00,47.63,47.63,47.52,47.52,1565556
2015-08-20 14:30:00,47.51,47.575,47.49,47.5,1627725
2015-08-20 14:45:00,47.52,47.52,47.45,47.47,1696480
2015-08-20 15:00:00,47.47,47.52,47.42,47.45,1755050
2015-08-20 15:15:00,47.445,47.52,47.4,47.5,1834418
2015-08-20 15:30:00,47.5,47.56,47.45,47.56,1917814
2015-08-20 15:45:00,47.56,47.69,47.56,47.67,2161216
2015-08-20 16:00:00,47.67,47.67,47.45,47.45,2536761
2015-08-21 09:45:00,46.9,47.15,46.88,46.97,296413
2015-08-21 10:00:00,46.96,47.11,46.9301,47.08,389492
2015-08-21 10:15:00,47.08,47.22,47.0,47.03,492100
2015-08-21 10:30:00,47.04,47.13,46.95,46.97,573815
2015-08-21 10:45:00,46.99,46.99,46.67,46.7,711473
2015-08-21 11:00:00,46.71,46.74,46.49,46.58,845847
2015-08-21 11:15:00,46.58,46.585,46.32,46.38,916317
2015-08-21 11:30:00,46.4,46.46,46.31,46.34,966865
2015-08-21 11:45:00,46.33,46.39,46.23,46.37,1042637
2015-08-21 12:00:00,46.38,46.41,46.28,46.375,1087554
2015-08-21 12:15:00,46.37,46.56,46.37,46.46,1168393
2015-08-21 12:30:00,46.47,46.51,46.39,46.41,1211293
2015-08-21 12:45:00,46.42,46.51,46.35,46.38,1256183
2015-08-21 13:00:00,46.38,46.4,46.24,46.24,1328862
2015-08-21 13:15:00,46.23,46.32,46.23,46.32,1390985
2015-08-21 13:30:00,46.31,46.57,46.28,46.57,1515879
2015-08-21 13:45:00,46.56,46.62,46.45,46.57,1630983
2015-08-21 14:00:00,46.565,46.59,46.45,46.59,1680325
2015-08-21 14:15:00,46.58,46.62,46.52,46.57,1750539
2015-08-21 14:30:00,46.57,46.625,46.51,46.58,1824951
2015-08-21 14:45:00,46.58,46.62,46.41,46.41,1926314
2015-08-21 15:00:00,46.41,46.42,46.22,46.24,1999448
2015-08-21 15:15:00,46.24,46.31,46.0806,46.0806,2116519
2015-08-21 15:30:00,46.09,46.18,45.99,46.11,2255624
2015-08-21 15:45:00,46.1,46.15,45.94,46.12,2433386
2015-08-21 16:00:00,46.12,46.16,45.8801,45.93,2841182
2015-08-24 09:45:00,43.56,44.65,43.29,44.44,142509
2015-08-24 10:00:00,44.45,44.48,43.58,43.94,250413
2015-08-24 10:15:00,43.89,44.61,43.85,44.45,356232
2015-08-24 10:30:00,44.49,45.02,44.47,44.73,471963
2015-08-24 10:45:00,44.72,44.72,44.16,44.41,656484
2015-08-24 11:00:00,44.41,44.68,44.39,44.68,834471
2015-08-24 11:15:00,44.68,44.73,44.38,44.46,961245
2015-08-24 11:30:00,44.48,44.5,44.26,44.28,1060742
2015-08-24 11:45:00,44.2813,44.66,44.2813,44.64,1174500
2015-08-24 12:00:00,44.64,45.25,44.62,45.15,1264310
2015-08-24 12:15:00,45.14,45.14,44.75,44.92,1350075
2015-08-24 12:30:00,44.91,45.17,44.88,45.02,1434063
2015-08-24 12:45:00,45.03,45.05,44.9,45.04,1610020
2015-08-24 13:00:00,45.03,45.12,44.8,45.03,1679647
2015-08-24 13:15:00,45.04,45.12,44.98,45.06,1747619
2015-08-24 13:30:00,45.06,45.06,44.71,44.79,1801946
2015-08-24 13:45:00,44.78,44.78,44.57,44.64,1900219
2015-08-24 14:00:00,44.64,44.82,44.44,44.44,1983143
2015-08-24 14:15:00,44.44,44.47,44.18,44.19,2057543
2015-08-24 14:30:00,44.19,44.49,44.11,44.37,2150965
2015-08-24 14:45:00,44.37,44.53,44.26,44.26,2239013
2015-08-24 15:00:00,44.26,44.26,43.61,43.68,2359596
2015-08-24 15:15:00,43.69,44.0,43.46,43.9,2585772
2015-08-24 15:30:00,43.89,43.92,43.61,43.71,2776494
2015-08-24 15:45:00,43.71,44.26,43.59,44.26,3134240
2015-08-24 16:00:00,44.29,44.44,43.64,43.65,3627946
2015-08-25 09:45:00,44.91,44.91,44.06,44.11,203503
2015-08-25 10:00:00,44.08,44.32,44.04,44.19,408003
2015-08-25 10:15:00,44.22,44.57,44.15,44.27,550283
2015-08-25 10:30:00,44.28,44.4,44.04,44.075,696864
2015-08-25 10:45:00,44.08,44.18,43.97,44.15,814603
2015-08-25 11:00:00,44.15,44.17,44.05,44.09,923150
2015-08-25 11:15:00,44.095,44.36,44.095,44.28,1137971
2015-08-25 11:30:00,44.28,44.4,44.22,44.22,1309204
2015-08-25 11:45:00,44.22,44.25,44.13,44.16,1393106
2015-08-25 12:00:00,44.15,44.2575,44.12,44.15,1481932
2015-08-25 12:15:00,44.16,44.19,44.06,44.13,1567757
2015-08-25 12:30:00,44.14,44.17,44.01,44.04,1648647
2015-08-25 12:45:00,44.03,44.07,43.91,44.0075,1749576
2015-08-25 13:00:00,44.0,44.01,43.92,43.96,1896096
2015-08-25 13:15:00,43.96,44.09,43.91,43.985,2036361
2015-08-25 13:30:00,43.985,44.01,43.7,43.72,2202820
2015-08-25 13:45:00,43.71,43.82,43.6,43.61,2301726
2015-08-25 14:00:00,43.62,43.81,43.611,43.68,2395277
2015-08-25 14:15:00,43.67,43.72,43.57,43.62,2479977
2015-08-25 14:30:00,43.625,43.8,43.61,43.65,2579970
2015-08-25 14:45:00,43.65,43.74,43.57,43.7,2722047
2015-08-25 15:00:00,43.69,43.91,43.68,43.82,2867234
2015-08-25 15:15:00,43.81,43.86,43.67,43.73,3040211
2015-08-25 15:30:00,43.73,43.73,43.43,43.48,3290163
2015-08-25 15:45:00,43.475,43.515,42.93,43.05,3705255
2015-08-25 16:00:00,43.0475,43.23,42.76,42.83,4551372
2015-08-26 09:45:00,44.13,44.17,43.44,43.515,273442
2015-08-26 10:00:00,43.52,43.63,43.33,43.38,351967
2015-08-26 10:15:00,43.37,43.52,43.26,43.39,426454
2015-08-26 10:30:00,43.39,43.39,42.96,43.23,521875
2015-08-26 10:45:00,43.24,43.43,43.16,43.32,625828
2015-08-26 11:00:00,43.3,43.39,43.18,43.24,683652
2015-08-26 11:15:00,43.225,43.33,43.11,43.19,780473
2015-08-26 11:30:00,43.195,43.29,43.09,43.09,832258
2015-08-26 11:45:00,43.09,43.15,42.885,43.09,941560
2015-08-26 12:00:00,43.1,43.15,42.98,43.08,1062905
2015-08-26 12:15:00,43.07,43.08,42.92,42.97,1107985
2015-08-26 12:30:00,42.97,43.1,42.85,42.87,1165485
2015-08-26 12:45:00,42.87,42.915,42.8,42.83,1257995
2015-08-26 13:00:00,42.84,43.11,42.82,43.11,1308171
2015-08-26 13:15:00,43.11,43.21,42.97,42.99,1379095
2015-08-26 13:30:00,43.0,43.22,42.95,43.2,1475521
2015-08-26 13:45:00,43.19,43.36,43.1,43.26,1545507
2015-08-26 14:00:00,43.27,43.38,43.17,43.37,1604116
2015-08-26 14:15:00,43.39,43.43,43.32,43.32,1738164
2015-08-26 14:30:00,43.3,43.4,43.2,43.38,1828218
2015-08-26 14:45:00,43.38,43.6095,43.34,43.59,1972584
2015-08-26 15:00:00,43.6,43.69,43.51,43.61,2041724
2015-08-26 15:15:00,43.62,44.05,43.55,44.01,2234479
2015-08-26 15:30:00,44.01,44.17,43.93,44.01,2364110
2015-08-26 15:45:00,44.01,44.25,43.92,44.22,2565398
2015-08-26 16:00:00,44.21,44.28,44.06,44.22,2827005
2015-08-27 09:45:00,44.66,45.09,44.57,45.06,85285
2015-08-27 10:00:00,45.09,45.13,44.91,45.09,203574
2015-08-27 10:15:00,45.12,45.52,45.04,45.48,366371
2015-08-27 10:30:00,45.49,45.559,45.35,45.51,490510
2015-08-27 10:45:00,45.5101,45.6,45.39,45.6,716157
2015-08-27 11:00:00,45.6,45.7,45.48,45.49,775012
2015-08-27 11:15:00,45.49,45.6,45.45,45.46,835505
2015-08-27 11:30:00,45.46,45.515,45.39,45.48,913628
2015-08-27 11:45:00,45.49,45.545,45.39,45.44,985326
2015-08-27 12:00:00,45.44,45.64,45.435,45.53,1058160
2015-08-27 12:15:00,45.54,45.68,45.47,45.49,1122086
2015-08-27 12:30:00,45.49,45.53,45.46,45.51,1147626
2015-08-27 12:45:00,45.5,45.53,45.42,45.42,1187688
2015-08-27 13:00:00,45.43,45.655,45.41,45.65,1243434
2015-08-27 13:15:00,45.66,45.68,45.56,45.61,1274644
2015-08-27 13:30:00,45.62,45.65,45.5,45.51,1412934
2015-08-27 13:45:00,45.5,45.52,45.38,45.42,1463474
2015-08-27 14:00:00,45.42,45.47,45.32,45.47,1564246
2015-08-27 14:15:00,45.46,45.465,45.33,45.33,1606317
2015-08-27 14:30:00,45.34,45.34,45.01,45.06,1689799
2015-08-27 14:45:00,45.0564,45.17,45.0264,45.0264,1746988
2015-08-27 15:00:00,45.04,45.09,44.64,44.65,1803706
2015-08-27 15:15:00,44.67,44.76,44.42,44.61,1871266
2015-08-27 15:30:00,44.61,44.95,44.55,44.95,1957639
2015-08-27 15:45:00,44.96,45.09,44.86,45.08,2060102
2015-08-27 16:00:00,45.09,45.36,45.09,45.36,2268844
2015-08-28 09:45:00,45.18,45.26,45.09,45.17,27775
2015-08-28 10:00:00,45.18,45.18,44.99,45.16,51362
2015-08-28 10:15:00,45.16,45.17,45.01,45.05,88218
2015-08-28 10:30:00,45.06,45.29,45.06,45.24,124257
2015-08-28 10:45:00,45.24,45.34,45.23,45.33,167197
2015-08-28 11:00:00,45.34,45.38,45.24,45.29,203175
2015-08-28 11:15:00,45.3,45.36,45.29,45.33,239255
2015-08-28 11:30:00,45.33,45.41,45.31,45.39,277827
2015-08-28 11:45:00,45.39,45.43,45.21,45.21,317348
2015-08-28 12:00:00,45.2,45.22,45.03,45.0935,335506
2015-08-28 12:15:00,45.1,45.14,45.03,45.1,350963
2015-08-28 12:30:00,45.08,45.15,45.07,45.14,372664
2015-08-28 12:45:00,45.15,45.24,45.12,45.14,402974
2015-08-28 13:00:00,45.13,45.155,45.09,45.1,427687
2015-08-28 13:15:00,45.11,45.13,45.03,45.09,448198
2015-08-28 13:30:00,45.09,45.13,44.98,44.98,468238
2015-08-28 13:45:00,44.98,45.02,44.9,44.97,495357
2015-08-28 14:00:00,44.97,45.11,44.97,45.07,525479
2015-08-28 14:15:00,45.07,45.18,45.07,45.09,546870
2015-08-28 14:30:00,45.09,45.15,45.06,45.11,575726
2015-08-28 14:45:00,45.12,45.13,45.01,45.09,602081
2015-08-28 15:00:00,45.1,45.24,45.1,45.23,635850
2015-08-28 15:15:00,45.23,45.24,45.15,45.19,680698
2015-08-28 15:30:00,45.19,45.24,45.08,45.15,714509
2015-08-28 15:45:00,45.13,45.14,44.96,45.05,798164
2015-08-28 16:00:00,45.05,45.27,45.035,45.25,1071486
2015-08-31 09:45:00,45.01,45.08,44.85,44.85,25528
2015-08-31 10:00:00,44.78,44.9,44.69,44.7,61287
2015-08-31 10:15:00,44.71,44.75,44.65,44.73,86265
2015-08-31 10:30:00,44.71,44.99,44.7,44.958,117757
2015-08-31 10:45:00,44.99,45.19,44.95,45.1,151054
2015-08-31 11:00:00,45.09,45.09,44.89,45.0,199870
2015-08-31 11:15:00,45.0,45.15,44.96,45.15,246278
2015-08-31 11:30:00,45.16,45.27,45.155,45.26,279872
2015-08-31 11:45:00,45.26,45.49,45.2,45.46,305059
2015-08-31 12:00:00,45.46,45.49,45.3,45.37,357734
2015-08-31 12:15:00,45.375,45.42,45.33,45.365,382515
2015-08-31 12:30:00,45.36,45.58,45.356,45.53,405140
2015-08-31 12:45:00,45.54,45.56,45.45,45.52,428080
2015-08-31 13:00:00,45.52,45.5325,45.47,45.47,455336
2015-08-31 13:15:00,45.47,45.48,45.33,45.34,515198
2015-08-31 13:30:00,45.34,45.36,45.27,45.34,540289
2015-08-31 13:45:00,45.33,45.38,45.29,45.38,570301
2015-08-31 14:00:00,45.39,45.54,45.38,45.4399,679989
2015-08-31 14:15:00,45.44,45.485,45.25,45.25,707106
2015-08-31 14:30:00,45.25,45.3599,45.22,45.34,746783
2015-08-31 14:45:00,45.35,45.49,45.32,45.38,804671
2015-08-31 15:00:00,45.375,45.375,45.22,45.22,859583
2015-08-31 15:15:00,45.22,45.29,45.16,45.26,970691
2015-08-31 15:30:00,45.25,45.25,45.11,45.16,1035473
2015-08-31 15:45:00,45.16,45.355,45.16,45.34,1108246
2015-08-31 16:00:00,45.34,45.42,45.22,45.23,1270061
2015-09-01 09:45:00,44.2,44.79,44.2,44.75,240036
2015-09-01 10:00:00,44.78,45.06,44.41,44.46,35755
2015-09-01 10:15:00,44.45,44.48,44.234,44.42,176218
2015-09-01 10:30:00,44.43,44.61,44.31,44.61,284023
2015-09-01 10:45:00,44.58,44.6,44.33,44.34,396590
2015-09-01 11:00:00,44.35,44.39,44.25,44.37,490105
2015-09-01 11:15:00,44.38,44.5,44.27,44.5,548474
2015-09-01 11:30:00,44.47,44.495,44.39,44.4,608650
2015-09-01 11:45:00,44.4,44.5,44.33,44.48,750423
2015-09-01 12:00:00,44.475,44.57,44.43,44.47,801253
2015-09-01 12:15:00,44.48,44.54,44.4,44.48,911847
2015-09-01 12:30:00,44.49,44.53,44.38,44.41,960077
2015-09-01 12:45:00,44.4,44.45,44.26,44.31,1016319
2015-09-01 13:00:00,44.3,44.305,44.09,44.1,1148377
2015-09-01 13:15:00,44.09,44.29,43.99,43.99,1259965
2015-09-01 13:30:00,43.99,44.11,43.93,44.1,1393465
2015-09-01 13:45:00,44.11,44.17,43.88,43.97,1546593
2015-09-01 14:00:00,43.96,43.99,43.86,43.89,1775219
2015-09-01 14:15:00,43.89,43.9,43.71,43.785,1836043
2015-09-01 14:30:00,43.78,43.85,43.67,43.7714,1904245
2015-09-01 14:45:00,43.77,44.015,43.76,43.82,1994928
2015-09-01 15:00:00,43.81,43.9,43.63,43.64,2085516
2015-09-01 15:15:00,43.65,43.66,43.49,43.57,2184009
2015-09-01 15:30:00,43.57,43.78,43.54,43.63,2456685
2015-09-01 15:45:00,43.625,43.71,43.3,43.4,2732841
2015-09-01 16:00:00,43.4,43.715,43.36,43.58,3064344
2015-09-02 09:45:00,44.33,44.72,44.2,44.7,119622
2015-09-02 10:00:00,44.7,44.825,44.45,44.58,256651
2015-09-02 10:15:00,44.56,44.8,44.44,44.79,355593
2015-09-02 10:30:00,44.81,44.86,44.56,44.57,512985
2015-09-02 10:45:00,44.56,44.68,44.4,44.67,700271
2015-09-02 11:00:00,44.65,44.72,44.5,44.65,762625
2015-09-02 11:15:00,44.67,44.77,44.55,44.56,831207
2015-09-02 11:30:00,44.57,44.87,44.52,44.84,924927
2015-09-02 11:45:00,44.855,44.93,44.75,44.85,1015913
2015-09-02 12:00:00,44.845,44.9,44.6,44.6001,1241130
2015-09-02 12:15:00,44.61,44.65,44.55,44.65,1498758
2015-09-02 12:30:00,44.65,44.72,44.56,44.6801,1566946
2015-09-02 12:45:00,44.68,44.97,44.62,44.95,1619999
2015-09-02 13:00:00,44.96,45.0601,44.87,45.05,1675376
2015-09-02 13:15:00,45.05,45.08,44.945,44.99,1757553
2015-09-02 13:30:00,44.97,45.02,44.88,45.0,1876640
2015-09-02 13:45:00,44.98,44.98,44.77,44.8,1930717
2015-09-02 14:00:00,44.8,44.9,44.695,44.88,2036586
2015-09-02 14:15:00,44.89,45.1,44.89,45.05,2088157
2015-09-02 14:30:00,45.05,45.15,44.98,45.04,2189485
2015-09-02 14:45:00,45.05,45.08,44.825,44.855,2273623
2015-09-02 15:00:00,44.85,44.98,44.84,44.95,2337183
2015-09-02 15:15:00,44.95,45.06,44.935,44.97,2442513
2015-09-02 15:30:00,44.97,45.21,44.85,45.18,2592827
2015-09-02 15:45:00,45.185,45.32,45.14,45.215,2740106
2015-09-02 16:00:00,45.215,45.38,45.1,45.38,3247223
2015-09-03 09:45:00,45.47,46.09,45.47,46.05,97511
2015-09-03 10:00:00,46.06,46.37,46.06,46.3,235672
2015-09-03 10:15:00,46.3,46.3,46.08,46.11,326167
2015-09-03 10:30:00,46.1,46.13,45.98,46.11,418047
2015-09-03 10:45:00,46.12,46.16,46.0,46.05,484483
2015-09-03 11:00:00,46.05,46.07,45.93,45.98,581366
2015-09-03 11:15:00,45.99,46.0,45.8,45.81,628889
2015-09-03 11:30:00,45.81,45.93,45.76,45.93,685365
2015-09-03 11:45:00,45.93,45.95,45.77,45.81,742416
2015-09-03 12:00:00,45.81,45.82,45.66,45.71,787586
2015-09-03 12:15:00,45.7,45.75,45.66,45.67,827193
2015-09-03 12:30:00,45.69,45.84,45.672,45.78,851065
2015-09-03 12:45:00,45.7999,45.81,45.62,45.68,910521
2015-09-03 13:00:00,45.69,45.77,45.675,45.72,940094
2015-09-03 13:15:00,45.72,45.72,45.54,45.6,1011970
2015-09-03 13:30:00,45.6,45.76,45.6,45.7301,1044249
2015-09-03 13:45:00,45.73,45.73,45.565,45.62,1076876
2015-09-03 14:00:00,45.63,45.71,45.495,45.495,1121431
2015-09-03 14:15:00,45.49,45.53,45.4,45.47,1166210
2015-09-03 14:30:00,45.47,45.56,45.47,45.55,1207325
2015-09-03 14:45:00,45.55,45.595,45.49,45.59,1263806
2015-09-03 15:00:00,45.59,45.59,45.42,45.46,1312434
2015-09-03 15:15:00,45.46,45.54,45.38,45.51,1389143
2015-09-03 15:30:00,45.51,45.51,45.34,45.4,1468818
2015-09-03 15:45:00,45.39,45.4,45.24,45.365,1591589
2015-09-03 16:00:00,45.37,45.64,45.37,45.49,1849290
2015-09-04 09:45:00,44.61,45.09,44.5,45.0,65698
2015-09-04 10:00:00,45.03,45.04,44.72,44.88,112507
2015-09-04 10:15:00,44.8705,45.01,44.825,44.93,142896
2015-09-04 10:30:00,44.95,45.07,44.87,45.07,192971
2015-09-04 10:45:00,45.065,45.14,45.02,45.05,236448
2015-09-04 11:00:00,45.06,45.08,44.95,45.07,279383
2015-09-04 11:15:00,45.08,45.19,45.04,45.14,322123
2015-09-04 11:30:00,45.1371,45.16,45.02,45.1,392343
2015-09-04 11:45:00,45.1,45.155,44.98,45.155,495281
2015-09-04 12:00:00,45.15,45.37,45.14,45.29,575162
2015-09-04 12:15:00,45.29,45.36,45.24,45.33,623996
2015-09-04 12:30:00,45.33,45.43,45.21,45.22,715708
2015-09-04 12:45:00,45.22,45.22,45.08,45.11,744313
2015-09-04 13:00:00,45.09,45.15,45.03,45.04,777656
2015-09-04 13:15:00,45.05,45.13,44.99,45.06,814976
2015-09-04 13:30:00,45.06,45.09,44.95,44.96,854744
2015-09-04 13:45:00,44.95,45.015,44.9,44.97,916523
2015-09-04 14:00:00,44.97,45.055,44.95,44.95,952945
2015-09-04 14:15:00,44.95,44.98,44.8835,44.96,998315
2015-09-04 14:30:00,44.96,44.98,44.84,44.91,1032358
2015-09-04 14:45:00,44.91,44.93,44.83,44.93,1072796
2015-09-04 15:00:00,44.92,44.99,44.88,44.93,1132830
2015-09-04 15:15:00,44.94,44.97,44.79,44.82,1207817
2015-09-04 15:30:00,44.81,44.93,44.8,44.93,1281877
2015-09-04 15:45:00,44.93,45.1,44.91,45.06,1365891
2015-09-04 16:00:00,45.05,45.21,44.94,44.94,1680549
2015-09-08 09:45:00,45.79,46.02,45.54,45.97,53682
2015-09-08 10:00:00,45.96,46.04,45.9,45.99,117178
2015-09-08 10:15:00,45.98,46.01,45.7,45.7,169181
2015-09-08 10:30:00,45.7,45.76,45.64,45.75,206565
2015-09-08 10:45:00,45.74,45.85,45.74,45.77,251467
2015-09-08 11:00:00,45.76,45.93,45.75,45.925,309717
2015-09-08 11:15:00,45.92,45.93,45.73,45.75,346045
2015-09-08 11:30:00,45.77,45.84,45.76,45.78,378940
2015-09-08 11:45:00,45.78,45.805,45.68,45.715,413499
2015-09-08 12:00:00,45.715,45.73,45.61,45.72,439429
2015-09-08 12:15:00,45.72,45.75,45.695,45.74,474009
2015-09-08 12:30:00,45.74,45.855,45.69,45.78,561793
2015-09-08 12:45:00,45.79,45.88,45.79,45.82,602553
2015-09-08 13:00:00,45.82,45.84,45.73,45.73,627960
2015-09-08 13:15:00,45.73,45.76,45.7,45.715,653547
2015-09-08 13:30:00,45.72,45.74,45.66,45.68,684533
2015-09-08 13:45:00,45.69,45.78,45.65,45.7,722113
2015-09-08 14:00:00,45.71,45.785,45.68,45.785,760393
2015-09-08 14:15:00,45.79,45.85,45.78,45.8,784999
2015-09-08 14:30:00,45.81,45.98,45.81,45.95,809616
2015-09-08 14:45:00,45.95,46.04,45.92,46.04,855969
2015-09-08 15:00:00,46.04,46.07,45.98,46.005,902258
2015-09-08 15:15:00,46.02,46.14,46.01,46.11,1000682
2015-09-08 15:30:00,46.115,46.23,46.08,46.23,1069436
2015-09-08 15:45:00,46.24,46.33,46.2,46.27,1171695
2015-09-08 16:00:00,46.28,46.395,46.18,46.22,1493078
2015-09-09 09:45:00,46.91,46.94,46.59,46.62,35119
2015-09-09 10:00:00,46.61,46.63,46.39,46.4,61621
2015-09-09 10:15:00,46.41,46.49,46.235,46.27,101763
2015-09-09 10:30:00,46.26,46.37,46.19,46.365,134326
2015-09-09 10:45:00,46.37,46.395,46.1707,46.29,158597
2015-09-09 11:00:00,46.29,46.34,46.26,46.3,189818
2015-09-09 11:15:00,46.3,46.36,46.225,46.345,213799
2015-09-09 11:30:00,46.35,46.36,46.25,46.32,240527
2015-09-09 11:45:00,46.32,46.37,46.29,46.36,331357
2015-09-09 12:00:00,46.355,46.475,46.35,46.46,363475
2015-09-09 12:15:00,46.48,46.585,46.48,46.57,397977
2015-09-09 12:30:00,46.58,46.7,46.57,46.66,449894
2015-09-09 12:45:00,46.66,46.7,46.6,46.64,481908
2015-09-09 13:00:00,46.64,46.6499,46.51,46.595,525257
2015-09-09 13:15:00,46.6,46.63,46.555,46.61,570150
2015-09-09 13:30:00,46.61,46.65,46.45,46.48,599868
2015-09-09 13:45:00,46.46,46.53,46.4401,46.47,666023
2015-09-09 14:00:00,46.44,46.48,46.375,46.4,750776
2015-09-09 14:15:00,46.41,46.548,46.405,46.548,835632
2015-09-09 14:30:00,46.53,46.57,46.44,46.46,875327
2015-09-09 14:45:00,46.46,46.48,46.38,46.44,953702
2015-09-09 15:00:00,46.44,46.54,46.43,46.5,991496
2015-09-09 15:15:00,46.51,46.6,46.45,46.575,1091955
2015-09-09 15:30:00,46.5601,46.62,46.45,46.48,1192709
2015-09-09 15:45:00,46.48,46.48,46.25,46.28,1318577
2015-09-09 16:00:00,46.25,46.28,46.15,46.24,1549151
2015-09-10 09:45:00,46.28,46.42,46.08,46.26,105671
2015-09-10 10:00:00,46.27,46.42,46.14,46.14,141349
2015-09-10 10:15:00,46.16,46.27,46.12,46.14,217595
2015-09-10 10:30:00,46.12,46.25,46.1,46.25,264208
2015-09-10 10:45:00,46.255,46.4,46.25,46.39,301670
2015-09-10 11:00:00,46.4,46.56,46.4,46.47,331477
2015-09-10 11:15:00,46.46,46.46,46.26,46.26,356605
2015-09-10 11:30:00,46.27,46.3,46.1799,46.3,397194
2015-09-10 11:45:00,46.31,46.45,46.31,46.45,418870
2015-09-10 12:00:00,46.43,46.45,46.32,46.38,438117
2015-09-10 12:15:00,46.4,46.54,46.37,46.51,459561
2015-09-10 12:30:00,46.52,46.55,46.34,46.35,483841
2015-09-10 12:45:00,46.34,46.41,46.33,46.39,512011
2015-09-10 13:00:00,46.4,46.46,46.37,46.43,539431
2015-09-10 13:15:00,46.43,46.43,46.37,46.37,559907
2015-09-10 13:30:00,46.37,46.51,46.35,46.5,594985
2015-09-10 13:45:00,46.52,46.605,46.49,46.51,638945
2015-09-10 14:00:00,46.5,46.555,46.45,46.53,660929
2015-09-10 14:15:00,46.53,46.57,46.5,46.54,685292
2015-09-10 14:30:00,46.54,46.54,46.38,46.38,737538
2015-09-10 14:45:00,46.38,46.435,46.24,46.245,801313
2015-09-10 15:00:00,46.245,46.26,46.09,46.09,894076
2015-09-10 15:15:00,46.09,46.17,46.0601,46.14,953888
2015-09-10 15:30:00,46.145,46.21,46.01,46.08,1043190
2015-09-10 15:45:00,46.07,46.085,45.93,45.98,1129782
2015-09-10 16:00:00,45.99,46.15,45.94,46.13,1309644
2015-09-11 09:45:00,45.97,46.06,45.81,45.93,18754
2015-09-11 10:00:00,45.93,45.94,45.735,45.74,36591
2015-09-11 10:15:00,45.71,45.76,45.66,45.7,156212
2015-09-11 10:30:00,45.68,45.75,45.64,45.66,178769
2015-09-11 10:45:00,45.66,45.7,45.61,45.69,202456
2015-09-11 11:00:00,45.7,45.7,45.51,45.53,228411
2015-09-11 11:15:00,45.54,45.63,45.44,45.46,275491
2015-09-11 11:30:00,45.46,45.51,45.38,45.49,327327
2015-09-11 11:45:00,45.5,45.65,45.44,45.64,354414
2015-09-11 12:00:00,45.64,45.75,45.565,45.72,374685
2015-09-11 12:15:00,45.73,45.8,45.67,45.79,395599
2015-09-11 12:30:00,45.79,45.81,45.69,45.771,413396
2015-09-11 12:45:00,45.77,45.8,45.725,45.78,432577
2015-09-11 13:00:00,45.78,45.87,45.77,45.82,454267
2015-09-11 13:15:00,45.83,45.835,45.71,45.73,518587
2015-09-11 13:30:00,45.725,45.735,45.665,45.73,587455
2015-09-11 13:45:00,45.73,45.755,45.62,45.735,626582
2015-09-11 14:00:00,45.73,45.74,45.67,45.69,655455
2015-09-11 14:15:00,45.69,45.69,45.615,45.66,676367
2015-09-11 14:30:00,45.65,45.74,45.64,45.67,703850
2015-09-11 14:45:00,45.68,45.77,45.68,45.705,734974
2015-09-11 15:00:00,45.72,45.74,45.64,45.69,770816
2015-09-11 15:15:00,45.7,45.83,45.6935,45.81,804686
2015-09-11 15:30:00,45.81,45.85,45.77,45.8,844097
2015-09-11 15:45:00,45.8,45.81,45.76,45.81,910116
2015-09-11 16:00:00,45.81,45.87,45.74,45.87,1218228
2015-09-14 09:45:00,45.8,45.8,45.47,45.59,47944
2015-09-14 10:00:00,45.59,45.64,45.33,45.58,90535
2015-09-14 10:15:00,45.59,45.7,45.56,45.62,118700
2015-09-14 10:30:00,45.63,45.77,45.63,45.7,153224
2015-09-14 10:45:00,45.7,45.95,45.7,45.93,205655
2015-09-14 11:00:00,45.94,45.98,45.9,45.98,244818
2015-09-14 11:15:00,45.98,46.05,45.895,45.895,271174
2015-09-14 11:30:00,45.8994,45.93,45.87,45.9,293636
2015-09-14 11:45:00,45.89,45.9,45.805,45.84,320380
2015-09-14 12:00:00,45.84,45.88,45.81,45.85,343366
2015-09-14 12:15:00,45.85,45.86,45.74,45.775,364855
2015-09-14 12:30:00,45.78,45.83,45.755,45.79,397442
2015-09-14 12:45:00,45.79,45.85,45.76,45.76,415607
2015-09-14 13:00:00,45.76,45.76,45.7075,45.73,431625
2015-09-14 13:15:00,45.74,45.74,45.68,45.68,453862
2015-09-14 13:30:00,45.685,45.73,45.655,45.66,477295
2015-09-14 13:45:00,45.66,45.84,45.66,45.8,507815
2015-09-14 14:00:00,45.8,45.82,45.7,45.77,533543
2015-09-14 14:15:00,45.77,45.77,45.658,45.7,552534
2015-09-14 14:30:00,45.71,45.735,45.605,45.61,590932
2015-09-14 14:45:00,45.6,45.69,45.59,45.66,617052
2015-09-14 15:00:00,45.67,45.7,45.6,45.61,653384
2015-09-14 15:15:00,45.61,45.68,45.57,45.68,692287
2015-09-14 15:30:00,45.69,45.7,45.62,45.64,730713
2015-09-14 15:45:00,45.65,45.66,45.585,45.64,780236
2015-09-14 16:00:00,45.63,45.71,45.6,45.69,915923
2015-09-15 09:45:00,45.92,46.08,45.9,45.93,55413
2015-09-15 10:00:00,45.93,46.13,45.87,46.12,117884
2015-09-15 10:15:00,46.09,46.1,45.98,46.02,140108
2015-09-15 10:30:00,46.03,46.19,46.03,46.12,187681
2015-09-15 10:45:00,46.13,46.265,46.13,46.265,225123
2015-09-15 11:00:00,46.265,46.405,46.24,46.26,265574
2015-09-15 11:15:00,46.27,46.33,46.24,46.26,297367
2015-09-15 11:30:00,46.28,46.29,46.24,46.27,328007
2015-09-15 11:45:00,46.27,46.28,46.18,46.27,351075
2015-09-15 12:00:00,46.28,46.32,46.23,46.3,374123
2015-09-15 12:15:00,46.31,46.35,46.24,46.32,393943
2015-09-15 12:30:00,46.32,46.36,46.28,46.35,416683
2015-09-15 12:45:00,46.35,46.41,46.3,46.37,450309
2015-09-15 13:00:00,46.38,46.39,46.26,46.29,485332
2015-09-15 13:15:00,46.29,46.37,46.28,46.37,502907
2015-09-15 13:30:00,46.38,46.46,46.37,46.42,522976
2015-09-15 13:45:00,46.43,46.52,46.43,46.4509,551125
2015-09-15 14:00:00,46.44,46.44,46.39,46.41,570903
2015-09-15 14:15:00,46.42,46.49,46.4,46.43,593142
2015-09-15 14:30:00,46.44,46.47,46.42,46.46,606143
2015-09-15 14:45:00,46.45,46.53,46.44,46.51,621400
2015-09-15 15:00:00,46.5,46.655,46.5,46.65,660417
2015-09-15 15:15:00,46.65,46.72,46.65,46.69,702123
2015-09-15 15:30:00,46.69,46.72,46.65,46.71,738745
2015-09-15 15:45:00,46.7,46.74,46.65,46.72,795774
2015-09-15 16:00:00,46.72,46.725,46.53,46.54,980372
2015-09-16 09:45:00,46.77,47.1,46.71,46.885,84431
2015-09-16 10:00:00,46.86,46.89,46.73,46.83,142915
2015-09-16 10:15:00,46.83,46.9,46.78,46.85,166067
2015-09-16 10:30:00,46.84,46.98,46.8,46.91,242004
2015-09-16 10:45:00,46.91,47.027,46.91,47.02,294367
2015-09-16 11:00:00,47.02,47.0999,46.99,47.09,316405
2015-09-16 11:15:00,47.08,47.18,47.06,47.18,338995
2015-09-16 11:30:00,47.19,47.31,47.17,47.31,390252
2015-09-16 11:45:00,47.31,47.33,47.24,47.31,441275
2015-09-16 12:00:00,47.3,47.34,47.24,47.34,464216
2015-09-16 12:15:00,47.34,47.37,47.24,47.26,486443
2015-09-16 12:30:00,47.27,47.31,47.205,47.21,561278
2015-09-16 12:45:00,47.21,47.39,47.21,47.3,642210
2015-09-16 13:00:00,47.31,47.33,47.24,47.27,724077
2015-09-16 13:15:00,47.27,47.28,47.1649,47.1649,820513
2015-09-16 13:30:00,47.1699,47.22,47.1,47.21,864044
2015-09-16 13:45:00,47.21,47.25,47.16,47.205,1008713
2015-09-16 14:00:00,47.205,47.34,47.175,47.29,1084116
2015-09-16 14:15:00,47.3,47.31,47.24,47.24,1116335
2015-09-16 14:30:00,47.23,47.23,47.08,47.09,1180796
2015-09-16 14:45:00,47.09,47.18,47.06,47.18,1233722
2015-09-16 15:00:00,47.18,47.23,47.16,47.19,1327840
2015-09-16 15:15:00,47.19,47.215,47.145,47.17,1447324
2015-09-16 15:30:00,47.17,47.34,47.16,47.34,1565365
2015-09-16 15:45:00,47.34,47.41,47.33,47.34,1656303
2015-09-16 16:00:00,47.34,47.36,47.22,47.25,1869160
2015-09-17 09:45:00,47.18,47.33,47.18,47.32,25839
2015-09-17 10:00:00,47.34,47.43,47.26,47.39,48805
2015-09-17 10:15:00,47.37,47.56,47.34,47.52,97422
2015-09-17 10:30:00,47.5,47.5,47.45,47.46,113624
2015-09-17 10:45:00,47.45,47.51,47.37,47.51,147198
2015-09-17 11:00:00,47.51,47.52,47.435,47.46,162857
2015-09-17 11:15:00,47.47,47.47,47.42,47.46,183765
2015-09-17 11:30:00,47.47,47.49,47.42,47.44,210686
2015-09-17 11:45:00,47.44,47.45,47.26,47.29,251624
2015-09-17 12:00:00,47.2805,47.32,47.26,47.28,277848
2015-09-17 12:15:00,47.28,47.315,47.22,47.3,316362
2015-09-17 12:30:00,47.3,47.38,47.3,47.35,346027
2015-09-17 12:45:00,47.35,47.4,47.26,47.27,414944
2015-09-17 13:00:00,47.28,47.39,47.26,47.37,439820
2015-09-17 13:15:00,47.37,47.38,47.2886,47.31,454321
2015-09-17 13:30:00,47.31,47.42,47.31,47.37,478792
2015-09-17 13:45:00,47.37,47.4,47.31,47.31,500344
2015-09-17 14:00:00,47.32,47.53,47.32,47.45,523330
2015-09-17 14:15:00,47.53,47.715,47.13,47.39,579445
2015-09-17 14:30:00,47.38,47.56,47.33,47.33,606845
2015-09-17 14:45:00,47.34,47.69,47.32,47.67,645933
2015-09-17 15:00:00,47.69,47.86,47.5301,47.6,726296
2015-09-17 15:15:00,47.6,47.74,47.15,47.18,863191
2015-09-17 15:30:00,47.17,47.255,46.9,47.16,985266
2015-09-17 15:45:00,47.16,47.29,47.1,47.17,1092081
2015-09-17 16:00:00,47.15,47.22,47.06,47.16,1397866
2015-09-18 09:45:00,46.65,47.03,46.45,46.99,429286
2015-09-18 10:00:00,46.96,47.11,46.83,47.01,481296
2015-09-18 10:15:00,46.95,47.31,46.92,47.31,545307
2015-09-18 10:30:00,47.32,47.55,47.25,47.48,628460
2015-09-18 10:45:00,47.465,47.53,47.425,47.5,713880
2015-09-18 11:00:00,47.5,47.61,47.49,47.59,756812
2015-09-18 11:15:00,47.59,47.61,47.33,47.39,838485
2015-09-18 11:30:00,47.4,47.4,47.17,47.17,889033
2015-09-18 11:45:00,47.1601,47.34,47.16,47.32,931267
2015-09-18 12:00:00,47.33,47.43,47.33,47.38,975093
2015-09-18 12:15:00,47.39,47.39,47.23,47.25,1022494
2015-09-18 12:30:00,47.25,47.26,47.14,47.25,1047472
2015-09-18 12:45:00,47.24,47.27,47.14,47.14,1079891
2015-09-18 13:00:00,47.15,47.25,47.15,47.22,1107114
2015-09-18 13:15:00,47.22,47.34,47.19,47.21,1136908
2015-09-18 13:30:00,47.2,47.245,47.13,47.21,1188407
2015-09-18 13:45:00,47.24,47.26,47.16,47.25,1218163
2015-09-18 14:00:00,47.26,47.38,47.17,47.19,1299477
2015-09-18 14:15:00,47.17,47.25,47.15,47.25,1327045
2015-09-18 14:30:00,47.23,47.32,47.22,47.3,1364924
2015-09-18 14:45:00,47.3,47.31,47.195,47.24,1402264
2015-09-18 15:00:00,47.24,47.25,47.005,47.06,1517103
2015-09-18 15:15:00,47.07,47.085,46.88,46.88,1602796
2015-09-18 15:30:00,46.875,46.93,46.78,46.81,1721168
2015-09-18 15:45:00,46.8,46.82,46.57,46.58,1853259
2015-09-18 16:00:00,46.59,46.74,46.5,46.73,2264619
2015-09-21 09:45:00,46.84,47.13,46.84,47.11,81256
2015-09-21 10:00:00,47.11,47.3,47.09,47.12,128769
2015-09-21 10:15:00,47.09,47.23,47.05,47.19,162651
2015-09-21 10:30:00,47.19,47.3,46.46,47.27,232300
2015-09-21 10:45:00,47.28,47.6,47.28,47.51,271850
2015-09-21 11:00:00,47.49,47.49,47.41,47.42,296987
2015-09-21 11:15:00,47.43,47.48,47.4,47.445,352246
2015-09-21 11:30:00,47.445,47.47,47.355,47.4,399941
2015-09-21 11:45:00,47.4,47.43,47.35,47.41,454330
2015-09-21 12:00:00,47.415,47.415,47.31,47.37,480168
2015-09-21 12:15:00,47.38,47.38,47.22,47.32,501506
2015-09-21 12:30:00,47.32,47.345,47.27,47.33,535036
2015-09-21 12:45:00,47.32,47.32,47.22,47.315,571521
2015-09-21 13:00:00,47.32,47.32,47.165,47.27,641568
2015-09-21 13:15:00,47.27,47.29,47.22,47.28,673717
2015-09-21 13:30:00,47.27,47.36,47.25,47.34,704753
2015-09-21 13:45:00,47.33,47.43,47.29,47.43,734387
2015-09-21 14:00:00,47.42,47.42,47.33,47.36,764601
2015-09-21 14:15:00,47.36,47.42,47.335,47.36,792232
2015-09-21 14:30:00,47.34,47.395,47.34,47.36,826373
2015-09-21 14:45:00,47.36,47.43,47.33,47.3903,865803
2015-09-21 15:00:00,47.4,47.49,47.325,47.48,947102
2015-09-21 15:15:00,47.47,47.62,47.46,47.615,1041037
2015-09-21 15:30:00,47.61,47.67,47.56,47.605,1146508
2015-09-21 15:45:00,47.6,47.61,47.465,47.56,1344677
2015-09-21 16:00:00,47.56,47.58,47.49,47.56,1582323
2015-09-22 09:45:00,47.0,47.44,47.0,47.38,88602
2015-09-22 10:00:00,47.38,47.4,47.155,47.25,159694
2015-09-22 10:15:00,47.25,47.33,47.16,47.22,256395
2015-09-22 10:30:00,47.23,47.27,47.12,47.14,368858
2015-09-22 10:45:00,47.14,47.14,46.94,47.01,420278
2015-09-22 11:00:00,47.0,47.015,46.92,46.99,467167
2015-09-22 11:15:00,46.99,47.03,46.88,46.96,499723
2015-09-22 11:30:00,46.97,47.11,46.91,47.06,565946
2015-09-22 11:45:00,47.07,47.16,47.05,47.06,648720
2015-09-22 12:00:00,47.07,47.1,46.98,46.995,697229
2015-09-22 12:15:00,46.98,47.17,46.95,47.08,775289
2015-09-22 12:30:00,47.08,47.16,47.0,47.14,833701
2015-09-22 12:45:00,47.13,47.13,47.05,47.07,865515
2015-09-22 13:00:00,47.07,47.07,46.995,47.05,923954
2015-09-22 13:15:00,47.04,47.15,47.0,47.1,973239
2015-09-22 13:30:00,47.09,47.11,46.99,47.02,1041985
2015-09-22 13:45:00,47.02,47.08,46.96,47.0,1102622
2015-09-22 14:00:00,46.99,46.99,46.92,46.98,1137634
2015-09-22 14:15:00,46.97,46.975,46.83,46.91,1173508
2015-09-22 14:30:00,46.9,46.975,46.87,46.96,1221809
2015-09-22 14:45:00,46.96,47.05,46.94,47.0175,1306698
2015-09-22 15:00:00,47.015,47.1,46.955,47.1,1394781
2015-09-22 15:15:00,47.0823,47.1,46.99,47.03,1470192
2015-09-22 15:30:00,47.03,47.18,47.02,47.18,1547828
2015-09-22 15:45:00,47.19,47.36,47.18,47.2,1721631
2015-09-22 16:00:00,47.19,47.21,47.035,47.11,1945168
2015-09-23 09:45:00,47.08,47.31,46.92,47.09,31524
2015-09-23 10:00:00,47.08,47.22,46.95,47.2,61266
2015-09-23 10:15:00,47.21,47.24,47.09,47.1,97558
2015-09-23 10:30:00,47.1,47.14,47.02,47.095,136967
2015-09-23 10:45:00,47.1,47.13,47.07,47.1,188037
2015-09-23 11:00:00,47.1,47.26,47.1,47.2,249750
2015-09-23 11:15:00,47.22,47.27,47.14,47.16,344726
2015-09-23 11:30:00,47.15,47.17,47.09,47.09,376158
2015-09-23 11:45:00,47.11,47.14,47.02,47.04,411348
2015-09-23 12:00:00,47.05,47.125,47.02,47.095,451525
2015-09-23 12:15:00,47.1,47.1,47.01,47.025,487938
2015-09-23 12:30:00,47.02,47.04,46.99,47.01,507677
2015-09-23 12:45:00,47.01,47.04,47.0,47.03,533791
2015-09-23 13:00:00,47.03,47.09,47.025,47.025,571156
2015-09-23 13:15:00,47.02,47.09,47.01,47.09,607440
2015-09-23 13:30:00,47.1,47.155,47.07,47.09,638453
2015-09-23 13:45:00,47.1,47.32,47.06,47.295,689180
2015-09-23 14:00:00,47.29,47.33,47.27,47.295,720608
2015-09-23 14:15:00,47.29,47.39,47.28,47.35,768807
2015-09-23 14:30:00,47.35,47.41,47.35,47.39,806110
2015-09-23 14:45:00,47.39,47.41,47.21,47.23,855663
2015-09-23 15:00:00,47.23,47.26,47.17,47.22,887513
2015-09-23 15:15:00,47.22,47.3,47.19,47.21,948898
2015-09-23 15:30:00,47.21,47.33,47.19,47.25,1076834
2015-09-23 15:45:00,47.26,47.35,47.22,47.32,1155947
2015-09-23 16:00:00,47.326,47.34,47.25,47.25,1262899
2015-09-24 09:45:00,46.79,47.17,46.74,46.92,123491
2015-09-24 10:00:00,46.92,46.95,46.85,46.91,201816
2015-09-24 10:15:00,46.91,47.03,46.78,47.03,310566
2015-09-24 10:30:00,47.02,47.15,46.99,47.15,411879
2015-09-24 10:45:00,47.151,47.22,46.985,46.99,505545
2015-09-24 11:00:00,46.99,47.02,46.93,46.97,558071
2015-09-24 11:15:00,46.98,47.03,46.91,47.0,614562
2015-09-24 11:30:00,47.0,47.055,46.99,47.0,711404
2015-09-24 11:45:00,47.01,47.13,47.01,47.13,828902
2015-09-24 12:00:00,47.13,47.13,46.98,46.99,883619
2015-09-24 12:15:00,46.98,47.01,46.92,46.97,923424
2015-09-24 12:30:00,46.97,47.01,46.89,46.94,961370
2015-09-24 12:45:00,46.94,47.03,46.94,46.95,1016434
2015-09-24 13:00:00,46.95,46.96,46.8,46.81,1062745
2015-09-24 13:15:00,46.81,46.915,46.78,46.91,1104487
2015-09-24 13:30:00,46.9,46.925,46.87,46.92,1178614
2015-09-24 13:45:00,46.91,47.02,46.87,46.99,1254413
2015-09-24 14:00:00,47.0,47.01,46.94,46.995,1384117
2015-09-24 14:15:00,47.0,47.015,46.96,47.0,1472540
2015-09-24 14:30:00,47.0,47.08,46.99,47.06,1559914
2015-09-24 14:45:00,47.06,47.11,47.0,47.075,1695994
2015-09-24 15:00:00,47.08,47.22,47.075,47.12,1827269
2015-09-24 15:15:00,47.12,47.165,46.93,47.03,1912580
2015-09-24 15:30:00,47.02,47.21,47.02,47.16,2066843
2015-09-24 15:45:00,47.17,47.18,47.02,47.11,2240226
2015-09-24 16:00:00,47.11,47.18,47.01,47.17,2549371
2015-09-25 09:45:00,47.37,47.46,47.06,47.09,116052
2015-09-25 10:00:00,47.105,47.3,46.97,47.18,228056
2015-09-25 10:15:00,47.19,47.25,47.12,47.16,341837
2015-09-25 10:30:00,47.165,47.205,47.09,47.12,428784
2015-09-25 10:45:00,47.125,47.18,47.05,47.05,629077
2015-09-25 11:00:00,47.0645,47.17,47.055,47.14,723521
2015-09-25 11:15:00,47.14,47.16,47.085,47.16,826176
2015-09-25 11:30:00,47.16,47.18,47.13,47.16,880235
2015-09-25 11:45:00,47.17,47.19,47.065,47.105,985000
2015-09-25 12:00:00,47.105,47.15,47.1,47.12,1033607
2015-09-25 12:15:00,47.12,47.19,47.08,47.19,1080760
2015-09-25 12:30:00,47.2,47.24,47.14,47.2,1116291
2015-09-25 12:45:00,47.21,47.21,47.155,47.18,1218290
2015-09-25 13:00:00,47.19,47.21,47.16,47.195,1303889
2015-09-25 13:15:00,47.2,47.26,47.2,47.23,1468751
2015-09-25 13:30:00,47.23,47.23,47.2,47.2,1571628
2015-09-25 13:45:00,47.2,47.26,47.19,47.255,1655137
2015-09-25 14:00:00,47.251,47.26,47.23,47.24,1735616
2015-09-25 14:15:00,47.24,47.3,47.14,47.14,1857728
2015-09-25 14:30:00,47.15,47.205,47.01,47.01,2008380
2015-09-25 14:45:00,47.01,47.03,46.83,46.83,2135002
2015-09-25 15:00:00,46.82,46.86,46.63,46.67,2294818
2015-09-25 15:15:00,46.67,46.67,46.295,46.38,2440731
2015-09-25 15:30:00,46.38,46.64,46.38,46.63,2609875
2015-09-25 15:45:00,46.63,46.72,46.59,46.68,2766422
2015-09-25 16:00:00,46.68,46.84,46.67,46.76,3111862
2015-09-28 09:45:00,46.34,46.61,46.22,46.61,52801
2015-09-28 10:00:00,46.61,46.74,46.51,46.615,112802
2015-09-28 10:15:00,46.59,46.73,46.45,46.525,197016
2015-09-28 10:30:00,46.54,46.64,46.43,46.605,276939
2015-09-28 10:45:00,46.6,46.6,46.345,46.48,402141
2015-09-28 11:00:00,46.49,46.49,46.35,46.44,461049
2015-09-28 11:15:00,46.445,46.48,46.31,46.34,515600
2015-09-28 11:30:00,46.35,46.37,46.14,46.21,612616
2015-09-28 11:45:00,46.21,46.22,46.08,46.12,681104
2015-09-28 12:00:00,46.125,46.18,46.07,46.1301,736216
2015-09-28 12:15:00,46.11,46.11,45.98,46.09,820245
2015-09-28 12:30:00,46.1,46.165,46.02,46.12,886728
2015-09-28 12:45:00,46.1,46.125,45.87,45.88,931415
2015-09-28 13:00:00,45.87,45.87,45.69,45.74,1040564
2015-09-28 13:15:00,45.74,45.95,45.74,45.9,1161675
2015-09-28 13:30:00,45.89,45.895,45.57,45.6,1282569
2015-09-28 13:45:00,45.6,45.73,45.6,45.69,1401333
2015-09-28 14:00:00,45.69,45.7,45.56,45.56,1526888
2015-09-28 14:15:00,45.5564,45.575,45.38,45.4,1615104
2015-09-28 14:30:00,45.39,45.59,45.3,45.59,1724839
2015-09-28 14:45:00,45.59,45.68,45.55,45.64,1867670
2015-09-28 15:00:00,45.64,45.6932,45.27,45.3,1998674
2015-09-28 15:15:00,45.3,45.41,45.255,45.34,2129011
2015-09-28 15:30:00,45.34,45.44,45.33,45.345,2233698
2015-09-28 15:45:00,45.34,45.58,45.335,45.51,2421148
2015-09-28 16:00:00,45.52,45.69,45.485,45.54,2908640
2015-09-29 09:45:00,45.46,45.645,44.92,44.92,65124
2015-09-29 10:00:00,44.94,45.33,44.72,45.24,141554
2015-09-29 10:15:00,45.26,45.35,45.16,45.31,183608
2015-09-29 10:30:00,45.32,45.61,45.29,45.61,240406
2015-09-29 10:45:00,45.62,45.72,45.6,45.68,343983
2015-09-29 11:00:00,45.69,45.71,45.54,45.67,400118
2015-09-29 11:15:00,45.69,45.7,45.45,45.515,456434
2015-09-29 11:30:00,45.51,45.51,45.22,45.34,619618
2015-09-29 11:45:00,45.34,45.42,45.12,45.3,786192
2015-09-29 12:00:00,45.33,45.405,45.295,45.33,900425
2015-09-29 12:15:00,45.315,45.355,45.22,45.32,983828
2015-09-29 12:30:00,45.33,45.525,45.31,45.45,1054076
2015-09-29 12:45:00,45.46,45.47,45.36,45.4,1215857
2015-09-29 13:00:00,45.4,45.41,45.31,45.32,1311263
2015-09-29 13:15:00,45.32,45.405,45.17,45.19,1449508
2015-09-29 13:30:00,45.18,45.41,45.145,45.405,1561561
2015-09-29 13:45:00,45.41,45.42,45.25,45.38,1634452
2015-09-29 14:00:00,45.38,45.4,45.26,45.3699,1660855
2015-09-29 14:15:00,45.36,45.36,45.24,45.33,1692271
2015-09-29 14:30:00,45.33,45.42,45.32,45.39,1758580
2015-09-29 14:45:00,45.39,45.42,45.33,45.4,1843764
2015-09-29 15:00:00,45.39,45.39,45.1928,45.2,1910701
2015-09-29 15:15:00,45.2,45.25,45.13,45.19,1974581
2015-09-29 15:30:00,45.2,45.22,44.95,44.96,2083809
2015-09-29 15:45:00,44.97,45.195,44.97,45.08,2184857
2015-09-29 16:00:00,45.09,45.28,45.08,45.24,2603763
2015-09-30 09:45:00,44.59,45.58,44.17,45.01,610821
2015-09-30 10:00:00,45.0,45.02,44.62,44.62,994747
2015-09-30 10:15:00,44.64,44.65,44.46,44.56,1292306
2015-09-30 10:30:00,44.56,44.57,44.24,44.26,1658158
2015-09-30 10:45:00,44.25,44.26,44.0,44.08,1990443
2015-09-30 11:00:00,44.09,44.38,44.08,44.37,2168351
2015-09-30 11:15:00,44.37,44.42,44.235,44.4,2312716
2015-09-30 11:30:00,44.39,44.39,44.105,44.2,2416302
2015-09-30 11:45:00,44.2,44.39,44.07,44.09,2537902
2015-09-30 12:00:00,44.085,44.16,44.035,44.12,2671816
2015-09-30 12:15:00,44.13,44.2,43.98,44.0,2742277
2015-09-30 12:30:00,43.99,44.04,43.95,44.009,2886960
2015-09-30 12:45:00,44.0,44.02,43.96,43.96,2973218
2015-09-30 13:00:00,43.96,44.02,43.845,43.96,3067708
2015-09-30 13:15:00,43.96,44.015,43.955,43.99,3150422
2015-09-30 13:30:00,43.99,44.09,43.91,43.97,3386855
2015-09-30 13:45:00,43.98,44.17,43.97,44.165,3647205
2015-09-30 14:00:00,44.16,44.39,44.13,44.31,3837209
2015-09-30 14:15:00,44.31,44.37,44.18,44.2,3920733
2015-09-30 14:30:00,44.195,44.37,44.16,44.365,4121540
2015-09-30 14:45:00,44.365,44.37,44.16,44.27,4240904
2015-09-30 15:00:00,44.26,44.35,44.21,44.35,4351560
2015-09-30 15:15:00,44.35,44.39,44.18,44.2035,4539970
2015-09-30 15:30:00,44.2,44.22,44.155,44.19,4795236
2015-09-30 15:45:00,44.2,44.39,44.185,44.32,5046776
2015-09-30 16:00:00,44.32,44.525,44.3,44.46,5632880
2015-10-01 09:45:00,44.41,44.81,44.27,44.61,173914
2015-10-01 10:00:00,44.62,44.8,44.53,44.56,307675
2015-10-01 10:15:00,44.56,44.82,44.48,44.69,508259
2015-10-01 10:30:00,44.69,44.73,44.495,44.67,601141
2015-10-01 10:45:00,44.67,44.72,44.5764,44.63,736734
2015-10-01 11:00:00,44.64,44.71,44.47,44.48,948492
2015-10-01 11:15:00,44.47,44.54,44.45,44.46,1109889
2015-10-01 11:30:00,44.454,44.535,44.38,44.48,1190664
2015-10-01 11:45:00,44.48,44.54,44.47,44.52,1266829
2015-10-01 12:00:00,44.51,44.57,44.41,44.49,1464356
2015-10-01 12:15:00,44.49,44.49,44.31,44.38,1612539
2015-10-01 12:30:00,44.37,44.515,44.37,44.51,1741079
2015-10-01 12:45:00,44.505,44.52,44.45,44.51,1870373
2015-10-01 13:00:00,44.51,44.51,44.45,44.49,1955113
2015-10-01 13:15:00,44.5,44.505,44.42,44.435,2049949
2015-10-01 13:30:00,44.44,44.54,44.42,44.5,2129504
2015-10-01 13:45:00,44.5,44.61,44.5,44.61,2216850
2015-10-01 14:00:00,44.62,44.8199,44.615,44.78,2280658
2015-10-01 14:15:00,44.77,44.97,44.72,44.95,2334283
2015-10-01 14:30:00,44.96,45.2,44.94,45.2,2486886
2015-10-01 14:45:00,45.19,45.39,45.19,45.23,2822458
2015-10-01 15:00:00,45.24,45.28,45.06,45.07,2983632
2015-10-01 15:15:00,45.07,45.12,44.93,45.0175,3134675
2015-10-01 15:30:00,45.01,45.01,44.84,44.8799,3206318
2015-10-01 15:45:00,44.87,44.88,44.72,44.85,3325620
2015-10-01 16:00:00,44.85,44.98,44.85,44.91,3714325
2015-10-02 09:45:00,44.21,44.46,44.18,44.46,121792
2015-10-02 10:00:00,44.45,44.53,44.13,44.53,199116
2015-10-02 10:15:00,44.54,44.57,44.39,44.5501,327298
2015-10-02 10:30:00,44.56,45.03,44.5,45.005,679126
2015-10-02 10:45:00,45.01,45.07,44.87,44.93,904288
2015-10-02 11:00:00,44.94,45.11,44.935,45.065,1016485
2015-10-02 11:15:00,45.08,45.22,44.98,45.09,1140581
2015-10-02 11:30:00,45.08,45.09,44.9,44.99,1201189
2015-10-02 11:45:00,45.0,45.09,44.96,45.03,1275713
2015-10-02 12:00:00,45.03,45.1,45.0,45.07,1351712
2015-10-02 12:15:00,45.07,45.105,45.0,45.085,1448673
2015-10-02 12:30:00,45.09,45.11,45.04,45.055,1502431
2015-10-02 12:45:00,45.0575,45.31,45.0575,45.19,1578653
2015-10-02 13:00:00,45.21,45.34,45.2,45.23,1659922
2015-10-02 13:15:00,45.24,45.53,45.235,45.46,1732058
2015-10-02 13:30:00,45.47,45.49,45.31,45.36,1812805
2015-10-02 13:45:00,45.36,45.4,45.24,45.375,1877301
2015-10-02 14:00:00,45.375,45.395,45.28,45.3,1946496
2015-10-02 14:15:00,45.3,45.445,45.3,45.39,2065110
2015-10-02 14:30:00,45.39,45.4,45.2,45.3135,2153201
2015-10-02 14:45:00,45.32,45.355,45.27,45.35,2215470
2015-10-02 15:00:00,45.35,45.35,45.24,45.24,2319966
2015-10-02 15:15:00,45.24,45.405,45.21,45.36,2427320
2015-10-02 15:30:00,45.37,45.47,45.365,45.45,2588184
2015-10-02 15:45:00,45.45,45.5,45.39,45.5,2742790
2015-10-02 16:00:00,45.5,45.7685,45.49,45.73,3120884
2015-10-05 09:45:00,45.98,46.34,45.93,46.33,51245
2015-10-05 10:00:00,46.336,46.48,46.29,46.35,95329
2015-10-05 10:15:00,46.41,46.43,46.31,46.4,147576
2015-10-05 10:30:00,46.39,46.42,46.26,46.27,212023
2015-10-05 10:45:00,46.27,46.43,46.27,46.36,285030
2015-10-05 11:00:00,46.387,46.46,46.35,46.41,340745
2015-10-05 11:15:00,46.44,46.455,46.3,46.36,383331
2015-10-05 11:30:00,46.365,46.4,46.28,46.28,426581
2015-10-05 11:45:00,46.28,46.31,46.25,46.31,452935
2015-10-05 12:00:00,46.31,46.38,46.31,46.38,486930
2015-10-05 12:15:00,46.38,46.38,46.29,46.31,517158
2015-10-05 12:30:00,46.315,46.34,46.2,46.25,549451
2015-10-05 12:45:00,46.26,46.29,46.17,46.265,598288
2015-10-05 13:00:00,46.26,46.28,46.12,46.13,645894
2015-10-05 13:15:00,46.13,46.2,46.09,46.15,701723
2015-10-05 13:30:00,46.16,46.21,46.14,46.14,753345
2015-10-05 13:45:00,46.14,46.15,46.07,46.08,805604
2015-10-05 14:00:00,46.08,46.14,46.06,46.14,862539
2015-10-05 14:15:00,46.14,46.29,46.11,46.29,1063562
2015-10-05 14:30:00,46.28,46.305,46.245,46.25,1145849
2015-10-05 14:45:00,46.245,46.36,46.245,46.35,1224481
2015-10-05 15:00:00,46.34,46.36,46.19,46.25,1315790
2015-10-05 15:15:00,46.24,46.29,46.21,46.23,1400964
2015-10-05 15:30:00,46.23,46.26,46.2,46.22,1490261
2015-10-05 15:45:00,46.22,46.27,46.175,46.19,1608685
2015-10-05 16:00:00,46.19,46.36,46.17,46.33,1940040
2015-10-06 09:45:00,46.19,46.36,46.15,46.32,58493
2015-10-06 10:00:00,46.34,46.43,46.32,46.39,86281
2015-10-06 10:15:00,46.4,46.5,46.34,46.43,126139
2015-10-06 10:30:00,46.42,46.5,46.31,46.43,203227
2015-10-06 10:45:00,46.44,46.49,46.39,46.44,234057
2015-10-06 11:00:00,46.44,46.47,46.36,46.44,262515
2015-10-06 11:15:00,46.45,46.525,46.44,46.47,293359
2015-10-06 11:30:00,46.46,46.54,46.41,46.455,340800
2015-10-06 11:45:00,46.46,46.48,46.35,46.39,397318
2015-10-06 12:00:00,46.39,46.45,46.31,46.35,469275
2015-10-06 12:15:00,46.35,46.39,46.3,46.37,509511
2015-10-06 12:30:00,46.36,46.38,46.26,46.265,568508
2015-10-06 12:45:00,46.265,46.32,46.24,46.32,604162
2015-10-06 13:00:00,46.33,46.37,46.26,46.26,639156
2015-10-06 13:15:00,46.27,46.35,46.27,46.35,688936
2015-10-06 13:30:00,46.35,46.366,46.28,46.3,730934
2015-10-06 13:45:00,46.31,46.4,46.25,46.35,827711
2015-10-06 14:00:00,46.36,46.37,46.26,46.29,916555
2015-10-06 14:15:00,46.29,46.43,46.26,46.41,953978
2015-10-06 14:30:00,46.41,46.46,46.35,46.43,981458
2015-10-06 14:45:00,46.44,46.47,46.3719,46.39,1018337
2015-10-06 15:00:00,46.38,46.41,46.31,46.36,1066406
2015-10-06 15:15:00,46.35,46.41,46.32,46.34,1117675
2015-10-06 15:30:00,46.3227,46.38,46.295,46.36,1177193
2015-10-06 15:45:00,46.36,46.41,46.305,46.36,1260159
2015-10-06 16:00:00,46.35,46.37,46.28,46.31,1384629
2015-10-07 09:45:00,46.82,47.14,46.69,46.97,93038
2015-10-07 10:00:00,46.98,47.11,46.79,46.98,241943
2015-10-07 10:15:00,46.98,47.02,46.82,46.9,410680
2015-10-07 10:30:00,46.89,47.21,46.87,47.16,505011
2015-10-07 10:45:00,47.165,47.18,47.0,47.115,564224
2015-10-07 11:00:00,47.105,47.13,46.97,46.97,602700
2015-10-07 11:15:00,46.95,46.97,46.7,46.72,636362
2015-10-07 11:30:00,46.71,46.73,46.62,46.6356,669130
2015-10-07 11:45:00,46.64,46.76,46.57,46.59,701903
2015-10-07 12:00:00,46.61,46.76,46.59,46.67,752519
2015-10-07 12:15:00,46.6732,46.7,46.49,46.49,796624
2015-10-07 12:30:00,46.49,46.59,46.43,46.435,834450
2015-10-07 12:45:00,46.429,46.56,46.429,46.53,874003
2015-10-07 13:00:00,46.52,46.62,46.43,46.59,929959
2015-10-07 13:15:00,46.6,46.69,46.56,46.66,963528
2015-10-07 13:30:00,46.67,46.77,46.67,46.73,994137
2015-10-07 13:45:00,46.75,46.84,46.75,46.84,1028363
2015-10-07 14:00:00,46.84,46.84,46.77,46.77,1061452
2015-10-07 14:15:00,46.77,46.915,46.77,46.78,1089104
2015-10-07 14:30:00,46.79,46.855,46.62,46.66,1169414
2015-10-07 14:45:00,46.66,46.73,46.58,46.69,1327469
2015-10-07 15:00:00,46.71,46.71,46.56,46.6275,1370332
2015-10-07 15:15:00,46.63,46.67,46.6,46.61,1439272
2015-10-07 15:30:00,46.6,46.66,46.57,46.58,1543218
2015-10-07 15:45:00,46.59,46.68,46.58,46.6,1712160
2015-10-07 16:00:00,46.6,46.67,46.5,46.66,2139723
2015-10-08 09:45:00,46.56,46.69,46.46,46.49,65207
2015-10-08 10:00:00,46.49,46.51,46.45,46.5,156611
2015-10-08 10:15:00,46.5,46.53,46.425,46.43,291055
2015-10-08 10:30:00,46.435,46.47,46.4,46.4075,382677
2015-10-08 10:45:00,46.41,46.4175,46.35,46.385,459049
2015-10-08 11:00:00,46.39,46.415,46.28,46.38,538091
2015-10-08 11:15:00,46.37,46.41,46.355,46.4,584172
2015-10-08 11:30:00,46.4,46.45,46.38,46.44,655376
2015-10-08 11:45:00,46.44,46.45,46.41,46.42,808142
2015-10-08 12:00:00,46.42,46.46,46.37,46.44,857901
2015-10-08 12:15:00,46.44,46.45,46.42,46.43,931335
2015-10-08 12:30:00,46.44,46.46,46.38,46.39,996971
2015-10-08 12:45:00,46.399,46.45,46.38,46.4,1053692
2015-10-08 13:00:00,46.4,46.4,46.275,46.28,1096873
2015-10-08 13:15:00,46.29,46.3,46.2725,46.28,1250233
2015-10-08 13:30:00,46.28,46.305,46.28,46.29,1294403
2015-10-08 13:45:00,46.3,46.3,46.27,46.29,1436798
2015-10-08 14:00:00,46.29,46.41,46.28,46.41,1501918
2015-10-08 14:15:00,46.41,46.74,46.4,46.72,1612461
2015-10-08 14:30:00,46.72,46.81,46.64,46.7,1726419
2015-10-08 14:45:00,46.7,46.76,46.67,46.69,1852904
2015-10-08 15:00:00,46.7,46.75,46.66,46.68,1946834
2015-10-08 15:15:00,46.67,46.76,46.67,46.7,2062978
2015-10-08 15:30:00,46.71,46.76,46.645,46.69,2237057
2015-10-08 15:45:00,46.7,46.7,46.62,46.68,2373067
2015-10-08 16:00:00,46.68,46.7,46.6,46.62,2724603
2015-10-09 09:45:00,46.6,46.76,46.53,46.76,73075
2015-10-09 10:00:00,46.78,46.8,46.53,46.63,138735
2015-10-09 10:15:00,46.64,46.72,46.45,46.45,193312
2015-10-09 10:30:00,46.44,46.61,46.42,46.56,269581
2015-10-09 10:45:00,46.55,46.71,46.53,46.69,307404
2015-10-09 11:00:00,46.705,46.73,46.61,46.69,392799
2015-10-09 11:15:00,46.68,46.75,46.64,46.68,439666
2015-10-09 11:30:00,46.68,46.71,46.59,46.645,494499
2015-10-09 11:45:00,46.64,46.64,46.49,46.49,541358
2015-10-09 12:00:00,46.5,46.585,46.49,46.568,582005
2015-10-09 12:15:00,46.568,46.595,46.51,46.53,607723
2015-10-09 12:30:00,46.52,46.55,46.44,46.545,634547
2015-10-09 12:45:00,46.54,46.575,46.49,46.53,656229
2015-10-09 13:00:00,46.53,46.63,46.52,46.6,695016
2015-10-09 13:15:00,46.61,46.63,46.51,46.53,725162
2015-10-09 13:30:00,46.52,46.53,46.46,46.49,762369
2015-10-09 13:45:00,46.49,46.52,46.46,46.505,817321
2015-10-09 14:00:00,46.501,46.54,46.48,46.5,878296
2015-10-09 14:15:00,46.51,46.6099,46.5,46.6099,908454
2015-10-09 14:30:00,46.6,46.6,46.5,46.525,963824
2015-10-09 14:45:00,46.53,46.53,46.47,46.49,1011224
2015-10-09 15:00:00,46.49,46.54,46.48,46.505,1056485
2015-10-09 15:15:00,46.5,46.51,46.435,46.47,1117486
2015-10-09 15:30:00,46.47,46.49,46.45,46.475,1208848
2015-10-09 15:45:00,46.475,46.55,46.475,46.53,1312836
2015-10-09 16:00:00,46.53,46.53,46.45,46.5,1809050
2015-10-12 09:45:00,46.45,46.69,46.43,46.69,64920
2015-10-12 10:00:00,46.69,46.69,46.56,46.58,108239
2015-10-12 10:15:00,46.58,46.84,46.53,46.83,170797
2015-10-12 10:30:00,46.83,46.86,46.74,46.79,266713
2015-10-12 10:45:00,46.8,46.81,46.75,46.8,303212
2015-10-12 11:00:00,46.81,46.9275,46.81,46.825,350579
2015-10-12 11:15:00,46.825,47.02,46.77,47.02,414501
2015-10-12 11:30:00,47.02,47.03,46.95,47.01,452456
2015-10-12 11:45:00,47.02,47.11,46.985,47.09,485733
2015-10-12 12:00:00,47.09,47.14,47.08,47.09,508683
2015-10-12 12:15:00,47.08,47.09,47.03,47.04,544019
2015-10-12 12:30:00,47.035,47.04,46.97,46.99,580796
2015-10-12 12:45:00,46.99,47.02,46.98,47.01,601550
2015-10-12 13:00:00,47.02,47.04,46.955,46.96,626780
2015-10-12 13:15:00,46.96,46.97,46.88,46.93,662326
2015-10-12 13:30:00,46.93,46.99,46.92,46.99,688494
2015-10-12 13:45:00,46.99,47.0,46.92,46.92,720539
2015-10-12 14:00:00,46.92,46.965,46.91,46.95,747915
2015-10-12 14:15:00,46.95,46.97,46.92,46.93,788145
2015-10-12 14:30:00,46.92,46.995,46.92,46.995,826713
2015-10-12 14:45:00,46.99,47.0,46.936,46.975,853572
2015-10-12 15:00:00,46.97,47.0,46.96,46.995,883210
2015-10-12 15:15:00,47.0,47.0,46.94,46.95,943960
2015-10-12 15:30:00,46.95,46.975,46.93,46.97,983891
2015-10-12 15:45:00,46.9625,47.04,46.95,46.99,1058268
2015-10-12 16:00:00,46.99,47.0,46.94,46.97,1170005
2015-10-13 09:45:00,46.69,46.95,46.53,46.88,52383
2015-10-13 10:00:00,46.885,46.96,46.83,46.94,122076
2015-10-13 10:15:00,46.94,47.01,46.88,47.01,170140
2015-10-13 10:30:00,47.01,47.1,46.97,47.01,239621
2015-10-13 10:45:00,47.02,47.09,46.98,47.03,306194
2015-10-13 11:00:00,47.04,47.11,46.99,47.08,344459
2015-10-13 11:15:00,47.08,47.11,47.04,47.085,403362
2015-10-13 11:30:00,47.085,47.14,47.07,47.0701,477065
2015-10-13 11:45:00,47.07,47.11,46.98,47.04,508709
2015-10-13 12:00:00,47.04,47.0625,47.015,47.05,537164
2015-10-13 12:15:00,47.0541,47.1,47.03,47.04,566248
2015-10-13 12:30:00,47.04,47.07,47.03,47.03,594450
2015-10-13 12:45:00,47.03,47.11,47.03,47.04,618239
2015-10-13 13:00:00,47.04,47.05,46.95,46.96,648139
2015-10-13 13:15:00,46.95,46.95,46.925,46.93,665747
2015-10-13 13:30:00,46.94,46.99,46.94,46.99,689348
2015-10-13 13:45:00,46.98,46.99,46.94,46.95,725688
2015-10-13 14:00:00,46.96,47.06,46.96,47.0,758722
2015-10-13 14:15:00,46.99,46.99,46.95,46.98,784781
2015-10-13 14:30:00,46.98,47.025,46.95,46.97,808380
2015-10-13 14:45:00,46.96,46.998,46.92,46.99,834247
2015-10-13 15:00:00,47.0,47.07,47.0,47.0697,878130
2015-10-13 15:15:00,47.06,47.07,46.98,46.995,919515
2015-10-13 15:30:00,46.9999,47.01,46.92,46.95,981855
2015-10-13 15:45:00,46.95,46.99,46.89,46.905,1039814
2015-10-13 16:00:00,46.9,46.94,46.88,46.94,1162123
2015-10-14 09:45:00,46.99,47.28,46.92,47.28,87233
2015-10-14 10:00:00,47.29,47.51,47.21,47.5,131781
2015-10-14 10:15:00,47.49,47.51,47.37,47.39,183340
2015-10-14 10:30:00,47.385,47.4,47.105,47.105,253395
2015-10-14 10:45:00,47.1,47.225,46.99,46.99,333378
2015-10-14 11:00:00,46.98,47.01,46.88,46.945,411667
2015-10-14 11:15:00,46.94,47.0799,46.91,47.03,494131
2015-10-14 11:30:00,47.01,47.06,46.975,47.03,555595
2015-10-14 11:45:00,47.02,47.075,46.965,47.0001,605093
2015-10-14 12:00:00,47.0,47.04,46.95,46.95,670230
2015-10-14 12:15:00,46.96,46.97,46.82,46.915,698712
2015-10-14 12:30:00,46.915,46.95,46.83,46.94,728533
2015-10-14 12:45:00,46.94,47.07,46.94,47.035,756402
2015-10-14 13:00:00,47.035,47.18,47.01,47.13,813083
2015-10-14 13:15:00,47.13,47.14,46.965,47.035,850109
2015-10-14 13:30:00,47.035,47.04,46.86,46.88,883087
2015-10-14 13:45:00,46.88,47.03,46.87,47.01,913580
2015-10-14 14:00:00,47.01,47.04,46.98,47.0,986992
2015-10-14 14:15:00,47.0,47.055,46.855,46.92,1054346
2015-10-14 14:30:00,46.92,46.99,46.85,46.88,1125753
2015-10-14 14:45:00,46.9,46.91,46.81,46.85,1190050
2015-10-14 15:00:00,46.84,46.845,46.745,46.8,1234046
2015-10-14 15:15:00,46.81,46.91,46.775,46.91,1286788
2015-10-14 15:30:00,46.9,46.91,46.805,46.86,1377187
2015-10-14 15:45:00,46.87,46.94,46.86,46.87,1454134
2015-10-14 16:00:00,46.87,46.895,46.755,46.8,1603992
2015-10-15 09:45:00,46.93,47.23,46.92,47.15,46540
2015-10-15 10:00:00,47.16,47.17,47.0,47.11,75850
2015-10-15 10:15:00,47.11,47.29,47.11,47.2585,113714
2015-10-15 10:30:00,47.26,47.35,47.26,47.3,147149
2015-10-15 10:45:00,47.3,47.4525,47.3,47.39,193296
2015-10-15 11:00:00,47.4,47.45,47.38,47.43,229870
2015-10-15 11:15:00,47.42,47.47,47.4,47.42,279727
2015-10-15 11:30:00,47.42,47.58,47.42,47.57,385678
2015-10-15 11:45:00,47.58,47.6125,47.56,47.58,456020
2015-10-15 12:00:00,47.58,47.69,47.41,47.44,523834
2015-10-15 12:15:00,47.42,47.49,47.4065,47.415,586336
2015-10-15 12:30:00,47.41,47.55,47.41,47.5,608941
2015-10-15 12:45:00,47.51,47.565,47.47,47.565,645437
2015-10-15 13:00:00,47.57,47.6,47.53,47.55,684225
2015-10-15 13:15:00,47.55,47.65,47.53,47.55,780606
2015-10-15 13:30:00,47.55,47.565,47.46,47.535,817152
2015-10-15 13:45:00,47.535,47.54,47.46,47.5,859710
2015-10-15 14:00:00,47.49,47.62,47.445,47.59,913501
2015-10-15 14:15:00,47.58,47.63,47.5299,47.54,957779
2015-10-15 14:30:00,47.54,47.55,47.53,47.535,991840
2015-10-15 14:45:00,47.535,47.675,47.53,47.655,1066933
2015-10-15 15:00:00,47.655,47.655,47.6,47.605,1142709
2015-10-15 15:15:00,47.605,47.67,47.59,47.64,1227312
2015-10-15 15:30:00,47.64,47.74,47.62,47.71,1316069
2015-10-15 15:45:00,47.71,47.77,47.66,47.7,1435291
2015-10-15 16:00:00,47.71,47.73,47.655,47.705,1682000
2015-10-16 09:45:00,47.81,47.965,47.79,47.87,142274
2015-10-16 10:00:00,47.85,47.98,47.85,47.935,209653
2015-10-16 10:15:00,47.94,48.09,47.94,47.95,369888
2015-10-16 10:30:00,47.95,48.01,47.91,47.97,400258
2015-10-16 10:45:00,47.97,47.97,47.76,47.79,445380
2015-10-16 11:00:00,47.81,47.91,47.81,47.84,495811
2015-10-16 11:15:00,47.85,47.88,47.78,47.805,529041
2015-10-16 11:30:00,47.81,47.86,47.79,47.8,570146
2015-10-16 11:45:00,47.8,47.8,47.71,47.748,598211
2015-10-16 12:00:00,47.74,47.885,47.74,47.83,646337
2015-10-16 12:15:00,47.82,47.86,47.71,47.71,684647
2015-10-16 12:30:00,47.71,47.77,47.67,47.67,714933
2015-10-16 12:45:00,47.66,47.72,47.64,47.7,731142
2015-10-16 13:00:00,47.7,47.75,47.69,47.73,759112
2015-10-16 13:15:00,47.73,47.75,47.66,47.68,795584
2015-10-16 13:30:00,47.68,47.72,47.66,47.68,816265
2015-10-16 13:45:00,47.68,47.72,47.665,47.68,844811
2015-10-16 14:00:00,47.67,47.71,47.64,47.64,895756
2015-10-16 14:15:00,47.64,47.77,47.61,47.75,945876
2015-10-16 14:30:00,47.75,47.8125,47.72,47.74,985212
2015-10-16 14:45:00,47.74,47.81,47.71,47.79,1045552
2015-10-16 15:00:00,47.78,47.81,47.74,47.8,1108733
2015-10-16 15:15:00,47.79,47.81,47.74,47.75,1182947
2015-10-16 15:30:00,47.75,47.83,47.74,47.745,1260282
2015-10-16 15:45:00,47.75,47.8,47.73,47.76,1336683
2015-10-16 16:00:00,47.77,47.8,47.71,47.73,1575301
2015-10-19 09:45:00,47.72,47.99,47.68,47.82,58121
2015-10-19 10:00:00,47.82,47.89,47.82,47.855,124682
2015-10-19 10:15:00,47.85,47.91,47.74,47.9,182703
2015-10-19 10:30:00,47.9,47.97,47.81,47.89,273461
2015-10-19 10:45:00,47.88,47.93,47.83,47.89,334815
2015-10-19 11:00:00,47.9,47.95,47.8,47.93,403044
2015-10-19 11:15:00,47.94,47.94,47.8,47.84,449928
2015-10-19 11:30:00,47.85,47.9,47.84,47.88,482469
2015-10-19 11:45:00,47.88,47.94,47.87,47.9,555755
2015-10-19 12:00:00,47.9,47.99,47.88,47.9001,634494
2015-10-19 12:15:00,47.9,47.93,47.88,47.89,677032
2015-10-19 12:30:00,47.89,47.95,47.89,47.9,716651
2015-10-19 12:45:00,47.9,47.95,47.9,47.9,755670
2015-10-19 13:00:00,47.9,47.93,47.89,47.9,794411
2015-10-19 13:15:00,47.9,47.91,47.85,47.85,883673
2015-10-19 13:30:00,47.855,47.865,47.735,47.804,920247
2015-10-19 13:45:00,47.8,47.82,47.78,47.79,955686
2015-10-19 14:00:00,47.79,47.897,47.78,47.87,999973
2015-10-19 14:15:00,47.87,47.89,47.82,47.89,1036310
2015-10-19 14:30:00,47.9,47.97,47.881,47.97,1085370
2015-10-19 14:45:00,47.97,48.01,47.93,48.0,1148919
2015-10-19 15:00:00,47.995,48.02,47.92,48.0,1236041
2015-10-19 15:15:00,48.005,48.11,48.0,48.09,1346801
2015-10-19 15:30:00,48.095,48.15,48.08,48.1,1504885
2015-10-19 15:45:00,48.105,48.18,48.1,48.125,1642172
2015-10-19 16:00:00,48.13,48.18,48.03,48.18,1955106
2015-10-20 09:45:00,48.11,48.32,48.107,48.28,96554
2015-10-20 10:00:00,48.28,48.43,48.28,48.32,193301
2015-10-20 10:15:00,48.34,48.55,48.32,48.55,304057
2015-10-20 10:30:00,48.55,48.69,48.34,48.51,534455
2015-10-20 10:45:00,48.51,48.53,48.44,48.5,682769
2015-10-20 11:00:00,48.5,48.525,48.4475,48.47,780329
2015-10-20 11:15:00,48.47,48.5,48.35,48.41,855974
2015-10-20 11:30:00,48.42,48.51,48.41,48.45,939517
2015-10-20 11:45:00,48.45,48.48,48.35,48.43,998306
2015-10-20 12:00:00,48.435,48.45,48.34,48.41,1053858
2015-10-20 12:15:00,48.4,48.45,48.31,48.45,1243195
2015-10-20 12:30:00,48.43,48.51,48.415,48.48,1357325
2015-10-20 12:45:00,48.475,48.52,48.41,48.5,1479039
2015-10-20 13:00:00,48.5,48.5,48.39,48.4,1529122
2015-10-20 13:15:00,48.39,48.48,48.3401,48.48,1614469
2015-10-20 13:30:00,48.48,48.58,48.4,48.53,1955818
2015-10-20 13:45:00,48.53,48.535,48.405,48.47,2071579
2015-10-20 14:00:00,48.48,48.52,48.46,48.5,2204483
2015-10-20 14:15:00,48.49,48.51,48.45,48.48,2312389
2015-10-20 14:30:00,48.48,48.505,48.46,48.5,2371956
2015-10-20 14:45:00,48.49,48.53,48.45,48.49,2437050
2015-10-20 15:00:00,48.5,48.63,48.48,48.545,2531837
2015-10-20 15:15:00,48.54,48.59,48.51,48.57,2622743
2015-10-20 15:30:00,48.57,48.78,48.57,48.66,2765503
2015-10-20 15:45:00,48.65,48.6601,48.39,48.42,2996780
2015-10-20 16:00:00,48.42,48.6,48.41,48.56,3618675
2015-10-21 09:45:00,47.38,47.38,44.97,46.57,313523
2015-10-21 10:00:00,46.55,46.86,46.36,46.81,614466
2015-10-21 10:15:00,46.84,46.89,46.39,46.39,845371
2015-10-21 10:30:00,46.38,46.58,46.08,46.57,997850
2015-10-21 10:45:00,46.57,46.87,46.54,46.87,1126819
2015-10-21 11:00:00,46.91,46.96,46.73,46.91,1211534
2015-10-21 11:15:00,46.91,47.01,46.69,46.76,1316185
2015-10-21 11:30:00,46.765,46.94,46.75,46.76,1395121
2015-10-21 11:45:00,46.76,46.76,46.55,46.61,1504014
2015-10-21 12:00:00,46.62,46.7,46.59,46.65,1596977
2015-10-21 12:15:00,46.65,46.655,46.465,46.54,1692801
2015-10-21 12:30:00,46.535,46.62,46.52,46.55,1764058
2015-10-21 12:45:00,46.56,46.56,46.39,46.51,1865076
2015-10-21 13:00:00,46.505,46.52,46.33,46.34,1918767
2015-10-21 13:15:00,46.34,46.445,46.27,46.31,1991662
2015-10-21 13:30:00,46.31,46.35,46.065,46.08,2091865
2015-10-21 13:45:00,46.08,46.18,46.05,46.12,2194576
2015-10-21 14:00:00,46.12,46.24,46.05,46.19,2357502
2015-10-21 14:15:00,46.2,46.21,46.05,46.12,2443995
2015-10-21 14:30:00,46.12,46.12,45.95,46.0,2584223
2015-10-21 14:45:00,46.0,46.21,45.99,46.07,2698471
2015-10-21 15:00:00,46.07,46.09,45.92,45.92,2825150
2015-10-21 15:15:00,45.92,46.01,45.9,45.95,2968519
2015-10-21 15:30:00,45.94,45.94,45.57,45.575,3105099
2015-10-21 15:45:00,45.58,45.82,45.58,45.79,3390689
2015-10-21 16:00:00,45.79,45.89,45.76,45.85,3973051
2015-10-22 09:45:00,46.24,46.77,46.21,46.47,238242
2015-10-22 10:00:00,46.44,47.07,46.44,46.85,538665
2015-10-22 10:15:00,46.84,47.19,46.72,47.19,702514
2015-10-22 10:30:00,47.18,47.47,47.13,47.255,912121
2015-10-22 10:45:00,47.275,47.29,46.96,47.1,1046380
2015-10-22 11:00:00,47.1,47.44,47.03,47.44,1129466
2015-10-22 11:15:00,47.44,47.6,47.28,47.59,1215910
2015-10-22 11:30:00,47.59,47.65,47.53,47.65,1303927
2015-10-22 11:45:00,47.64,47.71,47.565,47.7,1432552
2015-10-22 12:00:00,47.68,47.94,47.68,47.71,1521189
2015-10-22 12:15:00,47.71,47.76,47.65,47.69,1591000
2015-10-22 12:30:00,47.69,47.8,47.66,47.77,1737005
2015-10-22 12:45:00,47.77,47.81,47.72,47.78,1839941
2015-10-22 13:00:00,47.78,47.855,47.65,47.735,1926061
2015-10-22 13:15:00,47.745,47.76,47.71,47.74,1982719
2015-10-22 13:30:00,47.73,47.73,47.64,47.67,2034668
2015-10-22 13:45:00,47.6692,47.67,47.585,47.61,2149529
2015-10-22 14:00:00,47.605,47.635,47.5299,47.565,2280336
2015-10-22 14:15:00,47.56,47.63,47.52,47.56,2371323
2015-10-22 14:30:00,47.55,47.6,47.45,47.57,2435793
2015-10-22 14:45:00,47.57,47.57,47.405,47.43,2510967
2015-10-22 15:00:00,47.42,47.505,47.36,47.41,2609771
2015-10-22 15:15:00,47.4,47.5,47.335,47.49,2736758
2015-10-22 15:30:00,47.49,47.57,47.435,47.56,2885852
2015-10-22 15:45:00,47.56,47.59,47.505,47.575,3018759
2015-10-22 16:00:00,47.58,47.61,47.35,47.44,3373090
2015-10-23 09:45:00,47.75,47.81,47.53,47.77,64589
2015-10-23 10:00:00,47.78,47.91,47.74,47.89,117128
2015-10-23 10:15:00,47.89,47.93,47.735,47.76,167079
2015-10-23 10:30:00,47.74,47.86,47.66,47.85,220887
2015-10-23 10:45:00,47.85,48.11,47.85,48.11,267412
2015-10-23 11:00:00,48.11,48.13,47.9722,48.075,316312
2015-10-23 11:15:00,48.07,48.07,47.91,47.92,408448
2015-10-23 11:30:00,47.9245,47.93,47.83,47.87,465672
2015-10-23 11:45:00,47.87,47.9,47.78,47.87,522493
2015-10-23 12:00:00,47.87,47.87,47.77,47.79,599470
2015-10-23 12:15:00,47.79,47.825,47.745,47.805,648735
2015-10-23 12:30:00,47.79,47.9525,47.79,47.93,702071
2015-10-23 12:45:00,47.92,47.94,47.87,47.92,726390
2015-10-23 13:00:00,47.91,47.98,47.85,47.98,762157
2015-10-23 13:15:00,47.97,47.97,47.86,47.9,789898
2015-10-23 13:30:00,47.9,48.05,47.875,48.0301,827287
2015-10-23 13:45:00,48.07,48.13,48.03,48.095,873509
2015-10-23 14:00:00,48.09,48.18,48.07,48.13,923196
2015-10-23 14:15:00,48.12,48.14,48.065,48.08,986035
2015-10-23 14:30:00,48.08,48.25,48.08,48.24,1060192
2015-10-23 14:45:00,48.23,48.39,48.2,48.38,1126959
2015-10-23 15:00:00,48.37,48.45,48.24,48.26,1183127
2015-10-23 15:15:00,48.265,48.35,48.225,48.25,1260898
2015-10-23 15:30:00,48.25,48.27,48.11,48.175,1340057
2015-10-23 15:45:00,48.18,48.33,48.18,48.32,1408007
2015-10-23 16:00:00,48.31,48.37,48.25,48.28,1531114
2015-10-26 09:45:00,48.16,48.61,48.132,48.42,92363
2015-10-26 10:00:00,48.4,48.47,48.03,48.03,148959
2015-10-26 10:15:00,48.06,48.095,47.93,48.02,219820
2015-10-26 10:30:00,48.02,48.11,47.89,48.04,280038
2015-10-26 10:45:00,48.06,48.14,47.95,47.99,332907
2015-10-26 11:00:00,47.98,48.015,47.86,47.925,396911
2015-10-26 11:15:00,47.93,47.98,47.89,47.9,446112
2015-10-26 11:30:00,47.9,48.05,47.89,48.0299,535539
2015-10-26 11:45:00,48.02,48.13,48.02,48.06,578427
2015-10-26 12:00:00,48.07,48.085,48.035,48.07,611249
2015-10-26 12:15:00,48.07,48.1,48.02,48.0699,641948
2015-10-26 12:30:00,48.07,48.18,48.06,48.17,671119
2015-10-26 12:45:00,48.17,48.18,47.92,48.0,751954
2015-10-26 13:00:00,47.9899,48.05,47.98,48.03,786799
2015-10-26 13:15:00,48.03,48.03,47.915,47.94,826756
2015-10-26 13:30:00,47.941,47.98,47.935,47.9675,859245
2015-10-26 13:45:00,47.965,48.025,47.96,48.015,910194
2015-10-26 14:00:00,48.03,48.055,47.905,47.905,946436
2015-10-26 14:15:00,47.91,47.94,47.895,47.91,1023128
2015-10-26 14:30:00,47.9,47.935,47.89,47.9,1076180
2015-10-26 14:45:00,47.9,47.94,47.9,47.93,1109791
2015-10-26 15:00:00,47.93,48.03,47.92,48.0,1157303
2015-10-26 15:15:00,48.005,48.2,47.98,48.19,1213471
2015-10-26 15:30:00,48.195,48.385,48.16,48.37,1293533
2015-10-26 15:45:00,48.37,48.4,48.3,48.38,1383710
2015-10-26 16:00:00,48.39,48.44,48.36,48.38,1574141
2015-10-27 09:45:00,48.01,48.11,47.76,47.99,66596
2015-10-27 10:00:00,47.92,48.09,47.89,47.925,87374
2015-10-27 10:15:00,47.9,47.91,47.71,47.71,116914
2015-10-27 10:30:00,47.71,47.73,47.6,47.69,138991
2015-10-27 10:45:00,47.7,47.86,47.67,47.835,157601
2015-10-27 11:00:00,47.81,47.84,47.705,47.73,182526
2015-10-27 11:15:00,47.73,47.83,47.71,47.75,210882
2015-10-27 11:30:00,47.75,47.76,47.68,47.7,229554
2015-10-27 11:45:00,47.7,47.7499,47.67,47.73,253382
2015-10-27 12:00:00,47.74,47.8,47.61,47.64,274821
2015-10-27 12:15:00,47.64,47.66,47.58,47.61,290599
2015-10-27 12:30:00,47.61,47.69,47.58,47.63,305013
2015-10-27 12:45:00,47.64,47.71,47.61,47.71,316854
2015-10-27 13:00:00,47.72,47.721,47.64,47.66,332994
2015-10-27 13:15:00,47.66,47.66,47.57,47.585,347649
2015-10-27 13:30:00,47.59,47.65,47.57,47.65,368417
2015-10-27 13:45:00,47.65,47.7,47.65,47.675,389703
2015-10-27 14:00:00,47.675,47.68,47.55,47.55,409123
2015-10-27 14:15:00,47.55,47.61,47.49,47.495,440016
2015-10-27 14:30:00,47.49,47.51,47.41,47.445,491920
2015-10-27 14:45:00,47.45,47.55,47.41,47.53,529247
2015-10-27 15:00:00,47.53,47.62,47.51,47.5799,560553
2015-10-27 15:15:00,47.58,47.76,47.58,47.75,595654
2015-10-27 15:30:00,47.75,47.83,47.6964,47.8,634031
2015-10-27 15:45:00,47.81,47.84,47.775,47.82,677786
2015-10-27 16:00:00,47.8,47.81,47.66,47.765,888983
2015-10-28 09:45:00,47.95,47.99,47.666,47.76,23247
2015-10-28 10:00:00,47.79,47.98,47.71,47.91,56161
2015-10-28 10:15:00,47.88,48.12,47.82,48.05,171905
2015-10-28 10:30:00,48.06,48.16,48.06,48.14,197019
2015-10-28 10:45:00,48.15,48.33,48.14,48.3,241786
2015-10-28 11:00:00,48.3,48.43,48.3,48.43,270530
2015-10-28 11:15:00,48.44,48.5,48.42,48.44,310747
2015-10-28 11:30:00,48.45,48.48,48.43,48.45,342138
2015-10-28 11:45:00,48.46,48.5,48.43,48.47,387296
2015-10-28 12:00:00,48.47,48.54,48.45,48.54,438709
2015-10-28 12:15:00,48.53,48.56,48.47,48.53,479822
2015-10-28 12:30:00,48.525,48.53,48.4,48.43,501757
2015-10-28 12:45:00,48.42,48.42,48.38,48.39,524921
2015-10-28 13:00:00,48.39,48.41,48.37,48.39,548133
2015-10-28 13:15:00,48.39,48.48,48.39,48.395,583967
2015-10-28 13:30:00,48.39,48.41,48.37,48.39,602939
2015-10-28 13:45:00,48.4,48.445,48.362,48.445,631806
2015-10-28 14:00:00,48.45,48.6,48.43,48.55,678835
2015-10-28 14:15:00,48.54,48.55,47.98,48.03,807864
2015-10-28 14:30:00,48.04,48.04,47.76,47.91,930797
2015-10-28 14:45:00,47.89,47.89,47.65,47.67,996192
2015-10-28 15:00:00,47.67,47.76,47.66,47.71,1081215
2015-10-28 15:15:00,47.71,47.97,47.69,47.94,1151829
2015-10-28 15:30:00,47.95,48.06,47.91,48.045,1189611
2015-10-28 15:45:00,48.06,48.3,48.06,48.26,1260025
2015-10-28 16:00:00,48.27,48.37,48.25,48.35,1405233
2015-10-29 09:45:00,48.03,48.3,47.95,48.24,30042
2015-10-29 10:00:00,48.24,48.3,48.18,48.21,95688
2015-10-29 10:15:00,48.22,48.45,48.19,48.42,118471
2015-10-29 10:30:00,48.41,48.42,48.06,48.06,147171
2015-10-29 10:45:00,48.08,48.25,48.07,48.22,169421
2015-10-29 11:00:00,48.21,48.24,48.11,48.21,198297
2015-10-29 11:15:00,48.19,48.22,48.15,48.19,247779
2015-10-29 11:30:00,48.185,48.23,48.14,48.16,271790
2015-10-29 11:45:00,48.16,48.21,48.11,48.12,296890
2015-10-29 12:00:00,48.1299,48.15,48.07,48.1,321900
2015-10-29 12:15:00,48.1,48.13,47.94,47.99,396892
2015-10-29 12:30:00,48.0,48.01,47.93,47.94,438903
2015-10-29 12:45:00,47.95,47.97,47.905,47.96,573279
2015-10-29 13:00:00,47.96,47.96,47.85,47.88,602675
2015-10-29 13:15:00,47.88,47.91,47.85,47.8575,652636
2015-10-29 13:30:00,47.86,47.95,47.86,47.93,670789
2015-10-29 13:45:00,47.93,47.94,47.79,47.8,721298
2015-10-29 14:00:00,47.78,47.8,47.72,47.73,759499
2015-10-29 14:15:00,47.72,47.79,47.72,47.79,806889
2015-10-29 14:30:00,47.79,47.95,47.785,47.86,851791
2015-10-29 14:45:00,47.85,47.91,47.81,47.81,893887
2015-10-29 15:00:00,47.82,47.95,47.81,47.895,985881
2015-10-29 15:15:00,47.895,47.98,47.8937,47.9301,1065635
2015-10-29 15:30:00,47.93,47.96,47.915,47.94,1152020
2015-10-29 15:45:00,47.935,47.98,47.915,47.97,1252277
2015-10-29 16:00:00,47.97,47.98,47.88,47.94,1429265
2015-10-30 09:45:00,47.78,48.15,47.31,48.1,86517
2015-10-30 10:00:00,48.1,48.23,47.74,47.74,157128
2015-10-30 10:15:00,47.75,47.84,47.7,47.73,205293
2015-10-30 10:30:00,47.73,47.76,47.6829,47.72,233356
2015-10-30 10:45:00,47.72,47.9,47.715,47.895,267582
2015-10-30 11:00:00,47.895,47.9,47.73,47.76,297762
2015-10-30 11:15:00,47.75,47.77,47.7,47.72,326183
2015-10-30 11:30:00,47.72,47.79,47.705,47.79,363085
2015-10-30 11:45:00,47.79,47.81,47.77,47.79,391402
2015-10-30 12:00:00,47.77,47.77,47.69,47.76,458978
2015-10-30 12:15:00,47.76,47.775,47.72,47.735,490017
2015-10-30 12:30:00,47.73,47.86,47.73,47.775,545387
2015-10-30 12:45:00,47.78,47.86,47.775,47.86,586169
2015-10-30 13:00:00,47.86,47.96,47.86,47.905,641150
2015-10-30 13:15:00,47.91,47.91,47.83,47.855,690777
2015-10-30 13:30:00,47.855,47.9,47.84,47.9,814093
2015-10-30 13:45:00,47.9,47.95,47.855,47.86,869435
2015-10-30 14:00:00,47.86,47.92,47.8438,47.86,899225
2015-10-30 14:15:00,47.865,47.865,47.74,47.76,999539
2015-10-30 14:30:00,47.76,47.77,47.705,47.71,1033292
2015-10-30 14:45:00,47.71,47.74,47.67,47.675,1082691
2015-10-30 15:00:00,47.69,47.78,47.655,47.71,1147985
2015-10-30 15:15:00,47.71,47.72,47.64,47.66,1197160
2015-10-30 15:30:00,47.6601,47.8,47.66,47.71,1265884
2015-10-30 15:45:00,47.715,47.75,47.47,47.55,1475875
2015-10-30 16:00:00,47.55,47.7,47.49,47.5,1751517
2015-11-02 09:45:00,47.29,47.59,46.79,47.1,215819
2015-11-02 10:00:00,47.1,47.6,47.1,47.49,285775
2015-11-02 10:15:00,47.49,47.72,47.475,47.67,332591
2015-11-02 10:30:00,47.68,47.68,47.54,47.59,388927
2015-11-02 10:45:00,47.59,47.6,47.35,47.45,435133
2015-11-02 11:00:00,47.45,47.47,47.36,47.4,472467
2015-11-02 11:15:00,47.4,47.525,47.37,47.525,534634
2015-11-02 11:30:00,47.53,47.55,47.49,47.5,587758
2015-11-02 11:45:00,47.51,47.52,47.4,47.4,677419
2015-11-02 12:00:00,47.4,47.47,47.39,47.43,726826
2015-11-02 12:15:00,47.43,47.58,47.42,47.43,802958
2015-11-02 12:30:00,47.43,47.55,47.43,47.54,869942
2015-11-02 12:45:00,47.545,47.55,47.47,47.5,922405
2015-11-02 13:00:00,47.51,47.52,47.45,47.46,987537
2015-11-02 13:15:00,47.46,47.495,47.44,47.485,1083498
2015-11-02 13:30:00,47.48,47.51,47.47,47.495,1179331
2015-11-02 13:45:00,47.49,47.65,47.49,47.61,1280969
2015-11-02 14:00:00,47.61,47.64,47.585,47.62,1379765
2015-11-02 14:15:00,47.62,47.65,47.57,47.5899,1482316
2015-11-02 14:30:00,47.5899,47.61,47.54,47.595,1607683
2015-11-02 14:45:00,47.6,47.74,47.54,47.68,1826320
2015-11-02 15:00:00,47.685,47.9,47.67,47.9,1895378
2015-11-02 15:15:00,47.89,47.92,47.84,47.85,1940506
2015-11-02 15:30:00,47.85,47.87,47.82,47.82,2018370
2015-11-02 15:45:00,47.83,47.9,47.82,47.84,2110006
2015-11-02 16:00:00,47.84,47.86,47.64,47.71,2412680
2015-11-03 09:45:00,47.67,47.69,47.48,47.63,43734
2015-11-03 10:00:00,47.65,47.65,47.45,47.51,95868
2015-11-03 10:15:00,47.51,47.61,47.5,47.51,143871
2015-11-03 10:30:00,47.515,47.59,47.5,47.54,171800
2015-11-03 10:45:00,47.53,47.575,47.51,47.55,206803
2015-11-03 11:00:00,47.57,47.77,47.535,47.73,284690
2015-11-03 11:15:00,47.74,47.74,47.63,47.66,343845
2015-11-03 11:30:00,47.665,47.67,47.565,47.655,373395
2015-11-03 11:45:00,47.66,47.665,47.6,47.64,408723
2015-11-03 12:00:00,47.63,47.63,47.53,47.56,450003
2015-11-03 12:15:00,47.55,47.567,47.45,47.47,516282
2015-11-03 12:30:00,47.47,47.5,47.4535,47.495,534511
2015-11-03 12:45:00,47.5,47.52,47.41,47.5,567712
2015-11-03 13:00:00,47.5,47.65,47.5,47.585,592030
2015-11-03 13:15:00,47.6,47.63,47.565,47.62,625398
2015-11-03 13:30:00,47.62,47.63,47.58,47.6,670375
2015-11-03 13:45:00,47.605,47.68,47.59,47.64,698451
2015-11-03 14:00:00,47.63,47.64,47.53,47.56,740742
2015-11-03 14:15:00,47.55,47.82,47.55,47.805,829520
2015-11-03 14:30:00,47.8,47.82,47.7,47.8,889393
2015-11-03 14:45:00,47.83,47.85,47.75,47.8,961108
2015-11-03 15:00:00,47.805,47.85,47.74,47.75,1032271
2015-11-03 15:15:00,47.75,47.85,47.713,47.82,1136341
2015-11-03 15:30:00,47.82,47.83,47.75,47.75,1222523
2015-11-03 15:45:00,47.77,47.81,47.7485,47.75,1300208
2015-11-03 16:00:00,47.76,47.8,47.74,47.78,1430233
2015-11-04 09:45:00,47.75,47.93,47.75,47.795,56936
2015-11-04 10:00:00,47.81,47.915,47.75,47.75,224017
2015-11-04 10:15:00,47.77,47.85,47.7,47.8,270616
2015-11-04 10:30:00,47.77,47.87,47.75,47.86,320948
2015-11-04 10:45:00,47.87,47.88,47.73,47.77,438403
2015-11-04 11:00:00,47.78,47.78,47.64,47.72,578432
2015-11-04 11:15:00,47.7,47.73,47.5779,47.61,665717
2015-11-04 11:30:00,47.6,47.72,47.54,47.57,697504
2015-11-04 11:45:00,47.59,47.61,47.54,47.54,721857
2015-11-04 12:00:00,47.54,47.57,47.47,47.49,745719
2015-11-04 12:15:00,47.4901,47.565,47.48,47.56,763581
2015-11-04 12:30:00,47.56,47.57,47.445,47.45,792804
2015-11-04 12:45:00,47.455,47.46,47.395,47.45,815255
2015-11-04 13:00:00,47.46,47.505,47.43,47.505,830642
2015-11-04 13:15:00,47.5,47.515,47.44,47.46,879663
2015-11-04 13:30:00,47.48,47.51,47.45,47.5,896810
2015-11-04 13:45:00,47.51,47.65,47.51,47.65,920699
2015-11-04 14:00:00,47.64,47.75,47.6,47.74,947701
2015-11-04 14:15:00,47.74,47.82,47.71,47.805,973072
2015-11-04 14:30:00,47.81,47.83,47.73,47.75,1027826
2015-11-04 14:45:00,47.74,47.8,47.73,47.75,1089237
2015-11-04 15:00:00,47.755,47.77,47.73,47.74,1124189
2015-11-04 15:15:00,47.75,47.7799,47.66,47.69,1185466
2015-11-04 15:30:00,47.69,47.71,47.66,47.69,1234849
2015-11-04 15:45:00,47.689,47.69,47.58,47.63,1294395
2015-11-04 16:00:00,47.62,47.6299,47.52,47.6,1491130
2015-11-05 09:45:00,47.49,47.61,47.42,47.58,69901
2015-11-05 10:00:00,47.58,47.59,47.44,47.52,111290
2015-11-05 10:15:00,47.51,47.53,47.31,47.31,152711
2015-11-05 10:30:00,47.34,47.35,47.17,47.17,177994
2015-11-05 10:45:00,47.16,47.32,47.1056,47.29,232367
2015-11-05 11:00:00,47.3,47.35,47.24,47.33,325224
2015-11-05 11:15:00,47.31,47.4525,47.31,47.45,353483
2015-11-05 11:30:00,47.44,47.63,47.44,47.59,529257
2015-11-05 11:45:00,47.585,47.61,47.53,47.57,579839
2015-11-05 12:00:00,47.57,47.747,47.57,47.71,608886
2015-11-05 12:15:00,47.71,47.78,47.62,47.63,635448
2015-11-05 12:30:00,47.65,47.78,47.65,47.76,655478
2015-11-05 12:45:00,47.78,47.79,47.695,47.73,672631
2015-11-05 13:00:00,47.73,47.76,47.71,47.745,729553
2015-11-05 13:15:00,47.75,47.765,47.7,47.74,749570
2015-11-05 13:30:00,47.7301,47.76,47.59,47.62,772119
2015-11-05 13:45:00,47.62,47.75,47.62,47.73,787249
2015-11-05 14:00:00,47.74,47.77,47.69,47.73,812759
2015-11-05 14:15:00,47.75,47.77,47.67,47.69,834774
2015-11-05 14:30:00,47.68,47.7077,47.59,47.59,873350
2015-11-05 14:45:00,47.59,47.66,47.555,47.64,912472
2015-11-05 15:00:00,47.64,47.755,47.615,47.755,947533
2015-11-05 15:15:00,47.75,47.76,47.69,47.7,971092
2015-11-05 15:30:00,47.69,47.78,47.69,47.755,1057493
2015-11-05 15:45:00,47.755,47.85,47.73,47.82,1153327
2015-11-05 16:00:00,47.82,47.85,47.775,47.84,1341757
2015-11-06 09:45:00,47.74,48.39,47.74,48.0,94157
2015-11-06 10:00:00,47.96,48.02,47.61,47.615,232263
2015-11-06 10:15:00,47.62,47.74,47.52,47.7,309691
2015-11-06 10:30:00,47.7,47.79,47.64,47.78,416731
2015-11-06 10:45:00,47.74,47.91,47.74,47.86,435187
2015-11-06 11:00:00,47.86,47.8789,47.69,47.75,477311
2015-11-06 11:15:00,47.74,47.84,47.73,47.825,517845
2015-11-06 11:30:00,47.825,47.825,47.65,47.73,559888
2015-11-06 11:45:00,47.735,47.775,47.63,47.66,585655
2015-11-06 12:00:00,47.67,47.81,47.67,47.73,608728
2015-11-06 12:15:00,47.74,47.8,47.69,47.77,640444
2015-11-06 12:30:00,47.78,47.78,47.67,47.77,696209
2015-11-06 12:45:00,47.76,47.85,47.71,47.83,725561
2015-11-06 13:00:00,47.83,47.9,47.79,47.8983,749078
2015-11-06 13:15:00,47.9,48.03,47.89,48.015,788238
2015-11-06 13:30:00,48.0199,48.17,48.0199,48.17,814415
2015-11-06 13:45:00,48.17,48.17,48.04,48.04,853371
2015-11-06 14:00:00,48.03,48.1,47.99,48.08,946475
2015-11-06 14:15:00,48.071,48.14,48.0,48.0,1002785
2015-11-06 14:30:00,48.0,48.01,47.91,48.0,1070102
2015-11-06 14:45:00,48.0,48.0,47.905,47.98,1116999
2015-11-06 15:00:00,47.98,48.02,47.97,48.0,1159877
2015-11-06 15:15:00,48.0,48.07,47.97,47.9931,1201158
2015-11-06 15:30:00,47.99,47.99,47.92,47.925,1251160
2015-11-06 15:45:00,47.93,48.01,47.91,47.97,1315478
2015-11-06 16:00:00,47.96,48.05,47.93,48.04,1645759
2015-11-09 09:45:00,47.73,48.05,47.73,47.85,46769
2015-11-09 10:00:00,47.84,47.96,47.83,47.95,83066
2015-11-09 10:15:00,47.96,48.01,47.945,48.0,115133
2015-11-09 10:30:00,48.0,48.02,47.835,47.84,163159
2015-11-09 10:45:00,47.84,47.94,47.81,47.93,186760
2015-11-09 11:00:00,47.94,47.96,47.885,47.89,220847
2015-11-09 11:15:00,47.89,47.92,47.85,47.9,280965
2015-11-09 11:30:00,47.89,47.89,47.75,47.76,308558
2015-11-09 11:45:00,47.77,47.85,47.769,47.78,335230
2015-11-09 12:00:00,47.78,47.8,47.7,47.7,356555
2015-11-09 12:15:00,47.71,47.8,47.64,47.78,377033
2015-11-09 12:30:00,47.8,47.8,47.72,47.75,395121
2015-11-09 12:45:00,47.74,47.85,47.725,47.84,420864
2015-11-09 13:00:00,47.85,47.885,47.839,47.88,444253
2015-11-09 13:15:00,47.88,47.8925,47.81,47.81,482497
2015-11-09 13:30:00,47.82,47.89,47.8,47.885,500704
2015-11-09 13:45:00,47.89,48.02,47.88,48.0,532280
2015-11-09 14:00:00,47.98,48.0,47.89,47.94,564998
2015-11-09 14:15:00,47.94,47.9901,47.9,47.99,592746
2015-11-09 14:30:00,47.98,47.98,47.94,47.9692,614161
2015-11-09 14:45:00,47.96,48.0,47.91,47.91,647269
2015-11-09 15:00:00,47.91,47.925,47.87,47.89,695531
2015-11-09 15:15:00,47.89,47.89,47.83,47.86,734695
2015-11-09 15:30:00,47.86,47.89,47.79,47.87,779052
2015-11-09 15:45:00,47.87,47.93,47.86,47.91,866784
2015-11-09 16:00:00,47.91,48.0,47.84,47.87,1042948
2015-11-10 09:45:00,47.66,48.0,47.66,47.79,44333
2015-11-10 10:00:00,47.76,47.97,47.705,47.84,100471
2015-11-10 10:15:00,47.87,47.9,47.78,47.83,129216
2015-11-10 10:30:00,47.85,47.87,47.76,47.795,157453
2015-11-10 10:45:00,47.79,47.82,47.595,47.65,236813
2015-11-10 11:00:00,47.65,47.7,47.575,47.68,270447
2015-11-10 11:15:00,47.67,47.75,47.39,47.4,320752
2015-11-10 11:30:00,47.41,47.48,47.3075,47.33,381584
2015-11-10 11:45:00,47.35,47.5456,47.34,47.53,416778
2015-11-10 12:00:00,47.52,47.56,47.49,47.51,466460
2015-11-10 12:15:00,47.49,47.56,47.49,47.53,532164
2015-11-10 12:30:00,47.54,47.55,47.49,47.49,559677
2015-11-10 12:45:00,47.48,47.5,47.4,47.43,599203
2015-11-10 13:00:00,47.43,47.52,47.42,47.51,623714
2015-11-10 13:15:00,47.5,47.54,47.48,47.53,642209
2015-11-10 13:30:00,47.54,47.55,47.5,47.54,656798
2015-11-10 13:45:00,47.55,47.58,47.5,47.51,681410
2015-11-10 14:00:00,47.51,47.515,47.47,47.48,722101
2015-11-10 14:15:00,47.48,47.52,47.45,47.455,760859
2015-11-10 14:30:00,47.46,47.485,47.37,47.378,812646
2015-11-10 14:45:00,47.38,47.43,47.35,47.43,856274
2015-11-10 15:00:00,47.43,47.53,47.42,47.52,887115
2015-11-10 15:15:00,47.51,47.54,47.48,47.54,927513
2015-11-10 15:30:00,47.53,47.55,47.48,47.5,978465
2015-11-10 15:45:00,47.51,47.53,47.48,47.52,1031991
2015-11-10 16:00:00,47.52,47.54,47.42,47.5,1192070
2015-11-11 09:45:00,47.71,47.8,47.49,47.57,46392
2015-11-11 10:00:00,47.57,47.64,47.37,47.4,78486
2015-11-11 10:15:00,47.4,47.56,47.39,47.39,110999
2015-11-11 10:30:00,47.4,47.5,47.39,47.47,133757
2015-11-11 10:45:00,47.47,47.49,47.35,47.45,152541
2015-11-11 11:00:00,47.45,47.53,47.45,47.46,190511
2015-11-11 11:15:00,47.46,47.505,47.44,47.49,223082
2015-11-11 11:30:00,47.49,47.51,47.47,47.475,247673
2015-11-11 11:45:00,47.48,47.49,47.41,47.45,288864
2015-11-11 12:00:00,47.45,47.52,47.435,47.51,321797
2015-11-11 12:15:00,47.5,47.51,47.46,47.5,343162
2015-11-11 12:30:00,47.51,47.68,47.5025,47.67,395109
2015-11-11 12:45:00,47.67,47.73,47.655,47.72,426387
2015-11-11 13:00:00,47.715,47.76,47.71,47.73,449366
2015-11-11 13:15:00,47.73,47.73,47.6,47.605,472812
2015-11-11 13:30:00,47.6,47.605,47.485,47.5,501959
2015-11-11 13:45:00,47.49,47.495,47.4,47.46,534014
2015-11-11 14:00:00,47.455,47.5,47.43,47.43,565424
2015-11-11 14:15:00,47.42,47.51,47.42,47.5,592010
2015-11-11 14:30:00,47.505,47.61,47.48,47.605,620663
2015-11-11 14:45:00,47.61,47.62,47.45,47.46,659474
2015-11-11 15:00:00,47.46,47.48,47.43,47.43,698855
2015-11-11 15:15:00,47.43,47.48,47.34,47.48,750817
2015-11-11 15:30:00,47.49,47.57,47.49,47.51,809538
2015-11-11 15:45:00,47.5,47.52,47.37,47.51,874571
2015-11-11 16:00:00,47.51,47.56,47.48,47.52,998629
2015-11-12 09:45:00,47.05,47.35,47.05,47.285,54822
2015-11-12 10:00:00,47.27,47.45,47.25,47.36,79540
2015-11-12 10:15:00,47.36,47.36,47.16,47.26,104300
2015-11-12 10:30:00,47.27,47.355,47.27,47.335,143601
2015-11-12 10:45:00,47.33,47.5099,47.29,47.5099,184799
2015-11-12 11:00:00,47.5,47.63,47.48,47.6,248097
2015-11-12 11:15:00,47.6,47.62,47.5,47.52,280345
2015-11-12 11:30:00,47.532,47.54,47.48,47.49,296907
2015-11-12 11:45:00,47.5,47.505,47.385,47.42,320694
2015-11-12 12:00:00,47.42,47.47,47.4,47.47,354032
2015-11-12 12:15:00,47.48,47.525,47.34,47.35,400524
2015-11-12 12:30:00,47.35,47.35,47.275,47.29,414740
2015-11-12 12:45:00,47.29,47.36,47.29,47.36,436451
2015-11-12 13:00:00,47.35,47.45,47.35,47.435,455059
2015-11-12 13:15:00,47.44,47.47,47.405,47.45,473107
2015-11-12 13:30:00,47.44,47.525,47.44,47.51,492190
2015-11-12 13:45:00,47.51,47.54,47.46,47.49,531927
2015-11-12 14:00:00,47.48,47.56,47.46,47.53,576656
2015-11-12 14:15:00,47.54,47.56,47.44,47.45,602302
2015-11-12 14:30:00,47.452,47.46,47.37,47.46,623062
2015-11-12 14:45:00,47.47,47.47,47.36,47.38,649539
2015-11-12 15:00:00,47.38,47.38,47.26,47.32,681412
2015-11-12 15:15:00,47.315,47.34,47.25,47.34,717725
2015-11-12 15:30:00,47.31,47.4,47.3,47.37,741832
2015-11-12 15:45:00,47.37,47.37,47.25,47.27,776545
2015-11-12 16:00:00,47.27,47.31,47.18,47.19,859799
2015-11-13 09:45:00,47.12,47.34,47.07,47.24,30958
2015-11-13 10:00:00,47.22,47.22,46.97,47.0,60548
2015-11-13 10:15:00,46.98,47.01,46.81,46.825,83040
2015-11-13 10:30:00,46.8103,46.85,46.73,46.79,139373
2015-11-13 10:45:00,46.78,46.85,46.75,46.82,159603
2015-11-13 11:00:00,46.83,46.85,46.77,46.83,184459
2015-11-13 11:15:00,46.83,46.83,46.76,46.77,212432
2015-11-13 11:30:00,46.76,46.81,46.66,46.75,229665
2015-11-13 11:45:00,46.74,46.8,46.71,46.72,254726
2015-11-13 12:00:00,46.75,46.87,46.74,46.87,266608
2015-11-13 12:15:00,46.89,47.05,46.87,47.0,308939
2015-11-13 12:30:00,47.0,47.01,46.86,46.86,333017
2015-11-13 12:45:00,46.82,46.85,46.74,46.79,361784
2015-11-13 13:00:00,46.78,46.78,46.65,46.71,393401
2015-11-13 13:15:00,46.73,46.73,46.52,46.58,422568
2015-11-13 13:30:00,46.57,46.66,46.46,46.66,461316
2015-11-13 13:45:00,46.66,46.67,46.57,46.6,474583
2015-11-13 14:00:00,46.56,46.63,46.54,46.56,494912
2015-11-13 14:15:00,46.56,46.71,46.54,46.7,518396
2015-11-13 14:30:00,46.68,46.74,46.63,46.64,545239
2015-11-13 14:45:00,46.66,46.72,46.65,46.72,582981
2015-11-13 15:00:00,46.72,46.72,46.46,46.505,614861
2015-11-13 15:15:00,46.5,46.59,46.49,46.59,635697
2015-11-13 15:30:00,46.6,46.6,46.35,46.42,699050
2015-11-13 15:45:00,46.41,46.52,46.41,46.45,740877
2015-11-13 16:00:00,46.46,46.53,46.4,46.45,881850
2015-11-16 09:45:00,46.32,46.48,46.05,46.39,106741
2015-11-16 10:00:00,46.39,46.5,46.36,46.41,143142
2015-11-16 10:15:00,46.4,46.42,46.31,46.414,212960
2015-11-16 10:30:00,46.4,46.4,46.16,46.16,325839
2015-11-16 10:45:00,46.16,46.22,46.06,46.19,429303
2015-11-16 11:00:00,46.21,46.28,46.17,46.28,498295
2015-11-16 11:15:00,46.29,46.3295,46.2,46.23,540007
2015-11-16 11:30:00,46.24,46.35,46.23,46.25,559835
2015-11-16 11:45:00,46.28,46.45,46.28,46.44,579522
2015-11-16 12:00:00,46.44,46.56,46.43,46.45,643366
2015-11-16 12:15:00,46.46,46.465,46.32,46.36,689207
2015-11-16 12:30:00,46.37,46.43,46.31,46.42,763011
2015-11-16 12:45:00,46.43,46.475,46.42,46.43,845290
2015-11-16 13:00:00,46.44,46.44,46.33,46.33,870285
2015-11-16 13:15:00,46.34,46.415,46.33,46.34,893729
2015-11-16 13:30:00,46.34,46.36,46.28,46.36,970973
2015-11-16 13:45:00,46.36,46.39,46.35,46.37,1003267
2015-11-16 14:00:00,46.37,46.405,46.35,46.38,1040348
2015-11-16 14:15:00,46.38,46.44,46.37,46.4178,1100229
2015-11-16 14:30:00,46.41,46.46,46.385,46.395,1142143
2015-11-16 14:45:00,46.4,46.45,46.36,46.39,1222335
2015-11-16 15:00:00,46.39,46.44,46.365,46.43,1325644
2015-11-16 15:15:00,46.43,46.51,46.43,46.49,1418584
2015-11-16 15:30:00,46.48,46.65,46.48,46.6,1515663
2015-11-16 15:45:00,46.6,46.735,46.57,46.67,1633948
2015-11-16 16:00:00,46.68,46.84,46.675,46.83,1947018
2015-11-17 09:45:00,46.8,46.84,46.68,46.77,102537
2015-11-17 10:00:00,46.745,46.75,46.51,46.65,240662
2015-11-17 10:15:00,46.64,46.84,46.63,46.825,283130
2015-11-17 10:30:00,46.82,46.885,46.76,46.84,378563
2015-11-17 10:45:00,46.8477,46.9999,46.83,46.915,467957
2015-11-17 11:00:00,46.91,47.0,46.9,46.92,565498
2015-11-17 11:15:00,46.92,46.92,46.82,46.82,607224
2015-11-17 11:30:00,46.83,46.929,46.825,46.92,636064
2015-11-17 11:45:00,46.92,46.97,46.85,46.88,697104
2015-11-17 12:00:00,46.87,46.9,46.83,46.895,721489
2015-11-17 12:15:00,46.895,47.0,46.89,46.93,757077
2015-11-17 12:30:00,46.92,46.95,46.84,46.863,769531
2015-11-17 12:45:00,46.84,46.855,46.72,46.75,786436
2015-11-17 13:00:00,46.76,46.77,46.7,46.75,799826
2015-11-17 13:15:00,46.755,46.82,46.75,46.82,838482
2015-11-17 13:30:00,46.82,46.82,46.67,46.69,870854
2015-11-17 13:45:00,46.69,46.77,46.67,46.76,912288
2015-11-17 14:00:00,46.74,46.83,46.73,46.83,946992
2015-11-17 14:15:00,46.83,46.86,46.8182,46.845,968972
2015-11-17 14:30:00,46.85,46.86,46.72,46.73,992031
2015-11-17 14:45:00,46.72,46.72,46.61,46.61,1023402
2015-11-17 15:00:00,46.62,46.73,46.5919,46.72,1077994
2015-11-17 15:15:00,46.72,46.72,46.58,46.62,1130652
2015-11-17 15:30:00,46.61,46.69,46.58,46.65,1298481
2015-11-17 15:45:00,46.64,46.68,46.59,46.65,1412201
2015-11-17 16:00:00,46.64,46.71,46.6,46.645,1600945
2015-11-18 09:45:00,47.08,47.08,46.71,46.984,170696
2015-11-18 10:00:00,47.01,47.22,47.005,47.08,209290
2015-11-18 10:15:00,47.09,47.36,47.07,47.29,277944
2015-11-18 10:30:00,47.28,47.41,47.26,47.34,372496
2015-11-18 10:45:00,47.32,47.46,47.25,47.3,471050
2015-11-18 11:00:00,47.3,47.5,47.27,47.495,503456
2015-11-18 11:15:00,47.49,47.81,47.44,47.8,597343
2015-11-18 11:30:00,47.81,47.88,47.725,47.86,644910
2015-11-18 11:45:00,47.86,47.93,47.84,47.9,669889
2015-11-18 12:00:00,47.9,47.99,47.78,47.81,713928
2015-11-18 12:15:00,47.8,47.85,47.75,47.83,781507
2015-11-18 12:30:00,47.83,47.83,47.715,47.74,888971
2015-11-18 12:45:00,47.74,47.74,47.64,47.645,914830
2015-11-18 13:00:00,47.64,47.7,47.64,47.68,932921
2015-11-18 13:15:00,47.68,47.685,47.58,47.59,1000486
2015-11-18 13:30:00,47.59,47.61,47.555,47.58,1048890
2015-11-18 13:45:00,47.59,47.6199,47.58,47.61,1079253
2015-11-18 14:00:00,47.61,47.645,47.56,47.5603,1098057
2015-11-18 14:15:00,47.56,47.74,47.54,47.7,1225819
2015-11-18 14:30:00,47.66,47.705,47.51,47.55,1348238
2015-11-18 14:45:00,47.57,47.6,47.49,47.54,1392210
2015-11-18 15:00:00,47.54,47.56,47.485,47.52,1475275
2015-11-18 15:15:00,47.53,47.61,47.52,47.6,1514282
2015-11-18 15:30:00,47.62,47.63,47.54,47.59,1564090
2015-11-18 15:45:00,47.6,47.74,47.57,47.73,1672367
2015-11-18 16:00:00,47.72,47.96,47.72,47.88,1866055
2015-11-19 09:45:00,47.94,47.96,47.5,47.58,77354
2015-11-19 10:00:00,47.6,47.69,47.58,47.61,118771
2015-11-19 10:15:00,47.58,47.64,47.5,47.59,163945
2015-11-19 10:30:00,47.59,47.6,47.49,47.56,192779
2015-11-19 10:45:00,47.55,47.71,47.55,47.67,218211
2015-11-19 11:00:00,47.67,47.68,47.55,47.68,246528
2015-11-19 11:15:00,47.68,47.75,47.65,47.66,274364
2015-11-19 11:30:00,47.66,47.71,47.59,47.65,298718
2015-11-19 11:45:00,47.65,47.68,47.53,47.62,325568
2015-11-19 12:00:00,47.62,47.6244,47.45,47.56,360463
2015-11-19 12:15:00,47.56,47.66,47.55,47.6,377172
2015-11-19 12:30:00,47.62,47.63,47.58,47.6,393323
2015-11-19 12:45:00,47.595,47.64,47.59,47.61,420879
2015-11-19 13:00:00,47.62,47.74,47.62,47.74,436172
2015-11-19 13:15:00,47.75,47.9,47.71,47.9,504226
2015-11-19 13:30:00,47.9,47.925,47.88,47.915,542374
2015-11-19 13:45:00,47.905,47.905,47.8,47.875,564200
2015-11-19 14:00:00,47.875,47.91,47.85,47.86,586337
2015-11-19 14:15:00,47.86,47.86,47.8,47.82,599673
2015-11-19 14:30:00,47.82,47.91,47.8,47.91,623854
2015-11-19 14:45:00,47.91,47.93,47.84,47.87,650582
2015-11-19 15:00:00,47.86,47.94,47.835,47.92,685117
2015-11-19 15:15:00,47.91,47.92,47.84,47.86,714913
2015-11-19 15:30:00,47.86,47.87,47.78,47.83,756568
2015-11-19 15:45:00,47.83,47.85,47.71,47.71,818932
2015-11-19 16:00:00,47.71,47.74,47.64,47.65,1005276
2015-11-20 09:45:00,47.96,47.96,47.37,47.43,181217
2015-11-20 10:00:00,47.43,47.56,47.42,47.56,226696
2015-11-20 10:15:00,47.56,47.67,47.46,47.67,298710
2015-11-20 10:30:00,47.6815,47.71,47.65,47.68,316837
2015-11-20 10:45:00,47.66,47.74,47.63,47.69,339479
2015-11-20 11:00:00,47.68,47.74,47.585,47.585,363406
2015-11-20 11:15:00,47.57,47.67,47.555,47.6,377414
2015-11-20 11:30:00,47.62,47.71,47.62,47.66,405221
2015-11-20 11:45:00,47.665,47.665,47.58,47.6,427389
2015-11-20 12:00:00,47.6,47.61,47.55,47.61,445240
2015-11-20 12:15:00,47.61,47.64,47.6,47.6,459833
2015-11-20 12:30:00,47.59,47.65,47.59,47.64,476265
2015-11-20 12:45:00,47.64,47.68,47.62,47.67,494926
2015-11-20 13:00:00,47.66,47.68,47.56,47.56,515922
2015-11-20 13:15:00,47.57,47.66,47.57,47.62,531231
2015-11-20 13:30:00,47.62,47.67,47.6,47.64,550112
2015-11-20 13:45:00,47.634,47.66,47.58,47.6,570551
2015-11-20 14:00:00,47.61,47.65,47.61,47.65,586166
2015-11-20 14:15:00,47.64,47.68,47.62,47.63,611160
2015-11-20 14:30:00,47.63,47.74,47.62,47.7,631157
2015-11-20 14:45:00,47.69,47.72,47.66,47.68,668227
2015-11-20 15:00:00,47.68,47.68,47.6,47.6,694025
2015-11-20 15:15:00,47.61,47.66,47.5674,47.65,715268
2015-11-20 15:30:00,47.65,47.69,47.61,47.68,760954
2015-11-20 15:45:00,47.68,47.68,47.645,47.66,834459
2015-11-20 16:00:00,47.66,47.74,47.655,47.72,959469
2015-11-23 09:45:00,47.71,47.73,47.47,47.6,22657
2015-11-23 10:00:00,47.59,47.7,47.54,47.58,57261
2015-11-23 10:15:00,47.59,47.68,47.58,47.68,117969
2015-11-23 10:30:00,47.675,47.68,47.56,47.61,181036
2015-11-23 10:45:00,47.635,47.66,47.57,47.57,211474
2015-11-23 11:00:00,47.575,47.58,47.52,47.56,234657
2015-11-23 11:15:00,47.56,47.58,47.5,47.57,265851
2015-11-23 11:30:00,47.57,47.65,47.51,47.54,314874
2015-11-23 11:45:00,47.54,47.66,47.52,47.635,340461
2015-11-23 12:00:00,47.635,47.64,47.59,47.611,362909
2015-11-23 12:15:00,47.615,47.615,47.56,47.6,382722
2015-11-23 12:30:00,47.6,47.63,47.56,47.61,401954
2015-11-23 12:45:00,47.6007,47.63,47.57,47.6,420235
2015-11-23 13:00:00,47.6,47.63,47.58,47.61,435188
2015-11-23 13:15:00,47.6,47.62,47.57,47.585,451543
2015-11-23 13:30:00,47.58,47.58,47.42,47.44,479815
2015-11-23 13:45:00,47.44,47.47,47.4,47.43,559004
2015-11-23 14:00:00,47.42,47.5,47.39,47.44,605068
2015-11-23 14:15:00,47.44,47.46,47.4,47.42,652911
2015-11-23 14:30:00,47.42,47.44,47.4,47.44,684413
2015-11-23 14:45:00,47.43,47.438,47.4,47.42,735738
2015-11-23 15:00:00,47.43,47.45,47.4,47.4,768459
2015-11-23 15:15:00,47.4,47.435,47.4,47.41,801016
2015-11-23 15:30:00,47.41,47.43,47.4,47.43,848215
2015-11-23 15:45:00,47.43,47.44,47.28,47.29,944436
2015-11-23 16:00:00,47.29,47.36,47.22,47.27,1172379
2015-11-24 09:45:00,46.92,47.0,46.49,46.89,59132
2015-11-24 10:00:00,46.904,46.92,46.7,46.87,94827
2015-11-24 10:15:00,46.87,46.94,46.78,46.82,183159
2015-11-24 10:30:00,46.82,46.8707,46.81,46.82,231145
2015-11-24 10:45:00,46.82,46.85,46.75,46.8,278061
2015-11-24 11:00:00,46.81,46.885,46.8,46.86,350742
2015-11-24 11:15:00,46.86,46.91,46.8002,46.83,381154
2015-11-24 11:30:00,46.84,46.895,46.8,46.855,474161
2015-11-24 11:45:00,46.87,47.03,46.865,47.01,534003
2015-11-24 12:00:00,47.02,47.02,46.88,46.91,738889
2015-11-24 12:15:00,46.91,46.96,46.86,46.9,781301
2015-11-24 12:30:00,46.89,46.9,46.8,46.8607,812765
2015-11-24 12:45:00,46.865,46.87,46.8,46.8,844498
2015-11-24 13:00:00,46.805,46.84,46.8,46.8,885989
2015-11-24 13:15:00,46.805,46.93,46.8,46.9,921873
2015-11-24 13:30:00,46.895,46.98,46.85,46.97,980527
2015-11-24 13:45:00,46.98,47.02,46.85,46.92,1025206
2015-11-24 14:00:00,46.92,46.98,46.9,46.98,1075554
2015-11-24 14:15:00,46.97,47.04,46.925,46.93,1129270
2015-11-24 14:30:00,46.94,46.96,46.92,46.94,1157171
2015-11-24 14:45:00,46.95,47.06,46.93,47.05,1184202
2015-11-24 15:00:00,47.06,47.17,47.06,47.15,1218372
2015-11-24 15:15:00,47.155,47.155,47.05,47.0799,1315471
2015-11-24 15:30:00,47.08,47.08,46.96,46.96,1556906
2015-11-24 15:45:00,46.96,46.97,46.8946,46.96,1725758
2015-11-24 16:00:00,46.96,46.98,46.8807,46.96,1940762
2015-11-25 09:45:00,46.67,47.0397,46.64,46.76,105021
2015-11-25 10:00:00,46.79,46.88,46.65,46.88,123911
2015-11-25 10:15:00,46.87,46.93,46.8,46.83,256174
2015-11-25 10:30:00,46.85,46.8875,46.7,46.78,300591
2015-11-25 10:45:00,46.78,46.91,46.76,46.81,431232
2015-11-25 11:00:00,46.81,46.88,46.72,46.8,795734
2015-11-25 11:15:00,46.81,46.84,46.72,46.79,834509
2015-11-25 11:30:00,46.79,46.87,46.79,46.8,867473
2015-11-25 11:45:00,46.806,46.87,46.75,46.845,913208
2015-11-25 12:00:00,46.85,46.9107,46.83,46.88,1217443
2015-11-25 12:15:00,46.885,46.9,46.83,46.84,1275141
2015-11-25 12:30:00,46.84,46.85,46.81,46.8107,1311168
2015-11-25 12:45:00,46.815,46.83,46.741,46.741,1434013
2015-11-25 13:00:00,46.75,46.88,46.735,46.832,1570614
2015-11-25 13:15:00,46.85,46.87,46.83,46.835,1612719
2015-11-25 13:30:00,46.83,46.855,46.8,46.805,1688102
2015-11-25 13:45:00,46.805,46.825,46.72,46.73,1726488
2015-11-25 14:00:00,46.735,46.805,46.73,46.7635,1789255
2015-11-25 14:15:00,46.76,46.81,46.74,46.79,1854110
2015-11-25 14:30:00,46.8,46.8,46.76,46.761,1910936
2015-11-25 14:45:00,46.765,46.8,46.74,46.79,1939603
2015-11-25 15:00:00,46.795,46.81,46.77,46.81,1976900
2015-11-25 15:15:00,46.82,46.83,46.81,46.81,2017469
2015-11-25 15:30:00,46.82,46.85,46.79,46.849,2074304
2015-11-25 15:45:00,46.84,46.855,46.8,46.8407,2138081
2015-11-25 16:00:00,46.85,46.85,46.74,46.76,2282148
2015-11-27 09:45:00,46.61,46.66,46.33,46.62,53117
2015-11-27 10:00:00,46.62,46.73,46.61,46.66,75015
2015-11-27 10:15:00,46.65,46.71,46.59,46.66,103835
2015-11-27 10:30:00,46.67,46.77,46.65,46.71,126779
2015-11-27 10:45:00,46.72,46.845,46.72,46.84,142078
2015-11-27 11:00:00,46.84,46.9,46.83,46.9,165314
2015-11-27 11:15:00,46.91,47.08,46.91,47.08,189276
2015-11-27 11:30:00,47.08,47.08,46.98,46.99,208142
2015-11-27 11:45:00,46.99,47.01,46.94,46.95,231600
2015-11-27 12:00:00,46.95,46.96,46.92,46.945,257060
2015-11-27 12:15:00,46.95,46.978,46.92,46.96,286027
2015-11-27 12:30:00,46.9607,47.045,46.95,47.03,304336
2015-11-27 12:45:00,47.04,47.09,47.03,47.09,326850
2015-11-27 13:00:00,47.1,47.12,47.07,47.11,422295
2015-11-27 13:15:00,47.1,47.1,47.1,47.1,480805
2015-11-27 13:30:00,47.1,47.1,47.1,47.1,488239
2015-11-27 16:00:00,46.98,46.98,46.98,46.98,488339
2015-11-30 09:45:00,47.12,47.28,46.63,46.741,81325
2015-11-30 10:00:00,46.75,46.89,46.69,46.89,132147
2015-11-30 10:15:00,46.89,46.92,46.81,46.88,211892
2015-11-30 10:30:00,46.87,46.87,46.75,46.8,242349
2015-11-30 10:45:00,46.8,46.86,46.73,46.83,275128
2015-11-30 11:00:00,46.82,46.93,46.81,46.88,303209
2015-11-30 11:15:00,46.88,46.98,46.88,46.91,336391
2015-11-30 11:30:00,46.915,46.93,46.805,46.805,369032
2015-11-30 11:45:00,46.8,46.85,46.77,46.78,397313
2015-11-30 12:00:00,46.7899,46.82,46.765,46.8,417982
2015-11-30 12:15:00,46.8,46.855,46.79,46.83,449779
2015-11-30 12:30:00,46.82,46.9,46.82,46.89,479552
2015-11-30 12:45:00,46.89,46.94,46.8449,46.87,503227
2015-11-30 13:00:00,46.87,46.89,46.85,46.85,516396
2015-11-30 13:15:00,46.84,46.85,46.8,46.83,551555
2015-11-30 13:30:00,46.82,47.01,46.82,47.001,584496
2015-11-30 13:45:00,47.0,47.02,46.9701,46.98,606398
2015-11-30 14:00:00,46.98,47.05,46.97,47.02,647776
2015-11-30 14:15:00,47.03,47.05,46.98,46.98,673298
2015-11-30 14:30:00,46.98,47.02,46.97,46.98,696435
2015-11-30 14:45:00,46.97,47.02,46.96,47.01,719089
2015-11-30 15:00:00,47.02,47.02,46.97,46.975,749919
2015-11-30 15:15:00,46.98,46.98,46.89,46.9007,779442
2015-11-30 15:30:00,46.91,46.94,46.77,46.79,835927
2015-11-30 15:45:00,46.78,46.85,46.72,46.72,908990
2015-11-30 16:00:00,46.71,46.75,46.67,46.69,1210837
2015-12-01 09:45:00,46.93,47.2,46.66,47.06,93729
2015-12-01 10:00:00,47.06,47.09,46.8,47.05,175774
2015-12-01 10:15:00,47.06,47.06,46.92,46.96,222623
2015-12-01 10:30:00,46.96,47.04,46.88,47.04,291097
2015-12-01 10:45:00,47.03,47.0816,46.96,47.05,349213
2015-12-01 11:00:00,47.03,47.15,47.01,47.04,390993
2015-12-01 11:15:00,47.05,47.125,47.0,47.02,429557
2015-12-01 11:30:00,47.03,47.115,47.0,47.04,464525
2015-12-01 11:45:00,47.05,47.09,46.98,47.02,492916
2015-12-01 12:00:00,47.02,47.07,46.9807,47.02,516946
2015-12-01 12:15:00,47.02,47.1,47.02,47.0707,534178
2015-12-01 12:30:00,47.07,47.11,47.06,47.11,554709
2015-12-01 12:45:00,47.12,47.125,47.03,47.045,577829
2015-12-01 13:00:00,47.045,47.121,47.04,47.07,594733
2015-12-01 13:15:00,47.07,47.07,46.985,46.985,614509
2015-12-01 13:30:00,46.99,47.02,46.98,47.02,633457
2015-12-01 13:45:00,47.03,47.05,46.99,47.025,654448
2015-12-01 14:00:00,47.02,47.075,47.0,47.0,684335
2015-12-01 14:15:00,46.995,47.07,46.995,47.03,713868
2015-12-01 14:30:00,47.02,47.0506,47.0,47.04,755582
2015-12-01 14:45:00,47.04,47.1477,47.04,47.1207,802494
2015-12-01 15:00:00,47.12,47.235,47.12,47.17,845546
2015-12-01 15:15:00,47.17,47.27,47.16,47.24,935070
2015-12-01 15:30:00,47.24,47.3,47.17,47.295,1003720
2015-12-01 15:45:00,47.3,47.38,47.29,47.37,1084294
2015-12-01 16:00:00,47.37,47.49,47.32,47.46,1413063
2015-12-02 09:45:00,47.5,47.5,47.16,47.34,49815
2015-12-02 10:00:00,47.34,47.48,47.33,47.47,70421
2015-12-02 10:15:00,47.47,47.49,47.41,47.48,103812
2015-12-02 10:30:00,47.49,47.491,47.38,47.43,157537
2015-12-02 10:45:00,47.43,47.48,47.19,47.21,263438
2015-12-02 11:00:00,47.21,47.2499,47.14,47.15,286073
2015-12-02 11:15:00,47.16,47.34,47.05,47.26,343009
2015-12-02 11:30:00,47.26,47.26,47.143,47.15,382867
2015-12-02 11:45:00,47.155,47.155,47.0,47.0,444667
2015-12-02 12:00:00,47.0,47.265,47.0,47.1,554221
2015-12-02 12:15:00,47.1,47.16,47.06,47.111,572169
2015-12-02 12:30:00,47.11,47.11,47.04,47.1,590171
2015-12-02 12:45:00,47.1,47.12,47.025,47.1,604041
2015-12-02 13:00:00,47.11,47.11,47.01,47.01,619088
2015-12-02 13:15:00,47.01,47.03,46.995,47.011,644950
2015-12-02 13:30:00,47.01,47.055,47.0,47.05,664492
2015-12-02 13:45:00,47.06,47.085,47.0,47.0,686025
2015-12-02 14:00:00,47.0,47.04,47.0,47.0,733701
2015-12-02 14:15:00,47.0,47.02,46.88,46.92,806280
2015-12-02 14:30:00,46.92,46.92,46.83,46.83,822365
2015-12-02 14:45:00,46.83,46.83,46.72,46.73,850548
2015-12-02 15:00:00,46.73,46.73,46.455,46.46,1027127
2015-12-02 15:15:00,46.47,46.735,46.47,46.665,1150639
2015-12-02 15:30:00,46.66,46.69,46.64,46.645,1289528
2015-12-02 15:45:00,46.64,46.66,46.585,46.61,1436539
2015-12-02 16:00:00,46.6,46.66,46.5,46.64,1797884
2015-12-03 09:45:00,47.08,47.08,46.23,46.34,132851
2015-12-03 10:00:00,46.34,46.37,46.07,46.1,197356
2015-12-03 10:15:00,46.07,46.13,45.75,45.8,306065
2015-12-03 10:30:00,45.8,45.825,45.56,45.7,458121
2015-12-03 10:45:00,45.7125,45.98,45.7,45.98,648462
2015-12-03 11:00:00,45.997,46.19,45.99,46.16,699692
2015-12-03 11:15:00,46.16,46.195,46.08,46.08,761861
2015-12-03 11:30:00,46.09,46.095,45.99,46.05,818565
2015-12-03 11:45:00,46.06,46.06,45.98,46.0,876077
2015-12-03 12:00:00,45.99,46.02,45.96,46.0,920636
2015-12-03 12:15:00,46.0,46.09,45.875,45.88,1053089
2015-12-03 12:30:00,45.875,45.91,45.79,45.83,1119425
2015-12-03 12:45:00,45.83,45.94,45.8,45.916,1236664
2015-12-03 13:00:00,45.92,45.97,45.82,45.82,1300929
2015-12-03 13:15:00,45.83,45.86,45.79,45.83,1432541
2015-12-03 13:30:00,45.83,46.0,45.83,45.96,1515352
2015-12-03 13:45:00,45.96,45.975,45.86,45.86,1550842
2015-12-03 14:00:00,45.86,45.86,45.76,45.765,1596653
2015-12-03 14:15:00,45.76,45.79,45.74,45.75,1681153
2015-12-03 14:30:00,45.75,45.79,45.61,45.62,1773641
2015-12-03 14:45:00,45.625,45.625,45.4,45.47,1858048
2015-12-03 15:00:00,45.46,45.6,45.43,45.6,1968874
2015-12-03 15:15:00,45.61,45.67,45.59,45.595,2030024
2015-12-03 15:30:00,45.59,45.59,45.47,45.48,2087386
2015-12-03 15:45:00,45.48,45.58,45.4359,45.53,2194859
2015-12-03 16:00:00,45.52,45.69,45.49,45.66,2478471
2015-12-04 09:45:00,45.8,45.92,45.63,45.9,65384
2015-12-04 10:00:00,45.9,46.36,45.9,46.32,173340
2015-12-04 10:15:00,46.31,46.48,46.15,46.25,311947
2015-12-04 10:30:00,46.25,46.645,46.23,46.61,519797
2015-12-04 10:45:00,46.625,46.74,46.48,46.5,603016
2015-12-04 11:00:00,46.51,46.61,46.505,46.53,686844
2015-12-04 11:15:00,46.535,46.545,46.3999,46.42,930359
2015-12-04 11:30:00,46.41,46.425,46.28,46.2825,996031
2015-12-04 11:45:00,46.28,46.31,46.1603,46.23,1068430
2015-12-04 12:00:00,46.225,46.245,46.11,46.15,1124910
2015-12-04 12:15:00,46.17,46.29,46.11,46.26,1306535
2015-12-04 12:30:00,46.25,46.255,46.18,46.185,1338322
2015-12-04 12:45:00,46.18,46.415,46.18,46.4,1457313
2015-12-04 13:00:00,46.405,46.47,46.3389,46.3775,1523537
2015-12-04 13:15:00,46.37,46.7,46.36,46.7,1574495
2015-12-04 13:30:00,46.71,46.78,46.64,46.7,1615210
2015-12-04 13:45:00,46.691,46.7,46.45,46.53,1792192
2015-12-04 14:00:00,46.53,46.795,46.5,46.715,1997345
2015-12-04 14:15:00,46.72,46.78,46.69,46.78,2025897
2015-12-04 14:30:00,46.78,46.87,46.77,46.86,2065551
2015-12-04 14:45:00,46.87,46.96,46.86,46.9501,2110906
2015-12-04 15:00:00,46.95,46.97,46.85,46.88,2153467
2015-12-04 15:15:00,46.88,46.96,46.81,46.9549,2187500
2015-12-04 15:30:00,46.96,46.97,46.84,46.94,2225526
2015-12-04 15:45:00,46.93,46.93,46.8,46.88,2295195
2015-12-04 16:00:00,46.87,46.905,46.795,46.88,2462680
2015-12-07 09:45:00,46.66,46.9,46.6,46.78,87023
2015-12-07 10:00:00,46.78,46.91,46.69,46.745,113599
2015-12-07 10:15:00,46.74,46.81,46.685,46.7499,186667
2015-12-07 10:30:00,46.73,46.73,46.495,46.51,224664
2015-12-07 10:45:00,46.5,46.5,46.24,46.24,265917
2015-12-07 11:00:00,46.25,46.26,46.15,46.19,296897
2015-12-07 11:15:00,46.19,46.365,46.18,46.32,330642
2015-12-07 11:30:00,46.315,46.35,46.29,46.3,362200
2015-12-07 11:45:00,46.285,46.49,46.285,46.49,389916
2015-12-07 12:00:00,46.5,46.68,46.49,46.68,437339
2015-12-07 12:15:00,46.68,46.79,46.66,46.74,526224
2015-12-07 12:30:00,46.75,46.78,46.72,46.75,567726
2015-12-07 12:45:00,46.745,46.745,46.49,46.49,624207
2015-12-07 13:00:00,46.49,46.51,46.34,46.42,652105
2015-12-07 13:15:00,46.42,46.61,46.42,46.48,674820
2015-12-07 13:30:00,46.48,46.59,46.48,46.56,754987
2015-12-07 13:45:00,46.56,46.57,46.4,46.41,780741
2015-12-07 14:00:00,46.4,46.42,46.35,46.42,802482
2015-12-07 14:15:00,46.43,46.57,46.38,46.52,853965
2015-12-07 14:30:00,46.52,46.54,46.48,46.54,906681
2015-12-07 14:45:00,46.55,46.58,46.32,46.33,965078
2015-12-07 15:00:00,46.34,46.52,46.34,46.465,1056970
2015-12-07 15:15:00,46.46,46.485,46.38,46.39,1152411
2015-12-07 15:30:00,46.39,46.5,46.38,46.49,1199587
2015-12-07 15:45:00,46.49,46.65,46.42,46.625,1323036
2015-12-07 16:00:00,46.63,46.74,46.625,46.68,1549087
2015-12-08 09:45:00,46.19,46.39,45.68,45.85,87210
2015-12-08 10:00:00,45.85,46.04,45.84,45.94,200292
2015-12-08 10:15:00,45.98,46.09,45.9,46.005,271778
2015-12-08 10:30:00,46.005,46.01,45.9099,46.01,326951
2015-12-08 10:45:00,46.01,46.11,45.9399,46.03,451225
2015-12-08 11:00:00,46.04,46.15,46.02,46.09,486713
2015-12-08 11:15:00,46.115,46.28,46.09,46.11,532432
2015-12-08 11:30:00,46.11,46.2,46.03,46.03,591593
2015-12-08 11:45:00,46.0,46.03,45.9,45.98,634191
2015-12-08 12:00:00,45.98,46.06,45.96,46.0425,685097
2015-12-08 12:15:00,46.05,46.06,45.93,45.96,725540
2015-12-08 12:30:00,45.95,46.015,45.9,45.99,866900
2015-12-08 12:45:00,45.99,45.99,45.835,45.85,925094
2015-12-08 13:00:00,45.85,45.88,45.74,45.8,1018651
2015-12-08 13:15:00,45.8,45.82,45.73,45.73,1070371
2015-12-08 13:30:00,45.73,45.7399,45.58,45.6,1123963
2015-12-08 13:45:00,45.61,45.72,45.61,45.695,1237579
2015-12-08 14:00:00,45.695,45.76,45.67,45.72,1272653
2015-12-08 14:15:00,45.715,45.915,45.715,45.91,1339505
2015-12-08 14:30:00,45.915,45.92,45.8275,45.835,1386517
2015-12-08 14:45:00,45.84,45.84,45.62,45.63,1472700
2015-12-08 15:00:00,45.62,45.73,45.4739,45.48,1595644
2015-12-08 15:15:00,45.47,45.585,45.435,45.535,1724401
2015-12-08 15:30:00,45.54,45.59,45.515,45.585,1880793
2015-12-08 15:45:00,45.59,45.71,45.54,45.66,2121453
2015-12-08 16:00:00,45.66,45.77,45.605,45.62,2485077
2015-12-09 09:45:00,45.54,46.19,45.29,45.62,114910
2015-12-09 10:00:00,45.63,45.74,45.3,45.51,368510
2015-12-09 10:15:00,45.5,45.7,45.43,45.65,478685
2015-12-09 10:30:00,45.65,45.69,45.28,45.34,587708
2015-12-09 10:45:00,45.36,45.6,45.36,45.54,642522
2015-12-09 11:00:00,45.54,45.66,45.49,45.61,700223
2015-12-09 11:15:00,45.61,45.72,45.58,45.64,778115
2015-12-09 11:30:00,45.64,45.65,45.4,45.42,837661
2015-12-09 11:45:00,45.43,45.455,45.32,45.42,927972
2015-12-09 12:00:00,45.42,45.46,45.3,45.31,1036635
2015-12-09 12:15:00,45.32,45.51,45.32,45.4,1089557
2015-12-09 12:30:00,45.39,45.415,45.25,45.265,1160087
2015-12-09 12:45:00,45.26,45.26,44.89,45.02,1230877
2015-12-09 13:00:00,45.01,45.21,45.01,45.07,1271787
2015-12-09 13:15:00,45.06,45.19,45.03,45.07,1345711
2015-12-09 13:30:00,45.06,45.1,44.98,45.03,1387211
2015-12-09 13:45:00,45.04,45.04,44.91,44.99,1446590
2015-12-09 14:00:00,45.0,45.08,44.9,45.045,1493690
2015-12-09 14:15:00,45.04,45.06,44.98,45.05,1537859
2015-12-09 14:30:00,45.06,45.075,44.92,44.97,1594933
2015-12-09 14:45:00,44.96,45.05,44.95,45.03,1647084
2015-12-09 15:00:00,45.03,45.04,44.97,44.995,1714419
2015-12-09 15:15:00,44.99,45.08,44.97,45.02,1838562
2015-12-09 15:30:00,45.02,45.21,44.97,45.15,1934800
2015-12-09 15:45:00,45.155,45.25,45.135,45.155,2143998
2015-12-09 16:00:00,45.15,45.19,45.02,45.1,2730718
2015-12-10 09:45:00,45.0,45.59,44.83,45.52,106699
2015-12-10 10:00:00,45.53,45.55,45.28,45.33,160711
2015-12-10 10:15:00,45.33,45.445,45.33,45.445,217943
2015-12-10 10:30:00,45.44,45.7,45.42,45.6401,269115
2015-12-10 10:45:00,45.64,45.89,45.59,45.87,331178
2015-12-10 11:00:00,45.88,45.89,45.71,45.71,397744
2015-12-10 11:15:00,45.71,45.76,45.59,45.61,440036
2015-12-10 11:30:00,45.62,45.77,45.6,45.63,491146
2015-12-10 11:45:00,45.62,45.67,45.545,45.5575,554358
2015-12-10 12:00:00,45.57,45.7,45.55,45.68,596506
2015-12-10 12:15:00,45.69,45.71,45.62,45.66,648717
2015-12-10 12:30:00,45.65,45.78,45.64,45.76,678203
2015-12-10 12:45:00,45.76,45.8,45.68,45.78,726408
2015-12-10 13:00:00,45.78,45.92,45.76,45.89,769648
2015-12-10 13:15:00,45.89,45.89,45.76,45.87,803544
2015-12-10 13:30:00,45.85,45.88,45.8,45.815,839171
2015-12-10 13:45:00,45.82,45.87,45.805,45.83,874255
2015-12-10 14:00:00,45.82,45.88,45.81,45.85,912766
2015-12-10 14:15:00,45.84,45.9,45.78,45.78,957775
2015-12-10 14:30:00,45.79,45.97,45.79,45.945,1024610
2015-12-10 14:45:00,45.95,46.05,45.85,46.01,1095407
2015-12-10 15:00:00,46.015,46.02,45.87,45.92,1203708
2015-12-10 15:15:00,45.91,45.92,45.795,45.795,1303161
2015-12-10 15:30:00,45.79,45.86,45.665,45.81,1512124
2015-12-10 15:45:00,45.8,45.935,45.77,45.8,1661457
2015-12-10 16:00:00,45.8,45.83,45.66,45.7,1996563
2015-12-11 09:45:00,45.54,46.7799,45.19,46.07,457348
2015-12-11 10:00:00,46.03,46.26,45.93,46.0,882165
2015-12-11 10:15:00,46.005,46.26,45.96,46.195,1129316
2015-12-11 10:30:00,46.19,46.39,46.03,46.38,1424208
2015-12-11 10:45:00,46.4,46.52,46.29,46.29,1600492
2015-12-11 11:00:00,46.29,46.29,45.95,46.01,1726693
2015-12-11 11:15:00,46.0,46.07,45.98,46.02,1828102
2015-12-11 11:30:00,46.0154,46.13,45.995,46.1289,1940062
2015-12-11 11:45:00,46.12,46.27,46.05,46.265,2023979
2015-12-11 12:00:00,46.27,46.32,46.13,46.15,2096055
2015-12-11 12:15:00,46.15,46.15,45.97,46.05,2215437
2015-12-11 12:30:00,46.06,46.06,45.83,45.93,2350321
2015-12-11 12:45:00,45.92,45.92,45.68,45.72,2442180
2015-12-11 13:00:00,45.72,45.85,45.71,45.7968,2511372
2015-12-11 13:15:00,45.79,45.8999,45.74,45.845,2587561
2015-12-11 13:30:00,45.84,45.96,45.81,45.83,2661694
2015-12-11 13:45:00,45.83,45.9,45.76,45.82,2940697
2015-12-11 14:00:00,45.82,45.96,45.795,45.91,3117629
2015-12-11 14:15:00,45.915,46.04,45.86,45.88,3225615
2015-12-11 14:30:00,45.88,45.92,45.73,45.73,3423861
2015-12-11 14:45:00,45.73,45.95,45.73,45.8,3507103
2015-12-11 15:00:00,45.8,45.82,45.7,45.73,3597086
2015-12-11 15:15:00,45.72,45.735,45.5,45.5,3771504
2015-12-11 15:30:00,45.5,45.52,45.33,45.405,3978675
2015-12-11 15:45:00,45.4,45.48,45.32,45.36,4205053
2015-12-11 16:00:00,45.365,45.51,45.27,45.45,4646509
2015-12-14 09:45:00,45.44,45.48,45.03,45.19,110220
2015-12-14 10:00:00,45.18,45.34,44.965,44.965,143694
2015-12-14 10:15:00,44.95,45.13,44.84,44.87,257193
2015-12-14 10:30:00,44.9,45.15,44.46,44.5,412262
2015-12-14 10:45:00,44.49,44.85,44.485,44.82,576495
2015-12-14 11:00:00,44.81,44.82,44.68,44.68,663920
2015-12-14 11:15:00,44.69,44.71,44.36,44.42,774298
2015-12-14 11:30:00,44.43,44.53,44.39,44.44,830366
2015-12-14 11:45:00,44.43,44.7,44.39,44.64,913585
2015-12-14 12:00:00,44.63,44.755,44.47,44.69,1007581
2015-12-14 12:15:00,44.69,44.72,44.51,44.6,1073487
2015-12-14 12:30:00,44.6,44.83,44.58,44.78,1180019
2015-12-14 12:45:00,44.79,44.88,44.78,44.8,1231410
2015-12-14 13:00:00,44.8,44.92,44.75,44.91,1264199
2015-12-14 13:15:00,44.91,44.97,44.74,44.75,1334508
2015-12-14 13:30:00,44.75,44.75,44.595,44.61,1409300
2015-12-14 13:45:00,44.61,44.64,44.38,44.38,1461394
2015-12-14 14:00:00,44.37,44.44,44.35,44.37,1506092
2015-12-14 14:15:00,44.38,44.4,44.24,44.2875,1604507
2015-12-14 14:30:00,44.27,44.36,44.24,44.29,1681487
2015-12-14 14:45:00,44.29,44.345,44.245,44.25,1773208
2015-12-14 15:00:00,44.26,44.58,44.26,44.55,1902306
2015-12-14 15:15:00,44.55,44.6,44.33,44.33,2004933
2015-12-14 15:30:00,44.33,44.5,44.27,44.475,2117364
2015-12-14 15:45:00,44.47,44.61,44.45,44.5,2320665
2015-12-14 16:00:00,44.5,44.8397,44.49,44.79,2822146
2015-12-15 09:45:00,45.17,45.82,45.05,45.7,148617
2015-12-15 10:00:00,45.7,45.94,45.47,45.47,248167
2015-12-15 10:15:00,45.52,45.9,45.46,45.9,311769
2015-12-15 10:30:00,45.88,45.98,45.81,45.925,377863
2015-12-15 10:45:00,45.925,45.925,45.69,45.7,428731
2015-12-15 11:00:00,45.69,45.84,45.68,45.8,471493
2015-12-15 11:15:00,45.78,45.815,45.71,45.8,510577
2015-12-15 11:30:00,45.8,45.9501,45.79,45.91,556195
2015-12-15 11:45:00,45.91,45.985,45.745,45.8,682517
2015-12-15 12:00:00,45.8,45.92,45.77,45.79,730956
2015-12-15 12:15:00,45.79,45.91,45.76,45.83,766265
2015-12-15 12:30:00,45.83,45.93,45.83,45.93,804016
2015-12-15 12:45:00,45.92,46.14,45.92,46.13,867269
2015-12-15 13:00:00,46.13,46.2,46.11,46.12,918987
2015-12-15 13:15:00,46.12,46.14,46.08,46.12,981514
2015-12-15 13:30:00,46.12,46.12,45.91,46.06,1078462
2015-12-15 13:45:00,46.06,46.11,46.016,46.02,1120879
2015-12-15 14:00:00,46.03,46.09,46.03,46.05,1183074
2015-12-15 14:15:00,46.05,46.07,46.0,46.02,1258957
2015-12-15 14:30:00,46.02,46.125,46.02,46.075,1297353
2015-12-15 14:45:00,46.08,46.14,46.055,46.085,1344055
2015-12-15 15:00:00,46.09,46.1,46.06,46.095,1396330
2015-12-15 15:15:00,46.1,46.1,46.02,46.055,1468931
2015-12-15 15:30:00,46.06,46.1,46.02,46.07,1557744
2015-12-15 15:45:00,46.07,46.1,45.995,46.09,1680545
2015-12-15 16:00:00,46.08,46.125,45.99,46.08,1978832
2015-12-16 09:45:00,46.29,46.555,46.24,46.25,37832
2015-12-16 10:00:00,46.25,46.31,46.12,46.18,59666
2015-12-16 10:15:00,46.205,46.46,46.18,46.41,89156
2015-12-16 10:30:00,46.405,46.6,46.39,46.55,141815
2015-12-16 10:45:00,46.54,46.65,46.4,46.51,197543
2015-12-16 11:00:00,46.52,46.65,46.5,46.63,236121
2015-12-16 11:15:00,46.61,46.68,46.5,46.56,285660
2015-12-16 11:30:00,46.56,46.56,46.42,46.49,337568
2015-12-16 11:45:00,46.5,46.56,46.48,46.48,361465
2015-12-16 12:00:00,46.48,46.55,46.47,46.54,384418
2015-12-16 12:15:00,46.54,46.62,46.54,46.61,403107
2015-12-16 12:30:00,46.618,46.62,46.5275,46.59,415961
2015-12-16 12:45:00,46.58,46.82,46.58,46.76,525609
2015-12-16 13:00:00,46.77,46.81,46.765,46.785,646320
2015-12-16 13:15:00,46.7825,46.81,46.665,46.725,707911
2015-12-16 13:30:00,46.71,46.83,46.67,46.76,795619
2015-12-16 13:45:00,46.75,46.75,46.62,46.66,833694
2015-12-16 14:00:00,46.67,46.81,46.66,46.77,866527
2015-12-16 14:15:00,46.73,46.96,46.49,46.7699,939268
2015-12-16 14:30:00,46.75,46.79,46.598,46.66,1026031
2015-12-16 14:45:00,46.655,46.728,46.58,46.7,1076375
2015-12-16 15:00:00,46.69,46.99,46.66,46.95,1117496
2015-12-16 15:15:00,46.955,46.97,46.748,46.76,1191904
2015-12-16 15:30:00,46.77,46.9,46.75,46.9,1255818
2015-12-16 15:45:00,46.9,46.99,46.855,46.89,1388112
2015-12-16 16:00:00,46.89,47.01,46.885,46.98,1740206
2015-12-17 09:45:00,47.01,47.16,46.87,46.88,68651
2015-12-17 10:00:00,46.91,47.08,46.82,47.03,120394
2015-12-17 10:15:00,47.05,47.06,46.86,46.86,178609
2015-12-17 10:30:00,46.87,46.88,46.58,46.74,263804
2015-12-17 10:45:00,46.75,46.76,46.48,46.55,323253
2015-12-17 11:00:00,46.545,46.545,46.28,46.42,403340
2015-12-17 11:15:00,46.42,46.48,46.345,46.42,548090
2015-12-17 11:30:00,46.42,46.46,46.355,46.43,693055
2015-12-17 11:45:00,46.435,46.635,46.43,46.63,760964
2015-12-17 12:00:00,46.64,46.71,46.6,46.61,813793
2015-12-17 12:15:00,46.5892,46.59,46.46,46.57,829027
2015-12-17 12:30:00,46.58,46.6,46.38,46.38,1089997
2015-12-17 12:45:00,46.36,46.4,46.29,46.36,1173751
2015-12-17 13:00:00,46.35,46.49,46.31,46.48,1226917
2015-12-17 13:15:00,46.5,46.53,46.48,46.53,1263869
2015-12-17 13:30:00,46.52,46.61,46.47,46.55,1307235
2015-12-17 13:45:00,46.57,46.66,46.53,46.65,1352839
2015-12-17 14:00:00,46.64,46.72,46.62,46.69,1375136
2015-12-17 14:15:00,46.69,46.71,46.51,46.52,1418322
2015-12-17 14:30:00,46.52,46.55,46.46,46.47,1464971
2015-12-17 14:45:00,46.46,46.47,46.36,46.36,1525003
2015-12-17 15:00:00,46.36,46.48,46.33,46.465,1622080
2015-12-17 15:15:00,46.465,46.51,46.41,46.425,1719618
2015-12-17 15:30:00,46.42,46.435,46.33,46.4,1775068
2015-12-17 15:45:00,46.405,46.54,46.385,46.44,1884106
2015-12-17 16:00:00,46.44,46.47,46.22,46.24,2220519
2015-12-18 09:45:00,46.16,46.16,45.74,45.83,305408
2015-12-18 10:00:00,45.82,46.01,45.82,45.97,382798
2015-12-18 10:15:00,45.95,46.0,45.82,45.86,453439
2015-12-18 10:30:00,45.85,45.98,45.85,45.88,524793
2015-12-18 10:45:00,45.88,45.96,45.75,45.77,598941
2015-12-18 11:00:00,45.7733,45.925,45.7733,45.92,683198
2015-12-18 11:15:00,45.92,46.02,45.87,46.01,726996
2015-12-18 11:30:00,46.01,46.01,45.89,45.895,785073
2015-12-18 11:45:00,45.9,46.01,45.89,45.96,829434
2015-12-18 12:00:00,45.98,45.98,45.88,45.91,897271
2015-12-18 12:15:00,45.9,45.97,45.89,45.965,933721
2015-12-18 12:30:00,45.95,45.9799,45.875,45.94,1004104
2015-12-18 12:45:00,45.94,45.95,45.855,45.91,1066690
2015-12-18 13:00:00,45.905,45.94,45.84,45.85,1159426
2015-12-18 13:15:00,45.85,45.99,45.8,45.97,1209931
2015-12-18 13:30:00,45.97,46.01,45.91,45.98,1272103
2015-12-18 13:45:00,45.98,46.12,45.97,46.09,1436523
2015-12-18 14:00:00,46.08,46.08,45.98,46.01,1476545
2015-12-18 14:15:00,46.01,46.09,45.955,45.98,1510063
2015-12-18 14:30:00,45.98,46.06,45.91,46.03,1542803
2015-12-18 14:45:00,46.03,46.03,45.9,45.92,1604036
2015-12-18 15:00:00,45.925,45.97,45.91,45.95,1648130
2015-12-18 15:15:00,45.95,46.0,45.9,45.9,1725533
2015-12-18 15:30:00,45.9,45.91,45.78,45.86,1824624
2015-12-18 15:45:00,45.855,45.94,45.83,45.91,1936027
2015-12-18 16:00:00,45.91,45.91,45.64,45.64,2259927
2015-12-21 09:45:00,46.1,46.28,45.98,46.0,52515
2015-12-21 10:00:00,45.96,46.04,45.69,45.79,97105
2015-12-21 10:15:00,45.85,45.9,45.775,45.78,153798
2015-12-21 10:30:00,45.8,46.0,45.76,45.97,188021
2015-12-21 10:45:00,46.0,46.12,45.99,46.12,214154
2015-12-21 11:00:00,46.1,46.1,45.91,45.95,236016
2015-12-21 11:15:00,45.95,45.98,45.89,45.9,255488
2015-12-21 11:30:00,45.91,45.92,45.76,45.81,278066
2015-12-21 11:45:00,45.81,45.83,45.71,45.81,315549
2015-12-21 12:00:00,45.82,45.82,45.68,45.74,363624
2015-12-21 12:15:00,45.74,45.75,45.63,45.75,414139
2015-12-21 12:30:00,45.77,45.81,45.71,45.765,449894
2015-12-21 12:45:00,45.76,45.86,45.76,45.84,468778
2015-12-21 13:00:00,45.84,45.947,45.83,45.94,549347
2015-12-21 13:15:00,45.94,45.97,45.92,45.95,589318
2015-12-21 13:30:00,45.95,45.96,45.87,45.93,614294
2015-12-21 13:45:00,45.94,46.03,45.935,45.975,642070
2015-12-21 14:00:00,45.99,46.025,45.97,45.98,664129
2015-12-21 14:15:00,45.97,46.02,45.97,45.9942,705173
2015-12-21 14:30:00,45.99,46.015,45.92,45.955,736906
2015-12-21 14:45:00,45.93,45.98,45.88,45.92,763460
2015-12-21 15:00:00,45.92,45.97,45.895,45.955,790961
2015-12-21 15:15:00,45.96,46.0228,45.9,45.9201,832899
2015-12-21 15:30:00,45.93,45.96,45.9,45.96,871959
2015-12-21 15:45:00,45.95,46.04,45.93,45.97,953258
2015-12-21 16:00:00,45.96,46.17,45.94,46.16,1195768
2015-12-22 09:45:00,46.56,46.645,46.26,46.31,46190
2015-12-22 10:00:00,46.33,46.34,45.99,46.03,89359
2015-12-22 10:15:00,46.04,46.19,46.02,46.08,114023
2015-12-22 10:30:00,46.06,46.13,46.02,46.1,186155
2015-12-22 10:45:00,46.11,46.16,46.05,46.06,227884
2015-12-22 11:00:00,46.05,46.08,45.94,45.9946,257219
2015-12-22 11:15:00,46.0,46.066,45.99,46.04,323227
2015-12-22 11:30:00,46.03,46.05,45.98,46.0338,356778
2015-12-22 11:45:00,46.04,46.1725,46.04,46.11,436854
2015-12-22 12:00:00,46.11,46.195,46.03,46.08,472959
2015-12-22 12:15:00,46.09,46.1,45.99,45.99,493149
2015-12-22 12:30:00,46.0,46.07,45.98,46.04,518253
2015-12-22 12:45:00,46.05,46.12,46.04,46.06,550122
2015-12-22 13:00:00,46.05,46.12,46.03,46.1,580866
2015-12-22 13:15:00,46.11,46.14,46.08,46.08,618757
2015-12-22 13:30:00,46.08,46.11,46.0,46.01,668242
2015-12-22 13:45:00,46.01,46.09,46.0,46.045,686997
2015-12-22 14:00:00,46.05,46.1,46.015,46.07,721294
2015-12-22 14:15:00,46.08,46.14,46.05,46.1,777823
2015-12-22 14:30:00,46.1,46.14,46.08,46.08,834623
2015-12-22 14:45:00,46.09,46.1075,46.0,46.05,959343
2015-12-22 15:00:00,46.05,46.18,46.05,46.15,990142
2015-12-22 15:15:00,46.15,46.2448,46.11,46.17,1112100
2015-12-22 15:30:00,46.17,46.3,46.14,46.29,1257844
2015-12-22 15:45:00,46.28,46.305,46.16,46.165,1316045
2015-12-22 16:00:00,46.16,46.25,46.1,46.25,1472996
2015-12-23 09:45:00,46.62,46.68,46.34,46.5,84607
2015-12-23 10:00:00,46.49,46.55,46.34,46.51,107339
2015-12-23 10:15:00,46.53,46.61,46.47,46.55,132129
2015-12-23 10:30:00,46.54,46.59,46.51,46.54,149228
2015-12-23 10:45:00,46.55,46.67,46.55,46.635,195449
2015-12-23 11:00:00,46.63,46.635,46.565,46.625,257697
2015-12-23 11:15:00,46.62,46.63,46.6,46.62,310916
2015-12-23 11:30:00,46.625,46.63,46.6,46.61,385135
2015-12-23 11:45:00,46.62,46.75,46.6,46.75,427468
2015-12-23 12:00:00,46.75,46.85,46.75,46.78,500103
2015-12-23 12:15:00,46.795,46.87,46.7476,46.815,546041
2015-12-23 12:30:00,46.82,46.88,46.78,46.78,577909
2015-12-23 12:45:00,46.77,46.8,46.6801,46.7,622441
2015-12-23 13:00:00,46.697,46.8,46.697,46.76,654412
2015-12-23 13:15:00,46.75,46.77,46.69,46.72,669079
2015-12-23 13:30:00,46.72,46.7418,46.67,46.69,692553
2015-12-23 13:45:00,46.69,46.7,46.605,46.65,818479
2015-12-23 14:00:00,46.64,46.7,46.62,46.63,1000584
2015-12-23 14:15:00,46.62,46.63,46.55,46.63,1037539
2015-12-23 14:30:00,46.61,46.65,46.52,46.555,1096077
2015-12-23 14:45:00,46.54,46.61,46.54,46.59,1144868
2015-12-23 15:00:00,46.58,46.6,46.525,46.5675,1230532
2015-12-23 15:15:00,46.57,46.58,46.515,46.53,1344811
2015-12-23 15:30:00,46.53,46.57,46.52,46.56,1419838
2015-12-23 15:45:00,46.56,46.6,46.5,46.6,1491022
2015-12-23 16:00:00,46.6,46.66,46.56,46.58,1757728
2015-12-24 09:45:00,46.42,46.5,46.26,46.37,47405
2015-12-24 10:00:00,46.37,46.47,46.35,46.43,81080
2015-12-24 10:15:00,46.44,46.62,46.44,46.5795,125228
2015-12-24 10:30:00,46.59,46.7,46.56,46.62,151426
2015-12-24 10:45:00,46.62,46.62,46.52,46.575,187665
2015-12-24 11:00:00,46.58,46.6,46.54,46.6,211867
2015-12-24 11:15:00,46.6,46.6,46.56,46.58,227239
2015-12-24 11:30:00,46.575,46.58,46.48,46.51,253508
2015-12-24 11:45:00,46.525,46.54,46.46,46.475,289479
2015-12-24 12:00:00,46.48,46.54,46.475,46.49,312586
2015-12-24 12:15:00,46.49,46.55,46.48,46.54,347516
2015-12-24 12:30:00,46.545,46.58,46.53,46.58,378374
2015-12-24 12:45:00,46.56,46.6525,46.56,46.625,401966
2015-12-24 13:00:00,46.64,46.66,46.43,46.45,486777
2015-12-24 13:15:00,46.47,46.47,46.47,46.47,542512
2015-12-28 09:45:00,46.28,46.48,46.28,46.44,16729
2015-12-28 10:00:00,46.45,46.55,46.44,46.53,40557
2015-12-28 10:15:00,46.53,46.53,46.292,46.415,89428
2015-12-28 10:30:00,46.42,46.56,46.415,46.515,138349
2015-12-28 10:45:00,46.51,46.54,46.48,46.525,156237
2015-12-28 11:00:00,46.52,46.53,46.405,46.44,201304
2015-12-28 11:15:00,46.44,46.54,46.43,46.53,230640
2015-12-28 11:30:00,46.53,46.6,46.53,46.594,277007
2015-12-28 11:45:00,46.6,46.68,46.59,46.66,319612
2015-12-28 12:00:00,46.68,46.75,46.66,46.66,345529
2015-12-28 12:15:00,46.64,46.65,46.585,46.62,378477
2015-12-28 12:30:00,46.61,46.68,46.6,46.675,464094
2015-12-28 12:45:00,46.67,46.6729,46.63,46.66,485817
2015-12-28 13:00:00,46.67,46.73,46.63,46.68,509835
2015-12-28 13:15:00,46.685,46.845,46.685,46.84,533994
2015-12-28 13:30:00,46.84,46.895,46.805,46.849,556286
2015-12-28 13:45:00,46.84,46.95,46.788,46.79,603259
2015-12-28 14:00:00,46.795,46.93,46.795,46.875,725423
2015-12-28 14:15:00,46.8725,46.96,46.87,46.87,757960
2015-12-28 14:30:00,46.87,46.96,46.87,46.95,777385
2015-12-28 14:45:00,46.95,46.98,46.94,46.95,814487
2015-12-28 15:00:00,46.96,47.03,46.94,46.97,865983
2015-12-28 15:15:00,46.97,46.98,46.93,46.935,944207
2015-12-28 15:30:00,46.935,46.98,46.91,46.95,1024871
2015-12-28 15:45:00,46.9457,46.995,46.93,46.95,1193900
2015-12-28 16:00:00,46.94,46.97,46.92,46.9601,1336223
2015-12-29 09:45:00,47.25,47.44,47.19,47.39,52139
2015-12-29 10:00:00,47.42,47.45,47.29,47.35,85667
2015-12-29 10:15:00,47.36,47.41,47.31,47.32,108373
2015-12-29 10:30:00,47.33,47.37,47.27,47.31,134547
2015-12-29 10:45:00,47.33,47.33,47.21,47.25,241937
2015-12-29 11:00:00,47.25,47.36,47.24,47.26,262905
2015-12-29 11:15:00,47.25,47.31,47.22,47.25,275097
2015-12-29 11:30:00,47.2528,47.33,47.23,47.255,289784
2015-12-29 11:45:00,47.26,47.28,47.2,47.2,315160
2015-12-29 12:00:00,47.2,47.21,47.13,47.19,353372
2015-12-29 12:15:00,47.185,47.24,47.18,47.23,383643
2015-12-29 12:30:00,47.24,47.26,47.2,47.225,422972
2015-12-29 12:45:00,47.225,47.24,47.165,47.165,444175
2015-12-29 13:00:00,47.16,47.19,47.1,47.16,483043
2015-12-29 13:15:00,47.15,47.17,47.105,47.17,504400
2015-12-29 13:30:00,47.17,47.26,47.17,47.19,522818
2015-12-29 13:45:00,47.19,47.25,47.18,47.25,540002
2015-12-29 14:00:00,47.25,47.27,47.21,47.21,587073
2015-12-29 14:15:00,47.22,47.22,47.08,47.1,627286
2015-12-29 14:30:00,47.12,47.155,47.1,47.105,658090
2015-12-29 14:45:00,47.1001,47.1193,47.06,47.07,688112
2015-12-29 15:00:00,47.08,47.15,47.075,47.14,723742
2015-12-29 15:15:00,47.145,47.24,47.145,47.21,748494
2015-12-29 15:30:00,47.22,47.25,47.19,47.25,782485
2015-12-29 15:45:00,47.26,47.3,47.18,47.235,832624
2015-12-29 16:00:00,47.24,47.39,47.23,47.34,1148146
2015-12-30 09:45:00,47.3,47.34,47.01,47.165,54170
2015-12-30 10:00:00,47.14,47.23,47.11,47.22,87525
2015-12-30 10:15:00,47.22,47.25,47.14,47.16,125137
2015-12-30 10:30:00,47.16,47.2,47.05,47.06,153980
2015-12-30 10:45:00,47.08,47.18,47.08,47.18,180551
2015-12-30 11:00:00,47.18,47.21,47.165,47.17,218055
2015-12-30 11:15:00,47.18,47.28,47.18,47.21,263310
2015-12-30 11:30:00,47.2,47.2,47.15,47.2,274886
2015-12-30 11:45:00,47.19,47.2,47.16,47.17,288008
2015-12-30 12:00:00,47.17,47.22,47.15,47.17,299618
2015-12-30 12:15:00,47.18,47.24,47.16,47.23,310258
2015-12-30 12:30:00,47.23,47.24,47.175,47.2,333723
2015-12-30 12:45:00,47.2,47.2386,47.17,47.21,376333
2015-12-30 13:00:00,47.195,47.25,47.19,47.24,390438
2015-12-30 13:15:00,47.25,47.28,47.23,47.23,504742
2015-12-30 13:30:00,47.23,47.2328,47.19,47.23,530023
2015-12-30 13:45:00,47.23,47.35,47.22,47.35,552390
2015-12-30 14:00:00,47.35,47.37,47.3158,47.37,571385
2015-12-30 14:15:00,47.37,47.45,47.37,47.43,593303
2015-12-30 14:30:00,47.43,47.45,47.36,47.39,615876
2015-12-30 14:45:00,47.39,47.42,47.31,47.33,635804
2015-12-30 15:00:00,47.33,47.38,47.27,47.2733,668048
2015-12-30 15:15:00,47.28,47.29,47.18,47.21,698971
2015-12-30 15:30:00,47.21,47.26,47.18,47.185,722917
2015-12-30 15:45:00,47.18,47.18,47.02,47.12,805001
2015-12-30 16:00:00,47.11,47.12,47.02,47.04,967949
2015-12-31 09:45:00,46.84,46.91,46.72,46.84,15967
2015-12-31 10:00:00,46.87,46.89,46.71,46.82,37593
2015-12-31 10:15:00,46.83,46.87,46.62,46.64,58897
2015-12-31 10:30:00,46.64,46.7,46.6,46.7,101189
2015-12-31 10:45:00,46.7,46.7,46.49,46.55,127156
2015-12-31 11:00:00,46.55,46.59,46.53,46.59,151410
2015-12-31 11:15:00,46.6,46.77,46.6,46.77,179334
2015-12-31 11:30:00,46.75,46.75,46.61,46.61,204089
2015-12-31 11:45:00,46.61,46.79,46.6,46.76,230746
2015-12-31 12:00:00,46.77,46.87,46.77,46.86,258874
2015-12-31 12:15:00,46.87,46.9299,46.84,46.87,273755
2015-12-31 12:30:00,46.89,46.97,46.85,46.93,296156
2015-12-31 12:45:00,46.94,46.94,46.86,46.89,333478
2015-12-31 13:00:00,46.89,46.9,46.83,46.83,348398
2015-12-31 13:15:00,46.81,46.845,46.73,46.8,364976
2015-12-31 13:30:00,46.79,46.825,46.74,46.8,379647
2015-12-31 13:45:00,46.8,46.89,46.79,46.89,393059
2015-12-31 14:00:00,46.92,47.0,46.86,46.97,414771
2015-12-31 14:15:00,46.98,46.9837,46.86,46.93,434343
2015-12-31 14:30:00,46.95,46.95,46.8685,46.9,460961
2015-12-31 14:45:00,46.89,46.89,46.76,46.77,512808
2015-12-31 15:00:00,46.77,46.82,46.76,46.76,540109
2015-12-31 15:15:00,46.76,46.79,46.71,46.72,626826
2015-12-31 15:30:00,46.71,46.72,46.68,46.71,664705
2015-12-31 15:45:00,46.71,46.78,46.67,46.68,744047
2015-12-31 16:00:00,46.67,46.69,46.6,46.6,1061187
2016-01-04 09:45:00,45.77,45.93,45.22,45.6,262201
2016-01-04 10:00:00,45.59,45.78,45.46,45.75,361984
2016-01-04 10:15:00,45.74,45.75,45.47,45.68,447107
2016-01-04 10:30:00,45.69,45.825,45.6,45.61,528518
2016-01-04 10:45:00,45.62,45.65,45.42,45.525,619933
2016-01-04 11:00:00,45.53,45.53,45.31,45.365,675537
2016-01-04 11:15:00,45.36,45.38,45.25,45.37,748176
2016-01-04 11:30:00,45.3665,45.46,45.31,45.46,816796
2016-01-04 11:45:00,45.45,45.485,45.38,45.4,876839
2016-01-04 12:00:00,45.4,45.53,45.39,45.51,992738
2016-01-04 12:15:00,45.5,45.62,45.5,45.56,1074999
2016-01-04 12:30:00,45.55,45.61,45.505,45.6,1127496
2016-01-04 12:45:00,45.58,45.69,45.5,45.67,1201442
2016-01-04 13:00:00,45.68,45.74,45.64,45.65,1252898
2016-01-04 13:15:00,45.64,45.72,45.63,45.68,1307928
2016-01-04 13:30:00,45.67,45.71,45.63,45.65,1368448
2016-01-04 13:45:00,45.65,45.68,45.6,45.6,1413815
2016-01-04 14:00:00,45.6,45.61,45.47,45.48,1473469
2016-01-04 14:15:00,45.47,45.48,45.36,45.37,1540837
2016-01-04 14:30:00,45.37,45.49,45.32,45.43,1604896
2016-01-04 14:45:00,45.43,45.435,45.32,45.34,1656691
2016-01-04 15:00:00,45.35,45.36,45.22,45.24,1733051
2016-01-04 15:15:00,45.24,45.27,45.165,45.26,1835232
2016-01-04 15:30:00,45.26,45.3,45.235,45.295,1939923
2016-01-04 15:45:00,45.29,45.43,45.29,45.43,2218379
2016-01-04 16:00:00,45.43,45.67,45.43,45.67,2675498
2016-01-05 09:45:00,45.68,45.86,45.59,45.8,44865
2016-01-05 10:00:00,45.79,45.88,45.58,45.6,82575
2016-01-05 10:15:00,45.6075,45.735,45.57,45.72,121702
2016-01-05 10:30:00,45.73,45.77,45.64,45.7,228803
2016-01-05 10:45:00,45.7,45.96,45.67,45.95,311094
2016-01-05 11:00:00,45.95,46.06,45.88,45.94,412011
2016-01-05 11:15:00,45.94,45.95,45.805,45.86,467484
2016-01-05 11:30:00,45.87,46.01,45.835,45.975,563520
2016-01-05 11:45:00,45.98,46.08,45.96,46.025,621077
2016-01-05 12:00:00,46.02,46.15,46.005,46.145,689284
2016-01-05 12:15:00,46.14,46.16,46.045,46.14,792438
2016-01-05 12:30:00,46.13,46.28,46.08,46.26,839459
2016-01-05 12:45:00,46.25,46.28,46.185,46.215,886930
2016-01-05 13:00:00,46.22,46.3,46.2,46.3,945131
2016-01-05 13:15:00,46.3,46.46,46.28,46.375,1004681
2016-01-05 13:30:00,46.38,46.39,46.215,46.3099,1050623
2016-01-05 13:45:00,46.31,46.39,46.27,46.38,1122893
2016-01-05 14:00:00,46.37,46.51,46.37,46.51,1208304
2016-01-05 14:15:00,46.51,46.51,46.355,46.4,1296074
2016-01-05 14:30:00,46.4,46.5,46.38,46.43,1345734
2016-01-05 14:45:00,46.43,46.51,46.39,46.49,1542601
2016-01-05 15:00:00,46.49,46.57,46.43,46.45,1697147
2016-01-05 15:15:00,46.44,46.45,46.32,46.38,1777441
2016-01-05 15:30:00,46.38,46.38,46.2,46.3451,1869632
2016-01-05 15:45:00,46.345,46.46,46.31,46.3975,2014720
2016-01-05 16:00:00,46.39,46.43,46.315,46.41,2301111
2016-01-06 09:45:00,46.0,46.06,45.82,45.99,71539
2016-01-06 10:00:00,45.99,46.15,45.96,46.14,130985
2016-01-06 10:15:00,46.09,46.09,45.99,46.04,184923
2016-01-06 10:30:00,46.04,46.11,46.01,46.04,215128
2016-01-06 10:45:00,46.03,46.11,46.005,46.0899,262098
2016-01-06 11:00:00,46.085,46.27,46.03,46.265,314833
2016-01-06 11:15:00,46.28,46.39,46.19,46.24,371708
2016-01-06 11:30:00,46.24,46.345,46.225,46.26,411233
2016-01-06 11:45:00,46.265,46.35,46.25,46.255,451581
2016-01-06 12:00:00,46.25,46.28,46.17,46.175,516545
2016-01-06 12:15:00,46.16,46.205,46.125,46.19,572431
2016-01-06 12:30:00,46.19,46.265,46.18,46.24,617080
2016-01-06 12:45:00,46.23,46.32,46.2,46.245,667692
2016-01-06 13:00:00,46.25,46.265,46.18,46.18,703829
2016-01-06 13:15:00,46.17,46.18,46.02,46.02,748042
2016-01-06 13:30:00,46.025,46.11,46.02,46.11,804535
2016-01-06 13:45:00,46.11,46.19,46.1,46.1,855600
2016-01-06 14:00:00,46.1,46.125,46.07,46.075,908910
2016-01-06 14:15:00,46.07,46.1499,46.035,46.115,952564
2016-01-06 14:30:00,46.13,46.155,46.04,46.08,1000068
2016-01-06 14:45:00,46.08,46.1,45.89,45.915,1076684
2016-01-06 15:00:00,45.91,45.96,45.875,45.905,1203672
2016-01-06 15:15:00,45.91,46.06,45.9,46.0599,1337177
2016-01-06 15:30:00,46.05,46.16,46.045,46.1,1443312
2016-01-06 15:45:00,46.11,46.175,46.09,46.11,1563766
2016-01-06 16:00:00,46.1,46.15,46.03,46.14,1825084
2016-01-07 09:45:00,45.28,45.49,45.03,45.46,144066
2016-01-07 10:00:00,45.46,45.6,45.41,45.55,188437
2016-01-07 10:15:00,45.52,45.75,45.45,45.74,349261
2016-01-07 10:30:00,45.75,45.79,45.58,45.66,448965
2016-01-07 10:45:00,45.66,45.86,45.66,45.77,520920
2016-01-07 11:00:00,45.77,45.88,45.705,45.78,576719
2016-01-07 11:15:00,45.78,45.78,45.555,45.56,655318
2016-01-07 11:30:00,45.57,45.62,45.43,45.5,719175
2016-01-07 11:45:00,45.5,45.69,45.5,45.67,772825
2016-01-07 12:00:00,45.66,45.66,45.53,45.58,840951
2016-01-07 12:15:00,45.57,45.71,45.56,45.615,915379
2016-01-07 12:30:00,45.6,45.63,45.49,45.54,951141
2016-01-07 12:45:00,45.55,45.58,45.42,45.53,1050515
2016-01-07 13:00:00,45.53,45.56,45.49,45.49,1210976
2016-01-07 13:15:00,45.5,45.52,45.2,45.26,1250329
2016-01-07 13:30:00,45.27,45.37,45.135,45.345,1318775
2016-01-07 13:45:00,45.35,45.36,45.1,45.2,1486855
2016-01-07 14:00:00,45.2,45.36,45.2,45.33,1572424
2016-01-07 14:15:00,45.33,45.38,45.28,45.3,1929179
2016-01-07 14:30:00,45.305,45.37,45.3,45.33,2488779
2016-01-07 14:45:00,45.32,45.46,45.31,45.39,2856492
2016-01-07 15:00:00,45.39,45.4,45.19,45.19,3951208
2016-01-07 15:15:00,45.195,45.2199,45.06,45.15,4098702
2016-01-07 15:30:00,45.15,45.19,45.06,45.1,4441393
2016-01-07 15:45:00,45.09,45.29,45.085,45.19,4669043
2016-01-07 16:00:00,45.19,45.335,45.14,45.14,6367557
2016-01-08 09:45:00,45.49,45.6,45.17,45.32,169147
2016-01-08 10:00:00,45.32,45.45,45.3,45.37,1043054
2016-01-08 10:15:00,45.35,45.4,45.11,45.18,1172064
2016-01-08 10:30:00,45.185,45.26,45.17,45.175,1244478
2016-01-08 10:45:00,45.18,45.23,45.11,45.19,1714155
2016-01-08 11:00:00,45.17,45.33,45.17,45.28,2054204
2016-01-08 11:15:00,45.285,45.47,45.26,45.445,2386970
2016-01-08 11:30:00,45.44,45.45,45.31,45.35,2447347
2016-01-08 11:45:00,45.35,45.35,45.215,45.27,3118119
2016-01-08 12:00:00,45.28,45.47,45.28,45.46,3951137
2016-01-08 12:15:00,45.47,45.63,45.46,45.54,4013598
2016-01-08 12:30:00,45.56,45.61,45.54,45.58,4055661
2016-01-08 12:45:00,45.58,45.58,45.44,45.45,4083388
2016-01-08 13:00:00,45.46,45.51,45.38,45.38,4105096
2016-01-08 13:15:00,45.38,45.39,45.18,45.19,4143980
2016-01-08 13:30:00,45.18,45.26,45.16,45.23,4243591
2016-01-08 13:45:00,45.23,45.27,45.19,45.19,4274391
2016-01-08 14:00:00,45.19,45.19,44.98,44.99,4325555
2016-01-08 14:15:00,45.0,45.09,44.85,44.85,4413899
2016-01-08 14:30:00,44.85,44.89,44.69,44.71,4521250
2016-01-08 14:45:00,44.71,44.77,44.58,44.68,4592306
2016-01-08 15:00:00,44.68,44.69,44.56,44.56,4664148
2016-01-08 15:15:00,44.57,44.64,44.53,44.6,4807770
2016-01-08 15:30:00,44.6,44.66,44.45,44.46,4889935
2016-01-08 15:45:00,44.46,44.48,44.28,44.37,5146762
2016-01-08 16:00:00,44.36,44.4,44.29,44.33,5849458
2016-01-11 09:45:00,44.51,45.05,44.51,44.79,73708
2016-01-11 10:00:00,44.8,44.87,44.705,44.737,198553
2016-01-11 10:15:00,44.72,44.75,44.48,44.49,293488
2016-01-11 10:30:00,44.49,44.73,44.45,44.69,416301
2016-01-11 10:45:00,44.7,44.92,44.69,44.87,558967
2016-01-11 11:00:00,44.87,44.87,44.55,44.59,605291
2016-01-11 11:15:00,44.57,44.64,44.53,44.62,676112
2016-01-11 11:30:00,44.62,44.78,44.58,44.77,789668
2016-01-11 11:45:00,44.77,44.96,44.7,44.855,898418
2016-01-11 12:00:00,44.85,45.09,44.85,45.0,978811
2016-01-11 12:15:00,45.01,45.03,44.93,44.93,1003746
2016-01-11 12:30:00,44.93,44.93,44.82,44.86,1043008
2016-01-11 12:45:00,44.86,44.93,44.84,44.9,1070526
2016-01-11 13:00:00,44.89,44.9,44.84,44.89,1104252
2016-01-11 13:15:00,44.89,44.93,44.83,44.85,1217363
2016-01-11 13:30:00,44.85,44.96,44.84,44.86,1302389
2016-01-11 13:45:00,44.86,44.9,44.72,44.8,1382498
2016-01-11 14:00:00,44.8,44.85,44.72,44.81,1459625
2016-01-11 14:15:00,44.82,45.0,44.8199,44.93,1613112
2016-01-11 14:30:00,44.92,45.0,44.9,44.97,1835999
2016-01-11 14:45:00,44.975,45.06,44.92,44.97,2009192
2016-01-11 15:00:00,44.97,44.99,44.865,44.87,2068825
2016-01-11 15:15:00,44.8723,44.91,44.74,44.78,2196182
2016-01-11 15:30:00,44.77,45.09,44.695,45.02,2380418
2016-01-11 15:45:00,45.04,45.27,45.03,45.225,2570000
2016-01-11 16:00:00,45.23,45.25,44.97,44.99,3149386
2016-01-12 09:45:00,45.27,45.62,44.85,45.24,133369
2016-01-12 10:00:00,45.22,45.3,45.2,45.22,204301
2016-01-12 10:15:00,45.23,45.24,44.93,44.94,269012
2016-01-12 10:30:00,44.95,45.14,44.9,45.12,342678
2016-01-12 10:45:00,45.09,45.38,45.07,45.18,431182
2016-01-12 11:00:00,45.18,45.18,45.03,45.12,454067
2016-01-12 11:15:00,45.09,45.11,44.97,44.97,512224
2016-01-12 11:30:00,44.96,45.01,44.89,44.94,561755
2016-01-12 11:45:00,44.93,45.01,44.8899,44.98,643460
2016-01-12 12:00:00,44.96,45.04,44.93,44.98,692857
2016-01-12 12:15:00,44.99,45.07,44.97,45.04,731137
2016-01-12 12:30:00,45.03,45.04,44.91,44.93,759624
2016-01-12 12:45:00,44.92,44.97,44.84,44.845,824431
2016-01-12 13:00:00,44.84,44.96,44.81,44.87,860422
2016-01-12 13:15:00,44.86,44.98,44.86,44.975,888800
2016-01-12 13:30:00,44.97,44.97,44.75,44.75,921064
2016-01-12 13:45:00,44.75,44.98,44.74,44.98,964043
2016-01-12 14:00:00,44.99,45.01,44.9,44.905,986882
2016-01-12 14:15:00,44.91,44.94,44.79,44.93,1105037
2016-01-12 14:30:00,44.91,45.03,44.81,45.01,1167509
2016-01-12 14:45:00,44.995,45.17,44.98,45.06,1200403
2016-01-12 15:00:00,45.06,45.1304,45.05,45.09,1234150
2016-01-12 15:15:00,45.08,45.08,44.89,44.95,1310332
2016-01-12 15:30:00,44.95,45.165,44.95,45.105,1399903
2016-01-12 15:45:00,45.1,45.29,45.08,45.29,1517575
2016-01-12 16:00:00,45.28,45.33,45.22,45.28,1791326
2016-01-13 09:45:00,45.43,45.63,45.181,45.4,66761
2016-01-13 10:00:00,45.4,45.68,45.4,45.61,189740
2016-01-13 10:15:00,45.6,45.68,45.51,45.57,258805
2016-01-13 10:30:00,45.57,45.63,45.5385,45.63,328456
2016-01-13 10:45:00,45.6,45.62,45.5,45.51,412344
2016-01-13 11:00:00,45.51,45.6,45.48,45.6,514784
2016-01-13 11:15:00,45.58,45.58,45.445,45.52,562393
2016-01-13 11:30:00,45.53,45.5532,45.39,45.3987,598585
2016-01-13 11:45:00,45.39,45.51,45.38,45.45,630656
2016-01-13 12:00:00,45.442,45.45,45.25,45.28,691410
2016-01-13 12:15:00,45.29,45.35,45.23,45.28,810490
2016-01-13 12:30:00,45.27,45.35,45.23,45.32,855925
2016-01-13 12:45:00,45.31,45.31,45.13,45.14,908242
2016-01-13 13:00:00,45.14,45.17,44.95,45.0,968223
2016-01-13 13:15:00,44.99,45.12,44.9,45.04,1095096
2016-01-13 13:30:00,45.03,45.08,44.955,44.97,1134175
2016-01-13 13:45:00,44.98,45.01,44.87,44.89,1178735
2016-01-13 14:00:00,44.88,44.92,44.78,44.78,1239375
2016-01-13 14:15:00,44.77,44.9,44.74,44.845,1293223
2016-01-13 14:30:00,44.845,44.9,44.78,44.88,1392218
2016-01-13 14:45:00,44.87,44.87,44.58,44.59,1474703
2016-01-13 15:00:00,44.59,44.82,44.59,44.82,1543567
2016-01-13 15:15:00,44.835,44.86,44.67,44.705,1654253
2016-01-13 15:30:00,44.7,44.87,44.7,44.79,1757793
2016-01-13 15:45:00,44.77,44.83,44.695,44.73,1918213
2016-01-13 16:00:00,44.72,44.75,44.58,44.6,2268258
2016-01-14 09:45:00,44.75,44.79,44.59,44.62,74851
2016-01-14 10:00:00,44.62,44.71,44.31,44.38,146603
2016-01-14 10:15:00,44.39,44.6,44.34,44.585,230063
2016-01-14 10:30:00,44.58,45.01,44.58,44.99,345346
2016-01-14 10:45:00,44.98,45.25,44.96,45.2,420077
2016-01-14 11:00:00,45.22,45.25,45.16,45.1625,567329
2016-01-14 11:15:00,45.16,45.29,45.13,45.23,687678
2016-01-14 11:30:00,45.22,45.29,45.04,45.13,734808
2016-01-14 11:45:00,45.1356,45.26,45.11,45.24,812481
2016-01-14 12:00:00,45.24,45.34,45.23,45.31,881347
2016-01-14 12:15:00,45.31,45.392,45.24,45.29,948885
2016-01-14 12:30:00,45.29,45.635,45.29,45.63,1106582
2016-01-14 12:45:00,45.63,45.835,45.63,45.76,1247909
2016-01-14 13:00:00,45.77,45.85,45.64,45.66,1422340
2016-01-14 13:15:00,45.63,45.82,45.63,45.7025,1583083
2016-01-14 13:30:00,45.705,45.76,45.62,45.67,1661905
2016-01-14 13:45:00,45.68,45.77,45.635,45.68,1729301
2016-01-14 14:00:00,45.67,45.7,45.58,45.62,1861228
2016-01-14 14:15:00,45.62,45.64,45.49,45.63,1960398
2016-01-14 14:30:00,45.63,45.68,45.56,45.64,2107452
2016-01-14 14:45:00,45.63,45.78,45.63,45.65,2178548
2016-01-14 15:00:00,45.65,45.79,45.65,45.79,2273372
2016-01-14 15:15:00,45.785,45.96,45.71,45.93,2362624
2016-01-14 15:30:00,45.94,45.99,45.74,45.745,2502313
2016-01-14 15:45:00,45.75,45.76,45.55,45.64,2853364
2016-01-14 16:00:00,45.65,45.76,45.64,45.69,3324785
2016-01-15 09:45:00,44.27,45.39,44.27,45.21,261363
2016-01-15 10:00:00,45.18,45.28,44.98,45.01,418144
2016-01-15 10:15:00,45.0,45.04,44.74,44.805,580938
2016-01-15 10:30:00,44.8,44.98,44.785,44.82,683629
2016-01-15 10:45:00,44.805,44.96,44.76,44.77,744864
2016-01-15 11:00:00,44.77,44.82,44.57,44.58,786011
2016-01-15 11:15:00,44.58,44.69,44.55,44.65,861045
2016-01-15 11:30:00,44.65,44.85,44.62,44.77,928071
2016-01-15 11:45:00,44.76,44.89,44.65,44.66,975880
2016-01-15 12:00:00,44.66,44.74,44.61,44.67,1023623
2016-01-15 12:15:00,44.67,44.68,44.52,44.54,1060068
2016-01-15 12:30:00,44.54,44.54,44.27,44.36,1107485
2016-01-15 12:45:00,44.35,44.35,44.16,44.3199,1154980
2016-01-15 13:00:00,44.31,44.43,44.31,44.4,1223590
2016-01-15 13:15:00,44.4,44.525,44.28,44.49,1395286
2016-01-15 13:30:00,44.48,44.53,44.41,44.41,1486327
2016-01-15 13:45:00,44.41,44.43,44.25,44.36,1570967
2016-01-15 14:00:00,44.36,44.51,44.35,44.42,1652339
2016-01-15 14:15:00,44.41,44.5552,44.37,44.45,1761211
2016-01-15 14:30:00,44.46,44.46,44.29,44.29,1814001
2016-01-15 14:45:00,44.29,44.48,44.24,44.44,1878992
2016-01-15 15:00:00,44.43,44.65,44.385,44.61,1979954
2016-01-15 15:15:00,44.61,44.77,44.57,44.61,2125982
2016-01-15 15:30:00,44.62,44.67,44.44,44.66,2236489
2016-01-15 15:45:00,44.65,44.66,44.48,44.63,2416895
2016-01-15 16:00:00,44.63,44.76,44.62,44.67,2919007
2016-01-19 09:45:00,45.14,45.28,45.03,45.08,90531
2016-01-19 10:00:00,45.07,45.12,44.95,45.085,162668
2016-01-19 10:15:00,45.06,45.29,45.04,45.21,226036
2016-01-19 10:30:00,45.215,45.33,45.18,45.26,273883
2016-01-19 10:45:00,45.26,45.5,45.25,45.3,428698
2016-01-19 11:00:00,45.28,45.48,45.24,45.27,504478
2016-01-19 11:15:00,45.26,45.36,45.22,45.27,592039
2016-01-19 11:30:00,45.26,45.3,45.1325,45.28,680615
2016-01-19 11:45:00,45.3,45.49,45.3,45.43,718961
2016-01-19 12:00:00,45.44,45.46,45.3,45.3,747086
2016-01-19 12:15:00,45.31,45.31,45.095,45.11,770162
2016-01-19 12:30:00,45.11,45.2,45.03,45.2,814081
2016-01-19 12:45:00,45.19,45.25,45.1,45.11,840985
2016-01-19 13:00:00,45.12,45.135,45.045,45.07,885687
2016-01-19 13:15:00,45.08,45.1003,44.99,45.0,919980
2016-01-19 13:30:00,44.985,45.07,44.93,44.93,942660
2016-01-19 13:45:00,44.925,45.06,44.925,44.96,974004
2016-01-19 14:00:00,44.97,45.07,44.91,44.96,1006523
2016-01-19 14:15:00,44.95,44.995,44.71,44.74,1068928
2016-01-19 14:30:00,44.71,44.785,44.67,44.78,1125329
2016-01-19 14:45:00,44.79,44.79,44.65,44.65,1177759
2016-01-19 15:00:00,44.63,44.75,44.61,44.74,1272592
2016-01-19 15:15:00,44.74,44.92,44.73,44.87,1355362
2016-01-19 15:30:00,44.88,44.9699,44.7901,44.945,1503527
2016-01-19 15:45:00,44.94,45.2,44.94,45.14,1698718
2016-01-19 16:00:00,45.15,45.29,45.01,45.02,2250808
2016-01-20 09:45:00,44.41,44.78,44.2414,44.55,81690
2016-01-20 10:00:00,44.6,44.62,43.97,43.98,139401
2016-01-20 10:15:00,43.98,44.1,43.92,43.95,230337
2016-01-20 10:30:00,43.95,44.0,43.82,43.905,326617
2016-01-20 10:45:00,43.91,43.95,43.65,43.855,408565
2016-01-20 11:00:00,43.86,43.89,43.6,43.61,447113
2016-01-20 11:15:00,43.6075,43.8,43.6,43.73,620322
2016-01-20 11:30:00,43.76,43.87,43.63,43.7,684051
2016-01-20 11:45:00,43.73,43.79,43.56,43.56,719781
2016-01-20 12:00:00,43.56,43.6,43.38,43.465,783002
2016-01-20 12:15:00,43.46,43.52,43.26,43.285,854601
2016-01-20 12:30:00,43.28,43.28,42.97,43.06,945589
2016-01-20 12:45:00,43.05,43.12,42.9,42.95,1037310
2016-01-20 13:00:00,42.95,43.28,42.895,43.28,1156382
2016-01-20 13:15:00,43.28,43.4,43.17,43.18,1258761
2016-01-20 13:30:00,43.19,43.3,43.095,43.19,1341862
2016-01-20 13:45:00,43.18,43.54,43.18,43.54,1501878
2016-01-20 14:00:00,43.55,43.58,43.45,43.485,1684534
2016-01-20 14:15:00,43.48,43.495,43.32,43.41,1834000
2016-01-20 14:30:00,43.41,43.58,43.39,43.41,1926052
2016-01-20 14:45:00,43.41,43.455,43.34,43.37,2094045
2016-01-20 15:00:00,43.36,43.485,43.33,43.45,2293045
2016-01-20 15:15:00,43.45,43.9,43.44,43.88,2548948
2016-01-20 15:30:00,43.885,44.21,43.885,44.12,2862181
2016-01-20 15:45:00,44.13,44.25,44.04,44.14,3196594
2016-01-20 16:00:00,44.14,44.15,43.91,43.95,3681235
2016-01-21 09:45:00,43.97,44.4,43.71,43.755,102728
2016-01-21 10:00:00,43.73,43.75,43.42,43.42,184045
2016-01-21 10:15:00,43.43,44.0,43.43,43.95,312835
2016-01-21 10:30:00,43.94,44.0,43.87,43.98,451619
2016-01-21 10:45:00,43.98,44.01,43.88,43.99,581623
2016-01-21 11:00:00,43.98,44.13,43.95,43.95,934959
2016-01-21 11:15:00,43.96,44.11,43.85,43.99,1064906
2016-01-21 11:30:00,43.99,44.03,43.87,43.91,1131880
2016-01-21 11:45:00,43.91,44.06,43.9,43.98,1212351
2016-01-21 12:00:00,43.97,44.055,43.96,43.99,1360156
2016-01-21 12:15:00,44.0,44.11,44.0,44.05,1548966
2016-01-21 12:30:00,44.05,44.095,43.97,44.0,1643187
2016-01-21 12:45:00,44.01,44.065,43.96,43.98,1730811
2016-01-21 13:00:00,43.98,44.01,43.92,43.95,1802274
2016-01-21 13:15:00,43.96,44.0,43.95,43.96,1901798
2016-01-21 13:30:00,43.95,43.98,43.75,43.75,2002494
2016-01-21 13:45:00,43.75,43.89,43.66,43.835,2056636
2016-01-21 14:00:00,43.82,43.94,43.73,43.75,2136710
2016-01-21 14:15:00,43.76,43.83,43.62,43.6575,2214294
2016-01-21 14:30:00,43.66,43.74,43.5,43.65,2316466
2016-01-21 14:45:00,43.67,43.86,43.67,43.86,2410320
2016-01-21 15:00:00,43.87,44.02,43.77,44.0,2504066
2016-01-21 15:15:00,44.01,44.01,43.83,43.985,2619860
2016-01-21 15:30:00,43.99,44.02,43.91,43.99,2768835
2016-01-21 15:45:00,43.99,44.07,43.96,43.97,3036381
2016-01-21 16:00:00,43.98,44.01,43.88,43.89,3401742
2016-01-22 09:45:00,44.65,44.96,44.31,44.94,105080
2016-01-22 10:00:00,44.91,45.25,44.82,45.235,329730
2016-01-22 10:15:00,45.21,45.24,44.83,44.83,584695
2016-01-22 10:30:00,44.84,45.04,44.8,45.0,709459
2016-01-22 10:45:00,45.01,45.07,44.95,44.97,901289
2016-01-22 11:00:00,44.9799,45.02,44.96,44.97,991842
2016-01-22 11:15:00,44.9799,44.995,44.89,44.895,1094529
2016-01-22 11:30:00,44.89,44.97,44.8,44.85,1127172
2016-01-22 11:45:00,44.83,44.9,44.75,44.8,1176553
2016-01-22 12:00:00,44.81,44.84,44.6981,44.74,1227506
2016-01-22 12:15:00,44.75,44.83,44.73,44.81,1277067
2016-01-22 12:30:00,44.8,44.89,44.74,44.88,1325826
2016-01-22 12:45:00,44.92,44.98,44.88,44.94,1371313
2016-01-22 13:00:00,44.95,45.0,44.94,45.0,1418882
2016-01-22 13:15:00,45.0,45.01,44.93,44.98,1479640
2016-01-22 13:30:00,44.99,45.01,44.93,44.99,1559669
2016-01-22 13:45:00,45.0,45.06,44.95,45.0,1633608
2016-01-22 14:00:00,45.005,45.16,44.99,45.15,1768431
2016-01-22 14:15:00,45.15,45.22,45.13,45.2,1872325
2016-01-22 14:30:00,45.21,45.23,45.17,45.18,1978019
2016-01-22 14:45:00,45.18,45.19,45.05,45.08,2096070
2016-01-22 15:00:00,45.08,45.23,45.08,45.19,2180676
2016-01-22 15:15:00,45.19,45.2,45.02,45.04,2286909
2016-01-22 15:30:00,45.05,45.18,45.03,45.15,2447211
2016-01-22 15:45:00,45.145,45.265,45.105,45.255,2758118
2016-01-22 16:00:00,45.26,45.34,45.24,45.3,3278699
2016-01-25 09:45:00,45.36,46.565,44.79,44.88,62710
2016-01-25 10:00:00,44.93,44.93,44.7,44.79,107334
2016-01-25 10:15:00,44.79,44.94,44.79,44.81,159598
2016-01-25 10:30:00,44.8,44.91,44.755,44.87,227943
2016-01-25 10:45:00,44.87,44.97,44.76,44.82,400801
2016-01-25 11:00:00,44.835,44.91,44.82,44.85,441828
2016-01-25 11:15:00,44.85,44.9,44.82,44.88,466625
2016-01-25 11:30:00,44.88,45.0,44.865,45.0,502457
2016-01-25 11:45:00,44.98,44.98,44.875,44.91,536432
2016-01-25 12:00:00,44.89,44.995,44.87,44.99,567522
2016-01-25 12:15:00,44.98,45.02,44.84,44.84,606863
2016-01-25 12:30:00,44.8458,44.96,44.84,44.85,624479
2016-01-25 12:45:00,44.86,45.0,44.8,44.93,663324
2016-01-25 13:00:00,44.94,44.96,44.91,44.94,682179
2016-01-25 13:15:00,44.94,45.07,44.94,45.06,706855
2016-01-25 13:30:00,45.08,45.1,45.0,45.0,728502
2016-01-25 13:45:00,45.0,45.04,44.94,44.965,755185
2016-01-25 14:00:00,44.95,44.98,44.8,44.8,798083
2016-01-25 14:15:00,44.784,44.86,44.76,44.85,827886
2016-01-25 14:30:00,44.84,44.895,44.82,44.895,856983
2016-01-25 14:45:00,44.895,44.955,44.865,44.93,910080
2016-01-25 15:00:00,44.93,44.99,44.9,44.9727,953290
2016-01-25 15:15:00,44.976,45.0392,44.95,44.95,1137862
2016-01-25 15:30:00,44.95,44.97,44.8,44.85,1253640
2016-01-25 15:45:00,44.85,44.88,44.7,44.7,1332067
2016-01-25 16:00:00,44.68,44.84,44.64,44.76,1547936
2016-01-26 09:45:00,44.8,45.06,44.73,45.04,35074
2016-01-26 10:00:00,45.05,45.18,44.97,45.16,105707
2016-01-26 10:15:00,45.17,45.38,45.17,45.37,209155
2016-01-26 10:30:00,45.39,45.45,45.12,45.17,291950
2016-01-26 10:45:00,45.17,45.36,45.14,45.26,465664
2016-01-26 11:00:00,45.275,45.38,45.275,45.35,589752
2016-01-26 11:15:00,45.35,45.43,45.3,45.34,671657
2016-01-26 11:30:00,45.335,45.38,45.29,45.38,728725
2016-01-26 11:45:00,45.38,45.38,45.26,45.2925,754229
2016-01-26 12:00:00,45.27,45.37,45.26,45.33,782590
2016-01-26 12:15:00,45.34,45.56,45.33,45.535,809579
2016-01-26 12:30:00,45.54,45.645,45.54,45.63,918724
2016-01-26 12:45:00,45.6225,45.67,45.6,45.6,1035332
2016-01-26 13:00:00,45.61,45.62,45.51,45.55,1076869
2016-01-26 13:15:00,45.56,45.59,45.49,45.5,1119737
2016-01-26 13:30:00,45.49,45.525,45.48,45.5,1186836
2016-01-26 13:45:00,45.51,45.53,45.48,45.5,1429931
2016-01-26 14:00:00,45.5001,45.7,45.5,45.67,1463108
2016-01-26 14:15:00,45.67,45.67,45.5001,45.5001,1529794
2016-01-26 14:30:00,45.495,45.6025,45.495,45.533,1566299
2016-01-26 14:45:00,45.54,45.57,45.47,45.5,1633089
2016-01-26 15:00:00,45.5,45.51,45.43,45.47,1669593
2016-01-26 15:15:00,45.47,45.49,45.38,45.43,1732206
2016-01-26 15:30:00,45.44,45.51,45.43,45.45,1954185
2016-01-26 15:45:00,45.44,45.62,45.43,45.61,2086915
2016-01-26 16:00:00,45.6,45.61,45.5,45.57,2355713
2016-01-27 09:45:00,45.65,45.93,45.47,45.88,38541
2016-01-27 10:00:00,45.88,46.0,45.73,46.0,89612
2016-01-27 10:15:00,45.97,45.98,45.72,45.77,285469
2016-01-27 10:30:00,45.77,45.87,45.73,45.76,412753
2016-01-27 10:45:00,45.77,46.05,45.75,46.05,558917
2016-01-27 11:00:00,46.06,46.07,45.96,46.01,619929
2016-01-27 11:15:00,46.01,46.08,45.975,46.01,702676
2016-01-27 11:30:00,46.01,46.2,45.99,46.19,757662
2016-01-27 11:45:00,46.18,46.31,46.1,46.31,827979
2016-01-27 12:00:00,46.34,46.39,46.23,46.32,903654
2016-01-27 12:15:00,46.31,46.38,46.25,46.37,981446
2016-01-27 12:30:00,46.365,46.5,46.365,46.4,1098576
2016-01-27 12:45:00,46.39,46.52,46.34,46.51,1289465
2016-01-27 13:00:00,46.5,46.58,46.46,46.475,1378140
2016-01-27 13:15:00,46.48,46.52,46.43,46.505,1454624
2016-01-27 13:30:00,46.5,46.51,46.4,46.42,1562989
2016-01-27 13:45:00,46.43,46.46,46.38,46.41,1676570
2016-01-27 14:00:00,46.42,46.56,46.4,46.52,1776202
2016-01-27 14:15:00,46.52,46.65,46.21,46.29,1949566
2016-01-27 14:30:00,46.29,46.47,46.26,46.33,2004833
2016-01-27 14:45:00,46.33,46.35,46.05,46.12,2099625
2016-01-27 15:00:00,46.11,46.16,45.91,45.98,2176145
2016-01-27 15:15:00,45.98,45.98,45.63,45.63,2323990
2016-01-27 15:30:00,45.65,45.78,45.6,45.72,2425222
2016-01-27 15:45:00,45.71,45.905,45.71,45.89,2636595
2016-01-27 16:00:00,45.885,45.95,45.8325,45.91,2986910
2016-01-28 09:45:00,46.41,46.5,46.18,46.49,96883
2016-01-28 10:00:00,46.51,46.64,46.41,46.64,179802
2016-01-28 10:15:00,46.61,46.7,46.45,46.465,403851
2016-01-28 10:30:00,46.47,46.505,46.28,46.29,535594
2016-01-28 10:45:00,46.29,46.4,46.17,46.38,598473
2016-01-28 11:00:00,46.38,46.665,46.34,46.665,798072
2016-01-28 11:15:00,46.685,46.85,46.66,46.83,985599
2016-01-28 11:30:00,46.83,47.0,46.81,46.82,1092307
2016-01-28 11:45:00,46.81,46.85,46.77,46.8,1217733
2016-01-28 12:00:00,46.81,47.0,46.77,46.82,1401566
2016-01-28 12:15:00,46.79,47.04,46.79,47.04,1460895
2016-01-28 12:30:00,47.04,47.1525,46.97,47.14,1511743
2016-01-28 12:45:00,47.15,47.26,47.13,47.15,1578191
2016-01-28 13:00:00,47.14,47.17,47.0,47.04,1647557
2016-01-28 13:15:00,47.03,47.06,46.92,47.0,1738332
2016-01-28 13:30:00,47.0,47.005,46.83,46.96,1814611
2016-01-28 13:45:00,46.95,46.99,46.89,46.9125,1858890
2016-01-28 14:00:00,46.91,46.91,46.78,46.78,1975588
2016-01-28 14:15:00,46.77,46.89,46.77,46.86,2033129
2016-01-28 14:30:00,46.86,46.95,46.82,46.95,2124818
2016-01-28 14:45:00,46.96,47.02,46.84,46.85,2179931
2016-01-28 15:00:00,46.85,46.925,46.84,46.92,2269073
2016-01-28 15:15:00,46.92,46.99,46.865,46.94,2458000
2016-01-28 15:30:00,46.95,46.99,46.91,46.93,2539574
2016-01-28 15:45:00,46.92,47.01,46.77,46.78,2684563
2016-01-28 16:00:00,46.76,46.94,46.74,46.88,3153757
2016-01-29 09:45:00,47.28,47.4,47.02,47.31,50313
2016-01-29 10:00:00,47.31,47.44,47.2,47.3,167124
2016-01-29 10:15:00,47.28,47.42,47.24,47.31,214799
2016-01-29 10:30:00,47.3,47.49,47.3,47.48,286699
2016-01-29 10:45:00,47.48,47.63,47.44,47.58,371131
2016-01-29 11:00:00,47.59,47.64,47.38,47.405,447018
2016-01-29 11:15:00,47.41,47.54,47.41,47.49,533980
2016-01-29 11:30:00,47.48,47.56,47.435,47.51,611480
2016-01-29 11:45:00,47.5,47.54,47.43,47.44,693347
2016-01-29 12:00:00,47.45,47.64,47.45,47.6,755168
2016-01-29 12:15:00,47.6,47.735,47.53,47.73,821878
2016-01-29 12:30:00,47.74,47.79,47.71,47.75,870411
2016-01-29 12:45:00,47.7425,47.81,47.735,47.8,931638
2016-01-29 13:00:00,47.79,47.91,47.79,47.91,1002404
2016-01-29 13:15:00,47.9,47.905,47.79,47.85,1049061
2016-01-29 13:30:00,47.85,47.855,47.79,47.805,1091356
2016-01-29 13:45:00,47.81,47.89,47.78,47.89,1148684
2016-01-29 14:00:00,47.89,47.97,47.87,47.895,1221910
2016-01-29 14:15:00,47.88,47.9,47.76,47.78,1276767
2016-01-29 14:30:00,47.79,47.92,47.79,47.92,1328246
2016-01-29 14:45:00,47.9125,48.03,47.91,48.02,1468789
2016-01-29 15:00:00,48.0,48.01,47.83,47.86,1837225
2016-01-29 15:15:00,47.87,47.99,47.84,47.975,1943361
2016-01-29 15:30:00,47.97,48.01,47.93,47.9975,2059570
2016-01-29 15:45:00,47.995,48.055,47.985,48.045,2300092
2016-01-29 16:00:00,48.04,48.2,48.02,48.13,2950112
2016-02-01 09:45:00,47.77,47.95,47.18,47.51,328523
2016-02-01 10:00:00,47.51,47.71,47.45,47.71,417004
2016-02-01 10:15:00,47.69,47.73,47.46,47.71,528457
2016-02-01 10:30:00,47.71,47.72,47.49,47.54,606086
2016-02-01 10:45:00,47.53,47.75,47.52,47.72,714261
2016-02-01 11:00:00,47.72,47.725,47.56,47.67,782036
2016-02-01 11:15:00,47.67,47.88,47.67,47.85,889773
2016-02-01 11:30:00,47.87,48.06,47.87,48.03,1033606
2016-02-01 11:45:00,48.04,48.075,47.91,48.06,1103148
2016-02-01 12:00:00,48.06,48.105,48.05,48.06,1173671
2016-02-01 12:15:00,48.06,48.095,47.97,48.01,1692121
2016-02-01 12:30:00,48.015,48.015,47.83,47.85,1740119
2016-02-01 12:45:00,47.83,47.85,47.65,47.845,1840964
2016-02-01 13:00:00,47.84,47.93,47.82,47.91,1911393
2016-02-01 13:15:00,47.92,48.0,47.825,47.9,2039263
2016-02-01 13:30:00,47.91,47.945,47.88,47.925,2173244
2016-02-01 13:45:00,47.925,47.95,47.9,47.91,2232575
2016-02-01 14:00:00,47.905,48.045,47.905,48.045,2302143
2016-02-01 14:15:00,48.04,48.08,47.99,48.015,2373918
2016-02-01 14:30:00,48.02,48.11,48.005,48.04,2437099
2016-02-01 14:45:00,48.05,48.115,47.99,48.11,2533348
2016-02-01 15:00:00,48.11,48.12,47.995,48.09,2613357
2016-02-01 15:15:00,48.09,48.15,48.05,48.09,2740950
2016-02-01 15:30:00,48.09,48.3,48.0749,48.28,2915365
2016-02-01 15:45:00,48.28,48.285,48.07,48.16,3112335
2016-02-01 16:00:00,48.16,48.18,48.02,48.02,3635739
2016-02-02 09:45:00,47.56,47.69,47.35,47.67,73089
2016-02-02 10:00:00,47.66,47.77,47.6,47.73,139704
2016-02-02 10:15:00,47.75,47.8799,47.72,47.85,349989
2016-02-02 10:30:00,47.85,47.97,47.845,47.9125,643021
2016-02-02 10:45:00,47.905,47.91,47.59,47.79,754235
2016-02-02 11:00:00,47.8,47.85,47.78,47.84,853459
2016-02-02 11:15:00,47.84,47.85,47.61,47.83,961363
2016-02-02 11:30:00,47.83,47.85,47.76,47.76,1039669
2016-02-02 11:45:00,47.76,47.76,47.5,47.52,1152136
2016-02-02 12:00:00,47.525,47.6,47.455,47.47,1228314
2016-02-02 12:15:00,47.465,47.5,47.35,47.39,1300688
2016-02-02 12:30:00,47.39,47.48,47.345,47.38,1397877
2016-02-02 12:45:00,47.38,47.46,47.28,47.405,1477318
2016-02-02 13:00:00,47.41,47.48,47.395,47.44,1542665
2016-02-02 13:15:00,47.44,47.48,47.39,47.4,1631244
2016-02-02 13:30:00,47.4,47.54,47.37,47.4725,1737359
2016-02-02 13:45:00,47.48,47.48,47.285,47.33,1797337
2016-02-02 14:00:00,47.3225,47.33,47.24,47.25,1876975
2016-02-02 14:15:00,47.255,47.325,47.21,47.28,1987084
2016-02-02 14:30:00,47.28,47.38,47.19,47.2,2086169
2016-02-02 14:45:00,47.2099,47.2099,47.15,47.19,2262505
2016-02-02 15:00:00,47.19,47.23,47.1,47.16,2485043
2016-02-02 15:15:00,47.16,47.17,46.99,47.05,2612772
2016-02-02 15:30:00,47.06,47.18,47.0,47.12,2759929
2016-02-02 15:45:00,47.12,47.3,47.12,47.24,2984685
2016-02-02 16:00:00,47.24,47.31,47.16,47.215,3520581
2016-02-03 09:45:00,47.36,47.5,46.97,47.04,86348
2016-02-03 10:00:00,47.05,47.08,46.86,46.87,153971
2016-02-03 10:15:00,46.87,46.87,46.34,46.38,231086
2016-02-03 10:30:00,46.37,46.44,46.23,46.25,300651
2016-02-03 10:45:00,46.25,46.25,46.06,46.17,399130
2016-02-03 11:00:00,46.18,46.51,46.18,46.41,490831
2016-02-03 11:15:00,46.43,46.49,46.2,46.38,658578
2016-02-03 11:30:00,46.36,46.55,46.36,46.48,725774
2016-02-03 11:45:00,46.48,46.6,46.3,46.51,810313
2016-02-03 12:00:00,46.52,46.56,46.325,46.46,850993
2016-02-03 12:15:00,46.46,46.57,46.39,46.44,883588
2016-02-03 12:30:00,46.45,46.68,46.44,46.63,913787
2016-02-03 12:45:00,46.63,46.68,46.56,46.61,990356
2016-02-03 13:00:00,46.61,46.71,46.58,46.71,1029142
2016-02-03 13:15:00,46.715,46.775,46.52,46.54,1071436
2016-02-03 13:30:00,46.54,46.58,46.48,46.51,1122590
2016-02-03 13:45:00,46.51,46.52,46.36,46.3675,1166083
2016-02-03 14:00:00,46.37,46.45,46.31,46.31,1211584
2016-02-03 14:15:00,46.31,46.56,46.305,46.52,1283856
2016-02-03 14:30:00,46.52,46.93,46.4522,46.86,1335546
2016-02-03 14:45:00,46.85,46.923,46.76,46.91,1411356
2016-02-03 15:00:00,46.92,47.02,46.785,46.94,1512910
2016-02-03 15:15:00,46.9475,47.0,46.84,46.9175,1633124
2016-02-03 15:30:00,46.91,46.91,46.67,46.67,1778957
2016-02-03 15:45:00,46.68,46.835,46.59,46.825,2017387
2016-02-03 16:00:00,46.83,46.85,46.71,46.81,2365816
2016-02-04 09:45:00,46.68,47.07,46.505,46.71,61100
2016-02-04 10:00:00,46.72,47.05,46.66,46.92,96111
2016-02-04 10:15:00,46.94,47.04,46.78,47.04,157632
2016-02-04 10:30:00,47.01,47.06,46.83,46.85,217480
2016-02-04 10:45:00,46.85,47.07,46.75,46.94,256879
2016-02-04 11:00:00,46.94,46.98,46.85,46.89,324553
2016-02-04 11:15:00,46.91,46.91,46.74,46.78,395797
2016-02-04 11:30:00,46.77,46.78,46.62,46.67,488481
2016-02-04 11:45:00,46.67,46.76,46.6,46.69,530005
2016-02-04 12:00:00,46.6899,46.76,46.56,46.63,603614
2016-02-04 12:15:00,46.65,46.94,46.62,46.83,647639
2016-02-04 12:30:00,46.83,46.92,46.785,46.85,704726
2016-02-04 12:45:00,46.84,46.94,46.79,46.83,806419
2016-02-04 13:00:00,46.82,46.86,46.765,46.83,854269
2016-02-04 13:15:00,46.83,46.99,46.81,46.94,917637
2016-02-04 13:30:00,46.95,46.96,46.82,46.87,976727
2016-02-04 13:45:00,46.87,46.92,46.7169,46.74,1045833
2016-02-04 14:00:00,46.73,46.76,46.63,46.73,1091262
2016-02-04 14:15:00,46.74,46.74,46.57,46.6,1178350
2016-02-04 14:30:00,46.6,46.7025,46.52,46.53,1242611
2016-02-04 14:45:00,46.52,46.5725,46.45,46.49,1308966
2016-02-04 15:00:00,46.48,46.59,46.47,46.59,1390575
2016-02-04 15:15:00,46.58,46.58,46.47,46.53,1494734
2016-02-04 15:30:00,46.54,46.66,46.49,46.56,1596475
2016-02-04 15:45:00,46.56,46.695,46.5101,46.69,1736817
2016-02-04 16:00:00,46.68,46.81,46.64,46.775,2402162
2016-02-05 09:45:00,46.49,46.66,46.37,46.48,40253
2016-02-05 10:00:00,46.46,46.53,46.2,46.31,83335
2016-02-05 10:15:00,46.32,46.42,46.15,46.16,154186
2016-02-05 10:30:00,46.14,46.21,45.87,45.9,255409
2016-02-05 10:45:00,45.9,46.0,45.88,45.96,300742
2016-02-05 11:00:00,45.96,45.98,45.85,45.85,353364
2016-02-05 11:15:00,45.86,45.92,45.82,45.85,444605
2016-02-05 11:30:00,45.85,45.91,45.71,45.72,494352
2016-02-05 11:45:00,45.73,45.84,45.66,45.8,613067
2016-02-05 12:00:00,45.81,45.88,45.71,45.73,739264
2016-02-05 12:15:00,45.71,45.8,45.7,45.79,770596
2016-02-05 12:30:00,45.8,45.88,45.77,45.88,820460
2016-02-05 12:45:00,45.88,45.99,45.86,45.96,850528
2016-02-05 13:00:00,45.94,45.955,45.84,45.9,921891
2016-02-05 13:15:00,45.91,45.94,45.84,45.84,1002814
2016-02-05 13:30:00,45.85,45.92,45.835,45.91,1036167
2016-02-05 13:45:00,45.9,45.92,45.775,45.82,1083389
2016-02-05 14:00:00,45.8299,45.83,45.75,45.78,1157224
2016-02-05 14:15:00,45.78,45.83,45.68,45.69,1200962
2016-02-05 14:30:00,45.69,45.76,45.66,45.745,1277997
2016-02-05 14:45:00,45.75,45.81,45.62,45.6299,1374575
2016-02-05 15:00:00,45.63,45.7295,45.57,45.59,1444790
2016-02-05 15:15:00,45.59,45.59,45.5,45.525,1527592
2016-02-05 15:30:00,45.53,45.67,45.495,45.59,1620406
2016-02-05 15:45:00,45.59,45.6,45.4,45.52,1798252
2016-02-05 16:00:00,45.53,45.65,45.48,45.63,2294626
2016-02-08 09:45:00,45.14,45.28,44.83,45.07,58144
2016-02-08 10:00:00,45.05,45.12,44.775,44.86,137231
2016-02-08 10:15:00,44.84,45.02,44.67,44.74,212630
2016-02-08 10:30:00,44.73,44.84,44.61,44.83,304395
2016-02-08 10:45:00,44.82,44.93,44.75,44.83,371559
2016-02-08 11:00:00,44.83,44.84,44.62,44.65,467623
2016-02-08 11:15:00,44.66,44.72,44.37,44.42,514551
2016-02-08 11:30:00,44.42,44.56,44.4,44.44,579788
2016-02-08 11:45:00,44.44,44.44,44.22,44.25,629871
2016-02-08 12:00:00,44.26,44.2701,44.14,44.24,775873
2016-02-08 12:15:00,44.24,44.31,44.22,44.25,876597
2016-02-08 12:30:00,44.25,44.45,44.25,44.43,966930
2016-02-08 12:45:00,44.42,44.5,44.31,44.33,1033356
2016-02-08 13:00:00,44.335,44.3499,44.27,44.295,1070569
2016-02-08 13:15:00,44.3,44.3,44.15,44.17,1115676
2016-02-08 13:30:00,44.17,44.18,44.04,44.09,1146853
2016-02-08 13:45:00,44.11,44.14,43.985,43.99,1316696
2016-02-08 14:00:00,43.99,44.01,43.91,43.98,1393861
2016-02-08 14:15:00,43.9899,44.14,43.9899,44.09,1552806
2016-02-08 14:30:00,44.09,44.15,44.04,44.13,1664203
2016-02-08 14:45:00,44.13,44.13,43.985,44.07,1780671
2016-02-08 15:00:00,44.07,44.14,43.965,43.98,1865370
2016-02-08 15:15:00,43.97,44.06,43.95,44.01,2055114
2016-02-08 15:30:00,44.02,44.36,44.01,44.34,2308727
2016-02-08 15:45:00,44.34,44.65,44.335,44.63,2617537
2016-02-08 16:00:00,44.63,44.8,44.6275,44.71,3145262
2016-02-09 09:45:00,44.17,44.43,44.1489,44.42,36210
2016-02-09 10:00:00,44.42,44.865,44.42,44.72,184413
2016-02-09 10:15:00,44.7,45.01,44.68,44.92,437369
2016-02-09 10:30:00,44.95,45.1,44.77,44.97,566632
2016-02-09 10:45:00,44.95,44.97,44.72,44.73,673848
2016-02-09 11:00:00,44.72,44.8,44.56,44.6,796221
2016-02-09 11:15:00,44.58,45.035,44.58,44.975,883387
2016-02-09 11:30:00,44.98,45.1,44.85,45.08,947023
2016-02-09 11:45:00,45.06,45.1,44.94,45.07,1097357
2016-02-09 12:00:00,45.075,45.09,44.8,44.82,1182582
2016-02-09 12:15:00,44.82,45.03,44.78,44.87,1262460
2016-02-09 12:30:00,44.8699,44.98,44.85,44.95,1345310
2016-02-09 12:45:00,44.94,45.03,44.92,44.98,1491963
2016-02-09 13:00:00,44.99,45.0,44.85,44.89,1593273
2016-02-09 13:15:00,44.89,44.905,44.77,44.8,1750419
2016-02-09 13:30:00,44.79,44.92,44.79,44.83,1853228
2016-02-09 13:45:00,44.84,44.91,44.8,44.88,2021693
2016-02-09 14:00:00,44.87,44.91,44.8,44.86,2120735
2016-02-09 14:15:00,44.86,44.95,44.82,44.85,2281922
2016-02-09 14:30:00,44.86,44.9,44.79,44.82,2408777
2016-02-09 14:45:00,44.82,44.95,44.82,44.9475,2575307
2016-02-09 15:00:00,44.94,45.13,44.9,45.1,2751516
2016-02-09 15:15:00,45.1,45.41,45.09,45.39,2872612
2016-02-09 15:30:00,45.4,45.425,45.14,45.19,2999422
2016-02-09 15:45:00,45.19,45.38,45.145,45.24,3155065
2016-02-09 16:00:00,45.24,45.25,45.09,45.14,3578510
2016-02-10 09:45:00,45.4,45.99,45.28,45.79,184412
2016-02-10 10:00:00,45.78,46.34,45.71,46.28,296443
2016-02-10 10:15:00,46.3,46.39,46.0,46.04,559858
2016-02-10 10:30:00,46.025,46.465,45.96,46.28,762975
2016-02-10 10:45:00,46.27,46.44,45.96,46.0,867456
2016-02-10 11:00:00,45.99,46.06,45.74,45.87,1071616
2016-02-10 11:15:00,45.87,45.94,45.57,45.65,1241687
2016-02-10 11:30:00,45.65,45.84,45.58,45.72,1373549
2016-02-10 11:45:00,45.71,45.785,45.57,45.71,1480814
2016-02-10 12:00:00,45.7,45.8,45.69,45.73,1594478
2016-02-10 12:15:00,45.74,45.76,45.57,45.6,1684781
2016-02-10 12:30:00,45.6,45.8,45.52,45.755,1835723
2016-02-10 12:45:00,45.76,45.77,45.67,45.75,1928993
2016-02-10 13:00:00,45.755,45.755,45.63,45.715,2031208
2016-02-10 13:15:00,45.72,45.7548,45.645,45.65,2120360
2016-02-10 13:30:00,45.66,45.75,45.58,45.6,2216330
2016-02-10 13:45:00,45.6,45.77,45.57,45.76,2327000
2016-02-10 14:00:00,45.76,45.88,45.735,45.88,2404078
2016-02-10 14:15:00,45.875,45.88,45.77,45.83,2556972
2016-02-10 14:30:00,45.835,45.98,45.81,45.87,2740951
2016-02-10 14:45:00,45.88,45.97,45.75,45.785,2880989
2016-02-10 15:00:00,45.79,45.86,45.71,45.81,3042085
2016-02-10 15:15:00,45.82,45.99,45.81,45.89,3274814
2016-02-10 15:30:00,45.9,45.945,45.54,45.54,3504184
2016-02-10 15:45:00,45.55,45.62,45.34,45.44,3809286
2016-02-10 16:00:00,45.45,45.48,45.36,45.42,4392260
2016-02-11 09:45:00,45.43,46.85,45.2,46.595,318219
2016-02-11 10:00:00,46.62,47.1,46.35,46.96,628695
2016-02-11 10:15:00,46.91,47.02,46.64,47.0,803309
2016-02-11 10:30:00,47.0,47.61,46.96,47.31,970243
2016-02-11 10:45:00,47.3,47.34,46.94,47.1,1088138
2016-02-11 11:00:00,47.14,47.5,47.08,47.48,1442155
2016-02-11 11:15:00,47.48,47.54,47.0,47.18,1555046
2016-02-11 11:30:00,47.18,47.29,46.91,46.96,1705546
2016-02-11 11:45:00,46.96,46.99,46.4,46.585,2079286
2016-02-11 12:00:00,46.58,47.38,46.495,47.33,2295488
2016-02-11 12:15:00,47.34,47.6,47.24,47.51,2527020
2016-02-11 12:30:00,47.52,47.65,47.4,47.43,2819800
2016-02-11 12:45:00,47.425,47.63,47.39,47.52,3375736
2016-02-11 13:00:00,47.55,47.56,47.23,47.32,3758819
2016-02-11 13:15:00,47.32,47.41,47.19,47.27,3850053
2016-02-11 13:30:00,47.28,47.29,47.11,47.11,3997699
2016-02-11 13:45:00,47.11,47.21,47.0,47.09,4087429
2016-02-11 14:00:00,47.1,47.2,47.07,47.11,4134477
2016-02-11 14:15:00,47.1,47.23,47.0776,47.15,4191055
2016-02-11 14:30:00,47.15,47.21,47.0,47.1,4294498
2016-02-11 14:45:00,47.11,47.25,47.04,47.12,4580521
2016-02-11 15:00:00,47.12,47.37,47.12,47.3648,4762701
2016-02-11 15:15:00,47.37,47.44,47.15,47.35,4956243
2016-02-11 15:30:00,47.35,47.46,47.19,47.41,5182224
2016-02-11 15:45:00,47.405,47.59,47.36,47.505,5620188
2016-02-11 16:00:00,47.4999,47.55,47.22,47.32,6626122
2016-02-12 09:45:00,48.0,48.0,47.71,47.73,92392
2016-02-12 10:00:00,47.71,47.78,47.27,47.45,212763
2016-02-12 10:15:00,47.45,47.64,47.27,47.402,333670
2016-02-12 10:30:00,47.41,47.63,47.38,47.52,454090
2016-02-12 10:45:00,47.52,47.59,47.21,47.21,569090
2016-02-12 11:00:00,47.24,47.41,47.21,47.275,649804
2016-02-12 11:15:00,47.29,47.47,47.27,47.42,736332
2016-02-12 11:30:00,47.42,47.48,47.33,47.41,858704
2016-02-12 11:45:00,47.42,47.47,47.33,47.37,973630
2016-02-12 12:00:00,47.365,47.4,47.08,47.23,1184837
2016-02-12 12:15:00,47.23,47.305,47.1652,47.23,1251006
2016-02-12 12:30:00,47.24,47.32,47.17,47.18,1389631
2016-02-12 12:45:00,47.19,47.28,47.15,47.26,1475923
2016-02-12 13:00:00,47.26,47.3,47.18,47.2,1534360
2016-02-12 13:15:00,47.2,47.275,47.05,47.13,1610339
2016-02-12 13:30:00,47.135,47.185,47.05,47.18,1674080
2016-02-12 13:45:00,47.18,47.19,47.02,47.1,1836016
2016-02-12 14:00:00,47.095,47.2,46.99,47.11,1955708
2016-02-12 14:15:00,47.11,47.395,47.11,47.3,2043219
2016-02-12 14:30:00,47.3075,47.36,47.25,47.31,2178570
2016-02-12 14:45:00,47.32,47.41,47.195,47.27,2337775
2016-02-12 15:00:00,47.27,47.32,47.12,47.21,2485598
2016-02-12 15:15:00,47.21,47.28,47.21,47.255,2597041
2016-02-12 15:30:00,47.255,47.34,47.19,47.2775,2785694
2016-02-12 15:45:00,47.27,47.28,47.14,47.245,2947825
2016-02-12 16:00:00,47.25,47.34,47.2,47.28,3434587
2016-02-16 09:45:00,48.07,48.2,47.82,48.11,96595
2016-02-16 10:00:00,48.07,48.085,47.27,47.41,205195
2016-02-16 10:15:00,47.4,47.51,47.23,47.25,306515
2016-02-16 10:30:00,47.2501,47.38,47.105,47.12,396349
2016-02-16 10:45:00,47.13,47.38,47.0601,47.36,493120
2016-02-16 11:00:00,47.36,47.36,47.085,47.21,566700
2016-02-16 11:15:00,47.2,47.295,47.099,47.28,644871
2016-02-16 11:30:00,47.28,47.4,47.23,47.4,716199
2016-02-16 11:45:00,47.41,47.47,47.385,47.45,797093
2016-02-16 12:00:00,47.45,47.5,47.4,47.46,872803
2016-02-16 12:15:00,47.46,47.56,47.45,47.56,973789
2016-02-16 12:30:00,47.57,47.64,47.555,47.6,1023503
2016-02-16 12:45:00,47.6,47.63,47.4331,47.48,1065410
2016-02-16 13:00:00,47.47,47.545,47.415,47.545,1118527
2016-02-16 13:15:00,47.55,47.612,47.47,47.47,1193766
2016-02-16 13:30:00,47.48,47.565,47.45,47.55,1291655
2016-02-16 13:45:00,47.55,47.56,47.45,47.53,1418557
2016-02-16 14:00:00,47.53,47.66,47.525,47.61,1485340
2016-02-16 14:15:00,47.61,47.67,47.5,47.645,1593870
2016-02-16 14:30:00,47.645,47.73,47.54,47.73,1696910
2016-02-16 14:45:00,47.72,47.83,47.72,47.79,1790134
2016-02-16 15:00:00,47.79,47.95,47.79,47.94,1883705
2016-02-16 15:15:00,47.94,47.98,47.86,47.92,1970614
2016-02-16 15:30:00,47.92,48.0,47.91,47.965,2073673
2016-02-16 15:45:00,47.96,47.99,47.89,47.97,2218906
2016-02-16 16:00:00,47.97,48.0,47.89,47.98,2545948
2016-02-17 09:45:00,48.22,48.3,48.051,48.22,101789
2016-02-17 10:00:00,48.22,48.3129,48.07,48.3,215016
2016-02-17 10:15:00,48.31,48.44,48.283,48.42,286577
2016-02-17 10:30:00,48.42,48.43,48.31,48.41,382433
2016-02-17 10:45:00,48.41,48.435,48.25,48.31,500955
2016-02-17 11:00:00,48.31,48.41,48.3,48.365,629108
2016-02-17 11:15:00,48.36,48.41,48.32,48.38,747126
2016-02-17 11:30:00,48.38,48.4,48.31,48.32,844377
2016-02-17 11:45:00,48.31,48.38,48.14,48.14,927363
2016-02-17 12:00:00,48.14,48.14,47.96,48.02,1018393
2016-02-17 12:15:00,48.03,48.17,48.0,48.17,1095768
2016-02-17 12:30:00,48.17,48.27,48.14,48.24,1149173
2016-02-17 12:45:00,48.25,48.33,48.25,48.3,1193395
2016-02-17 13:00:00,48.31,48.375,48.3073,48.32,1233220
2016-02-17 13:15:00,48.325,48.44,48.32,48.42,1283779
2016-02-17 13:30:00,48.42,48.48,48.415,48.46,1359499
2016-02-17 13:45:00,48.45,48.45,48.36,48.385,1413816
2016-02-17 14:00:00,48.38,48.38,48.314,48.328,1445140
2016-02-17 14:15:00,48.329,48.39,48.29,48.38,1503033
2016-02-17 14:30:00,48.3825,48.41,48.33,48.34,1562733
2016-02-17 14:45:00,48.34,48.41,48.34,48.4,1615329
2016-02-17 15:00:00,48.4,48.41,48.28,48.34,1667544
2016-02-17 15:15:00,48.34,48.495,48.34,48.49,1754464
2016-02-17 15:30:00,48.49,48.5125,48.41,48.5,1850097
2016-02-17 15:45:00,48.5,48.55,48.43,48.44,2007435
2016-02-17 16:00:00,48.44,48.48,48.35,48.405,2409500
2016-02-18 09:45:00,48.5,48.51,48.22,48.41,59953
2016-02-18 10:00:00,48.43,48.47,48.18,48.28,162018
2016-02-18 10:15:00,48.28,48.425,48.05,48.095,277787
2016-02-18 10:30:00,48.09,48.1,48.0,48.04,364197
2016-02-18 10:45:00,48.04,48.05,47.96,48.0,425852
2016-02-18 11:00:00,48.0,48.0,47.89,47.92,460618
2016-02-18 11:15:00,47.91,48.05,47.83,48.04,526117
2016-02-18 11:30:00,48.05,48.05,47.91,48.0,592448
2016-02-18 11:45:00,48.01,48.01,47.93,47.97,655767
2016-02-18 12:00:00,47.96,48.06,47.955,48.04,711464
2016-02-18 12:15:00,48.045,48.1,48.02,48.05,808039
2016-02-18 12:30:00,48.05,48.09,48.0,48.01,855439
2016-02-18 12:45:00,48.01,48.04,47.96,47.97,877951
2016-02-18 13:00:00,47.97,48.0,47.94,47.995,923577
2016-02-18 13:15:00,48.0,48.16,47.99,48.13,986905
2016-02-18 13:30:00,48.1,48.1,47.98,47.9815,1041117
2016-02-18 13:45:00,47.98,47.99,47.91,47.9315,1057996
2016-02-18 14:00:00,47.9,47.96,47.86,47.94,1080698
2016-02-18 14:15:00,47.95,48.08,47.94,48.03,1117641
2016-02-18 14:30:00,48.03,48.03,47.955,48.005,1161842
2016-02-18 14:45:00,48.005,48.04,47.97,47.99,1214595
2016-02-18 15:00:00,47.99,48.01,47.96,48.0,1252183
2016-02-18 15:15:00,48.0,48.01,47.91,47.92,1295558
2016-02-18 15:30:00,47.92,47.95,47.86,47.915,1363120
2016-02-18 15:45:00,47.91,47.945,47.86,47.915,1484441
2016-02-18 16:00:00,47.915,47.915,47.82,47.86,1747376
2016-02-19 09:45:00,47.53,47.8,47.43,47.5,209736
2016-02-19 10:00:00,47.5,47.7,47.47,47.58,301112
2016-02-19 10:15:00,47.58,47.73,47.53,47.7,417041
2016-02-19 10:30:00,47.7,47.97,47.697,47.79,471605
2016-02-19 10:45:00,47.79,47.92,47.68,47.69,586617
2016-02-19 11:00:00,47.68,47.79,47.64,47.65,627122
2016-02-19 11:15:00,47.63,47.81,47.61,47.78,675967
2016-02-19 11:30:00,47.77,47.87,47.74,47.85,723847
2016-02-19 11:45:00,47.85,47.96,47.81,47.93,755943
2016-02-19 12:00:00,47.92,47.92,47.78,47.8625,800042
2016-02-19 12:15:00,47.88,47.93,47.81,47.85,846191
2016-02-19 12:30:00,47.84,47.8435,47.7416,47.82,866460
2016-02-19 12:45:00,47.83,47.86,47.81,47.84,895082
2016-02-19 13:00:00,47.83,47.85,47.74,47.74,931703
2016-02-19 13:15:00,47.75,47.85,47.75,47.79,978793
2016-02-19 13:30:00,47.78,47.83,47.78,47.8,1060625
2016-02-19 13:45:00,47.805,47.98,47.8,47.94,1110225
2016-02-19 14:00:00,47.94,47.95,47.83,47.95,1160014
2016-02-19 14:15:00,47.95,48.11,47.94,48.02,1193812
2016-02-19 14:30:00,48.02,48.05,47.93,47.97,1221686
2016-02-19 14:45:00,47.98,47.99,47.94,47.9569,1239259
2016-02-19 15:00:00,47.95,47.99,47.8801,47.8801,1334307
2016-02-19 15:15:00,47.89,47.99,47.88,47.99,1411896
2016-02-19 15:30:00,47.99,48.09,47.97,48.06,1459661
2016-02-19 15:45:00,48.055,48.07,48.02,48.03,1521908
2016-02-19 16:00:00,48.03,48.11,48.005,48.11,1867140
2016-02-22 09:45:00,48.63,48.81,48.52,48.77,90295
2016-02-22 10:00:00,48.75,48.87,48.6,48.82,173081
2016-02-22 10:15:00,48.83,48.91,48.78,48.86,239499
2016-02-22 10:30:00,48.8544,48.93,48.8,48.92,295114
2016-02-22 10:45:00,48.93,49.0,48.785,48.795,352378
2016-02-22 11:00:00,48.8,48.825,48.56,48.661,428228
2016-02-22 11:15:00,48.69,48.82,48.61,48.78,496348
2016-02-22 11:30:00,48.78,48.98,48.73,48.92,559578
2016-02-22 11:45:00,48.92,48.98,48.9,48.92,611162
2016-02-22 12:00:00,48.91,48.93,48.74,48.75,732360
2016-02-22 12:15:00,48.76,48.96,48.74,48.925,849670
2016-02-22 12:30:00,48.93,49.09,48.92,49.07,948465
2016-02-22 12:45:00,49.06,49.09,48.99,48.995,979756
2016-02-22 13:00:00,48.995,49.03,48.9,48.96,1130741
2016-02-22 13:15:00,48.965,49.075,48.96,49.03,1257640
2016-02-22 13:30:00,49.03,49.16,49.01,49.09,1305429
2016-02-22 13:45:00,49.095,49.24,49.095,49.19,1343447
2016-02-22 14:00:00,49.18,49.23,49.15,49.21,1389926
2016-02-22 14:15:00,49.21,49.22,49.16,49.22,1448066
2016-02-22 14:30:00,49.22,49.27,49.2,49.26,1513630
2016-02-22 14:45:00,49.26,49.26,49.22,49.25,1563271
2016-02-22 15:00:00,49.26,49.29,49.24,49.29,1664302
2016-02-22 15:15:00,49.29,49.38,49.245,49.38,1762887
2016-02-22 15:30:00,49.39,49.44,49.33,49.42,1831048
2016-02-22 15:45:00,49.41,49.47,49.38,49.45,1981956
2016-02-22 16:00:00,49.445,49.47,49.445,49.45,2273449
2016-02-23 09:45:00,49.24,49.24,48.88,48.9,63967
2016-02-23 10:00:00,48.86,49.1,48.86,49.04,97297
2016-02-23 10:15:00,48.98,48.98,48.59,48.6,151046
2016-02-23 10:30:00,48.59,48.73,48.52,48.66,230565
2016-02-23 10:45:00,48.66,48.7,48.42,48.47,384545
2016-02-23 11:00:00,48.46,48.53,48.3,48.48,602491
2016-02-23 11:15:00,48.475,48.68,48.45,48.5,768768
2016-02-23 11:30:00,48.5,48.57,48.43,48.54,858337
2016-02-23 11:45:00,48.54,48.77,48.47,48.75,984906
2016-02-23 12:00:00,48.76,48.91,48.76,48.9,1064286
2016-02-23 12:15:00,48.89,48.98,48.88,48.91,1103213
2016-02-23 12:30:00,48.9,48.97,48.85,48.97,1133257
2016-02-23 12:45:00,48.99,49.05,48.99,49.01,1187847
2016-02-23 13:00:00,48.98,49.02,48.8801,49.0,1223880
2016-02-23 13:15:00,49.01,49.04,48.89,48.9,1286435
2016-02-23 13:30:00,48.9,49.04,48.89,49.0026,1340325
2016-02-23 13:45:00,49.0,49.03,48.92,48.93,1392247
2016-02-23 14:00:00,48.91,48.94,48.85,48.92,1457946
2016-02-23 14:15:00,48.92,49.07,48.9,49.0,1519237
2016-02-23 14:30:00,49.01,49.08,48.985,48.99,1563997
2016-02-23 14:45:00,48.99,49.06,48.98,48.985,1611542
2016-02-23 15:00:00,48.9899,49.03,48.87,48.87,1658745
2016-02-23 15:15:00,48.86,48.87,48.58,48.61,1773519
2016-02-23 15:30:00,48.61,48.67,48.57,48.57,1838223
2016-02-23 15:45:00,48.58,48.82,48.58,48.73,1939123
2016-02-23 16:00:00,48.74,48.79,48.69,48.71,2140830
2016-02-24 09:45:00,48.38,48.38,47.8,48.33,100098
2016-02-24 10:00:00,48.28,48.55,48.13,48.5,302358
2016-02-24 10:15:00,48.48,48.66,48.35,48.58,391469
2016-02-24 10:30:00,48.5875,48.65,48.46,48.61,464864
2016-02-24 10:45:00,48.61,48.66,48.45,48.54,626534
2016-02-24 11:00:00,48.54,48.78,48.53,48.725,735319
2016-02-24 11:15:00,48.74,48.77,48.59,48.61,914806
2016-02-24 11:30:00,48.61,48.73,48.6,48.73,1021675
2016-02-24 11:45:00,48.74,48.83,48.72,48.825,1088891
2016-02-24 12:00:00,48.83,48.86,48.72,48.75,1137099
2016-02-24 12:15:00,48.7301,48.87,48.73,48.8,1158164
2016-02-24 12:30:00,48.78,48.8,48.705,48.74,1212159
2016-02-24 12:45:00,48.7325,48.77,48.69,48.75,1326778
2016-02-24 13:00:00,48.76,48.83,48.76,48.77,1347159
2016-02-24 13:15:00,48.75,48.86,48.71,48.71,1385032
2016-02-24 13:30:00,48.71,48.76,48.69,48.76,1423596
2016-02-24 13:45:00,48.76,48.8,48.73,48.8,1452441
2016-02-24 14:00:00,48.8,48.85,48.74,48.79,1507367
2016-02-24 14:15:00,48.8,49.07,48.8,49.07,1545686
2016-02-24 14:30:00,49.06,49.28,49.02,49.21,1618717
2016-02-24 14:45:00,49.19,49.285,49.16,49.21,1831885
2016-02-24 15:00:00,49.19,49.25,49.165,49.22,1994793
2016-02-24 15:15:00,49.22,49.36,49.18,49.32,2194424
2016-02-24 15:30:00,49.31,49.43,49.3,49.4,2241594
2016-02-24 15:45:00,49.4,49.45,49.38,49.38,2330579
2016-02-24 16:00:00,49.37,49.46,49.35,49.43,2567339
2016-02-25 09:45:00,49.52,49.95,49.41,49.74,71778
2016-02-25 10:00:00,49.74,49.79,49.5901,49.75,141279
2016-02-25 10:15:00,49.75,49.75,49.405,49.63,218635
2016-02-25 10:30:00,49.63,49.68,49.44,49.58,262136
2016-02-25 10:45:00,49.59,49.67,49.51,49.64,298604
2016-02-25 11:00:00,49.63,49.67,49.53,49.59,342543
2016-02-25 11:15:00,49.59,49.59,49.35,49.4,395000
2016-02-25 11:30:00,49.4,49.53,49.4,49.48,440972
2016-02-25 11:45:00,49.47,49.6,49.47,49.5,505364
2016-02-25 12:00:00,49.5,49.55,49.44,49.44,576086
2016-02-25 12:15:00,49.44,49.56,49.43,49.53,616646
2016-02-25 12:30:00,49.55,49.57,49.5,49.55,631815
2016-02-25 12:45:00,49.55,49.63,49.49,49.49,659077
2016-02-25 13:00:00,49.49,49.635,49.42,49.5299,725130
2016-02-25 13:15:00,49.52,49.6,49.49,49.55,837830
2016-02-25 13:30:00,49.55,49.59,49.49,49.54,869956
2016-02-25 13:45:00,49.55,49.64,49.43,49.64,968108
2016-02-25 14:00:00,49.63,49.67,49.59,49.64,994073
2016-02-25 14:15:00,49.63,49.63,49.485,49.55,1035460
2016-02-25 14:30:00,49.56,49.61,49.47,49.51,1080141
2016-02-25 14:45:00,49.52,49.58,49.485,49.5,1119574
2016-02-25 15:00:00,49.5,49.54,49.37,49.41,1160801
2016-02-25 15:15:00,49.4,49.55,49.4,49.52,1201682
2016-02-25 15:30:00,49.52,49.54,49.46,49.49,1260496
2016-02-25 15:45:00,49.49,49.56,49.47,49.53,1379162
2016-02-25 16:00:00,49.53,49.65,49.53,49.65,1542779
2016-02-26 09:45:00,49.69,49.8,49.53,49.68,250445
2016-02-26 10:00:00,49.68,49.68,49.24,49.24,346360
2016-02-26 10:15:00,49.26,49.78,49.26,49.57,493683
2016-02-26 10:30:00,49.56,49.6,49.39,49.45,587333
2016-02-26 10:45:00,49.45,49.61,49.44,49.61,733743
2016-02-26 11:00:00,49.6199,49.7,49.6,49.68,774226
2016-02-26 11:15:00,49.69,49.86,49.67,49.81,837742
2016-02-26 11:30:00,49.82,49.88,49.75,49.79,865483
2016-02-26 11:45:00,49.78,49.81,49.64,49.65,973392
2016-02-26 12:00:00,49.65,49.73,49.61,49.69,1021450
2016-02-26 12:15:00,49.67,49.77,49.625,49.69,1109389
2016-02-26 12:30:00,49.68,49.77,49.68,49.755,1147237
2016-02-26 12:45:00,49.755,49.78,49.72,49.73,1181351
2016-02-26 13:00:00,49.72,49.78,49.69,49.75,1214725
2016-02-26 13:15:00,49.765,49.86,49.75,49.83,1245156
2016-02-26 13:30:00,49.83,49.86,49.81,49.85,1268436
2016-02-26 13:45:00,49.85,49.89,49.81,49.81,1300357
2016-02-26 14:00:00,49.81,49.86,49.75,49.8,1352716
2016-02-26 14:15:00,49.8,49.86,49.8,49.83,1391406
2016-02-26 14:30:00,49.85,49.9,49.82,49.86,1418592
2016-02-26 14:45:00,49.86,49.865,49.75,49.75,1469333
2016-02-26 15:00:00,49.76,49.82,49.76,49.8,1506610
2016-02-26 15:15:00,49.8,49.91,49.79,49.88,1550196
2016-02-26 15:30:00,49.88,49.92,49.75,49.76,1628519
2016-02-26 15:45:00,49.77,49.84,49.65,49.6736,1722608
2016-02-26 16:00:00,49.68,49.79,49.66,49.69,1987704
2016-02-29 09:45:00,49.52,50.2699,49.52,50.01,221576
2016-02-29 10:00:00,50.0,50.27,50.0,50.27,330788
2016-02-29 10:15:00,50.265,50.34,50.07,50.34,395973
2016-02-29 10:30:00,50.39,50.44,50.2,50.2714,485954
2016-02-29 10:45:00,50.28,50.37,50.24,50.36,534139
2016-02-29 11:00:00,50.36,50.45,50.34,50.43,631551
2016-02-29 11:15:00,50.43,50.76,50.42,50.76,721584
2016-02-29 11:30:00,50.76,50.97,50.66,50.69,867065
2016-02-29 11:45:00,50.68,51.09,50.68,51.03,966962
2016-02-29 12:00:00,51.02,51.115,50.99,51.02,1021406
2016-02-29 12:15:00,51.02,51.24,51.02,51.24,1201095
2016-02-29 12:30:00,51.23,51.35,51.05,51.09,1458672
2016-02-29 12:45:00,51.08,51.09,50.955,51.05,1607103
2016-02-29 13:00:00,51.05,51.1,51.03,51.07,1681532
2016-02-29 13:15:00,51.075,51.1,51.04,51.075,1770516
2016-02-29 13:30:00,51.07,51.1,50.95,50.955,1909937
2016-02-29 13:45:00,50.94,50.96,50.68,50.68,2027157
2016-02-29 14:00:00,50.7,50.82,50.632,50.755,2142330
2016-02-29 14:15:00,50.75,50.84,50.7,50.75,2246316
2016-02-29 14:30:00,50.75,50.78,50.65,50.76,2332071
2016-02-29 14:45:00,50.76,50.765,50.57,50.58,2428918
2016-02-29 15:00:00,50.57,50.65,50.525,50.55,2483895
2016-02-29 15:15:00,50.55,50.63,50.49,50.51,2588004
2016-02-29 15:30:00,50.52,50.56,50.49,50.54,2677090
2016-02-29 15:45:00,50.53,50.57,50.46,50.54,2810389
2016-02-29 16:00:00,50.53,50.57,50.32,50.33,3131752
2016-03-01 09:45:00,50.29,50.85,50.02,50.75,150052
2016-03-01 10:00:00,50.79,50.87,50.46,50.52,228789
2016-03-01 10:15:00,50.52,50.69,50.46,50.5,283307
2016-03-01 10:30:00,50.49,50.68,50.43,50.64,361386
2016-03-01 10:45:00,50.66,50.725,50.49,50.5,542031
2016-03-01 11:00:00,50.5,50.56,50.375,50.39,667356
2016-03-01 11:15:00,50.39,50.39,50.29,50.34,727140
2016-03-01 11:30:00,50.33,50.4,50.21,50.34,839377
2016-03-01 11:45:00,50.34,50.4,50.22,50.36,966938
2016-03-01 12:00:00,50.35,50.47,50.31,50.35,1160419
2016-03-01 12:15:00,50.35,50.66,50.35,50.52,1371577
2016-03-01 12:30:00,50.53,50.6,50.41,50.59,1462514
2016-03-01 12:45:00,50.59,50.605,50.43,50.56,1600686
2016-03-01 13:00:00,50.565,50.63,50.53,50.62,1656214
2016-03-01 13:15:00,50.62,50.69,50.6,50.69,1834129
2016-03-01 13:30:00,50.69,50.77,50.69,50.765,1933596
2016-03-01 13:45:00,50.7636,50.79,50.65,50.7,2010645
2016-03-01 14:00:00,50.695,50.71,50.62,50.62,2039743
2016-03-01 14:15:00,50.62,50.82,50.62,50.74,2255431
2016-03-01 14:30:00,50.74,50.75,50.571,50.625,2289235
2016-03-01 14:45:00,50.63,50.65,50.53,50.59,2330061
2016-03-01 15:00:00,50.59,50.6,50.485,50.51,2404575
2016-03-01 15:15:00,50.51,50.58,50.31,50.58,2582232
2016-03-01 15:30:00,50.58,50.63,50.53,50.62,2649480
2016-03-01 15:45:00,50.615,50.63,50.52,50.58,2737228
2016-03-01 16:00:00,50.58,50.63,50.55,50.6,3021653
2016-03-02 09:45:00,50.34,50.83,50.28,50.77,98208
2016-03-02 10:00:00,50.76,50.84,50.63,50.72,139139
2016-03-02 10:15:00,50.715,50.83,50.69,50.805,196540
2016-03-02 10:30:00,50.81,50.9,50.73,50.79,284980
2016-03-02 10:45:00,50.795,50.795,50.65,50.665,340475
2016-03-02 11:00:00,50.665,50.685,50.54,50.67,417242
2016-03-02 11:15:00,50.67,50.89,50.665,50.695,519462
2016-03-02 11:30:00,50.695,50.71,50.52,50.57,558706
2016-03-02 11:45:00,50.58,50.6,50.46,50.575,599432
2016-03-02 12:00:00,50.58,50.615,50.47,50.47,633336
2016-03-02 12:15:00,50.465,50.55,50.42,50.5,680650
2016-03-02 12:30:00,50.51,50.63,50.51,50.5625,739348
2016-03-02 12:45:00,50.56,50.65,50.4799,50.63,787418
2016-03-02 13:00:00,50.625,50.67,50.62,50.65,820074
2016-03-02 13:15:00,50.65,50.75,50.605,50.75,872754
2016-03-02 13:30:00,50.745,50.81,50.6901,50.8,915307
2016-03-02 13:45:00,50.8,50.8,50.745,50.79,981555
2016-03-02 14:00:00,50.79,50.8,50.695,50.72,1040388
2016-03-02 14:15:00,50.715,50.77,50.66,50.69,1097162
2016-03-02 14:30:00,50.7,50.835,50.6937,50.785,1137642
2016-03-02 14:45:00,50.7902,50.915,50.79,50.87,1210835
2016-03-02 15:00:00,50.875,50.875,50.83,50.845,1258863
2016-03-02 15:15:00,50.845,50.86,50.79,50.81,1358989
2016-03-02 15:30:00,50.8025,50.82,50.63,50.65,1477171
2016-03-02 15:45:00,50.6503,50.75,50.63,50.72,1564354
2016-03-02 16:00:00,50.71,50.79,50.7,50.77,1814121
2016-03-03 09:45:00,50.8,51.06,50.63,50.88,79894
2016-03-03 10:00:00,50.85,50.923,50.82,50.84,104166
2016-03-03 10:15:00,50.8398,50.93,50.69,50.74,155595
2016-03-03 10:30:00,50.76,50.84,50.61,50.8,202080
2016-03-03 10:45:00,50.8,50.84,50.79,50.81,249574
2016-03-03 11:00:00,50.81,50.98,50.8,50.94,325789
2016-03-03 11:15:00,50.95,50.955,50.87,50.89,365712
2016-03-03 11:30:00,50.9,50.95,50.77,50.79,405056
2016-03-03 11:45:00,50.79,50.86,50.76,50.84,444893
2016-03-03 12:00:00,50.84,50.92,50.81,50.9,496587
2016-03-03 12:15:00,50.89,50.9,50.845,50.855,529333
2016-03-03 12:30:00,50.855,50.855,50.78,50.78,555160
2016-03-03 12:45:00,50.785,50.81,50.68,50.7,599403
2016-03-03 13:00:00,50.705,50.76,50.68,50.76,641716
2016-03-03 13:15:00,50.76,50.82,50.74,50.8,715345
2016-03-03 13:30:00,50.8,50.855,50.75,50.75,752033
2016-03-03 13:45:00,50.755,50.81,50.75,50.79,799114
2016-03-03 14:00:00,50.785,50.9,50.7,50.89,875393
2016-03-03 14:15:00,50.89,50.9,50.8175,50.865,914808
2016-03-03 14:30:00,50.865,50.96,50.81,50.935,961378
2016-03-03 14:45:00,50.94,50.98,50.89,50.98,1009228
2016-03-03 15:00:00,50.98,51.11,50.97,51.105,1076936
2016-03-03 15:15:00,51.11,51.15,51.05,51.105,1223408
2016-03-03 15:30:00,51.1,51.31,51.09,51.3,1349501
2016-03-03 15:45:00,51.305,51.4,51.27,51.4,1493797
2016-03-03 16:00:00,51.39,51.43,51.22,51.22,1807079
2016-03-04 09:45:00,51.19,51.22,50.99,51.2,50197
2016-03-04 10:00:00,51.22,51.26,51.04,51.16,89857
2016-03-04 10:15:00,51.17,51.27,51.025,51.2,136123
2016-03-04 10:30:00,51.21,51.28,51.02,51.18,189292
2016-03-04 10:45:00,51.175,51.36,51.11,51.36,224152
2016-03-04 11:00:00,51.36,51.52,51.36,51.43,274013
2016-03-04 11:15:00,51.44,51.62,51.44,51.52,324661
2016-03-04 11:30:00,51.501,51.67,51.48,51.5,347747
2016-03-04 11:45:00,51.5,51.535,51.4301,51.45,374947
2016-03-04 12:00:00,51.46,51.55,51.46,51.55,397489
2016-03-04 12:15:00,51.55,51.62,51.55,51.58,428646
2016-03-04 12:30:00,51.57,51.6032,51.51,51.59,504507
2016-03-04 12:45:00,51.6,51.64,51.57,51.59,522553
2016-03-04 13:00:00,51.6,51.65,51.58,51.63,548026
2016-03-04 13:15:00,51.63,51.63,51.5,51.55,568110
2016-03-04 13:30:00,51.58,51.71,51.57,51.71,584610
2016-03-04 13:45:00,51.715,51.84,51.69,51.83,612650
2016-03-04 14:00:00,51.82,51.84,51.741,51.78,641530
2016-03-04 14:15:00,51.78,51.805,51.73,51.78,688628
2016-03-04 14:30:00,51.78,51.815,51.6577,51.66,729919
2016-03-04 14:45:00,51.66,51.665,51.56,51.57,771544
2016-03-04 15:00:00,51.5666,51.575,51.37,51.41,829086
2016-03-04 15:15:00,51.42,51.495,51.41,51.48,874838
2016-03-04 15:30:00,51.47,51.64,51.46,51.63,925067
2016-03-04 15:45:00,51.63,51.69,51.59,51.68,981211
2016-03-04 16:00:00,51.69,51.82,51.665,51.73,1292851
2016-03-07 09:45:00,51.42,51.64,51.37,51.49,68851
2016-03-07 10:00:00,51.49,51.57,51.39,51.41,110995
2016-03-07 10:15:00,51.42,51.67,51.39,51.57,221703
2016-03-07 10:30:00,51.565,51.68,51.56,51.68,429467
2016-03-07 10:45:00,51.68,51.76,51.655,51.69,502580
2016-03-07 11:00:00,51.7,51.745,51.645,51.71,576267
2016-03-07 11:15:00,51.71,51.84,51.69,51.79,636204
2016-03-07 11:30:00,51.8,51.8,51.68,51.72,687002
2016-03-07 11:45:00,51.72,51.82,51.715,51.74,745741
2016-03-07 12:00:00,51.75,51.87,51.73,51.87,781136
2016-03-07 12:15:00,51.87,51.91,51.83,51.84,805115
2016-03-07 12:30:00,51.85,51.99,51.84,51.99,841553
2016-03-07 12:45:00,51.99,52.07,51.95,52.07,880314
2016-03-07 13:00:00,52.07,52.07,51.97,52.01,908207
2016-03-07 13:15:00,52.01,52.06,52.01,52.03,959208
2016-03-07 13:30:00,52.04,52.04,51.905,51.97,995199
2016-03-07 13:45:00,51.96,51.96,51.795,51.82,1054896
2016-03-07 14:00:00,51.82,51.83,51.76,51.76,1083552
2016-03-07 14:15:00,51.76,51.97,51.76,51.97,1157158
2016-03-07 14:30:00,51.97,51.97,51.84,51.88,1232054
2016-03-07 14:45:00,51.87,51.88,51.76,51.79,1331938
2016-03-07 15:00:00,51.79,51.8757,51.75,51.82,1463490
2016-03-07 15:15:00,51.8001,51.85,51.74,51.83,1504804
2016-03-07 15:30:00,51.817,51.94,51.8159,51.925,1566872
2016-03-07 15:45:00,51.92,52.01,51.89,51.9,1640145
2016-03-07 16:00:00,51.89,51.93,51.82,51.86,1836253
2016-03-08 09:45:00,51.56,51.695,51.31,51.45,112344
2016-03-08 10:00:00,51.47,51.5,51.23,51.25,234369
2016-03-08 10:15:00,51.27,51.31,51.07,51.15,327899
2016-03-08 10:30:00,51.13,51.19,50.99,51.01,371726
2016-03-08 10:45:00,51.0,51.05,50.96,50.99,539174
2016-03-08 11:00:00,50.97,51.05,50.94,50.9975,700313
2016-03-08 11:15:00,51.0,51.075,50.98,50.99,847027
2016-03-08 11:30:00,50.99,51.11,50.98,51.06,902531
2016-03-08 11:45:00,51.06,51.27,51.05,51.21,946644
2016-03-08 12:00:00,51.21,51.32,51.15,51.235,1006791
2016-03-08 12:15:00,51.24,51.28,51.19,51.21,1056012
2016-03-08 12:30:00,51.22,51.27,51.19,51.21,1103899
2016-03-08 12:45:00,51.21,51.27,51.11,51.14,1168828
2016-03-08 13:00:00,51.13,51.2035,51.03,51.2035,1244241
2016-03-08 13:15:00,51.21,51.37,51.2,51.36,1302160
2016-03-08 13:30:00,51.35,51.43,51.32,51.33,1353046
2016-03-08 13:45:00,51.325,51.43,51.325,51.38,1369075
2016-03-08 14:00:00,51.37,51.39,51.275,51.31,1416666
2016-03-08 14:15:00,51.32,51.33,51.23,51.28,1468483
2016-03-08 14:30:00,51.285,51.3,51.09,51.13,1547958
2016-03-08 14:45:00,51.14,51.185,51.03,51.07,1663857
2016-03-08 15:00:00,51.06,51.17,51.03,51.14,1758054
2016-03-08 15:15:00,51.13,51.18,51.05,51.1,1845535
2016-03-08 15:30:00,51.09,51.23,51.06,51.12,1938800
2016-03-08 15:45:00,51.12,51.22,51.07,51.13,2055562
2016-03-08 16:00:00,51.13,51.19,51.07,51.14,2333528
2016-03-09 09:45:00,50.8,50.95,50.62,50.68,124160
2016-03-09 10:00:00,50.68,50.76,50.49,50.65,201446
2016-03-09 10:15:00,50.65,50.8,50.55,50.75,389022
2016-03-09 10:30:00,50.77,50.84,50.47,50.47,542583
2016-03-09 10:45:00,50.47,50.725,50.465,50.69,613663
2016-03-09 11:00:00,50.685,50.72,50.45,50.485,703412
2016-03-09 11:15:00,50.5,50.65,50.5,50.63,762433
2016-03-09 11:30:00,50.64,50.68,50.605,50.655,854375
2016-03-09 11:45:00,50.655,50.84,50.655,50.835,906555
2016-03-09 12:00:00,50.84,50.98,50.835,50.975,979128
2016-03-09 12:15:00,50.9725,51.0,50.79,50.81,1037670
2016-03-09 12:30:00,50.81,50.92,50.78,50.87,1136184
2016-03-09 12:45:00,50.88,50.995,50.875,50.89,1282794
2016-03-09 13:00:00,50.89,50.89,50.715,50.72,1326498
2016-03-09 13:15:00,50.72,50.77,50.705,50.75,1378017
2016-03-09 13:30:00,50.74,50.75,50.69,50.7056,1420035
2016-03-09 13:45:00,50.71,50.8,50.705,50.76,1460758
2016-03-09 14:00:00,50.76,50.78,50.69,50.76,1563119
2016-03-09 14:15:00,50.77,50.85,50.76,50.79,1623600
2016-03-09 14:30:00,50.79,50.9869,50.79,50.95,1672842
2016-03-09 14:45:00,50.95,50.95,50.79,50.81,1721182
2016-03-09 15:00:00,50.82,50.83,50.79,50.8,1765318
2016-03-09 15:15:00,50.8,50.83,50.63,50.64,1835052
2016-03-09 15:30:00,50.63,50.68,50.5801,50.6,1938435
2016-03-09 15:45:00,50.6,50.6001,50.5,50.55,2219117
2016-03-09 16:00:00,50.55,50.655,50.53,50.64,2818281
2016-03-10 09:45:00,50.66,50.9,50.66,50.83,75153
2016-03-10 10:00:00,50.84,50.89,50.73,50.86,155193
2016-03-10 10:15:00,50.87,50.905,50.76,50.86,215403
2016-03-10 10:30:00,50.88,50.92,50.75,50.87,285450
2016-03-10 10:45:00,50.89,50.89,50.45,50.57,356870
2016-03-10 11:00:00,50.57,50.59,50.22,50.24,440630
2016-03-10 11:15:00,50.24,50.51,50.21,50.504,510736
2016-03-10 11:30:00,50.48,50.49,50.24,50.31,561643
2016-03-10 11:45:00,50.31,50.31,50.16,50.27,617531
2016-03-10 12:00:00,50.26,50.4299,50.25,50.36,670986
2016-03-10 12:15:00,50.36,50.47,50.34,50.46,707802
2016-03-10 12:30:00,50.46,50.46,50.31,50.39,752292
2016-03-10 12:45:00,50.3908,50.4,50.21,50.22,786813
2016-03-10 13:00:00,50.2268,50.32,50.21,50.31,839970
2016-03-10 13:15:00,50.29,50.32,50.17,50.21,873021
2016-03-10 13:30:00,50.23,50.34,50.23,50.33,913178
2016-03-10 13:45:00,50.32,50.345,50.24,50.27,956558
2016-03-10 14:00:00,50.26,50.29,50.17,50.2,1042655
2016-03-10 14:15:00,50.21,50.36,50.2,50.28,1114375
2016-03-10 14:30:00,50.285,50.36,50.23,50.32,1223675
2016-03-10 14:45:00,50.33,50.36,50.25,50.35,1314888
2016-03-10 15:00:00,50.35,50.44,50.34,50.44,1393585
2016-03-10 15:15:00,50.44,50.48,50.36,50.47,1456532
2016-03-10 15:30:00,50.47,50.525,50.41,50.49,1566643
2016-03-10 15:45:00,50.5,50.51,50.34,50.35,1684113
2016-03-10 16:00:00,50.36,50.39,50.3,50.39,1993192
2016-03-11 09:45:00,50.73,51.03,50.57,50.59,60202
2016-03-11 10:00:00,50.61,50.66,50.39,50.46,143419
2016-03-11 10:15:00,50.47,50.5001,50.31,50.315,208575
2016-03-11 10:30:00,50.32,50.46,50.32,50.4399,294412
2016-03-11 10:45:00,50.435,50.77,50.435,50.66,332759
2016-03-11 11:00:00,50.67,50.68,50.52,50.53,402288
2016-03-11 11:15:00,50.53,50.57,50.52,50.53,473252
2016-03-11 11:30:00,50.53,50.58,50.485,50.55,568281
2016-03-11 11:45:00,50.55,50.605,50.53,50.605,609221
2016-03-11 12:00:00,50.605,50.61,50.52,50.54,648600
2016-03-11 12:15:00,50.54,50.62,50.53,50.61,707149
2016-03-11 12:30:00,50.61,50.665,50.6,50.64,753585
2016-03-11 12:45:00,50.64,50.71,50.64,50.71,787189
2016-03-11 13:00:00,50.71,50.73,50.6075,50.63,845629
2016-03-11 13:15:00,50.635,50.67,50.62,50.64,880709
2016-03-11 13:30:00,50.63,50.66,50.56,50.65,931112
2016-03-11 13:45:00,50.655,50.75,50.655,50.675,974232
2016-03-11 14:00:00,50.67,50.77,50.64,50.765,1022189
2016-03-11 14:15:00,50.77,50.775,50.71,50.71,1076301
2016-03-11 14:30:00,50.71,50.71,50.63,50.691,1135223
2016-03-11 14:45:00,50.7,50.71,50.63,50.64,1192873
2016-03-11 15:00:00,50.64,50.71,50.61,50.63,1250750
2016-03-11 15:15:00,50.62,50.715,50.62,50.69,1336665
2016-03-11 15:30:00,50.7,50.71,50.63,50.7,1416662
2016-03-11 15:45:00,50.7,50.71,50.63,50.67,1540776
2016-03-11 16:00:00,50.67,50.7,50.6,50.67,1925781
2016-03-14 09:45:00,50.75,51.07,50.5,50.79,48473
2016-03-14 10:00:00,50.77,50.86,50.69,50.72,62561
2016-03-14 10:15:00,50.69,50.81,50.65,50.76,86423
2016-03-14 10:30:00,50.74,50.85,50.7,50.85,105476
2016-03-14 10:45:00,50.85,50.9525,50.84,50.9,168385
2016-03-14 11:00:00,50.9,51.055,50.87,51.05,212968
2016-03-14 11:15:00,51.05,51.055,50.74,50.745,240808
2016-03-14 11:30:00,50.745,50.84,50.72,50.79,275010
2016-03-14 11:45:00,50.78,50.79,50.67,50.7,293731
2016-03-14 12:00:00,50.71,50.77,50.67,50.7,327115
2016-03-14 12:15:00,50.69,50.82,50.68,50.82,350681
2016-03-14 12:30:00,50.82,50.945,50.81,50.92,376464
2016-03-14 12:45:00,50.92,50.99,50.92,50.98,397795
2016-03-14 13:00:00,50.98,51.0355,50.95,51.02,417994
2016-03-14 13:15:00,51.02,51.025,50.95,50.95,432558
2016-03-14 13:30:00,50.955,51.06,50.95,51.02,453771
2016-03-14 13:45:00,51.01,51.04,50.97,51.04,475324
2016-03-14 14:00:00,51.03,51.04,51.0,51.0,492328
2016-03-14 14:15:00,51.0,51.0,50.96,50.98,513956
2016-03-14 14:30:00,50.97,51.05,50.97,51.05,543565
2016-03-14 14:45:00,51.05,51.11,51.03,51.105,578836
2016-03-14 15:00:00,51.11,51.135,51.065,51.13,605295
2016-03-14 15:15:00,51.12,51.13,51.08,51.09,643441
2016-03-14 15:30:00,51.08,51.19,51.05,51.17,692128
2016-03-14 15:45:00,51.17,51.21,51.12,51.12,780354
2016-03-14 16:00:00,51.11,51.13,51.03,51.035,963846
2016-03-15 09:45:00,50.86,50.86,50.68,50.68,29093
2016-03-15 10:00:00,50.68,50.79,50.66,50.75,46623
2016-03-15 10:15:00,50.78,50.81,50.51,50.51,121375
2016-03-15 10:30:00,50.53,50.7,50.5,50.68,185985
2016-03-15 10:45:00,50.68,50.81,50.65,50.71,225409
2016-03-15 11:00:00,50.71,50.865,50.69,50.865,306206
2016-03-15 11:15:00,50.86,50.9,50.84,50.89,342909
2016-03-15 11:30:00,50.89,50.94,50.83,50.91,389335
2016-03-15 11:45:00,50.915,50.9556,50.88,50.895,434071
2016-03-15 12:00:00,50.89,50.92,50.83,50.84,473041
2016-03-15 12:15:00,50.84,50.9,50.83,50.87,523150
2016-03-15 12:30:00,50.87,50.97,50.85,50.97,565367
2016-03-15 12:45:00,50.96,51.0,50.94,50.96,587103
2016-03-15 13:00:00,50.97,50.97,50.9,50.94,619839
2016-03-15 13:15:00,50.93,51.0,50.92,50.98,642611
2016-03-15 13:30:00,50.99,51.04,50.97,51.04,661100
2016-03-15 13:45:00,51.05,51.09,50.98,51.04,692241
2016-03-15 14:00:00,51.04,51.1,51.03,51.1,738045
2016-03-15 14:15:00,51.1,51.17,51.1,51.165,789827
2016-03-15 14:30:00,51.16,51.21,51.13,51.18,838562
2016-03-15 14:45:00,51.17,51.23,51.05,51.08,884973
2016-03-15 15:00:00,51.08,51.1,51.02,51.1,936805
2016-03-15 15:15:00,51.1,51.11,51.05,51.11,982020
2016-03-15 15:30:00,51.12,51.16,51.08,51.12,1039569
2016-03-15 15:45:00,51.12,51.13,51.0,51.04,1108136
2016-03-15 16:00:00,51.04,51.07,50.95,51.07,1311408
2016-03-16 09:45:00,51.18,51.48,51.07,51.36,48226
2016-03-16 10:00:00,51.366,51.43,51.33,51.3311,69359
2016-03-16 10:15:00,51.35,51.41,51.32,51.36,109177
2016-03-16 10:30:00,51.37,51.48,51.31,51.45,124921
2016-03-16 10:45:00,51.45,51.4796,51.39,51.39,142581
2016-03-16 11:00:00,51.42,51.43,51.25,51.33,186293
2016-03-16 11:15:00,51.32,51.41,51.31,51.38,213820
2016-03-16 11:30:00,51.39,51.52,51.385,51.445,233683
2016-03-16 11:45:00,51.45,51.57,51.45,51.5,262427
2016-03-16 12:00:00,51.5,51.5501,51.46,51.48,293588
2016-03-16 12:15:00,51.48,51.54,51.46,51.5,320764
2016-03-16 12:30:00,51.51,51.57,51.49,51.52,347784
2016-03-16 12:45:00,51.53,51.53,51.48,51.5,367771
2016-03-16 13:00:00,51.5,51.505,51.45,51.4831,383297
2016-03-16 13:15:00,51.49,51.52,51.48,51.48,403971
2016-03-16 13:30:00,51.49,51.51,51.42,51.48,431537
2016-03-16 13:45:00,51.48,51.61,51.455,51.6,462115
2016-03-16 14:00:00,51.61,51.63,51.59,51.59,495643
2016-03-16 14:15:00,51.62,52.0,51.6,51.62,623034
2016-03-16 14:30:00,51.65,51.9,51.6,51.86,663987
2016-03-16 14:45:00,51.88,51.95,51.83,51.92,711721
2016-03-16 15:00:00,51.93,51.98,51.77,51.77,792780
2016-03-16 15:15:00,51.78,51.9,51.77,51.86,842978
2016-03-16 15:30:00,51.86,51.91,51.79,51.88,907325
2016-03-16 15:45:00,51.88,51.99,51.8675,51.89,988464
2016-03-16 16:00:00,51.895,51.9,51.735,51.8,1189367
2016-03-17 09:45:00,51.67,51.99,51.67,51.765,34019
2016-03-17 10:00:00,51.77,51.96,51.75,51.96,69093
2016-03-17 10:15:00,51.9675,52.14,51.91,52.135,163099
2016-03-17 10:30:00,52.135,52.28,52.1,52.255,234122
2016-03-17 10:45:00,52.25,52.31,52.17,52.24,291018
2016-03-17 11:00:00,52.24,52.26,52.17,52.205,383083
2016-03-17 11:15:00,52.21,52.4,52.21,52.4,443069
2016-03-17 11:30:00,52.41,52.505,52.39,52.49,490159
2016-03-17 11:45:00,52.495,52.575,52.47,52.5,546342
2016-03-17 12:00:00,52.5,52.57,52.49,52.54,580630
2016-03-17 12:15:00,52.54,52.63,52.53,52.61,634915
2016-03-17 12:30:00,52.6,52.62,52.53,52.6,665269
2016-03-17 12:45:00,52.61,52.71,52.61,52.71,772881
2016-03-17 13:00:00,52.7,52.7001,52.66,52.67,907205
2016-03-17 13:15:00,52.68,52.71,52.665,52.68,1014491
2016-03-17 13:30:00,52.68,52.72,52.615,52.68,1143661
2016-03-17 13:45:00,52.68,52.74,52.66,52.72,1210029
2016-03-17 14:00:00,52.73,52.76,52.66,52.69,1306830
2016-03-17 14:15:00,52.69,52.78,52.67,52.77,1348875
2016-03-17 14:30:00,52.77,52.86,52.76,52.83,1437843
2016-03-17 14:45:00,52.83,53.03,52.82,52.98,1575894
2016-03-17 15:00:00,52.96,53.0,52.875,52.93,1641335
2016-03-17 15:15:00,52.915,52.995,52.76,52.8,3638361
2016-03-17 15:30:00,52.81,52.85,52.7537,52.84,3698149
2016-03-17 15:45:00,52.84,52.89,52.78,52.84,3797151
2016-03-17 16:00:00,52.84,52.86,52.76,52.83,4005840
2016-03-18 09:45:00,53.03,53.05,52.705,52.7401,325151
2016-03-18 10:00:00,52.74,52.77,52.66,52.75,349988
2016-03-18 10:15:00,52.71,52.73,52.47,52.49,397945
2016-03-18 10:30:00,52.47,52.47,52.32,52.32,445955
2016-03-18 10:45:00,52.34,52.41,52.27,52.4,518447
2016-03-18 11:00:00,52.4,52.47,52.37,52.47,585669
2016-03-18 11:15:00,52.47,52.795,52.47,52.775,646329
2016-03-18 11:30:00,52.77,52.77,52.64,52.715,679034
2016-03-18 11:45:00,52.71,52.75,52.68,52.69,705326
2016-03-18 12:00:00,52.69,52.71,52.62,52.69,732999
2016-03-18 12:15:00,52.69,52.76,52.69,52.715,761540
2016-03-18 12:30:00,52.71,52.73,52.53,52.72,837885
2016-03-18 12:45:00,52.72,52.72,52.53,52.58,868904
2016-03-18 13:00:00,52.58,52.65,52.58,52.59,893859
2016-03-18 13:15:00,52.5875,52.67,52.53,52.54,926249
2016-03-18 13:30:00,52.53,52.53,52.45,52.46,959248
2016-03-18 13:45:00,52.47,52.47,52.29,52.34,1024190
2016-03-18 14:00:00,52.35,52.37,52.285,52.29,1071612
2016-03-18 14:15:00,52.29,52.38,52.2899,52.37,1112286
2016-03-18 14:30:00,52.36,52.37,52.2,52.22,1194678
2016-03-18 14:45:00,52.21,52.295,52.15,52.22,1303666
2016-03-18 15:00:00,52.22,52.235,52.13,52.18,1372124
2016-03-18 15:15:00,52.17,52.295,52.17,52.29,1473388
2016-03-18 15:30:00,52.29,52.31,52.2,52.235,1549777
2016-03-18 15:45:00,52.23,52.28,52.185,52.23,1673546
2016-03-18 16:00:00,52.24,52.39,52.235,52.28,2096423
2016-03-21 09:45:00,52.34,52.34,51.96,52.0,34805
2016-03-21 10:00:00,52.01,52.03,51.83,51.86,76292
2016-03-21 10:15:00,51.89,51.92,51.77,51.82,109195
2016-03-21 10:30:00,51.81,51.93,51.78,51.84,139061
2016-03-21 10:45:00,51.84,52.05,51.81,52.035,161292
2016-03-21 11:00:00,52.04,52.135,52.02,52.0899,205779
2016-03-21 11:15:00,52.09,52.1,51.98,52.0,234878
2016-03-21 11:30:00,52.005,52.25,52.005,52.23,257764
2016-03-21 11:45:00,52.23,52.255,52.12,52.13,301235
2016-03-21 12:00:00,52.14,52.155,51.95,51.96,400975
2016-03-21 12:15:00,51.96,52.215,51.96,52.065,452463
2016-03-21 12:30:00,52.075,52.0998,52.0,52.026,518276
2016-03-21 12:45:00,52.0275,52.09,52.01,52.06,545469
2016-03-21 13:00:00,52.05,52.08,52.02,52.05,577540
2016-03-21 13:15:00,52.04,52.11,52.02,52.03,601032
2016-03-21 13:30:00,52.03,52.04,51.96,52.01,646469
2016-03-21 13:45:00,52.02,52.03,51.98,51.98,679580
2016-03-21 14:00:00,51.985,52.035,51.9799,51.99,724403
2016-03-21 14:15:00,52.0,52.005,51.9597,51.99,774656
2016-03-21 14:30:00,51.999,52.045,51.99,52.005,842710
2016-03-21 14:45:00,52.01,52.1499,51.99,52.075,896670
2016-03-21 15:00:00,52.06,52.1,52.0,52.095,970597
2016-03-21 15:15:00,52.095,52.11,52.07,52.08,1023471
2016-03-21 15:30:00,52.08,52.09,52.02,52.02,1091131
2016-03-21 15:45:00,52.02,52.03,51.985,51.9885,1192936
2016-03-21 16:00:00,51.99,52.02,51.97,52.0,1416972
2016-03-22 09:45:00,51.98,52.2,51.86,51.93,51519
2016-03-22 10:00:00,51.92,51.95,51.8,51.86,85235
2016-03-22 10:15:00,51.865,51.87,51.77,51.8,130915
2016-03-22 10:30:00,51.82,51.82,51.7,51.72,180516
2016-03-22 10:45:00,51.72,51.8,51.69,51.8,232776
2016-03-22 11:00:00,51.8,51.955,51.799,51.9,326232
2016-03-22 11:15:00,51.89,51.89,51.8075,51.85,372491
2016-03-22 11:30:00,51.87,51.92,51.83,51.89,404942
2016-03-22 11:45:00,51.89,52.0,51.82,51.94,427643
2016-03-22 12:00:00,51.95,51.96,51.84,51.86,455696
2016-03-22 12:15:00,51.86,51.86,51.77,51.78,484854
2016-03-22 12:30:00,51.78,51.815,51.65,51.76,578473
2016-03-22 12:45:00,51.76,51.78,51.74,51.77,614225
2016-03-22 13:00:00,51.77,51.83,51.75,51.82,661701
2016-03-22 13:15:00,51.815,51.82,51.72,51.7999,741270
2016-03-22 13:30:00,51.805,51.87,51.755,51.86,774277
2016-03-22 13:45:00,51.865,51.87,51.76,51.78,804628
2016-03-22 14:00:00,51.782,51.87,51.77,51.82,846923
2016-03-22 14:15:00,51.82,51.87,51.82,51.85,880279
2016-03-22 14:30:00,51.86,51.86,51.8,51.83,951253
2016-03-22 14:45:00,51.85,52.085,51.835,52.01,1031961
2016-03-22 15:00:00,52.005,52.02,51.93,51.93,1074001
2016-03-22 15:15:00,51.92,51.98,51.86,51.9,1110535
2016-03-22 15:30:00,51.89,51.91,51.83,51.895,1161361
2016-03-22 15:45:00,51.9,51.9,51.82,51.83,1242074
2016-03-22 16:00:00,51.82,51.84,51.76,51.82,1432979
2016-03-23 09:45:00,51.78,51.78,51.39,51.44,65621
2016-03-23 10:00:00,51.48,51.53,51.37,51.53,121754
2016-03-23 10:15:00,51.53,51.71,51.47,51.71,155312
2016-03-23 10:30:00,51.72,51.76,51.68,51.75,187820
2016-03-23 10:45:00,51.74,51.79,51.62,51.76,213634
2016-03-23 11:00:00,51.76,51.9325,51.745,51.93,245654
2016-03-23 11:15:00,51.92,52.07,51.87,52.03,294201
2016-03-23 11:30:00,52.04,52.07,51.98,52.01,427986
2016-03-23 11:45:00,52.01,52.09,51.9701,52.08,469230
2016-03-23 12:00:00,52.089,52.17,52.04,52.12,507078
2016-03-23 12:15:00,52.11,52.13,52.04,52.13,528233
2016-03-23 12:30:00,52.14,52.14,52.05,52.08,563874
2016-03-23 12:45:00,52.08,52.09,52.015,52.04,585364
2016-03-23 13:00:00,52.05,52.06,51.99,52.04,602254
2016-03-23 13:15:00,52.03,52.17,52.02,52.15,630575
2016-03-23 13:30:00,52.15,52.15,52.11,52.14,646773
2016-03-23 13:45:00,52.14,52.14,52.03,52.1,673626
2016-03-23 14:00:00,52.1,52.1014,52.04,52.1014,689761
2016-03-23 14:15:00,52.1,52.16,52.08,52.14,720160
2016-03-23 14:30:00,52.14,52.16,52.07,52.08,750116
2016-03-23 14:45:00,52.07,52.115,52.02,52.05,784146
2016-03-23 15:00:00,52.04,52.06,51.94,51.97,815272
2016-03-23 15:15:00,51.975,52.0,51.93,51.94,1094929
2016-03-23 15:30:00,51.94,51.94,51.84,51.93,1162631
2016-03-23 15:45:00,51.93,51.99,51.91,51.96,1206294
2016-03-23 16:00:00,51.96,52.01,51.89,51.93,1375062
2016-03-24 09:45:00,51.62,51.89,51.57,51.77,31035
2016-03-24 10:00:00,51.77,51.92,51.77,51.87,52612
2016-03-24 10:15:00,51.9,51.9,51.78,51.8,77097
2016-03-24 10:30:00,51.78,51.9,51.74,51.81,102139
2016-03-24 10:45:00,51.81,51.87,51.8,51.82,134326
2016-03-24 11:00:00,51.82,51.92,51.82,51.86,159673
2016-03-24 11:15:00,51.87,51.95,51.85,51.9,193723
2016-03-24 11:30:00,51.89,51.94,51.84,51.94,230635
2016-03-24 11:45:00,51.93,51.93,51.88,51.89,263126
2016-03-24 12:00:00,51.88,51.89,51.68,51.84,324943
2016-03-24 12:15:00,51.84,51.98,51.84,51.92,346486
2016-03-24 12:30:00,51.93,51.95,51.83,51.85,367269
2016-03-24 12:45:00,51.86,51.86,51.79,51.81,381873
2016-03-24 13:00:00,51.82,51.85,51.8,51.83,401653
2016-03-24 13:15:00,51.83,51.96,51.82,51.94,419304
2016-03-24 13:30:00,51.93,51.99,51.92,51.93,433412
2016-03-24 13:45:00,51.94,51.94,51.8599,51.8599,455443
2016-03-24 14:00:00,51.86,51.945,51.86,51.94,473968
2016-03-24 14:15:00,51.94,51.96,51.9,51.92,512405
2016-03-24 14:30:00,51.91,51.9622,51.9,51.95,551585
2016-03-24 14:45:00,51.94,52.03,51.895,52.01,586302
2016-03-24 15:00:00,52.0,52.01,51.94,51.95,625352
2016-03-24 15:15:00,51.96,52.0,51.94,51.99,651559
2016-03-24 15:30:00,51.975,52.01,51.91,51.94,706112
2016-03-24 15:45:00,51.94,51.95,51.88,51.93,779104
2016-03-24 16:00:00,51.93,52.0,51.91,51.99,910655
2016-03-28 09:45:00,52.04,52.12,51.76,52.09,16908
2016-03-28 10:00:00,52.1,52.1,51.96,52.005,43099
2016-03-28 10:15:00,51.99,52.03,51.87,51.9,73000
2016-03-28 10:30:00,51.9,51.92,51.87,51.92,99634
2016-03-28 10:45:00,51.91,52.01,51.83,51.88,136786
2016-03-28 11:00:00,51.88,51.94,51.84,51.92,158381
2016-03-28 11:15:00,51.93,51.985,51.93,51.96,181252
2016-03-28 11:30:00,51.965,52.01,51.94,51.9931,228001
2016-03-28 11:45:00,52.0,52.135,52.0,52.09,272975
2016-03-28 12:00:00,52.09,52.13,52.031,52.09,308186
2016-03-28 12:15:00,52.1,52.13,52.085,52.1,339474
2016-03-28 12:30:00,52.1,52.13,52.06,52.1,363105
2016-03-28 12:45:00,52.0922,52.155,52.09,52.13,401231
2016-03-28 13:00:00,52.13,52.175,52.12,52.16,463301
2016-03-28 13:15:00,52.17,52.26,52.145,52.23,552030
2016-03-28 13:30:00,52.24,52.26,52.19,52.2,604351
2016-03-28 13:45:00,52.21,52.24,52.17,52.24,642495
2016-03-28 14:00:00,52.235,52.29,52.235,52.2835,673049
2016-03-28 14:15:00,52.29,52.42,52.28,52.41,741742
2016-03-28 14:30:00,52.415,52.415,52.35,52.36,804519
2016-03-28 14:45:00,52.36,52.38,52.265,52.28,833277
2016-03-28 15:00:00,52.27,52.29,52.22,52.25,870572
2016-03-28 15:15:00,52.25,52.37,52.24,52.37,894148
2016-03-28 15:30:00,52.37,52.38,52.29,52.3,924606
2016-03-28 15:45:00,52.29,52.33,52.24,52.2981,979700
2016-03-28 16:00:00,52.29,52.29,52.16,52.205,1149804
2016-03-29 09:45:00,52.05,52.27,51.99,52.22,32738
2016-03-29 10:00:00,52.225,52.24,52.11,52.11,70057
2016-03-29 10:15:00,52.1199,52.23,52.1199,52.13,102063
2016-03-29 10:30:00,52.14,52.16,52.08,52.08,126870
2016-03-29 10:45:00,52.08,52.09,51.97,52.055,184289
2016-03-29 11:00:00,52.07,52.16,52.065,52.1,223356
2016-03-29 11:15:00,52.1,52.12,52.039,52.075,267186
2016-03-29 11:30:00,52.07,52.1,52.02,52.03,338407
2016-03-29 11:45:00,52.04,52.06,52.0,52.015,369826
2016-03-29 12:00:00,52.02,52.09,52.01,52.015,407182
2016-03-29 12:15:00,52.02,52.07,52.0,52.059,435108
2016-03-29 12:30:00,52.05,52.22,52.04,52.18,526282
2016-03-29 12:45:00,52.18,52.26,52.18,52.26,646382
2016-03-29 13:00:00,52.255,52.34,52.22,52.22,693128
2016-03-29 13:15:00,52.22,52.24,52.19,52.21,736809
2016-03-29 13:30:00,52.22,52.27,52.185,52.195,776239
2016-03-29 13:45:00,52.19,52.25,52.17,52.225,812659
2016-03-29 14:00:00,52.22,52.28,52.2,52.245,882186
2016-03-29 14:15:00,52.25,52.305,52.24,52.3,921347
2016-03-29 14:30:00,52.3,52.355,52.28,52.35,977235
2016-03-29 14:45:00,52.35,52.36,52.32,52.335,1026832
2016-03-29 15:00:00,52.35,52.36,52.3,52.32,1074489
2016-03-29 15:15:00,52.34,52.37,52.32,52.37,1118178
2016-03-29 15:30:00,52.37,52.44,52.37,52.44,1156825
2016-03-29 15:45:00,52.44,52.44,52.38,52.385,1232078
2016-03-29 16:00:00,52.39,52.42,52.34,52.37,1586466
2016-03-30 09:45:00,52.53,52.65,52.32,52.57,55745
2016-03-30 10:00:00,52.5799,52.64,52.55,52.61,99015
2016-03-30 10:15:00,52.63,52.66,52.54,52.6,160543
2016-03-30 10:30:00,52.6,52.66,52.54,52.6575,215114
2016-03-30 10:45:00,52.67,52.69,52.56,52.63,264695
2016-03-30 11:00:00,52.64,52.64,52.53,52.62,331651
2016-03-30 11:15:00,52.625,52.74,52.56,52.57,389268
2016-03-30 11:30:00,52.58,52.59,52.46,52.465,490968
2016-03-30 11:45:00,52.46,52.505,52.42,52.5,553183
2016-03-30 12:00:00,52.5,52.57,52.49,52.495,601357
2016-03-30 12:15:00,52.495,52.56,52.49,52.55,669706
2016-03-30 12:30:00,52.55,52.57,52.4115,52.4301,745783
2016-03-30 12:45:00,52.43,52.58,52.41,52.57,773608
2016-03-30 13:00:00,52.57,52.6,52.51,52.59,802361
2016-03-30 13:15:00,52.595,52.64,52.52,52.54,850559
2016-03-30 13:30:00,52.54,52.56,52.52,52.53,878153
2016-03-30 13:45:00,52.53,52.6,52.53,52.585,911805
2016-03-30 14:00:00,52.585,52.74,52.58,52.67,961290
2016-03-30 14:15:00,52.67,52.78,52.665,52.7,1012198
2016-03-30 14:30:00,52.7,52.75,52.6925,52.73,1044218
2016-03-30 14:45:00,52.74,52.79,52.69,52.69,1103225
2016-03-30 15:00:00,52.68,52.71,52.67,52.7,1152632
2016-03-30 15:15:00,52.69,52.77,52.69,52.74,1222141
2016-03-30 15:30:00,52.75,52.79,52.7,52.79,1297446
2016-03-30 15:45:00,52.79,52.84,52.78,52.8,1384428
2016-03-30 16:00:00,52.81,52.82,52.76,52.79,1566483
2016-03-31 09:45:00,52.67,52.86,52.59,52.81,21831
2016-03-31 10:00:00,52.77,52.855,52.71,52.77,60199
2016-03-31 10:15:00,52.765,52.81,52.74,52.76,94691
2016-03-31 10:30:00,52.75,52.81,52.69,52.805,139756
2016-03-31 10:45:00,52.805,52.91,52.8,52.9,182414
2016-03-31 11:00:00,52.9,52.9,52.815,52.86,226501
2016-03-31 11:15:00,52.865,52.915,52.86,52.915,280516
2016-03-31 11:30:00,52.915,52.92,52.88,52.91,360537
2016-03-31 11:45:00,52.92,53.08,52.91,52.98,455557
2016-03-31 12:00:00,52.97,53.0,52.97,52.98,477456
2016-03-31 12:15:00,52.98,53.0,52.94,52.945,499295
2016-03-31 12:30:00,52.945,52.97,52.92,52.97,519659
2016-03-31 12:45:00,52.98,53.0,52.935,52.98,552501
2016-03-31 13:00:00,52.97,53.0,52.97,53.0,567240
2016-03-31 13:15:00,52.99,53.01,52.98,53.0,636201
2016-03-31 13:30:00,53.0,53.0,52.91,52.91,687248
2016-03-31 13:45:00,52.9,52.92,52.82,52.92,783266
2016-03-31 14:00:00,52.92,52.92,52.87,52.89,812141
2016-03-31 14:15:00,52.89,52.89,52.75,52.75,851115
2016-03-31 14:30:00,52.74,52.74,52.63,52.63,893246
2016-03-31 14:45:00,52.63,52.64,52.57,52.585,956151
2016-03-31 15:00:00,52.59,52.625,52.585,52.6131,1009503
2016-03-31 15:15:00,52.61,52.65,52.57,52.6,1078412
2016-03-31 15:30:00,52.6,52.62,52.58,52.6,1163926
2016-03-31 15:45:00,52.59,52.655,52.59,52.635,1258214
2016-03-31 16:00:00,52.64,52.745,52.61,52.65,1477063
2016-04-01 09:45:00,52.49,52.61,52.4,52.55,68469
2016-04-01 10:00:00,52.55,52.62,52.49,52.54,131830
2016-04-01 10:15:00,52.55,52.61,52.5,52.58,248642
2016-04-01 10:30:00,52.5725,52.5725,52.47,52.49,301262
2016-04-01 10:45:00,52.49,52.58,52.49,52.52,402950
2016-04-01 11:00:00,52.5399,52.665,52.535,52.58,481192
2016-04-01 11:15:00,52.59,52.82,52.56,52.795,613120
2016-04-01 11:30:00,52.795,52.81,52.74,52.78,711862
2016-04-01 11:45:00,52.775,53.07,52.77,53.045,781330
2016-04-01 12:00:00,53.045,53.09,52.97,53.08,852026
2016-04-01 12:15:00,53.07,53.1999,53.07,53.13,905828
2016-04-01 12:30:00,53.125,53.18,53.11,53.11,941616
2016-04-01 12:45:00,53.11,53.17,53.08,53.08,974521
2016-04-01 13:00:00,53.09,53.155,53.09,53.15,1000882
2016-04-01 13:15:00,53.14,53.26,53.1239,53.242,1084748
2016-04-01 13:30:00,53.26,53.33,53.25,53.27,1136143
2016-04-01 13:45:00,53.28,53.46,53.2625,53.43,1294570
2016-04-01 14:00:00,53.44,53.48,53.42,53.43,1316815
2016-04-01 14:15:00,53.43,53.465,53.385,53.43,1355190
2016-04-01 14:30:00,53.425,53.465,53.29,53.34,1398652
2016-04-01 14:45:00,53.345,53.41,53.31,53.39,1462736
2016-04-01 15:00:00,53.4,53.5,53.4,53.41,1505617
2016-04-01 15:15:00,53.41,53.52,53.41,53.41,1636387
2016-04-01 15:30:00,53.41,53.46,53.36,53.46,1704046
2016-04-01 15:45:00,53.46,53.51,53.41,53.48,1821252
2016-04-01 16:00:00,53.49,53.53,53.45,53.46,2073062
2016-04-04 09:45:00,53.33,53.52,52.49,53.48,120072
2016-04-04 10:00:00,53.47,53.49,53.14,53.16,262869
2016-04-04 10:15:00,53.16,53.31,53.11,53.25,309872
2016-04-04 10:30:00,53.26,53.3299,53.1499,53.21,353607
2016-04-04 10:45:00,53.21,53.24,53.0,53.1275,394989
2016-04-04 11:00:00,53.125,53.13,52.82,52.83,604178
2016-04-04 11:15:00,52.84,52.9258,52.76,52.79,644907
2016-04-04 11:30:00,52.78,52.935,52.7675,52.895,678204
2016-04-04 11:45:00,52.9,53.07,52.9,53.07,746347
2016-04-04 12:00:00,53.08,53.2301,53.08,53.12,798769
2016-04-04 12:15:00,53.12,53.14,53.085,53.105,879521
2016-04-04 12:30:00,53.1,53.11,53.06,53.07,916783
2016-04-04 12:45:00,53.07,53.08,53.01,53.02,962044
2016-04-04 13:00:00,53.01,53.03,52.96,52.96,983492
2016-04-04 13:15:00,52.965,53.06,52.94,53.03,1013452
2016-04-04 13:30:00,53.04,53.05,53.01,53.05,1029861
2016-04-04 13:45:00,53.05,53.15,53.04,53.075,1090372
2016-04-04 14:00:00,53.08,53.08,53.025,53.04,1133149
2016-04-04 14:15:00,53.0375,53.125,53.035,53.12,1165518
2016-04-04 14:30:00,53.1199,53.1199,53.0331,53.065,1192366
2016-04-04 14:45:00,53.06,53.14,53.05,53.13,1241321
2016-04-04 15:00:00,53.13,53.135,53.04,53.06,1316792
2016-04-04 15:15:00,53.065,53.08,52.9775,53.015,1416087
2016-04-04 15:30:00,53.02,53.04,52.94,52.96,1509259
2016-04-04 15:45:00,52.955,52.98,52.92,52.93,1578961
2016-04-04 16:00:00,52.93,52.99,52.92,52.99,1722953
2016-04-05 09:45:00,52.77,52.77,52.39,52.39,36451
2016-04-05 10:00:00,52.47,52.5,52.07,52.17,144192
2016-04-05 10:15:00,52.17,52.59,52.17,52.52,381858
2016-04-05 10:30:00,52.52,52.53,52.29,52.36,446107
2016-04-05 10:45:00,52.36,52.38,52.01,52.07,546764
2016-04-05 11:00:00,52.06,52.065,51.97,52.06,632395
2016-04-05 11:15:00,52.06,52.36,52.015,52.36,733841
2016-04-05 11:30:00,52.3799,52.4,52.24,52.24,784423
2016-04-05 11:45:00,52.25,52.35,52.17,52.285,896964
2016-04-05 12:00:00,52.2739,52.52,52.235,52.5199,976300
2016-04-05 12:15:00,52.52,52.53,52.26,52.32,1024536
2016-04-05 12:30:00,52.31,52.325,52.24,52.28,1108511
2016-04-05 12:45:00,52.28,52.31,52.12,52.25,1195567
2016-04-05 13:00:00,52.25,52.26,52.17,52.19,1303044
2016-04-05 13:15:00,52.2,52.25,52.17,52.25,1365013
2016-04-05 13:30:00,52.25,52.25,52.16,52.17,1419459
2016-04-05 13:45:00,52.17,52.18,52.13,52.13,1475695
2016-04-05 14:00:00,52.13,52.33,52.09,52.32,1578883
2016-04-05 14:15:00,52.3,52.32,52.27,52.29,1727809
2016-04-05 14:30:00,52.29,52.41,52.28,52.41,1784730
2016-04-05 14:45:00,52.41,52.42,52.27,52.29,1850010
2016-04-05 15:00:00,52.29,52.355,52.18,52.24,1962278
2016-04-05 15:15:00,52.24,52.36,52.23,52.34,2110298
2016-04-05 15:30:00,52.335,52.53,52.335,52.44,2250269
2016-04-05 15:45:00,52.44,52.445,52.35,52.37,2349647
2016-04-05 16:00:00,52.38,52.51,52.27,52.34,2766922
2016-04-06 09:45:00,52.38,52.65,52.3,52.48,20631
2016-04-06 10:00:00,52.5089,52.53,52.4,52.43,47783
2016-04-06 10:15:00,52.43,52.4799,52.3,52.39,92185
2016-04-06 10:30:00,52.4,52.565,52.397,52.56,132113
2016-04-06 10:45:00,52.57,52.57,52.43,52.49,196272
2016-04-06 11:00:00,52.49,52.52,52.44,52.51,244046
2016-04-06 11:15:00,52.51,52.51,52.4361,52.5,281954
2016-04-06 11:30:00,52.51,52.52,52.47,52.5,317184
2016-04-06 11:45:00,52.51,52.5201,52.46,52.5,353986
2016-04-06 12:00:00,52.5,52.56,52.49,52.49,419528
2016-04-06 12:15:00,52.5,52.53,52.46,52.46,443461
2016-04-06 12:30:00,52.46,52.48,52.44,52.48,480806
2016-04-06 12:45:00,52.49,52.51,52.47,52.49,525491
2016-04-06 13:00:00,52.49,52.51,52.47,52.47,552079
2016-04-06 13:15:00,52.47,52.58,52.47,52.53,590267
2016-04-06 13:30:00,52.521,52.55,52.48,52.5,617609
2016-04-06 13:45:00,52.4975,52.55,52.49,52.55,644969
2016-04-06 14:00:00,52.5463,52.579,52.53,52.545,675144
2016-04-06 14:15:00,52.545,52.55,52.35,52.39,720115
2016-04-06 14:30:00,52.39,52.41,52.31,52.33,766917
2016-04-06 14:45:00,52.34,52.43,52.27,52.279,823907
2016-04-06 15:00:00,52.275,52.53,52.25,52.52,884758
2016-04-06 15:15:00,52.52,52.69,52.5,52.65,942223
2016-04-06 15:30:00,52.66,52.75,52.61,52.63,1022461
2016-04-06 15:45:00,52.64,52.66,52.51,52.55,1196770
2016-04-06 16:00:00,52.56,52.63,52.491,52.6299,1821464
2016-04-07 09:45:00,52.49,52.59,52.4,52.59,60342
2016-04-07 10:00:00,52.56,52.74,52.5,52.74,84286
2016-04-07 10:15:00,52.72,52.9,52.7,52.84,137861
2016-04-07 10:30:00,52.82,52.84,52.64,52.64,166744
2016-04-07 10:45:00,52.64,52.68,52.515,52.515,207309
2016-04-07 11:00:00,52.52,52.66,52.5,52.56,252564
2016-04-07 11:15:00,52.55,52.55,52.44,52.505,292334
2016-04-07 11:30:00,52.51,52.63,52.51,52.63,339086
2016-04-07 11:45:00,52.62,52.7,52.55,52.63,388701
2016-04-07 12:00:00,52.63,52.6825,52.58,52.58,413724
2016-04-07 12:15:00,52.57,52.57,52.49,52.505,436629
2016-04-07 12:30:00,52.51,52.51,52.36,52.41,462339
2016-04-07 12:45:00,52.41,52.44,52.325,52.39,497539
2016-04-07 13:00:00,52.4099,52.5,52.39,52.46,521078
2016-04-07 13:15:00,52.45,52.5,52.42,52.47,540666
2016-04-07 13:30:00,52.48,52.48,52.4,52.41,563939
2016-04-07 13:45:00,52.4,52.435,52.38,52.42,589559
2016-04-07 14:00:00,52.42,52.42,52.27,52.28,629767
2016-04-07 14:15:00,52.27,52.27,52.16,52.2,683533
2016-04-07 14:30:00,52.19,52.22,52.13,52.22,723925
2016-04-07 14:45:00,52.23,52.29,52.19,52.2,760305
2016-04-07 15:00:00,52.19,52.26,52.13,52.18,858185
2016-04-07 15:15:00,52.19,52.43,52.17,52.43,920904
2016-04-07 15:30:00,52.42,52.44,52.39,52.41,959062
2016-04-07 15:45:00,52.42,52.44,52.26,52.29,1080632
2016-04-07 16:00:00,52.29,52.41,52.24,52.29,1405933
2016-04-08 09:45:00,52.7,52.79,52.55,52.63,23349
2016-04-08 10:00:00,52.66,52.76,52.6,52.76,56344
2016-04-08 10:15:00,52.773,52.79,52.7,52.71,94451
2016-04-08 10:30:00,52.705,52.73,52.67,52.69,197344
2016-04-08 10:45:00,52.68,52.71,52.63,52.65,222248
2016-04-08 11:00:00,52.66,52.69,52.58,52.58,246228
2016-04-08 11:15:00,52.58,52.65,52.53,52.53,280334
2016-04-08 11:30:00,52.53,52.62,52.5275,52.61,321191
2016-04-08 11:45:00,52.6,52.6,52.43,52.44,346816
2016-04-08 12:00:00,52.44,52.455,52.38,52.43,412881
2016-04-08 12:15:00,52.44,52.46,52.37,52.39,435972
2016-04-08 12:30:00,52.4,52.41,52.31,52.32,461257
2016-04-08 12:45:00,52.31,52.45,52.31,52.42,486710
2016-04-08 13:00:00,52.43,52.56,52.43,52.515,506300
2016-04-08 13:15:00,52.52,52.53,52.49,52.51,527885
2016-04-08 13:30:00,52.51,52.54,52.4901,52.52,548581
2016-04-08 13:45:00,52.52,52.56,52.51,52.55,564323
2016-04-08 14:00:00,52.55,52.57,52.54,52.56,612092
2016-04-08 14:15:00,52.57,52.57,52.53,52.5321,665262
2016-04-08 14:30:00,52.54,52.55,52.43,52.45,717448
2016-04-08 14:45:00,52.45,52.47,52.41,52.44,747438
2016-04-08 15:00:00,52.45,52.47,52.38,52.4,786407
2016-04-08 15:15:00,52.4,52.41,52.335,52.36,819000
2016-04-08 15:30:00,52.35,52.37,52.31,52.31,865709
2016-04-08 15:45:00,52.31,52.365,52.25,52.345,949184
2016-04-08 16:00:00,52.34,52.5,52.34,52.5,1121870
2016-04-11 09:45:00,52.65,52.79,52.5,52.67,37129
2016-04-11 10:00:00,52.65,52.71,52.51,52.57,63896
2016-04-11 10:15:00,52.56,52.76,52.56,52.73,130875
2016-04-11 10:30:00,52.73,52.845,52.69,52.84,172712
2016-04-11 10:45:00,52.83,52.845,52.63,52.655,206008
2016-04-11 11:00:00,52.65,52.78,52.61,52.6999,239295
2016-04-11 11:15:00,52.695,52.735,52.66,52.71,259856
2016-04-11 11:30:00,52.715,52.74,52.66,52.72,278483
2016-04-11 11:45:00,52.71,52.71,52.6,52.655,299248
2016-04-11 12:00:00,52.64,52.66,52.58,52.65,320709
2016-04-11 12:15:00,52.67,52.68,52.59,52.68,338835
2016-04-11 12:30:00,52.67,52.77,52.67,52.77,355510
2016-04-11 12:45:00,52.77,52.79,52.66,52.67,379373
2016-04-11 13:00:00,52.67,52.7599,52.63,52.7599,397825
2016-04-11 13:15:00,52.76,52.84,52.71,52.83,419306
2016-04-11 13:30:00,52.83,52.86,52.74,52.74,435734
2016-04-11 13:45:00,52.72,52.81,52.72,52.76,450474
2016-04-11 14:00:00,52.75,52.755,52.68,52.74,475302
2016-04-11 14:15:00,52.74,52.75,52.56,52.595,503408
2016-04-11 14:30:00,52.585,52.71,52.58,52.61,526734
2016-04-11 14:45:00,52.6,52.73,52.59,52.715,549556
2016-04-11 15:00:00,52.71,52.76,52.68,52.7299,573328
2016-04-11 15:15:00,52.73,52.73,52.62,52.69,620491
2016-04-11 15:30:00,52.69,52.8,52.67,52.72,702831
2016-04-11 15:45:00,52.72,52.75,52.6,52.64,806931
2016-04-11 16:00:00,52.64,52.72,52.63,52.66,1080428
2016-04-12 09:45:00,52.57,52.7,52.39,52.47,43033
2016-04-12 10:00:00,52.46,52.5601,52.44,52.56,84448
2016-04-12 10:15:00,52.57,52.63,52.48,52.49,136495
2016-04-12 10:30:00,52.49,52.59,52.49,52.4901,191518
2016-04-12 10:45:00,52.51,52.64,52.43,52.52,250280
2016-04-12 11:00:00,52.535,52.74,52.4801,52.68,320987
2016-04-12 11:15:00,52.69,52.71,52.62,52.62,347731
2016-04-12 11:30:00,52.62,52.68,52.59,52.67,393779
2016-04-12 11:45:00,52.67,52.8,52.67,52.73,423162
2016-04-12 12:00:00,52.74,52.79,52.7,52.705,444954
2016-04-12 12:15:00,52.71,52.72,52.63,52.64,475573
2016-04-12 12:30:00,52.65,52.75,52.65,52.69,494172
2016-04-12 12:45:00,52.69,52.83,52.69,52.82,509446
2016-04-12 13:00:00,52.8,52.91,52.775,52.87,535482
2016-04-12 13:15:00,52.86,52.8801,52.82,52.82,586415
2016-04-12 13:30:00,52.83,52.89,52.8,52.855,621696
2016-04-12 13:45:00,52.85,52.91,52.83,52.88,655372
2016-04-12 14:00:00,52.885,52.935,52.79,52.8863,709689
2016-04-12 14:15:00,52.88,52.97,52.85,52.96,766962
2016-04-12 14:30:00,52.96,52.97,52.875,52.88,805319
2016-04-12 14:45:00,52.87,52.89,52.79,52.8,893854
2016-04-12 15:00:00,52.805,52.82,52.78,52.8,966995
2016-04-12 15:15:00,52.8,53.01,52.79,53.0,1029986
2016-04-12 15:30:00,53.01,53.02,52.91,52.96,1104815
2016-04-12 15:45:00,52.96,53.04,52.935,52.94,1213122
2016-04-12 16:00:00,52.94,52.99,52.875,52.91,1461784
2016-04-13 09:45:00,53.28,53.31,52.89,52.99,52005
2016-04-13 10:00:00,52.985,53.02,52.93,53.0,83830
2016-04-13 10:15:00,53.0,53.0,52.88,52.88,127596
2016-04-13 10:30:00,52.88,52.88,52.76,52.77,311861
2016-04-13 10:45:00,52.79,52.82,52.68,52.74,367363
2016-04-13 11:00:00,52.75,52.87,52.67,52.74,455669
2016-04-13 11:15:00,52.73,52.91,52.73,52.9,507095
2016-04-13 11:30:00,52.9,52.97,52.89,52.915,557065
2016-04-13 11:45:00,52.92,53.09,52.92,53.09,657324
2016-04-13 12:00:00,53.09,53.11,53.0425,53.07,691665
2016-04-13 12:15:00,53.08,53.08,52.92,52.92,813732
2016-04-13 12:30:00,52.91,52.98,52.86,52.955,850171
2016-04-13 12:45:00,52.95,52.95,52.86,52.86,886487
2016-04-13 13:00:00,52.86,52.91,52.86,52.89,937109
2016-04-13 13:15:00,52.89,52.91,52.86,52.91,972141
2016-04-13 13:30:00,52.9,52.91,52.89,52.89,1004555
2016-04-13 13:45:00,52.9,52.92,52.88,52.9,1057389
2016-04-13 14:00:00,52.91,53.01,52.89,52.995,1114061
2016-04-13 14:15:00,52.995,53.055,52.9,52.96,1218702
2016-04-13 14:30:00,52.96,53.04,52.96,53.02,1255502
2016-04-13 14:45:00,53.025,53.07,52.99,53.005,1299916
2016-04-13 15:00:00,53.0,53.01,52.93,52.96,1345379
2016-04-13 15:15:00,52.95,53.0,52.95,52.97,1420042
2016-04-13 15:30:00,52.97,53.09,52.95,53.08,1477600
2016-04-13 15:45:00,53.085,53.175,53.065,53.17,1551554
2016-04-13 16:00:00,53.18,53.21,53.13,53.17,1743563
2016-04-14 09:45:00,53.3,53.39,53.1801,53.25,34402
2016-04-14 10:00:00,53.26,53.42,53.24,53.405,93052
2016-04-14 10:15:00,53.4,53.4,53.33,53.3421,124237
2016-04-14 10:30:00,53.35,53.38,53.25,53.25,165537
2016-04-14 10:45:00,53.255,53.265,53.1,53.1,210045
2016-04-14 11:00:00,53.12,53.23,53.09,53.13,250264
2016-04-14 11:15:00,53.13,53.21,53.13,53.15,294247
2016-04-14 11:30:00,53.15,53.22,53.14,53.16,325276
2016-04-14 11:45:00,53.17,53.19,53.1,53.135,353980
2016-04-14 12:00:00,53.13,53.23,53.125,53.22,386583
2016-04-14 12:15:00,53.22,53.23,53.1,53.1,423291
2016-04-14 12:30:00,53.09,53.16,53.05,53.13,462888
2016-04-14 12:45:00,53.12,53.12,53.02,53.085,516941
2016-04-14 13:00:00,53.1,53.105,53.03,53.0401,554012
2016-04-14 13:15:00,53.045,53.06,53.03,53.03,591710
2016-04-14 13:30:00,53.03,53.03,52.96,52.97,623799
2016-04-14 13:45:00,52.965,52.97,52.94,52.95,655703
2016-04-14 14:00:00,52.95,52.97,52.93,52.935,685050
2016-04-14 14:15:00,52.93,52.935,52.88,52.92,713026
2016-04-14 14:30:00,52.92,52.98,52.91,52.94,810270
2016-04-14 14:45:00,52.95,52.96,52.89,52.92,848474
2016-04-14 15:00:00,52.91,53.0,52.89,52.95,890437
2016-04-14 15:15:00,52.96,52.99,52.92,52.92,938398
2016-04-14 15:30:00,52.925,52.97,52.91,52.95,990870
2016-04-14 15:45:00,52.96,52.975,52.92,52.94,1087333
2016-04-14 16:00:00,52.95,52.99,52.92,52.95,1318366
2016-04-15 09:45:00,52.87,52.95,52.75,52.88,319753
2016-04-15 10:00:00,52.86,52.9,52.78,52.8,390114
2016-04-15 10:15:00,52.8,52.96,52.79,52.915,485790
2016-04-15 10:30:00,52.91,53.15,52.91,53.08,617977
2016-04-15 10:45:00,53.08,53.14,52.99,53.14,762903
2016-04-15 11:00:00,53.15,53.18,52.87,52.88,846281
2016-04-15 11:15:00,52.87,52.935,52.84,52.87,884023
2016-04-15 11:30:00,52.86,52.89,52.68,52.69,940161
2016-04-15 11:45:00,52.69,52.86,52.68,52.7101,986440
2016-04-15 12:00:00,52.71,52.89,52.71,52.825,1058740
2016-04-15 12:15:00,52.82,52.82,52.71,52.72,1092772
2016-04-15 12:30:00,52.71,52.73,52.62,52.67,1131232
2016-04-15 12:45:00,52.68,52.7,52.66,52.66,1168824
2016-04-15 13:00:00,52.66,52.7,52.655,52.675,1242978
2016-04-15 13:15:00,52.675,52.725,52.64,52.7,1282274
2016-04-15 13:30:00,52.695,52.7,52.645,52.645,1320017
2016-04-15 13:45:00,52.6499,52.6499,52.54,52.57,1381568
2016-04-15 14:00:00,52.57,52.62,52.57,52.6,1420068
2016-04-15 14:15:00,52.61,52.68,52.57,52.66,1479298
2016-04-15 14:30:00,52.665,52.67,52.61,52.645,1529155
2016-04-15 14:45:00,52.655,52.75,52.65,52.69,1578665
2016-04-15 15:00:00,52.68,52.77,52.68,52.77,1646153
2016-04-15 15:15:00,52.78,52.805,52.7,52.805,1705017
2016-04-15 15:30:00,52.81,52.85,52.67,52.74,1819986
2016-04-15 15:45:00,52.75,52.775,52.68,52.7,2049105
2016-04-15 16:00:00,52.69,52.81,52.68,52.69,2464971
2016-04-18 09:45:00,52.64,52.84,52.64,52.775,36299
2016-04-18 10:00:00,52.78,52.83,52.75,52.76,74034
2016-04-18 10:15:00,52.74,53.015,52.74,53.0,119122
2016-04-18 10:30:00,53.03,53.05,52.86,52.9065,243131
2016-04-18 10:45:00,52.905,52.95,52.9,52.93,317649
2016-04-18 11:00:00,52.93,53.05,52.895,53.01,377233
2016-04-18 11:15:00,53.005,53.01,52.85,52.855,434666
2016-04-18 11:30:00,52.85,53.0,52.85,52.995,477736
2016-04-18 11:45:00,53.0,53.049,52.985,52.99,511181
2016-04-18 12:00:00,53.0,53.12,53.0,53.04,551513
2016-04-18 12:15:00,53.05,53.07,52.99,53.005,598910
2016-04-18 12:30:00,53.01,53.1,52.955,53.09,633972
2016-04-18 12:45:00,53.1,53.19,53.09,53.19,657606
2016-04-18 13:00:00,53.2,53.2,53.08,53.08,686371
2016-04-18 13:15:00,53.0875,53.09,52.985,53.015,721167
2016-04-18 13:30:00,53.015,53.02,52.955,52.96,752249
2016-04-18 13:45:00,52.97,53.01,52.97,53.005,783279
2016-04-18 14:00:00,53.01,53.02,52.99,53.005,859849
2016-04-18 14:15:00,53.01,53.16,52.99,53.15,893296
2016-04-18 14:30:00,53.16,53.22,53.125,53.22,919924
2016-04-18 14:45:00,53.22,53.3,53.21,53.26,954522
2016-04-18 15:00:00,53.26,53.26,53.15,53.16,988569
2016-04-18 15:15:00,53.17,53.215,53.165,53.19,1019325
2016-04-18 15:30:00,53.19,53.24,53.19,53.219,1064422
2016-04-18 15:45:00,53.215,53.26,53.19,53.23,1116015
2016-04-18 16:00:00,53.24,53.32,53.21,53.25,1312237
2016-04-19 09:45:00,53.33,53.69,53.33,53.64,63224
2016-04-19 10:00:00,53.66,53.72,53.584,53.7125,116551
2016-04-19 10:15:00,53.72,53.8,53.68,53.755,172491
2016-04-19 10:30:00,53.76,53.82,53.74,53.745,213487
2016-04-19 10:45:00,53.75,53.76,53.69,53.74,287960
2016-04-19 11:00:00,53.74,53.78,53.64,53.71,369652
2016-04-19 11:15:00,53.72,53.79,53.71,53.78,427142
2016-04-19 11:30:00,53.78,53.785,53.75,53.75,471894
2016-04-19 11:45:00,53.75,53.86,53.72,53.855,548271
2016-04-19 12:00:00,53.855,53.96,53.855,53.94,676789
2016-04-19 12:15:00,53.9325,53.96,53.75,53.755,750879
2016-04-19 12:30:00,53.76,53.81,53.76,53.76,810145
2016-04-19 12:45:00,53.76,53.79,53.74,53.7701,887395
2016-04-19 13:00:00,53.77,53.81,53.74,53.75,964240
2016-04-19 13:15:00,53.755,53.77,53.74,53.75,1024841
2016-04-19 13:30:00,53.75,53.75,53.69,53.73,1081565
2016-04-19 13:45:00,53.72,53.79,53.67,53.79,1135147
2016-04-19 14:00:00,53.79,53.81,53.76,53.76,1162291
2016-04-19 14:15:00,53.765,53.8,53.75,53.785,1222538
2016-04-19 14:30:00,53.79,53.86,53.79,53.845,1268480
2016-04-19 14:45:00,53.84,53.88,53.8,53.875,1338712
2016-04-19 15:00:00,53.88,54.05,53.87,53.9,1465777
2016-04-19 15:15:00,53.89,53.91,53.84,53.895,1558965
2016-04-19 15:30:00,53.895,54.045,53.88,53.98,1660599
2016-04-19 15:45:00,53.99,53.99,53.9,53.92,1807022
2016-04-19 16:00:00,53.91,53.95,53.845,53.93,2161061
2016-04-20 09:45:00,54.48,54.59,51.76,52.28,371269
2016-04-20 10:00:00,52.31,52.64,52.18,52.22,605755
2016-04-20 10:15:00,52.2,52.59,52.16,52.57,841519
2016-04-20 10:30:00,52.58,52.72,52.26,52.36,1062785
2016-04-20 10:45:00,52.38,52.66,52.35,52.64,1252062
2016-04-20 11:00:00,52.635,52.64,52.35,52.45,1429092
2016-04-20 11:15:00,52.45,52.51,52.35,52.4925,1638418
2016-04-20 11:30:00,52.5,52.74,52.45,52.53,1863192
2016-04-20 11:45:00,52.55,53.067,52.54,53.02,1979537
2016-04-20 12:00:00,53.05,53.14,52.93,53.02,2075427
2016-04-20 12:15:00,53.01,53.01,52.66,52.69,2192314
2016-04-20 12:30:00,52.67,52.73,52.42,52.54,2321087
2016-04-20 12:45:00,52.557,53.0,52.55,52.98,2394693
2016-04-20 13:00:00,52.98,53.01,52.84,52.91,2449874
2016-04-20 13:15:00,52.89,52.92,52.82,52.88,2503237
2016-04-20 13:30:00,52.875,52.97,52.63,52.64,2569792
2016-04-20 13:45:00,52.63,53.02,52.62,52.97,2648375
2016-04-20 14:00:00,52.965,52.968,52.83,52.87,2699378
2016-04-20 14:15:00,52.87,52.92,52.79,52.82,2757382
2016-04-20 14:30:00,52.83,52.91,52.75,52.855,2844427
2016-04-20 14:45:00,52.86,53.0,52.82,52.91,2945304
2016-04-20 15:00:00,52.91,52.96,52.87,52.95,3007903
2016-04-20 15:15:00,52.945,53.015,52.89,52.965,3140178
2016-04-20 15:30:00,52.97,53.0,52.93,52.96,3275247
2016-04-20 15:45:00,52.96,52.98,52.89,52.895,3440733
2016-04-20 16:00:00,52.89,52.895,52.74,52.84,3868225
2016-04-21 09:45:00,52.7,52.86,52.52,52.59,71431
2016-04-21 10:00:00,52.59,52.59,52.34,52.34,122007
2016-04-21 10:15:00,52.35,52.61,52.26,52.47,190111
2016-04-21 10:30:00,52.48,52.53,52.39,52.42,289736
2016-04-21 10:45:00,52.41,52.487,52.4,52.48,395540
2016-04-21 11:00:00,52.475,52.55,52.39,52.41,502904
2016-04-21 11:15:00,52.42,52.52,52.4,52.49,573788
2016-04-21 11:30:00,52.5,52.51,52.44,52.45,630427
2016-04-21 11:45:00,52.46,52.54,52.42,52.51,728579
2016-04-21 12:00:00,52.52,52.54,52.44,52.47,773794
2016-04-21 12:15:00,52.4617,52.47,52.3,52.32,893675
2016-04-21 12:30:00,52.32,52.38,52.32,52.375,917482
2016-04-21 12:45:00,52.37,52.39,52.3,52.35,949323
2016-04-21 13:00:00,52.35,52.35,52.23,52.25,1010702
2016-04-21 13:15:00,52.25,52.305,52.24,52.25,1064435
2016-04-21 13:30:00,52.25,52.26,52.13,52.13,1117938
2016-04-21 13:45:00,52.12,52.34,52.12,52.27,1157667
2016-04-21 14:00:00,52.26,52.26,52.125,52.15,1183983
2016-04-21 14:15:00,52.15,52.22,52.1,52.21,1220927
2016-04-21 14:30:00,52.215,52.2175,52.11,52.13,1255207
2016-04-21 14:45:00,52.12,52.125,51.99,52.03,1309225
2016-04-21 15:00:00,52.03,52.03,51.95,51.97,1362939
2016-04-21 15:15:00,51.98,51.99,51.89,51.9,1457561
2016-04-21 15:30:00,51.91,51.92,51.82,51.85,1544296
2016-04-21 15:45:00,51.85,51.92,51.85,51.89,1673910
2016-04-21 16:00:00,51.89,51.94,51.82,51.87,2016798
2016-04-22 09:45:00,51.8,52.08,51.68,52.08,58758
2016-04-22 10:00:00,52.07,52.09,51.96,51.98,113432
2016-04-22 10:15:00,51.97,52.06,51.97,52.03,164953
2016-04-22 10:30:00,52.025,52.03,51.87,51.89,196662
2016-04-22 10:45:00,51.89,51.93,51.77,51.78,232857
2016-04-22 11:00:00,51.77,51.77,51.665,51.68,284718
2016-04-22 11:15:00,51.685,51.78,51.552,51.59,365491
2016-04-22 11:30:00,51.6,51.72,51.55,51.6,393515
2016-04-22 11:45:00,51.605,51.675,51.57,51.62,469339
2016-04-22 12:00:00,51.61,51.63,51.51,51.6,549474
2016-04-22 12:15:00,51.6,51.61,51.55,51.5985,577192
2016-04-22 12:30:00,51.6,51.63,51.57,51.59,600738
2016-04-22 12:45:00,51.59,51.73,51.59,51.73,622162
2016-04-22 13:00:00,51.73,51.79,51.66,51.77,648155
2016-04-22 13:15:00,51.78,51.8,51.73,51.745,666915
2016-04-22 13:30:00,51.75,51.76,51.67,51.72,719835
2016-04-22 13:45:00,51.725,51.85,51.72,51.8401,751727
2016-04-22 14:00:00,51.85,51.88,51.82,51.86,811784
2016-04-22 14:15:00,51.865,51.93,51.85,51.8634,843385
2016-04-22 14:30:00,51.86,51.96,51.85,51.89,887477
2016-04-22 14:45:00,51.89,51.9,51.82,51.855,922527
2016-04-22 15:00:00,51.85,51.89,51.82,51.87,963161
2016-04-22 15:15:00,51.87,51.89,51.85,51.89,1032724
2016-04-22 15:30:00,51.88,51.91,51.79,51.9,1103272
2016-04-22 15:45:00,51.9,51.93,51.83,51.9,1244635
2016-04-22 16:00:00,51.9,51.98,51.895,51.92,1389444
2016-04-25 09:45:00,51.91,51.96,51.73,51.92,33096
2016-04-25 10:00:00,51.92,51.94,51.68,51.74,72668
2016-04-25 10:15:00,51.725,51.89,51.725,51.87,112516
2016-04-25 10:30:00,51.87,51.9,51.75,51.75,145108
2016-04-25 10:45:00,51.75,51.76,51.62,51.62,183309
2016-04-25 11:00:00,51.62,51.68,51.59,51.61,223920
2016-04-25 11:15:00,51.62,51.671,51.6,51.65,258187
2016-04-25 11:30:00,51.64,51.73,51.58,51.71,303476
2016-04-25 11:45:00,51.7,51.7,51.57,51.57,341804
2016-04-25 12:00:00,51.58,51.67,51.575,51.6175,365646
2016-04-25 12:15:00,51.615,51.68,51.61,51.68,384798
2016-04-25 12:30:00,51.675,51.71,51.63,51.685,418924
2016-04-25 12:45:00,51.685,51.69,51.655,51.68,445682
2016-04-25 13:00:00,51.675,51.77,51.64,51.74,485423
2016-04-25 13:15:00,51.74,51.75,51.7,51.74,523007
2016-04-25 13:30:00,51.74,51.75,51.67,51.67,550967
2016-04-25 13:45:00,51.67,51.68,51.64,51.64,583995
2016-04-25 14:00:00,51.64,51.66,51.59,51.5975,622796
2016-04-25 14:15:00,51.6,51.66,51.55,51.56,668416
2016-04-25 14:30:00,51.56,51.585,51.49,51.57,740463
2016-04-25 14:45:00,51.56,51.565,51.47,51.535,822734
2016-04-25 15:00:00,51.5335,51.58,51.47,51.53,889188
2016-04-25 15:15:00,51.535,51.58,51.52,51.53,923162
2016-04-25 15:30:00,51.54,51.55,51.49,51.5,967359
2016-04-25 15:45:00,51.505,51.58,51.5,51.51,1049541
2016-04-25 16:00:00,51.52,51.63,51.51,51.63,1211364
2016-04-26 09:45:00,51.8,51.91,51.65,51.83,104234
2016-04-26 10:00:00,51.83,52.12,51.83,52.1,279490
2016-04-26 10:15:00,52.1,52.18,51.942,51.95,372209
2016-04-26 10:30:00,51.95,52.01,51.95,51.97,400310
2016-04-26 10:45:00,51.96,51.97,51.9054,51.945,419253
2016-04-26 11:00:00,51.945,51.95,51.78,51.78,463360
2016-04-26 11:15:00,51.81,52.0,51.745,51.97,516558
2016-04-26 11:30:00,51.98,52.03,51.9646,51.98,549611
2016-04-26 11:45:00,51.98,52.02,51.97,52.0,588244
2016-04-26 12:00:00,52.0,52.005,51.98,52.0,635255
2016-04-26 12:15:00,52.0,52.005,51.97,51.99,668294
2016-04-26 12:30:00,51.99,52.0,51.95,51.99,689275
2016-04-26 12:45:00,51.99,52.0,51.93,51.97,707335
2016-04-26 13:00:00,51.975,52.0,51.92,51.93,732070
2016-04-26 13:15:00,51.93,51.93,51.84,51.87,751219
2016-04-26 13:30:00,51.88,51.95,51.87,51.92,774312
2016-04-26 13:45:00,51.91,51.94,51.76,51.78,802204
2016-04-26 14:00:00,51.79,51.86,51.78,51.85,829573
2016-04-26 14:15:00,51.86,51.87,51.8,51.825,850717
2016-04-26 14:30:00,51.83,51.83,51.75,51.76,898909
2016-04-26 14:45:00,51.7675,51.875,51.76,51.87,937893
2016-04-26 15:00:00,51.865,51.92,51.86,51.89,972230
2016-04-26 15:15:00,51.89,51.95,51.89,51.915,1024817
2016-04-26 15:30:00,51.92,51.95,51.9,51.93,1071360
2016-04-26 15:45:00,51.93,52.01,51.93,51.95,1163353
2016-04-26 16:00:00,51.96,52.01,51.96,51.97,1376117
2016-04-27 09:45:00,51.68,52.06,51.68,52.0,99753
2016-04-27 10:00:00,52.01,52.045,51.7,51.72,206262
2016-04-27 10:15:00,51.72,51.79,51.61,51.73,290920
2016-04-27 10:30:00,51.72,51.73,51.52,51.52,341481
2016-04-27 10:45:00,51.52,51.52,51.3,51.33,404165
2016-04-27 11:00:00,51.33,51.33,51.15,51.165,527724
2016-04-27 11:15:00,51.165,51.38,51.16,51.37,602466
2016-04-27 11:30:00,51.37,51.435,51.31,51.36,661620
2016-04-27 11:45:00,51.36,51.52,51.35,51.385,718846
2016-04-27 12:00:00,51.39,51.46,51.36,51.42,781535
2016-04-27 12:15:00,51.42,51.445,51.31,51.33,858770
2016-04-27 12:30:00,51.32,51.385,51.3,51.35,908369
2016-04-27 12:45:00,51.36,51.475,51.33,51.44,960539
2016-04-27 13:00:00,51.43,51.475,51.33,51.37,1028398
2016-04-27 13:15:00,51.365,51.365,51.285,51.32,1077597
2016-04-27 13:30:00,51.32,51.355,51.26,51.31,1131320
2016-04-27 13:45:00,51.3,51.39,51.29,51.3,1178194
2016-04-27 14:00:00,51.29,51.33,51.26,51.27,1227560
2016-04-27 14:15:00,51.26,51.43,51.19,51.375,1329858
2016-04-27 14:30:00,51.38,51.56,51.375,51.435,1419338
2016-04-27 14:45:00,51.44,51.57,51.415,51.55,1490213
2016-04-27 15:00:00,51.56,51.59,51.49,51.57,1557029
2016-04-27 15:15:00,51.57,51.665,51.55,51.57,1648520
2016-04-27 15:30:00,51.57,51.62,51.56,51.62,1733621
2016-04-27 15:45:00,51.62,51.66,51.6,51.64,1827281
2016-04-27 16:00:00,51.64,51.7,51.54,51.54,2106720
2016-04-28 09:45:00,51.3,51.62,51.24,51.5,106436
2016-04-28 10:00:00,51.49,51.85,51.49,51.67,159654
2016-04-28 10:15:00,51.67,51.77,51.65,51.74,234558
2016-04-28 10:30:00,51.75,51.76,51.62,51.65,290695
2016-04-28 10:45:00,51.65,51.79,51.63,51.77,349209
2016-04-28 11:00:00,51.7725,51.865,51.77,51.86,402218
2016-04-28 11:15:00,51.9,51.92,51.825,51.85,452641
2016-04-28 11:30:00,51.85,52.06,51.83,52.04,532887
2016-04-28 11:45:00,52.03,52.095,52.0,52.05,569038
2016-04-28 12:00:00,52.06,52.115,51.995,52.015,603346
2016-04-28 12:15:00,52.02,52.05,51.97,51.97,649719
2016-04-28 12:30:00,51.95,52.0,51.93,52.0,676523
2016-04-28 12:45:00,52.0,52.0,51.94,51.995,730310
2016-04-28 13:00:00,52.0,52.05,51.99,52.03,861217
2016-04-28 13:15:00,52.03,52.03,51.87,51.895,921016
2016-04-28 13:30:00,51.9,51.915,51.85,51.905,978631
2016-04-28 13:45:00,51.905,51.92,51.855,51.905,1060071
2016-04-28 14:00:00,51.905,51.98,51.89,51.98,1093526
2016-04-28 14:15:00,51.98,51.98,51.91,51.955,1145259
2016-04-28 14:30:00,51.955,51.975,51.9,51.96,1184261
2016-04-28 14:45:00,51.955,51.955,51.82,51.885,1239916
2016-04-28 15:00:00,51.87,51.88,51.79,51.8025,1309739
2016-04-28 15:15:00,51.8,51.815,51.67,51.675,1386924
2016-04-28 15:30:00,51.67,51.675,51.48,51.485,1500422
2016-04-28 15:45:00,51.49,51.71,51.49,51.69,1682596
2016-04-28 16:00:00,51.68,51.8,51.66,51.78,2068714
2016-04-29 09:45:00,51.76,51.93,51.645,51.83,88404
2016-04-29 10:00:00,51.78,51.89,51.63,51.79,157738
2016-04-29 10:15:00,51.81,51.98,51.6925,51.93,299485
2016-04-29 10:30:00,51.93,52.12,51.93,52.075,409592
2016-04-29 10:45:00,52.07,52.23,52.07,52.17,518664
2016-04-29 11:00:00,52.16,52.18,52.09,52.135,588847
2016-04-29 11:15:00,52.1325,52.24,52.085,52.2,722314
2016-04-29 11:30:00,52.2,52.24,52.19,52.22,875157
2016-04-29 11:45:00,52.22,52.235,52.11,52.11,1555059
2016-04-29 12:00:00,52.1,52.21,52.02,52.09,1678386
2016-04-29 12:15:00,52.09,52.095,51.845,51.85,1763146
2016-04-29 12:30:00,51.84,52.05,51.82,52.02,1833896
2016-04-29 12:45:00,52.02,52.06,51.89,51.92,1909073
2016-04-29 13:00:00,51.9275,51.965,51.9,51.955,1960152
2016-04-29 13:15:00,51.955,52.017,51.94,52.01,2012001
2016-04-29 13:30:00,52.01,52.01,51.95,51.989,2055896
2016-04-29 13:45:00,51.9891,51.99,51.84,51.84,2101275
2016-04-29 14:00:00,51.85,51.96,51.85,51.89,2166600
2016-04-29 14:15:00,51.8725,51.9,51.7948,51.845,2231938
2016-04-29 14:30:00,51.84,51.96,51.76,51.93,2283287
2016-04-29 14:45:00,51.94,51.94,51.86,51.9,2372879
2016-04-29 15:00:00,51.9,52.0,51.9,51.99,2424330
2016-04-29 15:15:00,51.985,52.06,51.97,52.06,2525024
2016-04-29 15:30:00,52.05,52.08,51.995,52.0325,2608803
2016-04-29 15:45:00,52.04,52.2,52.04,52.135,2761909
2016-04-29 16:00:00,52.135,52.24,52.105,52.17,3038192
2016-05-02 09:45:00,52.14,52.51,52.01,52.46,79415
2016-05-02 10:00:00,52.49,52.52,52.18,52.22,121819
2016-05-02 10:15:00,52.22,52.45,52.21,52.44,225746
2016-05-02 10:30:00,52.445,52.52,52.41,52.49,325608
2016-05-02 10:45:00,52.49,52.61,52.3,52.6,497179
2016-05-02 11:00:00,52.61,52.84,52.61,52.8,734922
2016-05-02 11:15:00,52.8,52.87,52.76,52.87,781798
2016-05-02 11:30:00,52.85,52.87,52.79,52.85,861670
2016-05-02 11:45:00,52.85,53.01,52.74,52.96,1027344
2016-05-02 12:00:00,52.96,52.96,52.72,52.8,1090476
2016-05-02 12:15:00,52.79,52.8,52.68,52.75,1199605
2016-05-02 12:30:00,52.75,52.76,52.44,52.45,1427740
2016-05-02 12:45:00,52.47,52.64,52.45,52.55,1512456
2016-05-02 13:00:00,52.54,52.545,52.44,52.46,1564688
2016-05-02 13:15:00,52.46,52.6,52.46,52.5701,1605564
2016-05-02 13:30:00,52.58,52.615,52.53,52.567,1641828
2016-05-02 13:45:00,52.57,52.66,52.57,52.62,1660741
2016-05-02 14:00:00,52.62,52.63,52.535,52.585,1710088
2016-05-02 14:15:00,52.58,52.62,52.565,52.565,1747863
2016-05-02 14:30:00,52.57,52.62,52.47,52.47,1819052
2016-05-02 14:45:00,52.475,52.48,52.42,52.44,1873700
2016-05-02 15:00:00,52.445,52.46,52.395,52.42,1918843
2016-05-02 15:15:00,52.43,52.55,52.38,52.4,2137878
2016-05-02 15:30:00,52.4,52.49,52.35,52.43,2249615
2016-05-02 15:45:00,52.435,52.49,52.38,52.47,2416579
2016-05-02 16:00:00,52.48,52.53,52.47,52.51,2758169
2016-05-03 09:45:00,52.07,52.17,51.9,51.91,107430
2016-05-03 10:00:00,51.89,51.92,51.58,51.87,221141
2016-05-03 10:15:00,51.87,51.87,51.57,51.57,256641
2016-05-03 10:30:00,51.58,51.64,51.52,51.59,347561
2016-05-03 10:45:00,51.59,51.6,51.3,51.33,458363
2016-05-03 11:00:00,51.32,51.43,51.29,51.39,537160
2016-05-03 11:15:00,51.41,51.55,51.38,51.48,624176
2016-05-03 11:30:00,51.47,51.48,51.31,51.31,679386
2016-05-03 11:45:00,51.31,51.37,51.29,51.35,741794
2016-05-03 12:00:00,51.359,51.38,51.34,51.34,776444
2016-05-03 12:15:00,51.335,51.41,51.335,51.38,808696
2016-05-03 12:30:00,51.37,51.39,51.33,51.36,863907
2016-05-03 12:45:00,51.37,51.46,51.36,51.43,915546
2016-05-03 13:00:00,51.43,51.49,51.43,51.485,983885
2016-05-03 13:15:00,51.49,51.62,51.485,51.605,1019336
2016-05-03 13:30:00,51.6,51.69,51.58,51.649,1068063
2016-05-03 13:45:00,51.64,51.72,51.58,51.71,1141568
2016-05-03 14:00:00,51.71,51.74,51.68,51.74,1178674
2016-05-03 14:15:00,51.74,51.746,51.64,51.695,1275108
2016-05-03 14:30:00,51.695,51.76,51.69,51.7,1371350
2016-05-03 14:45:00,51.7,51.72,51.65,51.66,1444685
2016-05-03 15:00:00,51.66,51.69,51.6064,51.67,1501114
2016-05-03 15:15:00,51.68,51.72,51.46,51.67,1635070
2016-05-03 15:30:00,51.68,51.695,51.59,51.6,1697629
2016-05-03 15:45:00,51.59,51.59,51.49,51.51,1812865
2016-05-03 16:00:00,51.51,51.57,51.48,51.545,2069743
2016-05-04 09:45:00,51.24,51.445,51.06,51.28,51328
2016-05-04 10:00:00,51.28,51.58,51.24,51.55,106055
2016-05-04 10:15:00,51.57,51.68,51.42,51.5,166378
2016-05-04 10:30:00,51.49,51.5,51.39,51.39,327966
2016-05-04 10:45:00,51.39,51.48,51.34,51.36,370972
2016-05-04 11:00:00,51.34,51.41,51.32,51.39,447791
2016-05-04 11:15:00,51.38,51.45,51.33,51.34,493774
2016-05-04 11:30:00,51.34,51.39,51.275,51.29,566852
2016-05-04 11:45:00,51.28,51.39,51.265,51.3,623662
2016-05-04 12:00:00,51.3,51.35,51.24,51.32,694082
2016-05-04 12:15:00,51.3,51.46,51.3,51.42,739409
2016-05-04 12:30:00,51.43,51.52,51.41,51.485,770841
2016-05-04 12:45:00,51.485,51.5,51.42,51.43,834476
2016-05-04 13:00:00,51.44,51.4675,51.42,51.42,875750
2016-05-04 13:15:00,51.42,51.53,51.41,51.52,918310
2016-05-04 13:30:00,51.52,51.53,51.45,51.525,970621
2016-05-04 13:45:00,51.5275,51.53,51.47,51.47,1018769
2016-05-04 14:00:00,51.47,51.475,51.37,51.37,1067266
2016-05-04 14:15:00,51.375,51.4,51.285,51.3001,1284449
2016-05-04 14:30:00,51.3075,51.36,51.28,51.31,1361263
2016-05-04 14:45:00,51.32,51.32,51.25,51.255,1446020
2016-05-04 15:00:00,51.25,51.31,51.25,51.31,1486363
2016-05-04 15:15:00,51.31,51.32,51.2701,51.315,1551435
2016-05-04 15:30:00,51.32,51.37,51.3,51.34,1649172
2016-05-04 15:45:00,51.34,51.4,51.32,51.35,1785123
2016-05-04 16:00:00,51.36,51.37,51.27,51.33,2065056
2016-05-05 09:45:00,51.38,51.38,51.26,51.35,185348
2016-05-05 10:00:00,51.36,51.43,51.315,51.4,368823
2016-05-05 10:15:00,51.4,51.56,51.39,51.549,648345
2016-05-05 10:30:00,51.545,51.55,51.3,51.3,763311
2016-05-05 10:45:00,51.3,51.31,51.2,51.21,885002
2016-05-05 11:00:00,51.22,51.2875,51.21,51.2475,971754
2016-05-05 11:15:00,51.24,51.27,51.2,51.215,1034668
2016-05-05 11:30:00,51.225,51.27,51.09,51.13,1081543
2016-05-05 11:45:00,51.14,51.22,51.11,51.21,1144259
2016-05-05 12:00:00,51.22,51.22,51.14,51.19,1221306
2016-05-05 12:15:00,51.19,51.26,51.19,51.225,1266393
2016-05-05 12:30:00,51.23,51.255,51.14,51.19,1320714
2016-05-05 12:45:00,51.19,51.1975,51.1,51.16,1363928
2016-05-05 13:00:00,51.16,51.2075,51.14,51.17,1407784
2016-05-05 13:15:00,51.18,51.2025,51.04,51.05,1451690
2016-05-05 13:30:00,51.05,51.1075,51.035,51.1,1490799
2016-05-05 13:45:00,51.1,51.11,51.07,51.085,1532078
2016-05-05 14:00:00,51.07,51.09,51.01,51.0175,1647889
2016-05-05 14:15:00,51.01,51.02,50.9775,51.01,1762045
2016-05-05 14:30:00,51.015,51.05,51.015,51.035,1820805
2016-05-05 14:45:00,51.035,51.05,51.02,51.05,1881055
2016-05-05 15:00:00,51.05,51.06,50.99,51.0,1970272
2016-05-05 15:15:00,51.01,51.01,50.89,50.94,2107119
2016-05-05 15:30:00,50.94,51.04,50.93,51.0275,2231821
2016-05-05 15:45:00,51.02,51.05,50.95,51.01,2352895
2016-05-05 16:00:00,51.0,51.0075,50.93,50.99,2563307
2016-05-06 09:45:00,50.93,51.11,50.89,51.0,56157
2016-05-06 10:00:00,51.03,51.03,50.93,50.93,122177
2016-05-06 10:15:00,50.94,51.01,50.915,50.915,154831
2016-05-06 10:30:00,50.91,50.91,50.675,50.8,176221
2016-05-06 10:45:00,50.79,50.8335,50.7,50.83,205062
2016-05-06 11:00:00,50.83,50.86,50.66,50.75,248076
2016-05-06 11:15:00,50.7597,50.94,50.7597,50.85,280022
2016-05-06 11:30:00,50.836,50.95,50.82,50.91,328095
2016-05-06 11:45:00,50.91,51.0,50.895,50.94,365353
2016-05-06 12:00:00,50.95,50.95,50.81,50.84,405755
2016-05-06 12:15:00,50.84,50.85,50.76,50.84,475034
2016-05-06 12:30:00,50.84,51.0,50.82,50.99,500735
2016-05-06 12:45:00,51.0,51.03,50.94,51.025,527518
2016-05-06 13:00:00,51.03,51.04,50.98,51.04,550095
2016-05-06 13:15:00,51.04,51.1,50.99,51.1,609877
2016-05-06 13:30:00,51.11,51.2,51.1,51.15,639559
2016-05-06 13:45:00,51.15,51.15,51.08,51.08,680758
2016-05-06 14:00:00,51.07,51.11,51.07,51.11,754398
2016-05-06 14:15:00,51.11,51.15,51.1,51.15,876872
2016-05-06 14:30:00,51.15,51.2,51.15,51.2,962380
2016-05-06 14:45:00,51.2,51.21,51.18,51.19,1034224
2016-05-06 15:00:00,51.2,51.23,51.15,51.21,1076179
2016-05-06 15:15:00,51.21,51.29,51.21,51.24,1120146
2016-05-06 15:30:00,51.23,51.24,51.21,51.22,1156066
2016-05-06 15:45:00,51.22,51.28,51.16,51.21,1258966
2016-05-06 16:00:00,51.22,51.27,51.2,51.27,1441140
2016-05-09 09:45:00,51.28,51.67,51.2,51.67,51087
2016-05-09 10:00:00,51.67,51.77,51.63,51.75,93304
2016-05-09 10:15:00,51.77,51.8,51.67,51.68,167297
2016-05-09 10:30:00,51.69,51.72,51.49,51.5,204987
2016-05-09 10:45:00,51.5,51.57,51.44,51.53,239975
2016-05-09 11:00:00,51.52,51.6099,51.46,51.53,292862
2016-05-09 11:15:00,51.5,51.6,51.5,51.54,357960
2016-05-09 11:30:00,51.53,51.59,51.5,51.5595,415163
2016-05-09 11:45:00,51.55,51.6,51.5,51.6,452239
2016-05-09 12:00:00,51.61,51.67,51.6,51.64,487158
2016-05-09 12:15:00,51.64,51.64,51.545,51.56,531608
2016-05-09 12:30:00,51.56,51.62,51.53,51.61,546566
2016-05-09 12:45:00,51.62,51.65,51.58,51.5899,573434
2016-05-09 13:00:00,51.58,51.61,51.52,51.57,592016
2016-05-09 13:15:00,51.55,51.65,51.55,51.64,613224
2016-05-09 13:30:00,51.63,51.67,51.6,51.66,635235
2016-05-09 13:45:00,51.66,51.67,51.51,51.55,660635
2016-05-09 14:00:00,51.55,51.66,51.53,51.63,697114
2016-05-09 14:15:00,51.63,51.68,51.58,51.588,747119
2016-05-09 14:30:00,51.59,51.75,51.59,51.72,794064
2016-05-09 14:45:00,51.72,51.8,51.702,51.76,866017
2016-05-09 15:00:00,51.755,51.82,51.74,51.77,911763
2016-05-09 15:15:00,51.78,51.79,51.72,51.72,950533
2016-05-09 15:30:00,51.725,51.83,51.725,51.8,1029212
2016-05-09 15:45:00,51.8,51.83,51.76,51.78,1122156
2016-05-09 16:00:00,51.79,51.83,51.67,51.71,1397863
2016-05-10 09:45:00,51.85,51.93,51.64,51.79,82156
2016-05-10 10:00:00,51.77,52.03,51.75,52.01,261408
2016-05-10 10:15:00,52.01,52.01,51.77,51.81,306074
2016-05-10 10:30:00,51.82,51.87,51.77,51.84,340906
2016-05-10 10:45:00,51.85,51.875,51.82,51.85,416342
2016-05-10 11:00:00,51.85,51.88,51.84,51.86,495597
2016-05-10 11:15:00,51.85,51.87,51.85,51.855,524174
2016-05-10 11:30:00,51.86,51.87,51.76,51.785,566859
2016-05-10 11:45:00,51.78,51.965,51.77,51.96,600760
2016-05-10 12:00:00,51.955,52.08,51.9502,52.075,630279
2016-05-10 12:15:00,52.08,52.15,52.065,52.095,674182
2016-05-10 12:30:00,52.1,52.17,52.08,52.15,699334
2016-05-10 12:45:00,52.15,52.15,52.06,52.13,719623
2016-05-10 13:00:00,52.12,52.13,52.045,52.045,735044
2016-05-10 13:15:00,52.04,52.14,52.04,52.065,758009
2016-05-10 13:30:00,52.08,52.155,52.075,52.14,786383
2016-05-10 13:45:00,52.15,52.19,52.135,52.18,818163
2016-05-10 14:00:00,52.18,52.27,52.18,52.24,856231
2016-05-10 14:15:00,52.24,52.24,52.17,52.1701,894389
2016-05-10 14:30:00,52.17,52.31,52.17,52.31,940038
2016-05-10 14:45:00,52.31,52.32,52.25,52.32,982855
2016-05-10 15:00:00,52.32,52.32,52.235,52.26,1021712
2016-05-10 15:15:00,52.26,52.3,52.255,52.29,1053977
2016-05-10 15:30:00,52.285,52.39,52.28,52.38,1118966
2016-05-10 15:45:00,52.38,52.395,52.31,52.385,1190670
2016-05-10 16:00:00,52.39,52.44,52.37,52.39,1343819
2016-05-11 09:45:00,52.39,52.53,52.18,52.22,43295
2016-05-11 10:00:00,52.21,52.29,52.09,52.25,79461
2016-05-11 10:15:00,52.25,52.44,52.25,52.38,122596
2016-05-11 10:30:00,52.38,52.42,52.3,52.42,171041
2016-05-11 10:45:00,52.45,52.57,52.44,52.515,214178
2016-05-11 11:00:00,52.52,52.52,52.3901,52.46,260586
2016-05-11 11:15:00,52.45,52.45,52.29,52.33,302637
2016-05-11 11:30:00,52.33,52.36,52.28,52.31,330129
2016-05-11 11:45:00,52.3,52.31,52.25,52.28,361606
2016-05-11 12:00:00,52.28,52.35,52.23,52.27,404206
2016-05-11 12:15:00,52.26,52.32,52.24,52.25,426432
2016-05-11 12:30:00,52.24,52.29,52.23,52.28,446228
2016-05-11 12:45:00,52.27,52.33,52.23,52.32,477441
2016-05-11 13:00:00,52.31,52.34,52.28,52.295,501545
2016-05-11 13:15:00,52.28,52.305,52.26,52.3,514991
2016-05-11 13:30:00,52.29,52.32,52.27,52.32,549627
2016-05-11 13:45:00,52.31,52.32,52.24,52.25,566698
2016-05-11 14:00:00,52.2499,52.35,52.24,52.28,593564
2016-05-11 14:15:00,52.27,52.29,52.11,52.12,621709
2016-05-11 14:30:00,52.125,52.125,52.055,52.08,653167
2016-05-11 14:45:00,52.09,52.09,51.995,52.0,695763
2016-05-11 15:00:00,52.0,52.06,51.95,52.025,730987
2016-05-11 15:15:00,52.04,52.12,52.03,52.1,761673
2016-05-11 15:30:00,52.09,52.1,52.05,52.055,800120
2016-05-11 15:45:00,52.06,52.08,52.04,52.06,871573
2016-05-11 16:00:00,52.06,52.11,52.04,52.04,1018210
2016-05-12 09:45:00,52.17,52.31,51.973,52.22,28209
2016-05-12 10:00:00,52.24,52.39,52.18,52.18,55245
2016-05-12 10:15:00,52.17,52.25,52.17,52.2,77991
2016-05-12 10:30:00,52.21,52.31,52.15,52.2,109834
2016-05-12 10:45:00,52.21,52.3,52.1801,52.2,136228
2016-05-12 11:00:00,52.18,52.28,52.18,52.24,152345
2016-05-12 11:15:00,52.25,52.25,51.98,52.05,192072
2016-05-12 11:30:00,52.05,52.12,52.0,52.1125,254273
2016-05-12 11:45:00,52.11,52.1999,52.0744,52.17,284188
2016-05-12 12:00:00,52.175,52.215,52.13,52.14,337335
2016-05-12 12:15:00,52.13,52.13,52.05,52.09,355568
2016-05-12 12:30:00,52.09,52.11,52.05,52.1,382308
2016-05-12 12:45:00,52.11,52.12,52.02,52.09,395014
2016-05-12 13:00:00,52.08,52.18,52.08,52.1759,423088
2016-05-12 13:15:00,52.1876,52.2,52.11,52.1439,444077
2016-05-12 13:30:00,52.14,52.15,52.08,52.15,456709
2016-05-12 13:45:00,52.15,52.15,52.06,52.15,478948
2016-05-12 14:00:00,52.18,52.21,52.16,52.2,499579
2016-05-12 14:15:00,52.21,52.41,52.21,52.4,526943
2016-05-12 14:30:00,52.38,52.4,52.34,52.39,544186
2016-05-12 14:45:00,52.39,52.39,52.33,52.38,569312
2016-05-12 15:00:00,52.38,52.46,52.37,52.415,592702
2016-05-12 15:15:00,52.42,52.42,52.34,52.355,614175
2016-05-12 15:30:00,52.36,52.375,52.31,52.35,646342
2016-05-12 15:45:00,52.35,52.37,52.33,52.34,684433
2016-05-12 16:00:00,52.345,52.41,52.26,52.31,819931
2016-05-13 09:45:00,52.23,52.55,52.145,52.46,45140
2016-05-13 10:00:00,52.47,52.52,52.25,52.25,81016
2016-05-13 10:15:00,52.28,52.34,52.11,52.19,111806
2016-05-13 10:30:00,52.18,52.36,52.13,52.36,174777
2016-05-13 10:45:00,52.35,52.45,52.31,52.32,212388
2016-05-13 11:00:00,52.32,52.37,52.25,52.35,230045
2016-05-13 11:15:00,52.36,52.3899,52.3,52.37,258819
2016-05-13 11:30:00,52.37,52.52,52.35,52.51,282815
2016-05-13 11:45:00,52.51,52.51,52.35,52.37,306054
2016-05-13 12:00:00,52.37,52.4,52.31,52.36,347285
2016-05-13 12:15:00,52.36,52.36,52.28,52.32,374779
2016-05-13 12:30:00,52.32,52.49,52.32,52.48,395812
2016-05-13 12:45:00,52.47,52.47,52.32,52.32,410362
2016-05-13 13:00:00,52.32,52.33,52.2689,52.2689,426744
2016-05-13 13:15:00,52.26,52.335,52.26,52.33,440812
2016-05-13 13:30:00,52.335,52.335,52.2,52.2,456025
2016-05-13 13:45:00,52.21,52.27,52.21,52.26,473059
2016-05-13 14:00:00,52.26,52.27,52.12,52.1301,492618
2016-05-13 14:15:00,52.13,52.17,52.1,52.14,510688
2016-05-13 14:30:00,52.14,52.23,52.14,52.21,585511
2016-05-13 14:45:00,52.2,52.22,52.0,52.04,622041
2016-05-13 15:00:00,52.04,52.1,52.01,52.08,652594
2016-05-13 15:15:00,52.08,52.1,52.025,52.06,671693
2016-05-13 15:30:00,52.07,52.12,52.06,52.07,709821
2016-05-13 15:45:00,52.08,52.125,52.05,52.11,744825
2016-05-13 16:00:00,52.1,52.1,52.05,52.07,846950
2016-05-16 09:45:00,52.08,52.385,51.77,52.17,41848
2016-05-16 10:00:00,52.14,52.25,52.13,52.16,82001
2016-05-16 10:15:00,52.17,52.17,52.03,52.15,122789
2016-05-16 10:30:00,52.14,52.15,52.01,52.05,174350
2016-05-16 10:45:00,52.05,52.06,52.02,52.04,242098
2016-05-16 11:00:00,52.02,52.14,52.02,52.1,293146
2016-05-16 11:15:00,52.1,52.26,52.1,52.23,416955
2016-05-16 11:30:00,52.23,52.29,52.14,52.28,469748
2016-05-16 11:45:00,52.29,52.33,52.24,52.325,509344
2016-05-16 12:00:00,52.33,52.37,52.27,52.27,535924
2016-05-16 12:15:00,52.27,52.31,52.235,52.31,552134
2016-05-16 12:30:00,52.31,52.35,52.25,52.25,567180
2016-05-16 12:45:00,52.25,52.28,52.25,52.28,581293
2016-05-16 13:00:00,52.28,52.38,52.28,52.355,596103
2016-05-16 13:15:00,52.36,52.425,52.36,52.385,617437
2016-05-16 13:30:00,52.38,52.4,52.37,52.4,640792
2016-05-16 13:45:00,52.4,52.44,52.39,52.415,669582
2016-05-16 14:00:00,52.41,52.56,52.41,52.53,712687
2016-05-16 14:15:00,52.52,52.65,52.49,52.58,760392
2016-05-16 14:30:00,52.58,52.64,52.58,52.59,784975
2016-05-16 14:45:00,52.58,52.59,52.47,52.49,840071
2016-05-16 15:00:00,52.48,52.5,52.42,52.45,875150
2016-05-16 15:15:00,52.45,52.505,52.435,52.495,904910
2016-05-16 15:30:00,52.49,52.49,52.4,52.4,983059
2016-05-16 15:45:00,52.4,52.445,52.36,52.37,1032572
2016-05-16 16:00:00,52.37,52.39,52.3,52.36,1163763
2016-05-17 09:45:00,52.25,52.25,51.92,52.105,41939
2016-05-17 10:00:00,52.11,52.3,52.09,52.26,73886
2016-05-17 10:15:00,52.25,52.26,52.08,52.25,98465
2016-05-17 10:30:00,52.25,52.3611,52.18,52.34,124034
2016-05-17 10:45:00,52.35,52.38,52.22,52.38,140329
2016-05-17 11:00:00,52.39,52.415,52.31,52.41,164009
2016-05-17 11:15:00,52.4,52.45,52.315,52.345,212279
2016-05-17 11:30:00,52.355,52.48,52.355,52.43,253094
2016-05-17 11:45:00,52.43,52.525,52.42,52.5,280683
2016-05-17 12:00:00,52.51,52.6,52.485,52.55,332118
2016-05-17 12:15:00,52.54,52.545,52.452,52.46,361387
2016-05-17 12:30:00,52.46,52.46,52.38,52.41,385396
2016-05-17 12:45:00,52.4,52.46,52.35,52.46,427050
2016-05-17 13:00:00,52.46,52.51,52.32,52.4,470931
2016-05-17 13:15:00,52.39,52.4,52.3,52.4,512153
2016-05-17 13:30:00,52.4,52.42,52.32,52.36,553789
2016-05-17 13:45:00,52.36,52.47,52.36,52.42,594332
2016-05-17 14:00:00,52.41,52.43,52.23,52.23,632825
2016-05-17 14:15:00,52.24,52.24,52.1,52.17,675418
2016-05-17 14:30:00,52.18,52.19,52.0,52.09,720156
2016-05-17 14:45:00,52.08,52.13,52.02,52.12,762226
2016-05-17 15:00:00,52.12,52.16,51.965,52.05,831264
2016-05-17 15:15:00,52.05,52.11,51.98,52.03,922684
2016-05-17 15:30:00,52.04,52.04,51.85,51.94,991792
2016-05-17 15:45:00,51.93,52.03,51.9,51.95,1062637
2016-05-17 16:00:00,51.95,52.0,51.885,51.99,1311090
2016-05-18 09:45:00,51.81,51.93,51.636,51.93,21592
2016-05-18 10:00:00,51.86,51.94,51.83,51.9,39389
2016-05-18 10:15:00,51.86,52.04,51.86,52.02,61898
2016-05-18 10:30:00,52.01,52.04,51.94,52.03,86325
2016-05-18 10:45:00,52.02,52.03,51.78,51.815,109628
2016-05-18 11:00:00,51.835,51.88,51.755,51.78,130575
2016-05-18 11:15:00,51.78,51.87,51.77,51.86,156877
2016-05-18 11:30:00,51.855,52.04,51.81,52.03,184741
2016-05-18 11:45:00,52.01,52.1,51.97,52.06,211062
2016-05-18 12:00:00,52.06,52.08,51.97,51.97,230932
2016-05-18 12:15:00,51.98,52.08,51.89,52.08,267968
2016-05-18 12:30:00,52.09,52.1,52.04,52.06,292878
2016-05-18 12:45:00,52.07,52.16,52.06,52.16,320197
2016-05-18 13:00:00,52.15,52.25,52.07,52.24,362498
2016-05-18 13:15:00,52.24,52.25,52.19,52.2,394847
2016-05-18 13:30:00,52.19,52.34,52.14,52.32,454888
2016-05-18 13:45:00,52.34,52.385,52.31,52.379,487021
2016-05-18 14:00:00,52.38,52.41,52.3,52.31,520786
2016-05-18 14:15:00,52.3,52.3,51.9,51.93,591703
2016-05-18 14:30:00,51.93,52.03,51.78,51.81,675692
2016-05-18 14:45:00,51.8,51.98,51.76,51.95,717570
2016-05-18 15:00:00,51.91,52.04,51.86,51.98,754653
2016-05-18 15:15:00,51.99,52.08,51.89,51.91,800922
2016-05-18 15:30:00,51.91,51.92,51.79,51.79,837149
2016-05-18 15:45:00,51.79,51.9,51.79,51.88,888502
2016-05-18 16:00:00,51.88,51.98,51.85,51.97,1026443
2016-05-19 09:45:00,51.77,51.925,51.73,51.85,29702
2016-05-19 10:00:00,51.84,51.84,51.49,51.49,53762
2016-05-19 10:15:00,51.47,51.57,51.46,51.55,73784
2016-05-19 10:30:00,51.54,51.58,51.47,51.54,98058
2016-05-19 10:45:00,51.53,51.55,51.41,51.545,144252
2016-05-19 11:00:00,51.53,51.55,51.35,51.357,183260
2016-05-19 11:15:00,51.36,51.41,51.27,51.29,213129
2016-05-19 11:30:00,51.28,51.3735,51.27,51.315,263149
2016-05-19 11:45:00,51.31,51.32,51.23,51.23,295042
2016-05-19 12:00:00,51.23,51.28,51.19,51.22,350978
2016-05-19 12:15:00,51.24,51.35,51.23,51.34,397206
2016-05-19 12:30:00,51.4099,51.41,51.295,51.3,462945
2016-05-19 12:45:00,51.3,51.32,51.07,51.25,673490
2016-05-19 13:00:00,51.27,51.28,51.2,51.23,690308
2016-05-19 13:15:00,51.24,51.46,51.24,51.46,711321
2016-05-19 13:30:00,51.46,51.47,51.41,51.46,725877
2016-05-19 13:45:00,51.47,51.59,51.47,51.56,750588
2016-05-19 14:00:00,51.55,51.59,51.47,51.47,768219
2016-05-19 14:15:00,51.47,51.545,51.44,51.54,803059
2016-05-19 14:30:00,51.55,51.62,51.51,51.6073,824737
2016-05-19 14:45:00,51.6,51.6,51.45,51.475,847042
2016-05-19 15:00:00,51.48,51.52,51.41,51.48,872754
2016-05-19 15:15:00,51.49,51.635,51.49,51.62,894700
2016-05-19 15:30:00,51.62,51.709,51.59,51.63,926887
2016-05-19 15:45:00,51.63,51.68,51.59,51.605,971997
2016-05-19 16:00:00,51.6,51.67,51.59,51.6,1043592
2016-05-20 09:45:00,51.95,52.34,51.67,52.23,146604
2016-05-20 10:00:00,52.275,52.43,52.23,52.34,182652
2016-05-20 10:15:00,52.37,52.5,52.29,52.5,238872
2016-05-20 10:30:00,52.47,52.48,52.29,52.32,295744
2016-05-20 10:45:00,52.32,52.44,52.31,52.44,324072
2016-05-20 11:00:00,52.43,52.465,52.36,52.39,352246
2016-05-20 11:15:00,52.39,52.4,52.34,52.37,386687
2016-05-20 11:30:00,52.365,52.49,52.36,52.46,430474
2016-05-20 11:45:00,52.46,52.55,52.45,52.46,478922
2016-05-20 12:00:00,52.46,52.4899,52.34,52.375,546253
2016-05-20 12:15:00,52.36,52.36,52.23,52.23,570190
2016-05-20 12:30:00,52.23,52.275,52.22,52.275,583720
2016-05-20 12:45:00,52.27,52.34,52.2,52.3,622197
2016-05-20 13:00:00,52.29,52.33,52.275,52.29,639259
2016-05-20 13:15:00,52.29,52.29,52.19,52.19,656276
2016-05-20 13:30:00,52.19,52.24,52.17,52.175,680558
2016-05-20 13:45:00,52.17,52.1971,52.11,52.1936,713294
2016-05-20 14:00:00,52.19,52.24,52.16,52.22,742281
2016-05-20 14:15:00,52.22,52.22,52.16,52.17,767565
2016-05-20 14:30:00,52.18,52.285,52.18,52.28,792635
2016-05-20 14:45:00,52.27,52.27,52.21,52.24,817254
2016-05-20 15:00:00,52.25,52.28,52.1501,52.16,841717
2016-05-20 15:15:00,52.17,52.17,52.05,52.155,873028
2016-05-20 15:30:00,52.15,52.15,52.0799,52.095,912774
2016-05-20 15:45:00,52.09,52.16,52.085,52.1,961246
2016-05-20 16:00:00,52.1,52.21,52.1,52.2,1116406
2016-05-23 09:45:00,52.15,52.3815,52.04,52.085,22355
2016-05-23 10:00:00,52.06,52.12,52.03,52.05,60374
2016-05-23 10:15:00,52.06,52.07,51.88,52.05,128003
2016-05-23 10:30:00,52.05,52.08,51.92,52.04,147137
2016-05-23 10:45:00,52.03,52.12,51.96,51.96,168428
2016-05-23 11:00:00,51.97,52.0,51.93,52.0,180383
2016-05-23 11:15:00,51.99,52.12,51.99,52.1,199435
2016-05-23 11:30:00,52.09,52.16,52.08,52.15,223508
2016-05-23 11:45:00,52.17,52.185,52.09,52.12,242789
2016-05-23 12:00:00,52.115,52.19,52.09,52.19,260292
2016-05-23 12:15:00,52.19,52.225,52.13,52.13,279721
2016-05-23 12:30:00,52.13,52.21,52.13,52.205,289920
2016-05-23 12:45:00,52.21,52.22,52.14,52.19,310970
2016-05-23 13:00:00,52.19,52.245,52.19,52.23,329954
2016-05-23 13:15:00,52.23,52.255,52.215,52.24,345362
2016-05-23 13:30:00,52.25,52.28,52.23,52.26,371243
2016-05-23 13:45:00,52.27,52.305,52.255,52.295,393283
2016-05-23 14:00:00,52.3,52.38,52.3,52.34,437289
2016-05-23 14:15:00,52.34,52.34,52.285,52.295,494953
2016-05-23 14:30:00,52.298,52.39,52.298,52.39,527089
2016-05-23 14:45:00,52.38,52.4,52.37,52.39,547909
2016-05-23 15:00:00,52.4,52.4006,52.37,52.37,573398
2016-05-23 15:15:00,52.36,52.38,52.32,52.32,596979
2016-05-23 15:30:00,52.32,52.325,52.23,52.26,641213
2016-05-23 15:45:00,52.26,52.31,52.24,52.25,703267
2016-05-23 16:00:00,52.25,52.265,52.19,52.23,806012
2016-05-24 09:45:00,52.54,52.96,52.26,52.93,51841
2016-05-24 10:00:00,52.95,53.03,52.91,52.98,104260
2016-05-24 10:15:00,52.98,53.06,52.87,52.91,164951
2016-05-24 10:30:00,52.925,53.07,52.88,53.03,221989
2016-05-24 10:45:00,53.01,53.03,52.94,52.94,257156
2016-05-24 11:00:00,52.95,52.99,52.93,52.98,284347
2016-05-24 11:15:00,52.99,53.05,52.9,52.91,342536
2016-05-24 11:30:00,52.91,53.025,52.91,52.97,385778
2016-05-24 11:45:00,52.97,52.97,52.88,52.93,413504
2016-05-24 12:00:00,52.93,53.04,52.91,53.01,445467
2016-05-24 12:15:00,53.02,53.04,52.97,52.98,488874
2016-05-24 12:30:00,52.99,53.05,52.99,53.03,507374
2016-05-24 12:45:00,53.03,53.05,53.005,53.015,533527
2016-05-24 13:00:00,53.015,53.1,53.01,53.081,565292
2016-05-24 13:15:00,53.09,53.1,53.06,53.07,587009
2016-05-24 13:30:00,53.07,53.11,53.06,53.1,623177
2016-05-24 13:45:00,53.101,53.14,53.03,53.03,657312
2016-05-24 14:00:00,53.03,53.07,52.955,52.96,693836
2016-05-24 14:15:00,52.95,52.98,52.91,52.96,736741
2016-05-24 14:30:00,52.96,53.06,52.96,52.987,762494
2016-05-24 14:45:00,52.98,53.03,52.97,52.98,792298
2016-05-24 15:00:00,52.985,53.06,52.98,53.03,820825
2016-05-24 15:15:00,53.015,53.06,53.015,53.05,840908
2016-05-24 15:30:00,53.06,53.16,53.05,53.07,927596
2016-05-24 15:45:00,53.075,53.095,53.01,53.04,978136
2016-05-24 16:00:00,53.05,53.07,53.01,53.01,1100872
2016-05-25 09:45:00,53.07,53.21,53.01,53.12,42618
2016-05-25 10:00:00,53.16,53.2,53.12,53.15,67822
2016-05-25 10:15:00,53.17,53.18,52.97,53.02,105867
2016-05-25 10:30:00,53.0,53.04,52.91,52.91,130460
2016-05-25 10:45:00,52.92,53.01,52.9,52.95,167006
2016-05-25 11:00:00,52.94,52.95,52.8,52.85,222611
2016-05-25 11:15:00,52.86,52.92,52.8,52.8,250413
2016-05-25 11:30:00,52.81,52.89,52.805,52.89,270116
2016-05-25 11:45:00,52.89,52.985,52.88,52.94,295886
2016-05-25 12:00:00,52.94,52.99,52.94,52.99,309758
2016-05-25 12:15:00,52.99,52.99,52.92,52.93,322576
2016-05-25 12:30:00,52.94,52.95,52.815,52.82,344947
2016-05-25 12:45:00,52.83,52.88,52.83,52.87,359225
2016-05-25 13:00:00,52.87,52.88,52.835,52.839,375712
2016-05-25 13:15:00,52.84,52.95,52.84,52.88,417904
2016-05-25 13:30:00,52.88,52.98,52.88,52.97,491695
2016-05-25 13:45:00,52.98,53.02,52.94,52.9661,509063
2016-05-25 14:00:00,52.97,53.02,52.9,52.915,535911
2016-05-25 14:15:00,52.92,52.93,52.82,52.82,562618
2016-05-25 14:30:00,52.82,52.86,52.82,52.84,589913
2016-05-25 14:45:00,52.83,52.92,52.815,52.82,637039
2016-05-25 15:00:00,52.825,52.88,52.78,52.795,661587
2016-05-25 15:15:00,52.79,52.82,52.78,52.8,694252
2016-05-25 15:30:00,52.8,52.98,52.8,52.98,756875
2016-05-25 15:45:00,52.98,52.98,52.905,52.96,802194
2016-05-25 16:00:00,52.96,53.01,52.88,52.95,1028003
2016-05-26 09:45:00,52.93,53.09,52.75,53.09,22938
2016-05-26 10:00:00,53.11,53.13,53.03,53.1,41332
2016-05-26 10:15:00,53.1,53.31,53.07,53.31,74141
2016-05-26 10:30:00,53.32,53.39,53.3,53.315,102059
2016-05-26 10:45:00,53.31,53.34,53.27,53.27,112775
2016-05-26 11:00:00,53.25,53.25,53.155,53.16,132993
2016-05-26 11:15:00,53.16,53.335,53.16,53.32,164220
2016-05-26 11:30:00,53.33,53.44,53.32,53.375,189510
2016-05-26 11:45:00,53.37,53.3899,53.3367,53.37,200925
2016-05-26 12:00:00,53.37,53.39,53.34,53.36,220155
2016-05-26 12:15:00,53.355,53.45,53.355,53.39,249679
2016-05-26 12:30:00,53.39,53.4,53.37,53.38,278217
2016-05-26 12:45:00,53.375,53.41,53.36,53.385,303942
2016-05-26 13:00:00,53.38,53.4,53.37,53.4,352208
2016-05-26 13:15:00,53.4,53.4,53.3525,53.3525,381057
2016-05-26 13:30:00,53.355,53.39,53.35,53.385,397846
2016-05-26 13:45:00,53.385,53.39,53.38,53.385,422657
2016-05-26 14:00:00,53.39,53.45,53.38,53.385,443446
2016-05-26 14:15:00,53.3825,53.41,53.38,53.39,475996
2016-05-26 14:30:00,53.39,53.41,53.36,53.3725,518872
2016-05-26 14:45:00,53.375,53.42,53.34,53.355,560462
2016-05-26 15:00:00,53.355,53.37,53.3,53.305,580278
2016-05-26 15:15:00,53.31,53.34,53.3,53.3225,602892
2016-05-26 15:30:00,53.32,53.44,53.32,53.41,639580
2016-05-26 15:45:00,53.41,53.42,53.39,53.4025,672592
2016-05-26 16:00:00,53.4,53.405,53.34,53.36,772744
2016-05-27 09:45:00,53.48,53.76,53.43,53.71,42006
2016-05-27 10:00:00,53.73,53.92,53.58,53.67,104218
2016-05-27 10:15:00,53.66,53.74,53.635,53.655,189641
2016-05-27 10:30:00,53.653,53.74,53.645,53.67,238458
2016-05-27 10:45:00,53.67,53.72,53.645,53.705,277930
2016-05-27 11:00:00,53.7,53.7101,53.66,53.695,331257
2016-05-27 11:15:00,53.7,53.8,53.695,53.77,367516
2016-05-27 11:30:00,53.775,53.82,53.71,53.76,450568
2016-05-27 11:45:00,53.77,53.83,53.71,53.71,471209
2016-05-27 12:00:00,53.71,53.759,53.69,53.73,488363
2016-05-27 12:15:00,53.74,53.74,53.7,53.725,511014
2016-05-27 12:30:00,53.72,53.73,53.715,53.72,543586
2016-05-27 12:45:00,53.729,53.76,53.71,53.725,584475
2016-05-27 13:00:00,53.725,53.78,53.715,53.745,611265
2016-05-27 13:15:00,53.75,53.76,53.71,53.76,641012
2016-05-27 13:30:00,53.76,53.77,53.7135,53.75,666176
2016-05-27 13:45:00,53.74,53.78,53.7,53.72,744572
2016-05-27 14:00:00,53.725,53.73,53.61,53.65,795407
2016-05-27 14:15:00,53.65,53.71,53.64,53.7,844883
2016-05-27 14:30:00,53.7,53.7,53.61,53.66,868721
2016-05-27 14:45:00,53.65,53.72,53.62,53.632,894386
2016-05-27 15:00:00,53.64,53.7,53.602,53.7,933926
2016-05-27 15:15:00,53.71,53.7299,53.66,53.71,955635
2016-05-27 15:30:00,53.7,53.7,53.65,53.66,980609
2016-05-27 15:45:00,53.67,53.71,53.65,53.7,1015837
2016-05-27 16:00:00,53.71,53.73,53.68,53.71,1125058
2016-05-31 09:45:00,53.53,53.55,53.18,53.25,33437
2016-05-31 10:00:00,53.22,53.34,53.21,53.24,66499
2016-05-31 10:15:00,53.23,53.36,53.21,53.34,101395
2016-05-31 10:30:00,53.33,53.4,53.3,53.3,121404
2016-05-31 10:45:00,53.31,53.3711,53.25,53.26,154520
2016-05-31 11:00:00,53.27,53.37,53.27,53.35,168865
2016-05-31 11:15:00,53.35,53.355,53.23,53.23,186440
2016-05-31 11:30:00,53.24,53.325,53.24,53.29,222071
2016-05-31 11:45:00,53.285,53.35,53.25,53.31,251411
2016-05-31 12:00:00,53.3,53.335,53.25,53.26,267253
2016-05-31 12:15:00,53.27,53.27,53.19,53.19,286243
2016-05-31 12:30:00,53.185,53.28,53.18,53.26,306028
2016-05-31 12:45:00,53.25,53.27,53.21,53.21,322055
2016-05-31 13:00:00,53.21,53.25,53.19,53.19,337638
2016-05-31 13:15:00,53.18,53.19,53.15,53.17,347428
2016-05-31 13:30:00,53.17,53.19,53.16,53.17,368473
2016-05-31 13:45:00,53.18,53.18,53.15,53.17,379362
2016-05-31 14:00:00,53.18,53.19,53.14,53.15,396465
2016-05-31 14:15:00,53.15,53.15,53.02,53.05,419477
2016-05-31 14:30:00,53.0599,53.12,53.03,53.11,435253
2016-05-31 14:45:00,53.11,53.1124,53.05,53.06,465592
2016-05-31 15:00:00,53.059,53.07,53.03,53.06,489888
2016-05-31 15:15:00,53.06,53.24,53.045,53.23,549783
2016-05-31 15:30:00,53.23,53.3,53.21,53.29,592635
2016-05-31 15:45:00,53.29,53.35,53.26,53.3,646436
2016-05-31 16:00:00,53.295,53.44,53.295,53.38,849704
2016-06-01 09:45:00,53.3,53.44,52.94,53.43,53409
2016-06-01 10:00:00,53.43,53.68,53.39,53.65,112697
2016-06-01 10:15:00,53.65,53.69,53.53,53.63,161718
2016-06-01 10:30:00,53.63,53.665,53.495,53.52,192358
2016-06-01 10:45:00,53.52,53.6,53.48,53.5361,240757
2016-06-01 11:00:00,53.535,53.55,53.405,53.405,289916
2016-06-01 11:15:00,53.41,53.485,53.39,53.405,335340
2016-06-01 11:30:00,53.405,53.415,53.31,53.4,387367
2016-06-01 11:45:00,53.4,53.405,53.31,53.34,413195
2016-06-01 12:00:00,53.345,53.42,53.28,53.42,443758
2016-06-01 12:15:00,53.42,53.46,53.4,53.44,464128
2016-06-01 12:30:00,53.45,53.525,53.43,53.43,487961
2016-06-01 12:45:00,53.43,53.48,53.395,53.425,506913
2016-06-01 13:00:00,53.425,53.51,53.405,53.5,535991
2016-06-01 13:15:00,53.5,53.535,53.42,53.43,560001
2016-06-01 13:30:00,53.425,53.495,53.425,53.43,582366
2016-06-01 13:45:00,53.43,53.49,53.38,53.42,614562
2016-06-01 14:00:00,53.43,53.43,53.38,53.4,636825
2016-06-01 14:15:00,53.4,53.53,53.365,53.5038,698160
2016-06-01 14:30:00,53.51,53.6,53.51,53.56,738636
2016-06-01 14:45:00,53.565,53.58,53.5,53.54,776565
2016-06-01 15:00:00,53.54,53.64,53.54,53.63,813689
2016-06-01 15:15:00,53.625,53.64,53.53,53.55,847762
2016-06-01 15:30:00,53.55,53.67,53.55,53.64,894502
2016-06-01 15:45:00,53.64,53.66,53.6113,53.655,943238
2016-06-01 16:00:00,53.66,53.67,53.54,53.58,1122302
2016-06-02 09:45:00,53.49,53.75,53.17,53.61,34799
2016-06-02 10:00:00,53.6,53.65,53.49,53.6,70797
2016-06-02 10:15:00,53.58,53.63,53.48,53.51,91045
2016-06-02 10:30:00,53.5,53.56,53.46,53.47,101904
2016-06-02 10:45:00,53.47,53.59,53.45,53.56,115532
2016-06-02 11:00:00,53.55,53.55,53.4201,53.45,133690
2016-06-02 11:15:00,53.46,53.52,53.42,53.48,180049
2016-06-02 11:30:00,53.48,53.57,53.48,53.54,200026
2016-06-02 11:45:00,53.55,53.615,53.54,53.59,216389
2016-06-02 12:00:00,53.59,53.605,53.56,53.56,240780
2016-06-02 12:15:00,53.57,53.6,53.5375,53.55,254486
2016-06-02 12:30:00,53.55,53.575,53.52,53.57,265683
2016-06-02 12:45:00,53.57,53.575,53.53,53.53,278863
2016-06-02 13:00:00,53.525,53.59,53.525,53.585,289300
2016-06-02 13:15:00,53.59,53.635,53.5,53.505,313235
2016-06-02 13:30:00,53.5,53.5201,53.47,53.49,323951
2016-06-02 13:45:00,53.49,53.57,53.49,53.555,355292
2016-06-02 14:00:00,53.56,53.71,53.52,53.7,411215
2016-06-02 14:15:00,53.7068,53.7098,53.64,53.64,455191
2016-06-02 14:30:00,53.64,53.68,53.59,53.66,476111
2016-06-02 14:45:00,53.67,53.67,53.6,53.63,497432
2016-06-02 15:00:00,53.63,53.68,53.63,53.645,516731
2016-06-02 15:15:00,53.64,53.72,53.64,53.65,561220
2016-06-02 15:30:00,53.655,53.715,53.65,53.69,606567
2016-06-02 15:45:00,53.7,53.715,53.64,53.69,690672
2016-06-02 16:00:00,53.69,53.74,53.66,53.73,764341
2016-06-03 09:45:00,53.63,53.72,53.45,53.54,39745
2016-06-03 10:00:00,53.57,53.7185,53.525,53.71,75902
2016-06-03 10:15:00,53.69,53.69,53.42,53.48,129927
2016-06-03 10:30:00,53.4801,53.63,53.4,53.4,168875
2016-06-03 10:45:00,53.4,53.59,53.4,53.59,194418
2016-06-03 11:00:00,53.6,53.67,53.57,53.64,223994
2016-06-03 11:15:00,53.66,53.66,53.53,53.58,256735
2016-06-03 11:30:00,53.58,53.69,53.56,53.63,282528
2016-06-03 11:45:00,53.64,53.8,53.59,53.7875,314497
2016-06-03 12:00:00,53.79,53.8,53.65,53.79,344099
2016-06-03 12:15:00,53.78,53.78,53.63,53.65,362475
2016-06-03 12:30:00,53.66,53.705,53.6,53.68,383149
2016-06-03 12:45:00,53.66,53.73,53.605,53.62,398749
2016-06-03 13:00:00,53.61,53.64,53.57,53.625,417316
2016-06-03 13:15:00,53.62,53.64,53.58,53.63,431515
2016-06-03 13:30:00,53.63,53.63,53.55,53.57,460643
2016-06-03 13:45:00,53.57,53.6,53.51,53.59,490317
2016-06-03 14:00:00,53.59,53.67,53.56,53.67,540483
2016-06-03 14:15:00,53.665,53.67,53.635,53.66,570127
2016-06-03 14:30:00,53.65,53.6901,53.59,53.69,603295
2016-06-03 14:45:00,53.68,53.77,53.66,53.755,624250
2016-06-03 15:00:00,53.745,53.8,53.7208,53.7208,650640
2016-06-03 15:15:00,53.725,53.725,53.65,53.69,666433
2016-06-03 15:30:00,53.69,53.73,53.66,53.69,702588
2016-06-03 15:45:00,53.7,53.77,53.695,53.74,775737
2016-06-03 16:00:00,53.74,53.76,53.65,53.72,968378
2016-06-06 09:45:00,53.83,53.95,53.72,53.91,29522
2016-06-06 10:00:00,53.92,54.17,53.91,54.0,76651
2016-06-06 10:15:00,54.05,54.22,54.05,54.11,102237
2016-06-06 10:30:00,54.102,54.16,54.03,54.03,149947
2016-06-06 10:45:00,54.04,54.12,54.01,54.11,207463
2016-06-06 11:00:00,54.11,54.13,54.04,54.11,244646
2016-06-06 11:15:00,54.1,54.1122,54.04,54.1,288770
2016-06-06 11:30:00,54.1,54.115,54.06,54.08,329420
2016-06-06 11:45:00,54.07,54.11,53.99,54.11,354491
2016-06-06 12:00:00,54.1,54.115,54.05,54.07,386169
2016-06-06 12:15:00,54.06,54.1,54.05,54.07,428847
2016-06-06 12:30:00,54.07,54.0999,54.03,54.08,463520
2016-06-06 12:45:00,54.08,54.115,54.04,54.11,510700
2016-06-06 13:00:00,54.115,54.16,53.97,54.12,614253
2016-06-06 13:15:00,54.12,54.275,54.09,54.26,670940
2016-06-06 13:30:00,54.25,54.255,54.16,54.235,708123
2016-06-06 13:45:00,54.235,54.235,54.11,54.12,735249
2016-06-06 14:00:00,54.11,54.25,54.09,54.2101,783015
2016-06-06 14:15:00,54.21,54.29,54.17,54.28,829229
2016-06-06 14:30:00,54.28,54.32,54.19,54.3,913661
2016-06-06 14:45:00,54.3,54.4,54.2,54.21,1200247
2016-06-06 15:00:00,54.215,54.35,54.21,54.3,1254268
2016-06-06 15:15:00,54.28,54.33,54.24,54.3,1325731
2016-06-06 15:30:00,54.3,54.36,54.28,54.36,1502614
2016-06-06 15:45:00,54.36,54.43,54.31,54.38,1635606
2016-06-06 16:00:00,54.38,54.38,54.27,54.29,1899334
2016-06-07 09:45:00,54.46,54.46,54.3,54.39,37952
2016-06-07 10:00:00,54.42,54.48,54.32,54.37,124401
2016-06-07 10:15:00,54.38,54.45,54.2801,54.4,194788
2016-06-07 10:30:00,54.39,54.4,54.285,54.4,212726
2016-06-07 10:45:00,54.4,54.4,54.13,54.22,355237
2016-06-07 11:00:00,54.23,54.26,54.15,54.2,415145
2016-06-07 11:15:00,54.22,54.33,54.205,54.27,467557
2016-06-07 11:30:00,54.26,54.3,54.225,54.23,505503
2016-06-07 11:45:00,54.24,54.26,54.19,54.23,562752
2016-06-07 12:00:00,54.24,54.25,54.16,54.19,596432
2016-06-07 12:15:00,54.18,54.19,54.13,54.14,628346
2016-06-07 12:30:00,54.14,54.16,54.11,54.14,665233
2016-06-07 12:45:00,54.13,54.16,54.13,54.15,691850
2016-06-07 13:00:00,54.145,54.15,54.12,54.15,716754
2016-06-07 13:15:00,54.15,54.18,54.14,54.16,740895
2016-06-07 13:30:00,54.17,54.25,54.135,54.155,773391
2016-06-07 13:45:00,54.15,54.18,54.12,54.135,813402
2016-06-07 14:00:00,54.136,54.16,54.08,54.1,868033
2016-06-07 14:15:00,54.1,54.13,54.07,54.075,929693
2016-06-07 14:30:00,54.08,54.15,54.08,54.14,1013919
2016-06-07 14:45:00,54.14,54.1429,54.05,54.1429,1099983
2016-06-07 15:00:00,54.1475,54.15,54.05,54.12,1143086
2016-06-07 15:15:00,54.11,54.14,54.03,54.04,1204644
2016-06-07 15:30:00,54.03,54.05,53.99,54.01,1246834
2016-06-07 15:45:00,54.02,54.02,53.92,53.96,1361041
2016-06-07 16:00:00,53.96,54.0,53.87,53.9,1607901
2016-06-08 09:45:00,53.98,54.14,53.73,54.11,80384
2016-06-08 10:00:00,54.09,54.35,54.09,54.205,150199
2016-06-08 10:15:00,54.22,54.23,54.15,54.19,207877
2016-06-08 10:30:00,54.18,54.19,54.1,54.15,279367
2016-06-08 10:45:00,54.15,54.15,54.07,54.13,324937
2016-06-08 11:00:00,54.13,54.17,53.99,54.051,409008
2016-06-08 11:15:00,54.06,54.195,54.02,54.17,463136
2016-06-08 11:30:00,54.18,54.24,54.165,54.23,485500
2016-06-08 11:45:00,54.23,54.28,54.22,54.27,518949
2016-06-08 12:00:00,54.28,54.32,54.181,54.23,558563
2016-06-08 12:15:00,54.25,54.37,54.245,54.37,642356
2016-06-08 12:30:00,54.37,54.37,54.28,54.32,667596
2016-06-08 12:45:00,54.33,54.36,54.3,54.31,693213
2016-06-08 13:00:00,54.31,54.4,54.31,54.4,719509
2016-06-08 13:15:00,54.3901,54.46,54.39,54.45,752080
2016-06-08 13:30:00,54.45,54.46,54.4,54.42,785028
2016-06-08 13:45:00,54.41,54.41,54.33,54.33,800273
2016-06-08 14:00:00,54.34,54.39,54.3,54.36,823847
2016-06-08 14:15:00,54.36,54.37,54.32,54.34,859351
2016-06-08 14:30:00,54.35,54.47,54.35,54.47,879728
2016-06-08 14:45:00,54.47,54.55,54.46,54.55,921672
2016-06-08 15:00:00,54.55,54.62,54.52,54.6105,962211
2016-06-08 15:15:00,54.6,54.685,54.57,54.66,1016502
2016-06-08 15:30:00,54.63,54.7,54.581,54.7,1080801
2016-06-08 15:45:00,54.7,54.76,54.65,54.75,1181635
2016-06-08 16:00:00,54.74,54.76,54.66,54.71,1385310
2016-06-09 09:45:00,54.45,54.54,54.39,54.4,19683
2016-06-09 10:00:00,54.4,54.63,54.4,54.6,36007
2016-06-09 10:15:00,54.59,54.59,54.45,54.58,65456
2016-06-09 10:30:00,54.58,54.9,54.58,54.83,128964
2016-06-09 10:45:00,54.84,54.88,54.76,54.88,175028
2016-06-09 11:00:00,54.89,54.9,54.85,54.87,197902
2016-06-09 11:15:00,54.87,54.88,54.8,54.84,222075
2016-06-09 11:30:00,54.84,54.87,54.78,54.84,256136
2016-06-09 11:45:00,54.84,54.87,54.79,54.82,273515
2016-06-09 12:00:00,54.81,54.86,54.8,54.81,298555
2016-06-09 12:15:00,54.81,54.88,54.795,54.82,320257
2016-06-09 12:30:00,54.81,54.83,54.78,54.825,342176
2016-06-09 12:45:00,54.83,54.85,54.79,54.82,360000
2016-06-09 13:00:00,54.82,54.86,54.8,54.82,391573
2016-06-09 13:15:00,54.8101,54.85,54.81,54.835,402690
2016-06-09 13:30:00,54.84,54.9,54.84,54.89,419585
2016-06-09 13:45:00,54.88,54.9,54.86,54.865,437336
2016-06-09 14:00:00,54.865,54.8899,54.78,54.83,464385
2016-06-09 14:15:00,54.83,54.86,54.8,54.86,481160
2016-06-09 14:30:00,54.8529,54.87,54.77,54.77,549977
2016-06-09 14:45:00,54.77,54.91,54.77,54.9,587730
2016-06-09 15:00:00,54.91,54.95,54.9,54.9361,627894
2016-06-09 15:15:00,54.94,54.99,54.93,54.97,678158
2016-06-09 15:30:00,54.97,54.975,54.86,54.89,731926
2016-06-09 15:45:00,54.9,55.06,54.88,55.03,829777
2016-06-09 16:00:00,55.02,55.03,54.96,54.98,965837
2016-06-10 09:45:00,54.45,54.7,54.4,54.59,38375
2016-06-10 10:00:00,54.5825,54.6,54.51,54.53,61836
2016-06-10 10:15:00,54.52,54.64,54.5,54.6,101922
2016-06-10 10:30:00,54.63,54.76,54.57,54.71,152177
2016-06-10 10:45:00,54.71,54.75,54.59,54.6,194408
2016-06-10 11:00:00,54.59,54.59,54.48,54.54,230007
2016-06-10 11:15:00,54.54,54.62,54.5,54.6,262051
2016-06-10 11:30:00,54.61,54.61,54.54,54.54,288461
2016-06-10 11:45:00,54.54,54.565,54.4,54.4,315405
2016-06-10 12:00:00,54.4,54.48,54.39,54.46,349984
2016-06-10 12:15:00,54.46,54.48,54.37,54.39,375566
2016-06-10 12:30:00,54.39,54.4,54.34,54.365,403088
2016-06-10 12:45:00,54.37,54.42,54.31,54.42,418011
2016-06-10 13:00:00,54.42,54.44,54.4,54.43,441840
2016-06-10 13:15:00,54.435,54.435,54.36,54.37,471072
2016-06-10 13:30:00,54.38,54.46,54.38,54.44,506412
2016-06-10 13:45:00,54.44,54.445,54.37,54.39,525865
2016-06-10 14:00:00,54.38,54.38,54.23,54.235,554087
2016-06-10 14:15:00,54.23,54.26,54.19,54.22,597061
2016-06-10 14:30:00,54.22,54.25,54.18,54.22,631765
2016-06-10 14:45:00,54.22,54.3,54.21,54.25,657551
2016-06-10 15:00:00,54.25,54.26,54.19,54.24,689928
2016-06-10 15:15:00,54.24,54.248,54.09,54.12,732736
2016-06-10 15:30:00,54.12,54.33,54.12,54.33,787485
2016-06-10 15:45:00,54.33,54.365,54.29,54.35,848287
2016-06-10 16:00:00,54.34,54.47,54.34,54.43,988344
2016-06-13 09:45:00,54.36,54.41,54.19,54.33,41696
2016-06-13 10:00:00,54.35,54.49,54.33,54.445,78068
2016-06-13 10:15:00,54.445,54.52,54.36,54.47,101789
2016-06-13 10:30:00,54.47,54.59,54.47,54.57,144771
2016-06-13 10:45:00,54.59,54.62,54.54,54.57,167228
2016-06-13 11:00:00,54.58,54.61,54.52,54.59,190394
2016-06-13 11:15:00,54.59,54.59,54.38,54.395,222210
2016-06-13 11:30:00,54.3975,54.42,54.32,54.355,251427
2016-06-13 11:45:00,54.36,54.36,54.2,54.2175,288390
2016-06-13 12:00:00,54.21,54.235,54.2,54.22,308730
2016-06-13 12:15:00,54.22,54.345,54.19,54.29,335666
2016-06-13 12:30:00,54.29,54.35,54.24,54.32,402955
2016-06-13 12:45:00,54.31,54.35,54.28,54.28,437900
2016-06-13 13:00:00,54.29,54.39,54.28,54.3803,452004
2016-06-13 13:15:00,54.38,54.43,54.32,54.33,473008
2016-06-13 13:30:00,54.33,54.42,54.3,54.41,483302
2016-06-13 13:45:00,54.43,54.445,54.32,54.4,514659
2016-06-13 14:00:00,54.393,54.4,54.21,54.24,538458
2016-06-13 14:15:00,54.25,54.33,54.225,54.29,566800
2016-06-13 14:30:00,54.295,54.3,54.18,54.22,605773
2016-06-13 14:45:00,54.22,54.32,54.22,54.26,654110
2016-06-13 15:00:00,54.26,54.28,54.16,54.16,685174
2016-06-13 15:15:00,54.16,54.19,54.04,54.05,739859
2016-06-13 15:30:00,54.05,54.11,54.045,54.1,774221
2016-06-13 15:45:00,54.09,54.14,54.02,54.025,812446
2016-06-13 16:00:00,54.02,54.02,53.88,53.91,1063502
2016-06-14 09:45:00,53.82,54.22,53.79,54.15,28182
2016-06-14 10:00:00,54.145,54.3,54.09,54.3,100873
2016-06-14 10:15:00,54.29,54.305,54.03,54.1,129683
2016-06-14 10:30:00,54.07,54.09,53.95,53.98,184069
2016-06-14 10:45:00,53.96,54.12,53.94,54.115,358960
2016-06-14 11:00:00,54.11,54.11,53.925,53.96,412454
2016-06-14 11:15:00,53.95,54.02,53.77,53.79,538990
2016-06-14 11:30:00,53.8,53.981,53.79,53.91,602261
2016-06-14 11:45:00,53.916,54.075,53.8902,54.02,634648
2016-06-14 12:00:00,54.0,54.0165,53.95,53.98,665657
2016-06-14 12:15:00,53.99,53.995,53.89,53.95,692919
2016-06-14 12:30:00,53.96,54.16,53.95,54.11,713765
2016-06-14 12:45:00,54.12,54.12,54.04,54.065,748324
2016-06-14 13:00:00,54.06,54.16,54.05,54.15,769693
2016-06-14 13:15:00,54.15,54.19,54.09,54.11,810604
2016-06-14 13:30:00,54.105,54.145,54.095,54.1,835361
2016-06-14 13:45:00,54.1,54.13,54.02,54.05,858483
2016-06-14 14:00:00,54.06,54.105,54.0,54.01,891528
2016-06-14 14:15:00,54.02,54.045,53.995,54.04,929756
2016-06-14 14:30:00,54.04,54.23,54.04,54.23,959017
2016-06-14 14:45:00,54.23,54.24,54.05,54.14,985548
2016-06-14 15:00:00,54.14,54.16,54.03,54.07,1034334
2016-06-14 15:15:00,54.065,54.25,54.04,54.25,1093294
2016-06-14 15:30:00,54.26,54.345,54.25,54.34,1157577
2016-06-14 15:45:00,54.34,54.4,54.31,54.35,1250166
2016-06-14 16:00:00,54.35,54.38,54.265,54.36,1394879
2016-06-15 09:45:00,54.6,54.6,54.4301,54.56,21309
2016-06-15 10:00:00,54.52,54.62,54.48,54.62,50489
2016-06-15 10:15:00,54.62,54.62,54.38,54.405,71092
2016-06-15 10:30:00,54.4,54.475,54.37,54.465,91340
2016-06-15 10:45:00,54.48,54.54,54.42,54.54,112559
2016-06-15 11:00:00,54.54,54.62,54.45,54.46,140462
2016-06-15 11:15:00,54.45,54.46,54.21,54.21,193658
2016-06-15 11:30:00,54.23,54.23,54.1,54.1,215955
2016-06-15 11:45:00,54.11,54.3,54.11,54.3,246578
2016-06-15 12:00:00,54.3,54.31,54.2,54.24,268842
2016-06-15 12:15:00,54.25,54.26,54.2,54.25,295534
2016-06-15 12:30:00,54.25,54.39,54.25,54.3532,321234
2016-06-15 12:45:00,54.36,54.41,54.34,54.35,342853
2016-06-15 13:00:00,54.35,54.38,54.21,54.21,359287
2016-06-15 13:15:00,54.22,54.255,54.17,54.2175,403199
2016-06-15 13:30:00,54.22,54.33,54.22,54.32,435386
2016-06-15 13:45:00,54.34,54.34,54.28,54.32,459647
2016-06-15 14:00:00,54.32,54.41,54.32,54.36,497012
2016-06-15 14:15:00,54.37,54.61,54.29,54.32,567491
2016-06-15 14:30:00,54.32,54.48,54.32,54.4,607042
2016-06-15 14:45:00,54.39,54.46,54.35,54.43,661280
2016-06-15 15:00:00,54.425,54.5,54.37,54.415,702103
2016-06-15 15:15:00,54.41,54.415,54.355,54.4,745167
2016-06-15 15:30:00,54.39,54.42,54.33,54.39,785928
2016-06-15 15:45:00,54.38,54.4,54.16,54.16,868890
2016-06-15 16:00:00,54.16,54.18,54.075,54.14,995335
2016-06-16 09:45:00,53.71,54.14,53.71,53.78,63838
2016-06-16 10:00:00,53.82,53.82,53.62,53.62,136906
2016-06-16 10:15:00,53.61,53.8,53.58,53.775,177996
2016-06-16 10:30:00,53.77,53.78,53.6,53.78,239754
2016-06-16 10:45:00,53.76,53.77,53.68,53.69,272629
2016-06-16 11:00:00,53.69,53.74,53.67,53.74,302032
2016-06-16 11:15:00,53.73,53.88,53.69,53.87,341953
2016-06-16 11:30:00,53.87,53.95,53.79,53.95,361211
2016-06-16 11:45:00,53.95,53.98,53.69,53.7,417344
2016-06-16 12:00:00,53.69,53.715,53.64,53.66,491279
2016-06-16 12:15:00,53.66,53.73,53.65,53.71,531627
2016-06-16 12:30:00,53.71,53.84,53.67,53.75,754796
2016-06-16 12:45:00,53.75,53.91,53.69,53.9,1348085
2016-06-16 13:00:00,53.9,53.92,53.79,53.88,1424502
2016-06-16 13:15:00,53.89,53.89,53.77,53.84,1465517
2016-06-16 13:30:00,53.83,53.87,53.76,53.8275,1504679
2016-06-16 13:45:00,53.82,53.87,53.78,53.8575,1534740
2016-06-16 14:00:00,53.84,53.85,53.71,53.8,1555412
2016-06-16 14:15:00,53.8,53.88,53.79,53.85,1586450
2016-06-16 14:30:00,53.86,53.88,53.8,53.83,1632901
2016-06-16 14:45:00,53.83,53.89,53.82,53.885,1693894
2016-06-16 15:00:00,53.9,53.92,53.86,53.89,1763964
2016-06-16 15:15:00,53.89,53.91,53.85,53.88,1832665
2016-06-16 15:30:00,53.89,53.96,53.88,53.95,1938579
2016-06-16 15:45:00,53.96,54.01,53.95,54.01,2071895
2016-06-16 16:00:00,53.9975,54.02,53.89,53.89,2389704
2016-06-17 09:45:00,53.71,53.805,53.33,53.6,243942
2016-06-17 10:00:00,53.68,53.68,53.52,53.64,306005
2016-06-17 10:15:00,53.68,53.7,53.52,53.54,376822
2016-06-17 10:30:00,53.56,53.69,53.52,53.61,410766
2016-06-17 10:45:00,53.62,53.62,53.49,53.56,436457
2016-06-17 11:00:00,53.57,53.62,53.52,53.5222,459518
2016-06-17 11:15:00,53.53,53.53,53.4,53.43,509611
2016-06-17 11:30:00,53.43,53.51,53.29,53.29,558111
2016-06-17 11:45:00,53.3,53.4,53.27,53.31,618359
2016-06-17 12:00:00,53.31,53.39,53.31,53.35,654639
2016-06-17 12:15:00,53.36,53.54,53.35,53.53,673468
2016-06-17 12:30:00,53.53,53.53,53.45,53.5,704950
2016-06-17 12:45:00,53.51,53.54,53.46,53.51,717897
2016-06-17 13:00:00,53.51,53.51,53.41,53.43,747011
2016-06-17 13:15:00,53.45,53.52,53.38,53.49,773791
2016-06-17 13:30:00,53.49,53.56,53.49,53.52,790870
2016-06-17 13:45:00,53.51,53.515,53.42,53.45,846544
2016-06-17 14:00:00,53.44,53.54,53.4,53.5,905149
2016-06-17 14:15:00,53.49,53.54,53.4,53.52,936384
2016-06-17 14:30:00,53.5235,53.56,53.44,53.51,982412
2016-06-17 14:45:00,53.51,53.55,53.47,53.53,1028090
2016-06-17 15:00:00,53.53,53.55,53.47,53.49,1062790
2016-06-17 15:15:00,53.5,53.52,53.47,53.505,1095168
2016-06-17 15:30:00,53.5,53.52,53.42,53.5,1137011
2016-06-17 15:45:00,53.5,53.52,53.39,53.43,1224815
2016-06-17 16:00:00,53.42,53.44,53.36,53.415,1480790
2016-06-20 09:45:00,53.94,54.18,53.84,54.0,39473
2016-06-20 10:00:00,54.04,54.1,53.99,54.05,79270
2016-06-20 10:15:00,54.07,54.21,54.0,54.02,132615
2016-06-20 10:30:00,54.02,54.03,53.89,53.92,162996
2016-06-20 10:45:00,53.92,53.96,53.91,53.95,194688
2016-06-20 11:00:00,53.94,53.95,53.88,53.91,232262
2016-06-20 11:15:00,53.9,53.92,53.8575,53.87,277762
2016-06-20 11:30:00,53.86,53.89,53.84,53.87,321065
2016-06-20 11:45:00,53.88,53.89,53.875,53.88,341032
2016-06-20 12:00:00,53.88,53.88,53.76,53.8,378898
2016-06-20 12:15:00,53.8,53.87,53.78,53.82,402486
2016-06-20 12:30:00,53.81,53.83,53.77,53.8,433145
2016-06-20 12:45:00,53.8,53.86,53.8,53.815,462815
2016-06-20 13:00:00,53.815,53.89,53.79,53.84,498642
2016-06-20 13:15:00,53.8375,53.85,53.7,53.7,556619
2016-06-20 13:30:00,53.68,53.73,53.68,53.705,593237
2016-06-20 13:45:00,53.7,53.74,53.635,53.74,628187
2016-06-20 14:00:00,53.74,53.795,53.73,53.78,651779
2016-06-20 14:15:00,53.78,53.83,53.78,53.79,691682
2016-06-20 14:30:00,53.79,53.82,53.75,53.77,733168
2016-06-20 14:45:00,53.77,53.81,53.76,53.795,792392
2016-06-20 15:00:00,53.8,53.89,53.8,53.87,827292
2016-06-20 15:15:00,53.86,53.865,53.67,53.69,915020
2016-06-20 15:30:00,53.68,53.68,53.57,53.57,993926
2016-06-20 15:45:00,53.57,53.7,53.565,53.7,1067634
2016-06-20 16:00:00,53.69,53.705,53.58,53.62,1301524
2016-06-21 09:45:00,53.61,53.87,53.28,53.86,41626
2016-06-21 10:00:00,53.85,53.87,53.75,53.83,57904
2016-06-21 10:15:00,53.82,53.82,53.73,53.79,94910
2016-06-21 10:30:00,53.79,53.825,53.68,53.78,131868
2016-06-21 10:45:00,53.77,53.8,53.7,53.8,161606
2016-06-21 11:00:00,53.805,53.815,53.7,53.71,200806
2016-06-21 11:15:00,53.7,53.795,53.695,53.7701,222682
2016-06-21 11:30:00,53.79,53.79,53.73,53.745,234022
2016-06-21 11:45:00,53.74,53.75,53.67,53.71,251817
2016-06-21 12:00:00,53.71,53.78,53.68,53.78,270317
2016-06-21 12:15:00,53.77,53.77,53.68,53.71,305648
2016-06-21 12:30:00,53.72,53.75,53.715,53.74,323520
2016-06-21 12:45:00,53.76,53.76,53.67,53.68,348225
2016-06-21 13:00:00,53.69,53.69,53.65,53.68,372477
2016-06-21 13:15:00,53.68,53.75,53.68,53.71,391086
2016-06-21 13:30:00,53.71,53.73,53.67,53.68,409421
2016-06-21 13:45:00,53.6899,53.71,53.635,53.67,431137
2016-06-21 14:00:00,53.69,53.75,53.66,53.73,451727
2016-06-21 14:15:00,53.73,53.79,53.69,53.775,472706
2016-06-21 14:30:00,53.78,53.84,53.77,53.825,501782
2016-06-21 14:45:00,53.83,53.89,53.7899,53.7899,529097
2016-06-21 15:00:00,53.79,53.8,53.73,53.73,565675
2016-06-21 15:15:00,53.73,53.74,53.62,53.64,657963
2016-06-21 15:30:00,53.64,53.71,53.64,53.705,705317
2016-06-21 15:45:00,53.705,53.71,53.59,53.62,766924
2016-06-21 16:00:00,53.625,53.64,53.52,53.54,1059064
2016-06-22 09:45:00,53.51,53.85,53.51,53.63,36946
2016-06-22 10:00:00,53.63,53.68,53.56,53.65,59724
2016-06-22 10:15:00,53.65,53.66,53.54,53.605,83147
2016-06-22 10:30:00,53.605,53.66,53.56,53.65,109318
2016-06-22 10:45:00,53.64,53.68,53.59,53.63,158813
2016-06-22 11:00:00,53.65,53.66,53.54,53.55,227872
2016-06-22 11:15:00,53.55,53.59,53.5,53.5,253338
2016-06-22 11:30:00,53.51,53.59,53.51,53.59,275131
2016-06-22 11:45:00,53.58,53.58,53.43,53.515,298638
2016-06-22 12:00:00,53.51,53.56,53.47,53.56,316367
2016-06-22 12:15:00,53.56,53.61,53.55,53.585,378710
2016-06-22 12:30:00,53.59,53.6,53.48,53.485,405669
2016-06-22 12:45:00,53.49,53.51,53.4675,53.5,422148
2016-06-22 13:00:00,53.49,53.59,53.4575,53.585,441249
2016-06-22 13:15:00,53.58,53.585,53.415,53.45,469167
2016-06-22 13:30:00,53.46,53.5,53.42,53.5,494001
2016-06-22 13:45:00,53.505,53.52,53.48,53.52,575013
2016-06-22 14:00:00,53.515,53.57,53.485,53.52,626390
2016-06-22 14:15:00,53.51,53.55,53.475,53.53,654900
2016-06-22 14:30:00,53.52,53.55,53.4575,53.5,692674
2016-06-22 14:45:00,53.51,53.54,53.445,53.465,710438
2016-06-22 15:00:00,53.465,53.5,53.44,53.48,741864
2016-06-22 15:15:00,53.48,53.55,53.47,53.49,786328
2016-06-22 15:30:00,53.485,53.515,53.43,53.44,831930
2016-06-22 15:45:00,53.44,53.53,53.439,53.49,875492
2016-06-22 16:00:00,53.49,53.52,53.44,53.48,999721
2016-06-23 09:45:00,54.11,54.14,53.64,53.72,76511
2016-06-23 10:00:00,53.74,53.76,53.6,53.7,251064
2016-06-23 10:15:00,53.7,53.78,53.62,53.72,272192
2016-06-23 10:30:00,53.72,53.815,53.69,53.81,300887
2016-06-23 10:45:00,53.81,53.82,53.72,53.75,325532
2016-06-23 11:00:00,53.755,53.755,53.58,53.64,362253
2016-06-23 11:15:00,53.64,53.74,53.63,53.74,389474
2016-06-23 11:30:00,53.74,53.81,53.73,53.8,406996
2016-06-23 11:45:00,53.81,53.86,53.73,53.74,442095
2016-06-23 12:00:00,53.73,53.76,53.7,53.7,466279
2016-06-23 12:15:00,53.7,53.71,53.64,53.65,507863
2016-06-23 12:30:00,53.66,53.67,53.6,53.6,546185
2016-06-23 12:45:00,53.59,53.62,53.57,53.57,577795
2016-06-23 13:00:00,53.56,53.5699,53.48,53.5699,629965
2016-06-23 13:15:00,53.58,53.6,53.54,53.54,657913
2016-06-23 13:30:00,53.54,53.6,53.54,53.6,687088
2016-06-23 13:45:00,53.6,53.6,53.5,53.51,735344
2016-06-23 14:00:00,53.51,53.56,53.5,53.5535,748337
2016-06-23 14:15:00,53.57,53.61,53.49,53.61,795888
2016-06-23 14:30:00,53.61,53.63,53.49,53.555,854710
2016-06-23 14:45:00,53.5575,53.57,53.5,53.515,894841
2016-06-23 15:00:00,53.52,53.56,53.49,53.515,949521
2016-06-23 15:15:00,53.515,53.52,53.48,53.505,1020686
2016-06-23 15:30:00,53.505,53.55,53.49,53.54,1083383
2016-06-23 15:45:00,53.54,53.575,53.52,53.575,1177778
2016-06-23 16:00:00,53.58,53.72,53.575,53.68,1414237
2016-06-24 09:45:00,52.04,52.18,51.83,52.13,105397
2016-06-24 10:00:00,52.09,52.22,51.79,52.03,294025
2016-06-24 10:15:00,52.09,52.24,52.06,52.15,467707
2016-06-24 10:30:00,52.15,52.15,51.84,51.94,571819
2016-06-24 10:45:00,51.96,52.03,51.75,51.82,670964
2016-06-24 11:00:00,51.81,51.99,51.7875,51.81,762066
2016-06-24 11:15:00,51.82,51.85,51.69,51.74,858859
2016-06-24 11:30:00,51.74,51.75,51.5,51.61,917097
2016-06-24 11:45:00,51.62,51.685,51.46,51.52,1014079
2016-06-24 12:00:00,51.53,51.61,51.42,51.57,1167313
2016-06-24 12:15:00,51.57,51.61,51.39,51.43,1251056
2016-06-24 12:30:00,51.43,51.555,51.42,51.501,1319626
2016-06-24 12:45:00,51.51,51.53,51.3,51.315,1378770
2016-06-24 13:00:00,51.31,51.34,51.21,51.3,1436341
2016-06-24 13:15:00,51.3,51.45,51.3,51.44,1505839
2016-06-24 13:30:00,51.45,51.49,51.36,51.4,1555610
2016-06-24 13:45:00,51.4,51.54,51.3975,51.48,1616206
2016-06-24 14:00:00,51.485,51.485,51.32,51.37,1674310
2016-06-24 14:15:00,51.38,51.46,51.3775,51.44,1741888
2016-06-24 14:30:00,51.435,51.44,51.16,51.18,1816785
2016-06-24 14:45:00,51.18,51.18,51.05,51.17,1910374
2016-06-24 15:00:00,51.17,51.46,51.13,51.36,2305939
2016-06-24 15:15:00,51.36,51.42,51.21,51.27,2399602
2016-06-24 15:30:00,51.27,51.28,51.05,51.12,2531548
2016-06-24 15:45:00,51.11,51.231,51.05,51.22,2692529
2016-06-24 16:00:00,51.22,51.45,51.09,51.1,3061372
2016-06-27 09:45:00,50.47,50.6,49.76,50.5,167255
2016-06-27 10:00:00,50.48,50.48,50.23,50.39,232260
2016-06-27 10:15:00,50.39,50.42,50.045,50.13,331702
2016-06-27 10:30:00,50.1,50.17,50.01,50.01,404952
2016-06-27 10:45:00,50.0,50.15,49.98,50.14,500627
2016-06-27 11:00:00,50.13,50.14,49.85,49.895,580474
2016-06-27 11:15:00,49.9,50.0,49.78,49.87,733398
2016-06-27 11:30:00,49.86,50.02,49.82,50.01,838776
2016-06-27 11:45:00,50.0,50.155,49.92,50.14,1024104
2016-06-27 12:00:00,50.15,50.27,50.1,50.18,1069985
2016-06-27 12:15:00,50.19,50.2,50.12,50.18,1114964
2016-06-27 12:30:00,50.17,50.33,50.17,50.3,1175754
2016-06-27 12:45:00,50.3,50.37,50.05,50.06,1219678
2016-06-27 13:00:00,50.06,50.14,50.02,50.14,1315571
2016-06-27 13:15:00,50.15,50.16,50.03,50.12,1354502
2016-06-27 13:30:00,50.13,50.24,50.13,50.18,1398025
2016-06-27 13:45:00,50.17,50.19,49.98,50.0,1458494
2016-06-27 14:00:00,50.0,50.07,49.9875,50.05,1518301
2016-06-27 14:15:00,50.04,50.11,49.95,49.98,1588087
2016-06-27 14:30:00,49.97,50.025,49.92,50.02,1651889
2016-06-27 14:45:00,50.02,50.11,49.97,50.05,1723998
2016-06-27 15:00:00,50.06,50.06,49.9,49.94,1810688
2016-06-27 15:15:00,49.96,50.04,49.92,50.0,1912663
2016-06-27 15:30:00,50.0,50.07,49.9,50.05,2073877
2016-06-27 15:45:00,50.04,50.27,50.01,50.22,2236691
2016-06-27 16:00:00,50.21,50.27,50.13,50.16,2530712
2016-06-28 09:45:00,50.58,50.925,50.12,50.65,93569
2016-06-28 10:00:00,50.635,50.77,50.575,50.67,141284
2016-06-28 10:15:00,50.7,50.73,50.6,50.68,360872
2016-06-28 10:30:00,50.68,50.68,50.54,50.61,541644
2016-06-28 10:45:00,50.61,50.64,50.5,50.57,635765
2016-06-28 11:00:00,50.56,50.63,50.55,50.575,688756
2016-06-28 11:15:00,50.57,50.61,50.55,50.61,770853
2016-06-28 11:30:00,50.6,50.66,50.56,50.65,861922
2016-06-28 11:45:00,50.65,50.705,50.61,50.705,910932
2016-06-28 12:00:00,50.71,50.82,50.71,50.81,954208
2016-06-28 12:15:00,50.82,50.84,50.775,50.785,1057483
2016-06-28 12:30:00,50.79,50.8,50.72,50.73,1105908
2016-06-28 12:45:00,50.74,50.94,50.74,50.82,1165496
2016-06-28 13:00:00,50.825,50.91,50.79,50.85,1224540
2016-06-28 13:15:00,50.85,50.87,50.79,50.85,1275081
2016-06-28 13:30:00,50.85,50.85,50.68,50.72,1339861
2016-06-28 13:45:00,50.71,50.8,50.66,50.77,1376209
2016-06-28 14:00:00,50.77,50.78,50.705,50.75,1414449
2016-06-28 14:15:00,50.75,50.76,50.6,50.6,1467986
2016-06-28 14:30:00,50.6,50.66,50.6,50.66,1532261
2016-06-28 14:45:00,50.66,50.83,50.66,50.74,1607398
2016-06-28 15:00:00,50.74,50.9,50.74,50.86,1707505
2016-06-28 15:15:00,50.86,50.89,50.7839,50.84,1825023
2016-06-28 15:30:00,50.84,50.845,50.755,50.83,2016638
2016-06-28 15:45:00,50.83,51.01,50.82,50.96,2208148
2016-06-28 16:00:00,50.96,51.03,50.92,51.02,2385507
2016-06-29 09:45:00,51.5,51.6,51.35,51.38,38007
2016-06-29 10:00:00,51.42,51.48,51.34,51.4,129832
2016-06-29 10:15:00,51.43,51.65,51.43,51.64,258308
2016-06-29 10:30:00,51.63,51.72,51.62,51.65,349937
2016-06-29 10:45:00,51.66,51.68,51.54,51.56,396909
2016-06-29 11:00:00,51.56,51.62,51.53,51.61,478223
2016-06-29 11:15:00,51.61,51.69,51.58,51.68,528810
2016-06-29 11:30:00,51.68,51.69,51.53,51.65,616461
2016-06-29 11:45:00,51.65,51.7,51.58,51.58,646277
2016-06-29 12:00:00,51.58,51.6,51.545,51.59,721308
2016-06-29 12:15:00,51.59,51.63,51.575,51.595,782020
2016-06-29 12:30:00,51.6,51.75,51.6,51.75,836835
2016-06-29 12:45:00,51.74,51.75,51.47,51.53,1004773
2016-06-29 13:00:00,51.52,51.55,51.47,51.51,1073921
2016-06-29 13:15:00,51.52,51.6,51.515,51.58,1163809
2016-06-29 13:30:00,51.59,51.61,51.54,51.56,1213682
2016-06-29 13:45:00,51.57,51.61,51.5,51.51,1282292
2016-06-29 14:00:00,51.52,51.58,51.49,51.56,1511759
2016-06-29 14:15:00,51.56,51.67,51.55,51.58,1607729
2016-06-29 14:30:00,51.59,51.64,51.54,51.63,1671966
2016-06-29 14:45:00,51.62,51.7,51.58,51.66,1788998
2016-06-29 15:00:00,51.66,51.72,51.66,51.675,2013403
2016-06-29 15:15:00,51.675,51.77,51.67,51.76,2161398
2016-06-29 15:30:00,51.75,51.88,51.71,51.865,2319960
2016-06-29 15:45:00,51.861,51.975,51.845,51.96,2769060
2016-06-29 16:00:00,51.97,52.0,51.91,51.93,3126256
2016-06-30 09:45:00,51.96,51.96,51.22,51.4,154504
2016-06-30 10:00:00,51.43,51.44,51.2,51.28,235170
2016-06-30 10:15:00,51.28,51.48,51.26,51.41,348243
2016-06-30 10:30:00,51.43,51.59,51.42,51.475,521031
2016-06-30 10:45:00,51.475,51.545,51.37,51.46,732052
2016-06-30 11:00:00,51.45,51.545,51.44,51.48,812509
2016-06-30 11:15:00,51.46,51.675,51.435,51.67,1054703
2016-06-30 11:30:00,51.66,51.89,51.66,51.87,1254554
2016-06-30 11:45:00,51.87,51.92,51.7,51.74,1468458
2016-06-30 12:00:00,51.74,51.9,51.73,51.79,1549864
2016-06-30 12:15:00,51.78,51.9,51.77,51.89,1619411
2016-06-30 12:30:00,51.9,52.01,51.9,51.985,1669788
2016-06-30 12:45:00,51.98,51.99,51.79,51.8,1811761
2016-06-30 13:00:00,51.79,51.98,51.79,51.91,1960440
2016-06-30 13:15:00,51.9,51.98,51.81,51.81,2068389
2016-06-30 13:30:00,51.81,51.87,51.74,51.78,2184436
2016-06-30 13:45:00,51.81,51.81,51.68,51.73,2313393
2016-06-30 14:00:00,51.74,51.75,51.65,51.72,2413045
2016-06-30 14:15:00,51.715,51.81,51.71,51.71,2565515
2016-06-30 14:30:00,51.73,51.97,51.72,51.917,2662163
2016-06-30 14:45:00,51.91,51.99,51.88,51.97,2734440
2016-06-30 15:00:00,51.96,52.1,51.93,52.01,2809470
2016-06-30 15:15:00,52.01,52.03,51.87,51.89,2918320
2016-06-30 15:30:00,51.89,51.9924,51.84,51.94,3047310
2016-06-30 15:45:00,51.945,51.965,51.82,51.82,3321103
2016-06-30 16:00:00,51.825,51.97,51.81,51.97,4009704
2016-07-01 09:45:00,51.97,51.97,51.71,51.83,75876
2016-07-01 10:00:00,51.86,52.14,51.86,52.02,173280
2016-07-01 10:15:00,52.04,52.225,52.03,52.2,310297
2016-07-01 10:30:00,52.2,52.34,52.2,52.34,408721
2016-07-01 10:45:00,52.35,52.4,52.34,52.39,460709
2016-07-01 11:00:00,52.39,52.42,52.35,52.35,514265
2016-07-01 11:15:00,52.35,52.38,52.32,52.37,580133
2016-07-01 11:30:00,52.37,52.38,52.275,52.375,641360
2016-07-01 11:45:00,52.3753,52.38,52.29,52.32,689267
2016-07-01 12:00:00,52.32,52.32,52.26,52.3,732967
2016-07-01 12:15:00,52.29,52.305,52.225,52.24,793197
2016-07-01 12:30:00,52.25,52.28,52.15,52.2,870790
2016-07-01 12:45:00,52.2,52.27,52.18,52.2,916003
2016-07-01 13:00:00,52.195,52.2,52.1,52.125,1004785
2016-07-01 13:15:00,52.13,52.2,52.125,52.16,1055536
2016-07-01 13:30:00,52.15,52.16,52.06,52.07,1094261
2016-07-01 13:45:00,52.065,52.1,52.049,52.1,1130936
2016-07-01 14:00:00,52.1,52.12,52.07,52.095,1170348
2016-07-01 14:15:00,52.09,52.1,52.05,52.056,1232780
2016-07-01 14:30:00,52.05,52.13,52.04,52.125,1275227
2016-07-01 14:45:00,52.11,52.12,51.97,51.975,1333850
2016-07-01 15:00:00,51.975,52.0,51.96,51.99,1375923
2016-07-01 15:15:00,51.995,52.13,51.97,52.12,1434757
2016-07-01 15:30:00,52.12,52.16,52.1,52.14,1492223
2016-07-01 15:45:00,52.15,52.17,52.04,52.15,1573199
2016-07-01 16:00:00,52.15,52.26,52.13,52.14,1905231
2016-07-05 09:45:00,52.03,52.05,51.73,51.88,62466
2016-07-05 10:00:00,51.86,51.92,51.77,51.78,111187
2016-07-05 10:15:00,51.78,51.82,51.69,51.745,182678
2016-07-05 10:30:00,51.745,51.895,51.73,51.82,231796
2016-07-05 10:45:00,51.84,51.94,51.84,51.89,337384
2016-07-05 11:00:00,51.89,51.9,51.82,51.83,376019
2016-07-05 11:15:00,51.84,51.85,51.66,51.68,435226
2016-07-05 11:30:00,51.68,51.79,51.67,51.68,496995
2016-07-05 11:45:00,51.67,51.67,51.535,51.54,558837
2016-07-05 12:00:00,51.52,51.53,51.4,51.405,630761
2016-07-05 12:15:00,51.4237,51.52,51.39,51.4,686067
2016-07-05 12:30:00,51.395,51.54,51.395,51.48,724969
2016-07-05 12:45:00,51.49,51.53,51.425,51.435,778647
2016-07-05 13:00:00,51.44,51.45,51.375,51.43,814265
2016-07-05 13:15:00,51.42,51.48,51.415,51.47,851632
2016-07-05 13:30:00,51.47,51.48,51.44,51.47,886242
2016-07-05 13:45:00,51.47,51.51,51.425,51.43,920269
2016-07-05 14:00:00,51.43,51.45,51.365,51.38,964860
2016-07-05 14:15:00,51.375,51.505,51.375,51.505,1007055
2016-07-05 14:30:00,51.5,51.51,51.42,51.42,1061271
2016-07-05 14:45:00,51.42,51.49,51.415,51.435,1090716
2016-07-05 15:00:00,51.45,51.5,51.42,51.49,1155378
2016-07-05 15:15:00,51.49,51.55,51.46,51.525,1190271
2016-07-05 15:30:00,51.52,51.57,51.5,51.54,1378249
2016-07-05 15:45:00,51.53,51.69,51.52,51.68,1454397
2016-07-05 16:00:00,51.69,51.74,51.625,51.65,1641689
2016-07-06 09:45:00,51.59,51.59,51.1,51.14,151839
2016-07-06 10:00:00,51.14,51.3099,51.1,51.25,326547
2016-07-06 10:15:00,51.28,51.55,51.2,51.55,435028
2016-07-06 10:30:00,51.54,51.54,51.43,51.45,518603
2016-07-06 10:45:00,51.44,51.58,51.425,51.515,685845
2016-07-06 11:00:00,51.51,51.79,51.5,51.74,871891
2016-07-06 11:15:00,51.75,52.0,51.75,51.94,983525
2016-07-06 11:30:00,51.94,51.99,51.85,51.85,1084176
2016-07-06 11:45:00,51.85,51.91,51.77,51.81,1140610
2016-07-06 12:00:00,51.805,51.87,51.79,51.83,1177862
2016-07-06 12:15:00,51.83,52.08,51.83,52.06,1256864
2016-07-06 12:30:00,52.06,52.13,52.04,52.12,1317331
2016-07-06 12:45:00,52.13,52.19,52.1199,52.18,1391681
2016-07-06 13:00:00,52.18,52.25,52.11,52.25,1600467
2016-07-06 13:15:00,52.24,52.28,52.19,52.205,1691219
2016-07-06 13:30:00,52.21,52.25,52.16,52.2201,1739299
2016-07-06 13:45:00,52.22,52.26,52.18,52.18,1831426
2016-07-06 14:00:00,52.1801,52.195,52.13,52.16,1878254
2016-07-06 14:15:00,52.16,52.21,52.135,52.15,1947039
2016-07-06 14:30:00,52.15,52.2,52.07,52.08,2014424
2016-07-06 14:45:00,52.09,52.2,52.09,52.15,2059822
2016-07-06 15:00:00,52.15,52.26,52.14,52.2075,2127394
2016-07-06 15:15:00,52.22,52.22,52.15,52.16,2180097
2016-07-06 15:30:00,52.155,52.18,52.07,52.12,2273008
2016-07-06 15:45:00,52.11,52.2,52.09,52.195,2374467
2016-07-06 16:00:00,52.2,52.22,52.15,52.19,2693225
2016-07-07 09:45:00,52.1,52.5,52.02,52.45,62910
2016-07-07 10:00:00,52.46,52.5,52.34,52.36,129659
2016-07-07 10:15:00,52.37,52.44,52.28,52.3,160107
2016-07-07 10:30:00,52.3,52.3,52.17,52.19,213388
2016-07-07 10:45:00,52.19,52.25,52.19,52.25,259007
2016-07-07 11:00:00,52.25,52.26,52.17,52.19,320272
2016-07-07 11:15:00,52.19,52.24,52.17,52.18,346669
2016-07-07 11:30:00,52.19,52.2,52.05,52.14,391875
2016-07-07 11:45:00,52.13,52.22,52.13,52.2,418700
2016-07-07 12:00:00,52.2,52.2,52.11,52.13,432083
2016-07-07 12:15:00,52.13,52.16,52.1,52.12,474146
2016-07-07 12:30:00,52.115,52.13,52.04,52.1,523385
2016-07-07 12:45:00,52.11,52.139,52.095,52.11,550876
2016-07-07 13:00:00,52.11,52.11,52.005,52.01,605563
2016-07-07 13:15:00,52.02,52.11,52.0,52.11,649930
2016-07-07 13:30:00,52.11,52.13,52.06,52.13,689584
2016-07-07 13:45:00,52.12,52.21,52.12,52.18,725420
2016-07-07 14:00:00,52.18,52.23,52.15,52.22,783399
2016-07-07 14:15:00,52.22,52.25,52.08,52.12,855284
2016-07-07 14:30:00,52.13,52.17,52.12,52.15,930272
2016-07-07 14:45:00,52.155,52.18,52.1,52.12,1020571
2016-07-07 15:00:00,52.13,52.17,52.06,52.1,1092440
2016-07-07 15:15:00,52.105,52.17,52.08,52.16,1189900
2016-07-07 15:30:00,52.16,52.21,52.15,52.19,1332302
2016-07-07 15:45:00,52.19,52.29,52.19,52.255,1511944
2016-07-07 16:00:00,52.26,52.31,52.22,52.25,1770266
2016-07-08 09:45:00,52.8,52.88,52.64,52.82,39737
2016-07-08 10:00:00,52.84,52.89,52.77,52.85,83154
2016-07-08 10:15:00,52.85,52.87,52.78,52.81,155758
2016-07-08 10:30:00,52.81,52.81,52.67,52.72,222005
2016-07-08 10:45:00,52.72,52.83,52.72,52.77,338035
2016-07-08 11:00:00,52.77,52.82,52.725,52.81,397748
2016-07-08 11:15:00,52.82,52.85,52.79,52.8275,474224
2016-07-08 11:30:00,52.82,52.87,52.7899,52.85,518496
2016-07-08 11:45:00,52.86,52.92,52.8435,52.885,549759
2016-07-08 12:00:00,52.885,53.0,52.86,52.96,576517
2016-07-08 12:15:00,52.96,52.96,52.87,52.9,619045
2016-07-08 12:30:00,52.9,52.945,52.89,52.89,636659
2016-07-08 12:45:00,52.9,52.92,52.8,52.87,695701
2016-07-08 13:00:00,52.87,52.919,52.86,52.88,715108
2016-07-08 13:15:00,52.88,52.98,52.88,52.95,756763
2016-07-08 13:30:00,52.96,53.0,52.945,53.0,783027
2016-07-08 13:45:00,52.99,53.03,52.96,52.97,828126
2016-07-08 14:00:00,52.98,52.99,52.93,52.96,888036
2016-07-08 14:15:00,52.96,52.975,52.93,52.97,930640
2016-07-08 14:30:00,52.96,53.01,52.9575,52.96,980047
2016-07-08 14:45:00,52.95,52.99,52.94,52.95,1029077
2016-07-08 15:00:00,52.955,53.01,52.935,52.95,1074458
2016-07-08 15:15:00,52.95,52.96,52.9,52.96,1135634
2016-07-08 15:30:00,52.955,52.97,52.875,52.88,1177390
2016-07-08 15:45:00,52.875,52.89,52.815,52.84,1243001
2016-07-08 16:00:00,52.83,52.88,52.8,52.84,1497128
2016-07-11 09:45:00,52.98,53.28,52.98,53.25,62730
2016-07-11 10:00:00,53.25,53.25,53.12,53.17,81340
2016-07-11 10:15:00,53.15,53.21,53.12,53.18,107107
2016-07-11 10:30:00,53.18,53.21,53.01,53.05,139957
2016-07-11 10:45:00,53.06,53.085,53.015,53.04,178510
2016-07-11 11:00:00,53.05,53.21,53.05,53.19,209000
2016-07-11 11:15:00,53.19,53.33,53.16,53.33,276312
2016-07-11 11:30:00,53.33,53.33,53.28,53.3264,304979
2016-07-11 11:45:00,53.33,53.34,53.29,53.31,320957
2016-07-11 12:00:00,53.31,53.37,53.3,53.31,344646
2016-07-11 12:15:00,53.31,53.34,53.28,53.34,363496
2016-07-11 12:30:00,53.35,53.38,53.33,53.38,383751
2016-07-11 12:45:00,53.38,53.44,53.37,53.44,412230
2016-07-11 13:00:00,53.45,53.48,53.43,53.44,437530
2016-07-11 13:15:00,53.45,53.45,53.39,53.4,464759
2016-07-11 13:30:00,53.4,53.4,53.31,53.335,486962
2016-07-11 13:45:00,53.33,53.39,53.33,53.39,511710
2016-07-11 14:00:00,53.39,53.44,53.35,53.36,596466
2016-07-11 14:15:00,53.36,53.37,53.31,53.32,665463
2016-07-11 14:30:00,53.32,53.37,53.3,53.3665,687208
2016-07-11 14:45:00,53.36,53.47,53.355,53.43,751000
2016-07-11 15:00:00,53.43,53.43,53.38,53.41,788620
2016-07-11 15:15:00,53.41,53.48,53.41,53.47,865084
2016-07-11 15:30:00,53.48,53.5,53.42,53.42,939575
2016-07-11 15:45:00,53.41,53.45,53.38,53.4,1006393
2016-07-11 16:00:00,53.405,53.45,53.37,53.37,1223214
2016-07-12 09:45:00,53.89,54.08,53.76,53.94,76138
2016-07-12 10:00:00,53.93,53.93,53.72,53.76,94032
2016-07-12 10:15:00,53.78,53.88,53.75,53.77,186628
2016-07-12 10:30:00,53.78,53.8625,53.78,53.82,278421
2016-07-12 10:45:00,53.83,53.96,53.79,53.95,340199
2016-07-12 11:00:00,53.95,54.0,53.92,53.95,422028
2016-07-12 11:15:00,53.95,54.0,53.93,53.99,468968
2016-07-12 11:30:00,53.99,54.0,53.97,53.99,496155
2016-07-12 11:45:00,53.99,54.11,53.98,54.08,561752
2016-07-12 12:00:00,54.07,54.13,54.03,54.115,667797
2016-07-12 12:15:00,54.11,54.19,54.07,54.09,712708
2016-07-12 12:30:00,54.1,54.14,54.08,54.1,739229
2016-07-12 12:45:00,54.11,54.16,54.11,54.15,765764
2016-07-12 13:00:00,54.15,54.21,54.14,54.18,792054
2016-07-12 13:15:00,54.185,54.19,54.12,54.14,828468
2016-07-12 13:30:00,54.13,54.14,54.07,54.12,875755
2016-07-12 13:45:00,54.1,54.11,54.05,54.09,912032
2016-07-12 14:00:00,54.085,54.09,54.01,54.015,948442
2016-07-12 14:15:00,54.02,54.06,54.015,54.04,986544
2016-07-12 14:30:00,54.04,54.065,53.98,53.98,1012990
2016-07-12 14:45:00,53.98,54.06,53.98,54.05,1041006
2016-07-12 15:00:00,54.06,54.06,53.97,54.02,1080658
2016-07-12 15:15:00,54.01,54.03,53.95,53.96,1107269
2016-07-12 15:30:00,53.97,53.97,53.935,53.94,1151330
2016-07-12 15:45:00,53.93,53.98,53.92,53.935,1201401
2016-07-12 16:00:00,53.93,53.935,53.89,53.92,1301383
2016-07-13 09:45:00,53.94,54.12,53.88,53.89,109265
2016-07-13 10:00:00,53.88,53.97,53.83,53.855,212612
2016-07-13 10:15:00,53.855,53.97,53.85,53.94,274295
2016-07-13 10:30:00,53.94,53.95,53.86,53.89,314164
2016-07-13 10:45:00,53.89,54.0,53.83,53.995,374288
2016-07-13 11:00:00,54.0,54.05,53.98,53.99,414181
2016-07-13 11:15:00,53.985,53.99,53.94,53.99,494187
2016-07-13 11:30:00,53.985,54.0,53.89,53.89,526822
2016-07-13 11:45:00,53.9,53.9,53.79,53.835,558858
2016-07-13 12:00:00,53.83,53.855,53.8,53.82,585135
2016-07-13 12:15:00,53.81,53.83,53.79,53.79,630953
2016-07-13 12:30:00,53.79,53.85,53.78,53.79,660130
2016-07-13 12:45:00,53.79,53.855,53.775,53.845,683203
2016-07-13 13:00:00,53.845,53.845,53.8,53.83,709896
2016-07-13 13:15:00,53.825,53.86,53.82,53.86,730103
2016-07-13 13:30:00,53.87,53.87,53.76,53.76,751580
2016-07-13 13:45:00,53.76,53.8,53.745,53.79,777805
2016-07-13 14:00:00,53.79,53.79,53.69,53.715,807477
2016-07-13 14:15:00,53.72,53.81,53.715,53.79,850655
2016-07-13 14:30:00,53.79,53.8,53.72,53.8,883196
2016-07-13 14:45:00,53.795,53.8,53.685,53.7039,941988
2016-07-13 15:00:00,53.7,53.78,53.7,53.725,997689
2016-07-13 15:15:00,53.73,53.84,53.725,53.81,1045553
2016-07-13 15:30:00,53.815,53.815,53.76,53.775,1103800
2016-07-13 15:45:00,53.77,53.79,53.73,53.76,1216436
2016-07-13 16:00:00,53.77,53.865,53.76,53.76,1528504
2016-07-14 09:45:00,54.04,54.25,53.78,53.99,216819
2016-07-14 10:00:00,53.975,54.19,53.9,54.16,406108
2016-07-14 10:15:00,54.17,54.22,54.04,54.05,502893
2016-07-14 10:30:00,54.05,54.05,53.9,53.9,655792
2016-07-14 10:45:00,53.91,54.11,53.9,53.99,769734
2016-07-14 11:00:00,53.985,53.985,53.88,53.95,820255
2016-07-14 11:15:00,53.95,53.97,53.925,53.94,858909
2016-07-14 11:30:00,53.93,53.9565,53.9,53.92,935432
2016-07-14 11:45:00,53.91,54.01,53.9,54.01,973248
2016-07-14 12:00:00,54.01,54.04,53.96,53.98,1005911
2016-07-14 12:15:00,53.99,54.05,53.93,53.93,1073271
2016-07-14 12:30:00,53.93,54.01,53.88,53.91,1108936
2016-07-14 12:45:00,53.91,53.98,53.91,53.97,1130772
2016-07-14 13:00:00,53.9601,53.97,53.92,53.925,1149503
2016-07-14 13:15:00,53.93,53.93,53.87,53.88,1167147
2016-07-14 13:30:00,53.87,53.89,53.835,53.86,1189476
2016-07-14 13:45:00,53.87,53.96,53.87,53.96,1211567
2016-07-14 14:00:00,53.955,53.965,53.88,53.899,1237812
2016-07-14 14:15:00,53.9,53.96,53.88,53.96,1269973
2016-07-14 14:30:00,53.96,54.01,53.96,53.965,1313563
2016-07-14 14:45:00,53.96,54.01,53.94,53.995,1350839
2016-07-14 15:00:00,54.0,54.02,53.952,53.96,1417612
2016-07-14 15:15:00,53.965,54.03,53.92,54.0,1500722
2016-07-14 15:30:00,54.01,54.0275,53.98,54.02,1591893
2016-07-14 15:45:00,54.02,54.04,53.98,54.02,1704945
2016-07-14 16:00:00,54.02,54.08,54.01,54.04,1981480
2016-07-15 09:45:00,54.17,54.25,53.99,54.1288,122076
2016-07-15 10:00:00,54.13,54.16,53.995,54.08,149979
2016-07-15 10:15:00,54.075,54.22,54.035,54.19,188329
2016-07-15 10:30:00,54.2,54.29,54.16,54.28,234042
2016-07-15 10:45:00,54.28,54.3,54.265,54.3,280845
2016-07-15 11:00:00,54.3,54.4,54.295,54.395,362597
2016-07-15 11:15:00,54.395,54.4,54.29,54.325,434084
2016-07-15 11:30:00,54.33,54.335,54.26,54.31,484378
2016-07-15 11:45:00,54.31,54.31,54.2,54.21,533028
2016-07-15 12:00:00,54.21,54.235,54.14,54.18,568281
2016-07-15 12:15:00,54.18,54.21,54.1201,54.17,608246
2016-07-15 12:30:00,54.17,54.21,54.11,54.135,639992
2016-07-15 12:45:00,54.13,54.155,54.05,54.14,677349
2016-07-15 13:00:00,54.14,54.145,54.08,54.11,700436
2016-07-15 13:15:00,54.11,54.145,54.09,54.125,745650
2016-07-15 13:30:00,54.12,54.22,54.12,54.195,801827
2016-07-15 13:45:00,54.19,54.295,54.17,54.29,848112
2016-07-15 14:00:00,54.28,54.3,54.15,54.2,1235993
2016-07-15 14:15:00,54.2,54.22,54.07,54.095,1346337
2016-07-15 14:30:00,54.095,54.11,53.99,53.99,1496366
2016-07-15 14:45:00,53.995,54.07,53.97,53.99,1650155
2016-07-15 15:00:00,53.99,54.09,53.96,54.09,1779301
2016-07-15 15:15:00,54.095,54.2,54.09,54.17,1928276
2016-07-15 15:30:00,54.18,54.2,54.15,54.2,2027503
2016-07-15 15:45:00,54.195,54.24,54.18,54.18,2154188
2016-07-15 16:00:00,54.18,54.22,54.1,54.18,2767728
2016-07-18 09:45:00,54.4,54.4,54.13,54.26,56516
2016-07-18 10:00:00,54.255,54.3,54.16,54.19,100715
2016-07-18 10:15:00,54.19,54.23,54.11,54.12,162871
2016-07-18 10:30:00,54.12,54.22,54.08,54.155,337807
2016-07-18 10:45:00,54.15,54.26,54.15,54.24,379573
2016-07-18 11:00:00,54.24,54.29,54.23,54.2475,418306
2016-07-18 11:15:00,54.25,54.28,54.2,54.26,569295
2016-07-18 11:30:00,54.26,54.26,54.15,54.16,586555
2016-07-18 11:45:00,54.1575,54.17,54.13,54.14,609221
2016-07-18 12:00:00,54.14,54.1675,54.11,54.155,647858
2016-07-18 12:15:00,54.15,54.16,54.085,54.15,803787
2016-07-18 12:30:00,54.15,54.16,54.08,54.09,822506
2016-07-18 12:45:00,54.09,54.09,54.05,54.06,837057
2016-07-18 13:00:00,54.06,54.08,54.02,54.07,852332
2016-07-18 13:15:00,54.07,54.12,54.05,54.05,889529
2016-07-18 13:30:00,54.04,54.09,54.02,54.05,918982
2016-07-18 13:45:00,54.06,54.14,54.06,54.135,951803
2016-07-18 14:00:00,54.135,54.16,54.08,54.135,1015570
2016-07-18 14:15:00,54.135,54.14,54.1,54.115,1055455
2016-07-18 14:30:00,54.115,54.13,54.1,54.115,1084477
2016-07-18 14:45:00,54.12,54.13,54.1,54.105,1141081
2016-07-18 15:00:00,54.105,54.12,54.08,54.12,1244546
2016-07-18 15:15:00,54.13,54.14,54.08,54.11,1277853
2016-07-18 15:30:00,54.11,54.13,54.06,54.07,1327775
2016-07-18 15:45:00,54.07,54.11,54.065,54.075,1386307
2016-07-18 16:00:00,54.08,54.1,54.02,54.03,1520699
2016-07-19 09:45:00,53.87,53.98,53.775,53.97,16084
2016-07-19 10:00:00,53.965,54.01,53.92,54.01,37026
2016-07-19 10:15:00,53.99,54.05,53.94,54.03,60908
2016-07-19 10:30:00,54.03,54.11,54.025,54.09,82248
2016-07-19 10:45:00,54.09,54.1,54.03,54.07,126149
2016-07-19 11:00:00,54.06,54.14,54.05,54.14,145852
2016-07-19 11:15:00,54.135,54.18,54.07,54.08,184609
2016-07-19 11:30:00,54.09,54.15,54.09,54.14,221645
2016-07-19 11:45:00,54.14,54.16,54.11,54.11,244753
2016-07-19 12:00:00,54.11,54.16,54.04,54.12,289577
2016-07-19 12:15:00,54.13,54.17,54.11,54.155,316522
2016-07-19 12:30:00,54.151,54.24,54.15,54.24,349283
2016-07-19 12:45:00,54.24,54.3,54.23,54.3,384079
2016-07-19 13:00:00,54.3,54.39,54.29,54.39,416175
2016-07-19 13:15:00,54.38,54.4097,54.32,54.35,486223
2016-07-19 13:30:00,54.34,54.35,54.31,54.33,507012
2016-07-19 13:45:00,54.33,54.35,54.32,54.35,535901
2016-07-19 14:00:00,54.35,54.4,54.34,54.395,585498
2016-07-19 14:15:00,54.4,54.45,54.35,54.42,649340
2016-07-19 14:30:00,54.43,54.48,54.425,54.45,678013
2016-07-19 14:45:00,54.45,54.48,54.4,54.455,726131
2016-07-19 15:00:00,54.455,54.48,54.44,54.48,775087
2016-07-19 15:15:00,54.475,54.475,54.415,54.45,826462
2016-07-19 15:30:00,54.4499,54.48,54.37,54.39,874897
2016-07-19 15:45:00,54.39,54.43,54.36,54.4,983278
2016-07-19 16:00:00,54.39,54.44,54.36,54.39,1218558
2016-07-20 09:45:00,54.44,54.6499,54.26,54.37,52965
2016-07-20 10:00:00,54.38,54.56,54.37,54.56,89278
2016-07-20 10:15:00,54.555,54.64,54.475,54.64,140287
2016-07-20 10:30:00,54.65,54.76,54.61,54.76,216643
2016-07-20 10:45:00,54.76,54.825,54.69,54.76,264261
2016-07-20 11:00:00,54.755,54.83,54.745,54.82,309523
2016-07-20 11:15:00,54.819,54.819,54.64,54.67,375053
2016-07-20 11:30:00,54.67,54.77,54.66,54.675,415261
2016-07-20 11:45:00,54.68,54.76,54.67,54.735,450367
2016-07-20 12:00:00,54.735,54.77,54.66,54.715,484409
2016-07-20 12:15:00,54.719,54.719,54.63,54.655,510854
2016-07-20 12:30:00,54.66,54.77,54.659,54.77,549231
2016-07-20 12:45:00,54.76,54.81,54.73,54.81,596309
2016-07-20 13:00:00,54.81,54.88,54.785,54.875,676520
2016-07-20 13:15:00,54.87,54.92,54.84,54.88,714726
2016-07-20 13:30:00,54.88,54.95,54.8675,54.945,767723
2016-07-20 13:45:00,54.95,54.955,54.86,54.95,830747
2016-07-20 14:00:00,54.94,55.06,54.94,55.03,933182
2016-07-20 14:15:00,55.035,55.11,55.0,55.11,1127809
2016-07-20 14:30:00,55.1,55.115,55.02,55.05,1181199
2016-07-20 14:45:00,55.059,55.1,55.04,55.1,1308175
2016-07-20 15:00:00,55.1,55.125,55.08,55.105,1515497
2016-07-20 15:15:00,55.1,55.1,54.99,55.02,1578379
2016-07-20 15:30:00,55.03,55.06,55.01,55.05,1779847
2016-07-20 15:45:00,55.055,55.065,55.015,55.055,1865248
2016-07-20 16:00:00,55.05,55.1,55.035,55.08,2102720
2016-07-21 09:45:00,55.09,55.14,54.855,55.01,31527
2016-07-21 10:00:00,55.0,55.18,54.97,55.15,82337
2016-07-21 10:15:00,55.131,55.42,55.131,55.34,191953
2016-07-21 10:30:00,55.36,55.45,55.27,55.42,254413
2016-07-21 10:45:00,55.415,55.47,55.27,55.29,299472
2016-07-21 11:00:00,55.29,55.405,55.275,55.3,344972
2016-07-21 11:15:00,55.28,55.35,55.25,55.29,384770
2016-07-21 11:30:00,55.285,55.44,55.285,55.43,438210
2016-07-21 11:45:00,55.42,55.47,55.38,55.425,537039
2016-07-21 12:00:00,55.43,55.47,55.38,55.44,610276
2016-07-21 12:15:00,55.44,55.48,55.4,55.47,707017
2016-07-21 12:30:00,55.46,55.49,55.37,55.41,957222
2016-07-21 12:45:00,55.4,55.48,55.39,55.46,1095169
2016-07-21 13:00:00,55.46,55.48,55.44,55.47,1181079
2016-07-21 13:15:00,55.46,55.57,55.45,55.57,1395045
2016-07-21 13:30:00,55.56,55.62,55.47,55.47,1489029
2016-07-21 13:45:00,55.475,55.49,55.3,55.36,1564586
2016-07-21 14:00:00,55.345,55.41,55.28,55.285,1659493
2016-07-21 14:15:00,55.29,55.33,55.27,55.28,1712356
2016-07-21 14:30:00,55.285,55.335,55.27,55.32,1768507
2016-07-21 14:45:00,55.33,55.38,55.26,55.29,1848914
2016-07-21 15:00:00,55.29,55.29,55.23,55.25,1929145
2016-07-21 15:15:00,55.25,55.26,55.18,55.23,2034287
2016-07-21 15:30:00,55.23,55.27,55.19,55.26,2141400
2016-07-21 15:45:00,55.27,55.36,55.26,55.28,2291868
2016-07-21 16:00:00,55.27,55.44,55.27,55.415,2638358
2016-07-22 09:45:00,55.34,55.38,55.11,55.19,83343
2016-07-22 10:00:00,55.19,55.375,55.16,55.32,166553
2016-07-22 10:15:00,55.33,55.53,55.28,55.525,326186
2016-07-22 10:30:00,55.52,55.52,55.39,55.405,414083
2016-07-22 10:45:00,55.4,55.55,55.4,55.54,490002
2016-07-22 11:00:00,55.54,55.69,55.54,55.605,554098
2016-07-22 11:15:00,55.605,55.625,55.495,55.505,600664
2016-07-22 11:30:00,55.505,55.56,55.5,55.515,699181
2016-07-22 11:45:00,55.52,55.59,55.52,55.565,754790
2016-07-22 12:00:00,55.57,55.61,55.55,55.59,825800
2016-07-22 12:15:00,55.59,55.72,55.59,55.72,861844
2016-07-22 12:30:00,55.72,55.82,55.71,55.79,909592
2016-07-22 12:45:00,55.8,55.8,55.7,55.76,954910
2016-07-22 13:00:00,55.765,55.86,55.76,55.8,1022915
2016-07-22 13:15:00,55.805,55.805,55.72,55.76,1056974
2016-07-22 13:30:00,55.76,55.8,55.74,55.74,1089212
2016-07-22 13:45:00,55.75,55.86,55.75,55.75,1148904
2016-07-22 14:00:00,55.75,55.76,55.71,55.75,1193204
2016-07-22 14:15:00,55.748,55.75,55.65,55.685,1249119
2016-07-22 14:30:00,55.68,55.8,55.68,55.76,1297043
2016-07-22 14:45:00,55.765,55.82,55.76,55.785,1340060
2016-07-22 15:00:00,55.78,55.83,55.78,55.83,1367377
2016-07-22 15:15:00,55.82,55.83,55.68,55.7342,1435416
2016-07-22 15:30:00,55.735,55.82,55.7,55.799,1505655
2016-07-22 15:45:00,55.795,55.82,55.75,55.78,1614587
2016-07-22 16:00:00,55.79,55.84,55.76,55.8,1859763
2016-07-25 09:45:00,55.86,55.94,55.77,55.8,33246
2016-07-25 10:00:00,55.8,55.83,55.63,55.69,80657
2016-07-25 10:15:00,55.7,55.7,55.46,55.48,131553
2016-07-25 10:30:00,55.49,55.53,55.45,55.46,179050
2016-07-25 10:45:00,55.45,55.58,55.39,55.55,271888
2016-07-25 11:00:00,55.55,55.63,55.53,55.56,332878
2016-07-25 11:15:00,55.56,55.565,55.43,55.465,400523
2016-07-25 11:30:00,55.47,55.47,55.33,55.34,478665
2016-07-25 11:45:00,55.34,55.47,55.25,55.46,563731
2016-07-25 12:00:00,55.46,55.56,55.45,55.485,601861
2016-07-25 12:15:00,55.49,55.58,55.47,55.55,642596
2016-07-25 12:30:00,55.55,55.55,55.43,55.5,682799
2016-07-25 12:45:00,55.51,55.53,55.48,55.5,772992
2016-07-25 13:00:00,55.5,55.56,55.49,55.51,818092
2016-07-25 13:15:00,55.51,55.55,55.48,55.535,869857
2016-07-25 13:30:00,55.54,55.6,55.535,55.6,896083
2016-07-25 13:45:00,55.6,55.63,55.47,55.4701,953240
2016-07-25 14:00:00,55.47,55.47,55.41,55.43,999719
2016-07-25 14:15:00,55.44,55.62,55.435,55.56,1074988
2016-07-25 14:30:00,55.56,55.66,55.54,55.55,1131601
2016-07-25 14:45:00,55.545,55.555,55.48,55.48,1225126
2016-07-25 15:00:00,55.48,55.48,55.395,55.4,1324923
2016-07-25 15:15:00,55.41,55.43,55.36,55.43,1398273
2016-07-25 15:30:00,55.43,55.43,55.35,55.4,1528857
2016-07-25 15:45:00,55.39,55.4,55.28,55.28,1826496
2016-07-25 16:00:00,55.28,55.31,55.14,55.21,2551911
2016-07-26 09:45:00,54.22,54.76,53.31,54.05,217436
2016-07-26 10:00:00,54.04,54.79,54.04,54.73,609589
2016-07-26 10:15:00,54.72,54.73,54.405,54.65,842430
2016-07-26 10:30:00,54.65,54.71,54.561,54.7,961245
2016-07-26 10:45:00,54.71,54.73,54.51,54.53,1065029
2016-07-26 11:00:00,54.52,54.54,54.33,54.37,1157929
2016-07-26 11:15:00,54.36,54.45,54.07,54.09,1329970
2016-07-26 11:30:00,54.08,54.25,54.07,54.25,1451300
2016-07-26 11:45:00,54.25,54.335,54.25,54.28,1584800
2016-07-26 12:00:00,54.2825,54.4,54.22,54.4,1809081
2016-07-26 12:15:00,54.4,54.445,54.35,54.38,1896112
2016-07-26 12:30:00,54.38,54.45,54.29,54.3,2027524
2016-07-26 12:45:00,54.31,54.32,54.21,54.29,2154276
2016-07-26 13:00:00,54.28,54.285,54.22,54.255,2224917
2016-07-26 13:15:00,54.26,54.3,54.24,54.27,2298308
2016-07-26 13:30:00,54.27,54.325,54.14,54.29,2404302
2016-07-26 13:45:00,54.28,54.3,54.11,54.15,2510842
2016-07-26 14:00:00,54.16,54.195,54.07,54.1,2581537
2016-07-26 14:15:00,54.11,54.17,54.095,54.16,2661778
2016-07-26 14:30:00,54.15,54.31,54.15,54.27,2743876
2016-07-26 14:45:00,54.28,54.3,54.2,54.225,2803840
2016-07-26 15:00:00,54.22,54.225,54.165,54.2,2865723
2016-07-26 15:15:00,54.2,54.225,54.13,54.14,2949782
2016-07-26 15:30:00,54.14,54.2,54.065,54.065,3096609
2016-07-26 15:45:00,54.075,54.38,54.075,54.37,3405892
2016-07-26 16:00:00,54.37,54.375,54.16,54.19,3843910
2016-07-27 09:45:00,54.19,54.28,54.07,54.155,98935
2016-07-27 10:00:00,54.155,54.155,54.04,54.05,137777
2016-07-27 10:15:00,54.04,54.04,53.78,53.79,202318
2016-07-27 10:30:00,53.78,53.8,53.62,53.64,303659
2016-07-27 10:45:00,53.65,53.65,53.44,53.47,430261
2016-07-27 11:00:00,53.475,53.84,53.42,53.82,552197
2016-07-27 11:15:00,53.82,53.895,53.75,53.81,605822
2016-07-27 11:30:00,53.8,53.88,53.63,53.87,685903
2016-07-27 11:45:00,53.85,53.86,53.77,53.83,729143
2016-07-27 12:00:00,53.845,53.87,53.74,53.76,793484
2016-07-27 12:15:00,53.76,53.83,53.725,53.79,841024
2016-07-27 12:30:00,53.79,53.83,53.76,53.8,874794
2016-07-27 12:45:00,53.79,53.85,53.745,53.85,913638
2016-07-27 13:00:00,53.84,53.85,53.81,53.84,939469
2016-07-27 13:15:00,53.83,53.9,53.81,53.88,987070
2016-07-27 13:30:00,53.88,53.93,53.87,53.91,1025744
2016-07-27 13:45:00,53.91,54.08,53.91,54.08,1086771
2016-07-27 14:00:00,54.08,54.13,54.03,54.12,1138218
2016-07-27 14:15:00,54.1,54.16,53.98,54.135,1237599
2016-07-27 14:30:00,54.13,54.33,54.13,54.13,1307918
2016-07-27 14:45:00,54.13,54.24,54.06,54.115,1377774
2016-07-27 15:00:00,54.11,54.2,54.11,54.17,1424226
2016-07-27 15:15:00,54.16,54.23,54.14,54.16,1497533
2016-07-27 15:30:00,54.165,54.27,54.13,54.27,1588818
2016-07-27 15:45:00,54.265,54.27,54.115,54.15,1739764
2016-07-27 16:00:00,54.14,54.14,53.99,54.06,2059123
2016-07-28 09:45:00,53.96,53.96,53.655,53.8,38207
2016-07-28 10:00:00,53.795,54.005,53.79,53.79,74844
2016-07-28 10:15:00,53.76,53.86,53.71,53.71,105796
2016-07-28 10:30:00,53.71,53.83,53.7,53.74,140091
2016-07-28 10:45:00,53.75,53.88,53.66,53.86,190692
2016-07-28 11:00:00,53.87,53.87,53.71,53.761,227473
2016-07-28 11:15:00,53.78,53.83,53.74,53.74,281040
2016-07-28 11:30:00,53.74,53.75,53.6,53.64,418697
2016-07-28 11:45:00,53.65,53.72,53.63,53.71,513231
2016-07-28 12:00:00,53.72,53.74,53.7,53.74,568744
2016-07-28 12:15:00,53.74,53.8,53.73,53.76,640314
2016-07-28 12:30:00,53.76,53.76,53.73,53.7562,670107
2016-07-28 12:45:00,53.76,53.89,53.76,53.84,707181
2016-07-28 13:00:00,53.83,53.86,53.79,53.8,734260
2016-07-28 13:15:00,53.8,53.93,53.79,53.905,771258
2016-07-28 13:30:00,53.91,54.01,53.9,54.01,809508
2016-07-28 13:45:00,54.01,54.15,53.99,54.15,894358
2016-07-28 14:00:00,54.15,54.21,54.075,54.21,943355
2016-07-28 14:15:00,54.22,54.27,54.191,54.25,999763
2016-07-28 14:30:00,54.26,54.36,54.25,54.33,1061274
2016-07-28 14:45:00,54.33,54.36,54.27,54.355,1111779
2016-07-28 15:00:00,54.36,54.535,54.36,54.45,1261873
2016-07-28 15:15:00,54.45,54.49,54.37,54.38,1353784
2016-07-28 15:30:00,54.38,54.39,54.31,54.335,1402277
2016-07-28 15:45:00,54.335,54.38,54.31,54.3101,1488922
2016-07-28 16:00:00,54.31,54.315,54.14,54.15,1800437
2016-07-29 09:45:00,54.09,54.21,53.92,53.92,21806
2016-07-29 10:00:00,53.965,54.08,53.9,53.951,52553
2016-07-29 10:15:00,53.955,54.14,53.905,54.12,113936
2016-07-29 10:30:00,54.11,54.22,54.06,54.06,242474
2016-07-29 10:45:00,54.06,54.19,54.05,54.18,351634
2016-07-29 11:00:00,54.18,54.28,54.15,54.17,386934
2016-07-29 11:15:00,54.18,54.25,54.14,54.25,434268
2016-07-29 11:30:00,54.25,54.32,54.21,54.3,487820
2016-07-29 11:45:00,54.29,54.29,54.21,54.23,534183
2016-07-29 12:00:00,54.25,54.25,54.19,54.2,601492
2016-07-29 12:15:00,54.2,54.29,54.2,54.2201,631529
2016-07-29 12:30:00,54.23,54.23,54.1,54.1,657108
2016-07-29 12:45:00,54.1,54.14,54.04,54.05,701366
2016-07-29 13:00:00,54.05,54.05,53.94,53.945,728075
2016-07-29 13:15:00,53.95,53.99,53.88,53.99,763889
2016-07-29 13:30:00,53.9801,54.04,53.95,54.0,810340
2016-07-29 13:45:00,54.01,54.05,53.97,53.97,856581
2016-07-29 14:00:00,53.97,54.02,53.95,53.95,882278
2016-07-29 14:15:00,53.95,54.03,53.91,54.01,940250
2016-07-29 14:30:00,54.01,54.03,54.0,54.011,969785
2016-07-29 14:45:00,54.01,54.08,53.96,53.98,1039864
2016-07-29 15:00:00,53.985,54.06,53.96,54.05,1089295
2016-07-29 15:15:00,54.05,54.08,53.96,54.005,1144303
2016-07-29 15:30:00,54.01,54.02,53.935,53.945,1208287
2016-07-29 15:45:00,53.95,53.97,53.9,53.97,1305142
2016-07-29 16:00:00,53.98,54.02,53.86,53.86,1616516
2016-08-01 09:45:00,53.77,53.88,53.685,53.84,30202
2016-08-01 10:00:00,53.84,53.86,53.7,53.76,57802
2016-08-01 10:15:00,53.8,53.96,53.71,53.71,114632
2016-08-01 10:30:00,53.72,53.745,53.6,53.69,166615
2016-08-01 10:45:00,53.7,53.8,53.62,53.78,225385
2016-08-01 11:00:00,53.78,53.905,53.75,53.87,268952
2016-08-01 11:15:00,53.87,53.93,53.82,53.92,310242
2016-08-01 11:30:00,53.91,53.92,53.81,53.81,352605
2016-08-01 11:45:00,53.815,53.83,53.68,53.69,473291
2016-08-01 12:00:00,53.685,53.69,53.5899,53.65,576038
2016-08-01 12:15:00,53.64,53.6452,53.51,53.51,677721
2016-08-01 12:30:00,53.5,53.5523,53.475,53.53,757952
2016-08-01 12:45:00,53.531,53.5331,53.46,53.49,784353
2016-08-01 13:00:00,53.49,53.5,53.385,53.405,810642
2016-08-01 13:15:00,53.4,53.46,53.39,53.45,861242
2016-08-01 13:30:00,53.445,53.46,53.415,53.43,901904
2016-08-01 13:45:00,53.425,53.44,53.36,53.36,937302
2016-08-01 14:00:00,53.35,53.36,53.25,53.36,1001848
2016-08-01 14:15:00,53.355,53.4,53.28,53.33,1050557
2016-08-01 14:30:00,53.335,53.51,53.335,53.47,1122362
2016-08-01 14:45:00,53.47,53.54,53.45,53.455,1172570
2016-08-01 15:00:00,53.46,53.48,53.405,53.455,1222213
2016-08-01 15:15:00,53.455,53.54,53.45,53.45,1290718
2016-08-01 15:30:00,53.46,53.49,53.41,53.43,1363790
2016-08-01 15:45:00,53.44,53.53,53.425,53.51,1459902
2016-08-01 16:00:00,53.52,53.55,53.46,53.5,1635824
2016-08-02 09:45:00,53.57,53.65,53.42,53.62,61563
2016-08-02 10:00:00,53.62,53.63,53.51,53.55,123885
2016-08-02 10:15:00,53.56,53.585,53.445,53.53,231922
2016-08-02 10:30:00,53.53,53.53,53.4,53.41,279687
2016-08-02 10:45:00,53.41,53.488,53.365,53.37,534274
2016-08-02 11:00:00,53.37,53.38,53.23,53.24,570360
2016-08-02 11:15:00,53.24,53.3,53.24,53.28,592364
2016-08-02 11:30:00,53.28,53.31,53.22,53.28,670289
2016-08-02 11:45:00,53.27,53.3,53.21,53.23,692273
2016-08-02 12:00:00,53.24,53.26,53.16,53.16,717907
2016-08-02 12:15:00,53.18,53.22,53.11,53.22,739684
2016-08-02 12:30:00,53.22,53.27,53.21,53.25,754361
2016-08-02 12:45:00,53.23,53.27,53.18,53.2,775913
2016-08-02 13:00:00,53.2086,53.25,53.1,53.12,792498
2016-08-02 13:15:00,53.13,53.15,53.035,53.06,818623
2016-08-02 13:30:00,53.06,53.17,53.05,53.15,848306
2016-08-02 13:45:00,53.15,53.17,53.07,53.08,870952
2016-08-02 14:00:00,53.1,53.14,53.08,53.1,889766
2016-08-02 14:15:00,53.11,53.2,53.0501,53.2,917009
2016-08-02 14:30:00,53.209,53.31,53.17,53.26,951330
2016-08-02 14:45:00,53.26,53.27,53.22,53.27,973435
2016-08-02 15:00:00,53.26,53.27,53.22,53.22,1007660
2016-08-02 15:15:00,53.22,53.28,53.21,53.23,1031550
2016-08-02 15:30:00,53.22,53.29,53.215,53.24,1071086
2016-08-02 15:45:00,53.23,53.29,53.215,53.26,1141585
2016-08-02 16:00:00,53.25,53.285,53.18,53.21,1301642
2016-08-03 09:45:00,53.17,53.42,53.0801,53.42,31276
2016-08-03 10:00:00,53.38,53.43,53.26,53.36,64519
2016-08-03 10:15:00,53.33,53.36,53.18,53.36,110647
2016-08-03 10:30:00,53.35,53.42,53.32,53.32,175749
2016-08-03 10:45:00,53.3,53.435,53.26,53.39,219862
2016-08-03 11:00:00,53.3901,53.3901,53.17,53.17,242705
2016-08-03 11:15:00,53.18,53.23,53.09,53.2223,280633
2016-08-03 11:30:00,53.23,53.24,53.15,53.18,306506
2016-08-03 11:45:00,53.17,53.18,53.12,53.14,326282
2016-08-03 12:00:00,53.14,53.21,53.135,53.185,348265
2016-08-03 12:15:00,53.185,53.185,53.12,53.13,370221
2016-08-03 12:30:00,53.14,53.15,53.08,53.12,387585
2016-08-03 12:45:00,53.12,53.21,53.07,53.21,417800
2016-08-03 13:00:00,53.21,53.22,53.19,53.2,462180
2016-08-03 13:15:00,53.2002,53.21,53.17,53.175,502172
2016-08-03 13:30:00,53.175,53.18,53.15,53.175,532733
2016-08-03 13:45:00,53.18,53.2,53.14,53.16,572672
2016-08-03 14:00:00,53.16,53.165,53.08,53.09,619467
2016-08-03 14:15:00,53.1,53.2,53.1,53.19,693859
2016-08-03 14:30:00,53.19,53.24,53.16,53.2,753449
2016-08-03 14:45:00,53.2,53.23,53.19,53.22,792627
2016-08-03 15:00:00,53.22,53.26,53.215,53.245,830272
2016-08-03 15:15:00,53.245,53.27,53.22,53.26,908723
2016-08-03 15:30:00,53.255,53.28,53.21,53.25,971200
2016-08-03 15:45:00,53.25,53.29,53.17,53.275,1115802
2016-08-03 16:00:00,53.28,53.36,53.275,53.35,1323055
2016-08-04 09:45:00,53.28,53.46,53.02,53.37,51522
2016-08-04 10:00:00,53.36,53.38,53.19,53.2,80567
2016-08-04 10:15:00,53.21,53.29,53.18,53.25,272273
2016-08-04 10:30:00,53.25,53.27,53.22,53.23,300182
2016-08-04 10:45:00,53.23,53.28,53.21,53.275,327243
2016-08-04 11:00:00,53.27,53.39,53.25,53.37,365346
2016-08-04 11:15:00,53.36,53.36,53.24,53.26,395895
2016-08-04 11:30:00,53.27,53.28,53.21,53.23,447230
2016-08-04 11:45:00,53.235,53.28,53.22,53.26,464654
2016-08-04 12:00:00,53.26,53.33,53.25,53.26,518511
2016-08-04 12:15:00,53.27,53.37,53.26,53.26,582737
2016-08-04 12:30:00,53.26,53.3,53.23,53.23,611875
2016-08-04 12:45:00,53.235,53.24,53.17,53.19,627423
2016-08-04 13:00:00,53.195,53.2,53.14,53.14,663337
2016-08-04 13:15:00,53.145,53.1825,53.09,53.09,709864
2016-08-04 13:30:00,53.08,53.11,53.07,53.11,731192
2016-08-04 13:45:00,53.12,53.13,53.02,53.06,763620
2016-08-04 14:00:00,53.06,53.08,53.005,53.05,792859
2016-08-04 14:15:00,53.05,53.065,53.01,53.01,832874
2016-08-04 14:30:00,53.01,53.01,52.88,52.98,905516
2016-08-04 14:45:00,52.99,53.04,52.96,53.01,961878
2016-08-04 15:00:00,53.01,53.04,52.96,52.98,1012952
2016-08-04 15:15:00,52.98,53.06,52.975,53.015,1067767
2016-08-04 15:30:00,53.01,53.02,52.9,52.97,1143499
2016-08-04 15:45:00,52.97,53.02,52.95,52.98,1250436
2016-08-04 16:00:00,52.98,53.02,52.94,52.96,1547119
2016-08-05 09:45:00,53.14,53.16,52.825,53.145,41757
2016-08-05 10:00:00,53.14,53.24,53.1,53.13,93810
2016-08-05 10:15:00,53.14,53.17,53.07,53.07,155089
2016-08-05 10:30:00,53.07,53.13,52.96,52.9995,207472
2016-08-05 10:45:00,53.0,53.05,52.91,53.03,291801
2016-08-05 11:00:00,53.03,53.05,52.955,52.9914,382598
2016-08-05 11:15:00,52.99,53.05,52.93,52.94,456489
2016-08-05 11:30:00,52.94,52.98,52.89,52.97,530218
2016-08-05 11:45:00,52.98,53.04,52.97,53.0,617938
2016-08-05 12:00:00,53.0,53.0,52.931,52.931,637046
2016-08-05 12:15:00,52.94,52.97,52.92,52.93,679049
2016-08-05 12:30:00,52.9307,52.94,52.9,52.9,710582
2016-08-05 12:45:00,52.9,52.91,52.87,52.89,739925
2016-08-05 13:00:00,52.89,52.9,52.84,52.84,770434
2016-08-05 13:15:00,52.8407,52.9,52.83,52.84,803069
2016-08-05 13:30:00,52.84,52.86,52.79,52.84,837900
2016-08-05 13:45:00,52.84,52.86,52.79,52.79,871701
2016-08-05 14:00:00,52.79,52.83,52.79,52.8,915204
2016-08-05 14:15:00,52.81,52.87,52.7976,52.83,978720
2016-08-05 14:30:00,52.821,52.93,52.82,52.86,1021471
2016-08-05 14:45:00,52.86,52.89,52.81,52.81,1071782
2016-08-05 15:00:00,52.81,52.87,52.74,52.85,1119932
2016-08-05 15:15:00,52.85,52.95,52.85,52.93,1212897
2016-08-05 15:30:00,52.93,52.93,52.87,52.89,1317548
2016-08-05 15:45:00,52.89,52.92,52.87,52.91,1411384
2016-08-05 16:00:00,52.91,52.95,52.85,52.92,1687890
2016-08-08 09:45:00,53.0,53.05,52.58,52.94,38539
2016-08-08 10:00:00,52.94,53.095,52.88,53.08,108203
2016-08-08 10:15:00,53.09,53.25,53.065,53.19,175249
2016-08-08 10:30:00,53.19,53.195,53.08,53.11,222760
2016-08-08 10:45:00,53.11,53.11,53.04,53.045,260311
2016-08-08 11:00:00,53.045,53.045,52.96,52.98,293011
2016-08-08 11:15:00,52.98,53.01,52.97,52.98,317601
2016-08-08 11:30:00,52.98,52.99,52.93,52.97,341105
2016-08-08 11:45:00,52.96,52.98,52.91,52.97,369393
2016-08-08 12:00:00,52.97,52.98,52.91,52.92,389409
2016-08-08 12:15:00,52.91,52.9125,52.88,52.9,408197
2016-08-08 12:30:00,52.901,52.93,52.87,52.91,426992
2016-08-08 12:45:00,52.9,52.95,52.87,52.87,453603
2016-08-08 13:00:00,52.87,52.97,52.87,52.91,474120
2016-08-08 13:15:00,52.91,52.93,52.87,52.92,498655
2016-08-08 13:30:00,52.92,52.93,52.89,52.925,525049
2016-08-08 13:45:00,52.92,52.9225,52.83,52.83,552423
2016-08-08 14:00:00,52.84,52.84,52.73,52.81,635993
2016-08-08 14:15:00,52.812,52.87,52.8,52.8,669828
2016-08-08 14:30:00,52.8,52.81,52.69,52.6907,702413
2016-08-08 14:45:00,52.69,52.77,52.69,52.75,722210
2016-08-08 15:00:00,52.75,52.76,52.7,52.72,766393
2016-08-08 15:15:00,52.725,52.82,52.725,52.815,812463
2016-08-08 15:30:00,52.81,52.82,52.74,52.74,900983
2016-08-08 15:45:00,52.745,52.83,52.745,52.83,993716
2016-08-08 16:00:00,52.82,52.93,52.82,52.905,1356805
2016-08-09 09:45:00,52.96,52.96,52.68,52.84,50831
2016-08-09 10:00:00,52.84,52.92,52.82,52.91,93535
2016-08-09 10:15:00,52.925,52.94,52.85,52.91,127151
2016-08-09 10:30:00,52.92,52.965,52.9,52.92,181151
2016-08-09 10:45:00,52.91,52.93,52.86,52.895,216851
2016-08-09 11:00:00,52.899,52.96,52.89,52.95,259828
2016-08-09 11:15:00,52.94,52.99,52.91,52.99,343685
2016-08-09 11:30:00,52.99,53.0,52.95,52.96,380540
2016-08-09 11:45:00,52.955,52.97,52.91,52.955,421779
2016-08-09 12:00:00,52.9401,53.09,52.92,53.09,500552
2016-08-09 12:15:00,53.09,53.2,53.09,53.195,545782
2016-08-09 12:30:00,53.195,53.2,53.1225,53.14,586815
2016-08-09 12:45:00,53.14,53.14,53.0725,53.085,628430
2016-08-09 13:00:00,53.09,53.12,53.0825,53.12,658557
2016-08-09 13:15:00,53.12,53.12,52.96,52.995,838134
2016-08-09 13:30:00,52.995,53.01,52.95,52.97,878917
2016-08-09 13:45:00,52.965,53.01,52.9525,52.975,928531
2016-08-09 14:00:00,52.975,52.98,52.9325,52.945,960730
2016-08-09 14:15:00,52.95,52.96,52.8325,52.85,1089048
2016-08-09 14:30:00,52.85,52.85,52.7825,52.825,1150619
2016-08-09 14:45:00,52.825,52.85,52.8025,52.8325,1198269
2016-08-09 15:00:00,52.85,52.88,52.8325,52.86,1231051
2016-08-09 15:15:00,52.87,52.88,52.82,52.82,1262812
2016-08-09 15:30:00,52.83,52.83,52.73,52.75,1315181
2016-08-09 15:45:00,52.75,52.76,52.67,52.675,1433382
2016-08-09 16:00:00,52.67,52.72,52.66,52.68,1644173
2016-08-10 09:45:00,52.8,52.81,52.68,52.73,35148
2016-08-10 10:00:00,52.74,52.8,52.7,52.74,57942
2016-08-10 10:15:00,52.72,52.74,52.64,52.65,95559
2016-08-10 10:30:00,52.66,52.74,52.62,52.63,127181
2016-08-10 10:45:00,52.64,52.66,52.58,52.62,148812
2016-08-10 11:00:00,52.62,52.67,52.59,52.6,164942
2016-08-10 11:15:00,52.6,52.66,52.585,52.61,185104
2016-08-10 11:30:00,52.6001,52.6001,52.49,52.51,209000
2016-08-10 11:45:00,52.51,52.54,52.45,52.51,226605
2016-08-10 12:00:00,52.51,52.58,52.5,52.54,245127
2016-08-10 12:15:00,52.54,52.69,52.54,52.67,267402
2016-08-10 12:30:00,52.66,52.7,52.645,52.65,286759
2016-08-10 12:45:00,52.66,52.715,52.65,52.715,303758
2016-08-10 13:00:00,52.72,52.77,52.7,52.76,321349
2016-08-10 13:15:00,52.77,52.81,52.74,52.8,354558
2016-08-10 13:30:00,52.81,52.82,52.75,52.82,377997
2016-08-10 13:45:00,52.82,52.83,52.77,52.79,426420
2016-08-10 14:00:00,52.79,52.835,52.77,52.78,477361
2016-08-10 14:15:00,52.775,52.785,52.71,52.71,523189
2016-08-10 14:30:00,52.701,52.77,52.68,52.73,575444
2016-08-10 14:45:00,52.74,52.75,52.68,52.68,597767
2016-08-10 15:00:00,52.6848,52.775,52.67,52.76,632209
2016-08-10 15:15:00,52.752,52.83,52.72,52.81,672837
2016-08-10 15:30:00,52.82,52.86,52.8,52.84,709379
2016-08-10 15:45:00,52.82,52.84,52.81,52.82,785116
2016-08-10 16:00:00,52.81,52.9,52.81,52.89,936570
2016-08-11 09:45:00,53.06,53.21,53.0,53.04,27173
2016-08-11 10:00:00,53.08,53.11,52.88,52.88,57343
2016-08-11 10:15:00,52.88,52.98,52.785,52.83,110556
2016-08-11 10:30:00,52.84,52.87,52.785,52.81,137418
2016-08-11 10:45:00,52.815,52.9,52.78,52.8075,178955
2016-08-11 11:00:00,52.81,52.89,52.8,52.825,229700
2016-08-11 11:15:00,52.83,52.86,52.78,52.79,255097
2016-08-11 11:30:00,52.8,52.805,52.715,52.755,283673
2016-08-11 11:45:00,52.76,52.81,52.73,52.795,306235
2016-08-11 12:00:00,52.79,52.8,52.74,52.76,332773
2016-08-11 12:15:00,52.765,52.83,52.75,52.8,348446
2016-08-11 12:30:00,52.8,52.9,52.795,52.88,388061
2016-08-11 12:45:00,52.88,52.955,52.87,52.95,412392
2016-08-11 13:00:00,52.94,52.995,52.895,52.94,488417
2016-08-11 13:15:00,52.94,52.94,52.88,52.88,504713
2016-08-11 13:30:00,52.87,52.9,52.87,52.87,526380
2016-08-11 13:45:00,52.87,52.87,52.815,52.83,543755
2016-08-11 14:00:00,52.825,52.91,52.825,52.86,570294
2016-08-11 14:15:00,52.86,52.93,52.8539,52.92,586055
2016-08-11 14:30:00,52.91,52.93,52.87,52.87,609896
2016-08-11 14:45:00,52.87,52.87,52.82,52.85,639280
2016-08-11 15:00:00,52.85,52.86,52.79,52.8,666461
2016-08-11 15:15:00,52.81,52.8275,52.775,52.78,712488
2016-08-11 15:30:00,52.78,52.79,52.67,52.7,801172
2016-08-11 15:45:00,52.69,52.76,52.69,52.7575,861140
2016-08-11 16:00:00,52.76,52.78,52.73,52.75,991419
2016-08-12 09:45:00,52.76,52.96,52.75,52.91,58619
2016-08-12 10:00:00,52.93,52.97,52.89,52.93,100301
2016-08-12 10:15:00,52.95,53.06,52.94,53.05,137751
2016-08-12 10:30:00,53.04,53.04,52.89,52.93,210144
2016-08-12 10:45:00,52.93,53.005,52.93,52.97,231255
2016-08-12 11:00:00,52.96,53.07,52.96,53.02,275133
2016-08-12 11:15:00,53.02,53.02,52.97,52.98,318235
2016-08-12 11:30:00,52.975,53.05,52.975,52.99,359270
2016-08-12 11:45:00,52.99,53.01,52.95,52.96,378748
2016-08-12 12:00:00,52.97,52.9761,52.895,52.96,406228
2016-08-12 12:15:00,52.9525,52.98,52.89,52.9,434114
2016-08-12 12:30:00,52.9,52.94,52.9,52.935,459408
2016-08-12 12:45:00,52.93,52.94,52.9,52.94,479396
2016-08-12 13:00:00,52.93,52.945,52.87,52.91,501406
2016-08-12 13:15:00,52.91,52.93,52.88,52.92,528017
2016-08-12 13:30:00,52.93,52.935,52.89,52.91,545505
2016-08-12 13:45:00,52.92,52.93,52.88,52.93,568538
2016-08-12 14:00:00,52.93,52.955,52.92,52.94,590969
2016-08-12 14:15:00,52.94,53.0,52.93,52.98,609397
2016-08-12 14:30:00,52.98,52.99,52.95,52.965,629369
2016-08-12 14:45:00,52.97,52.97,52.89,52.92,654507
2016-08-12 15:00:00,52.93,52.97,52.92,52.965,675309
2016-08-12 15:15:00,52.96,52.98,52.95,52.98,698824
2016-08-12 15:30:00,52.9799,52.98,52.96,52.97,725451
2016-08-12 15:45:00,52.97,52.99,52.95,52.975,785679
2016-08-12 16:00:00,52.98,52.99,52.93,52.935,919124
2016-08-15 09:45:00,52.96,53.0,52.935,52.96,30933
2016-08-15 10:00:00,52.96,52.98,52.91,52.945,46309
2016-08-15 10:15:00,52.94,53.0,52.92,52.945,76544
2016-08-15 10:30:00,52.94,52.97,52.87,52.94,114134
2016-08-15 10:45:00,52.95,52.98,52.92,52.95,129543
2016-08-15 11:00:00,52.94,52.95,52.87,52.905,155723
2016-08-15 11:15:00,52.9,52.92,52.83,52.87,180230
2016-08-15 11:30:00,52.875,52.93,52.87,52.93,199289
2016-08-15 11:45:00,52.93,52.995,52.91,52.93,225020
2016-08-15 12:00:00,52.94,52.94,52.89,52.92,238675
2016-08-15 12:15:00,52.92,52.93,52.9,52.9063,250785
2016-08-15 12:30:00,52.905,52.94,52.9,52.94,261171
2016-08-15 12:45:00,52.94,52.95,52.9,52.91,272133
2016-08-15 13:00:00,52.9,52.93,52.89,52.93,290709
2016-08-15 13:15:00,52.93,52.94,52.88,52.9,322650
2016-08-15 13:30:00,52.9,52.96,52.89,52.96,360399
2016-08-15 13:45:00,52.96,52.98,52.93,52.935,379265
2016-08-15 14:00:00,52.935,52.97,52.935,52.945,401588
2016-08-15 14:15:00,52.95,52.97,52.94,52.96,426399
2016-08-15 14:30:00,52.955,52.965,52.945,52.96,447609
2016-08-15 14:45:00,52.96,52.96,52.93,52.945,459828
2016-08-15 15:00:00,52.945,52.97,52.935,52.96,484288
2016-08-15 15:15:00,52.965,52.97,52.88,52.88,507136
2016-08-15 15:30:00,52.885,52.94,52.885,52.93,535792
2016-08-15 15:45:00,52.92,52.95,52.9,52.935,582831
2016-08-15 16:00:00,52.94,52.96,52.91,52.92,777907
2016-08-16 09:45:00,52.95,52.95,52.69,52.78,37334
2016-08-16 10:00:00,52.74,52.75,52.685,52.75,57866
2016-08-16 10:15:00,52.73,52.84,52.73,52.79,77063
2016-08-16 10:30:00,52.78,52.785,52.67,52.68,94120
2016-08-16 10:45:00,52.68,52.755,52.67,52.71,119397
2016-08-16 11:00:00,52.72,52.765,52.71,52.75,151396
2016-08-16 11:15:00,52.74,52.81,52.74,52.8,178641
2016-08-16 11:30:00,52.81,52.83,52.745,52.75,205351
2016-08-16 11:45:00,52.76,52.77,52.71,52.76,229596
2016-08-16 12:00:00,52.76,52.805,52.745,52.76,249265
2016-08-16 12:15:00,52.76,52.86,52.75,52.85,286746
2016-08-16 12:30:00,52.85,52.87,52.84,52.85,302175
2016-08-16 12:45:00,52.85,52.93,52.85,52.92,333610
2016-08-16 13:00:00,52.91,52.92,52.89,52.9,344559
2016-08-16 13:15:00,52.9,52.91,52.88,52.89,362069
2016-08-16 13:30:00,52.89,52.92,52.88,52.89,393471
2016-08-16 13:45:00,52.885,52.91,52.87,52.89,418581
2016-08-16 14:00:00,52.89,52.91,52.88,52.9,434530
2016-08-16 14:15:00,52.9,52.94,52.8899,52.94,477893
2016-08-16 14:30:00,52.938,52.94,52.89,52.91,508312
2016-08-16 14:45:00,52.91,52.92,52.88,52.9,537745
2016-08-16 15:00:00,52.9,52.91,52.83,52.905,567860
2016-08-16 15:15:00,52.91,52.93,52.89,52.91,598916
2016-08-16 15:30:00,52.91,52.92,52.89,52.89,641324
2016-08-16 15:45:00,52.895,52.9,52.8,52.805,709328
2016-08-16 16:00:00,52.8,52.81,52.76,52.77,833247
2016-08-17 09:45:00,52.86,52.94,52.71,52.78,18953
2016-08-17 10:00:00,52.78,52.79,52.72,52.76,33565
2016-08-17 10:15:00,52.76,52.83,52.75,52.83,60957
2016-08-17 10:30:00,52.84,52.845,52.81,52.825,78813
2016-08-17 10:45:00,52.83,52.9,52.75,52.7501,103304
2016-08-17 11:00:00,52.755,52.82,52.755,52.8,130405
2016-08-17 11:15:00,52.81,52.85,52.71,52.73,178639
2016-08-17 11:30:00,52.72,52.79,52.68,52.75,255228
2016-08-17 11:45:00,52.75,52.87,52.73,52.835,535924
2016-08-17 12:00:00,52.83,52.87,52.82,52.85,747652
2016-08-17 12:15:00,52.86,52.96,52.85,52.91,793035
2016-08-17 12:30:00,52.915,52.98,52.91,52.94,824335
2016-08-17 12:45:00,52.935,53.03,52.935,53.015,891372
2016-08-17 13:00:00,53.02,53.15,53.0,53.06,939604
2016-08-17 13:15:00,53.07,53.07,52.91,52.92,995558
2016-08-17 13:30:00,52.9101,52.9101,52.83,52.84,1060050
2016-08-17 13:45:00,52.84,52.96,52.835,52.91,1081001
2016-08-17 14:00:00,52.905,52.91,52.85,52.87,1152764
2016-08-17 14:15:00,52.87,52.96,52.71,52.9,1252212
2016-08-17 14:30:00,52.91,53.0,52.85,52.92,1349741
2016-08-17 14:45:00,52.91,52.98,52.87,52.895,1441059
2016-08-17 15:00:00,52.9,53.03,52.9,52.98,1629947
2016-08-17 15:15:00,52.98,52.98,52.9,52.93,1655369
2016-08-17 15:30:00,52.93,53.04,52.91,53.025,1695523
2016-08-17 15:45:00,53.03,53.04,52.99,53.02,1742060
2016-08-17 16:00:00,53.03,53.06,52.99,53.03,2104908
2016-08-18 09:45:00,53.03,53.11,52.98,53.06,21464
2016-08-18 10:00:00,53.06,53.06,52.92,53.01,42723
2016-08-18 10:15:00,53.01,53.01,52.88,52.9,66720
2016-08-18 10:30:00,52.89,52.97,52.875,52.95,91971
2016-08-18 10:45:00,52.95,53.019,52.945,53.005,118969
2016-08-18 11:00:00,53.0,53.06,52.97,53.04,142894
2016-08-18 11:15:00,53.04,53.04,52.95,52.96,167904
2016-08-18 11:30:00,52.97,53.03,52.94,53.01,195763
2016-08-18 11:45:00,53.01,53.03,52.95,53.025,277739
2016-08-18 12:00:00,53.0289,53.1,53.0,53.06,330285
2016-08-18 12:15:00,53.06,53.115,53.05,53.1,358718
2016-08-18 12:30:00,53.105,53.13,53.05,53.1099,386658
2016-08-18 12:45:00,53.1,53.12,53.05,53.115,408291
2016-08-18 13:00:00,53.12,53.155,53.0732,53.08,423799
2016-08-18 13:15:00,53.08,53.12,53.07,53.1,442504
2016-08-18 13:30:00,53.0999,53.13,53.085,53.1,457817
2016-08-18 13:45:00,53.09,53.18,53.09,53.18,478542
2016-08-18 14:00:00,53.17,53.19,53.139,53.14,497643
2016-08-18 14:15:00,53.13,53.14,53.06,53.07,511347
2016-08-18 14:30:00,53.07,53.16,53.07,53.11,538978
2016-08-18 14:45:00,53.11,53.13,53.07,53.08,562984
2016-08-18 15:00:00,53.07,53.14,53.06,53.14,597670
2016-08-18 15:15:00,53.13,53.145,53.09,53.12,633236
2016-08-18 15:30:00,53.12,53.12,53.09,53.12,667852
2016-08-18 15:45:00,53.11,53.12,53.075,53.12,747505
2016-08-18 16:00:00,53.11,53.16,53.1,53.15,890590
2016-08-19 09:45:00,52.95,53.04,52.84,52.93,104088
2016-08-19 10:00:00,52.93,52.93,52.75,52.78,128111
2016-08-19 10:15:00,52.76,52.83,52.75,52.77,159556
2016-08-19 10:30:00,52.77,52.84,52.77,52.84,195418
2016-08-19 10:45:00,52.85,52.92,52.82,52.9,222068
2016-08-19 11:00:00,52.91,52.98,52.91,52.95,259097
2016-08-19 11:15:00,52.95,52.99,52.925,52.98,290643
2016-08-19 11:30:00,52.99,52.99,52.92,52.95,324438
2016-08-19 11:45:00,52.95,53.03,52.95,53.0,364415
2016-08-19 12:00:00,53.0,53.09,52.995,53.06,388243
2016-08-19 12:15:00,53.05,53.12,53.045,53.11,403687
2016-08-19 12:30:00,53.11,53.11,53.03,53.09,424687
2016-08-19 12:45:00,53.1,53.1,53.02,53.04,441149
2016-08-19 13:00:00,53.04,53.04,52.99,53.02,462108
2016-08-19 13:15:00,53.01,53.05,53.0,53.04,479546
2016-08-19 13:30:00,53.03,53.06,53.0001,53.06,497845
2016-08-19 13:45:00,53.06,53.06,53.0,53.03,519976
2016-08-19 14:00:00,53.025,53.09,53.025,53.09,539439
2016-08-19 14:15:00,53.09,53.13,53.089,53.13,566143
2016-08-19 14:30:00,53.13,53.13,53.08,53.12,589276
2016-08-19 14:45:00,53.12,53.14,53.11,53.14,610575
2016-08-19 15:00:00,53.14,53.16,53.1,53.11,642788
2016-08-19 15:15:00,53.11,53.12,53.08,53.105,669767
2016-08-19 15:30:00,53.105,53.16,53.095,53.16,693008
2016-08-19 15:45:00,53.155,53.16,53.11,53.14,752759
2016-08-19 16:00:00,53.14,53.17,53.14,53.16,938017
2016-08-22 09:45:00,53.04,53.191,52.92,53.01,24552
2016-08-22 10:00:00,53.0,53.16,52.98,53.14,58284
2016-08-22 10:15:00,53.13,53.19,53.09,53.15,95096
2016-08-22 10:30:00,53.16,53.28,53.14,53.24,121176
2016-08-22 10:45:00,53.23,53.27,53.16,53.21,171133
2016-08-22 11:00:00,53.21,53.35,53.18,53.25,229479
2016-08-22 11:15:00,53.23,53.34,53.23,53.31,282742
2016-08-22 11:30:00,53.31,53.32,53.23,53.23,323144
2016-08-22 11:45:00,53.22,53.26,53.22,53.26,341824
2016-08-22 12:00:00,53.25,53.31,53.25,53.26,359704
2016-08-22 12:15:00,53.26,53.27,53.21,53.245,379438
2016-08-22 12:30:00,53.245,53.38,53.24,53.355,398956
2016-08-22 12:45:00,53.35,53.38,53.33,53.33,414748
2016-08-22 13:00:00,53.32,53.38,53.3,53.365,450032
2016-08-22 13:15:00,53.36,53.43,53.34,53.415,483686
2016-08-22 13:30:00,53.415,53.48,53.36,53.465,766109
2016-08-22 13:45:00,53.46,53.485,53.33,53.39,817840
2016-08-22 14:00:00,53.4,53.47,53.4,53.42,842748
2016-08-22 14:15:00,53.42,53.49,53.415,53.485,871469
2016-08-22 14:30:00,53.485,53.49,53.38,53.39,902673
2016-08-22 14:45:00,53.38,53.43,53.38,53.43,922615
2016-08-22 15:00:00,53.42,53.43,53.35,53.39,967012
2016-08-22 15:15:00,53.39,53.44,53.39,53.44,987806
2016-08-22 15:30:00,53.43,53.45,53.4,53.42,1037685
2016-08-22 15:45:00,53.425,53.5,53.42,53.49,1156207
2016-08-22 16:00:00,53.49,53.4925,53.44,53.48,1316729
2016-08-23 09:45:00,53.21,53.35,53.21,53.26,36246
2016-08-23 10:00:00,53.26,53.3,53.235,53.285,101550
2016-08-23 10:15:00,53.28,53.32,53.15,53.15,329153
2016-08-23 10:30:00,53.17,53.26,53.11,53.16,420845
2016-08-23 10:45:00,53.1533,53.26,53.14,53.24,531342
2016-08-23 11:00:00,53.25,53.255,53.195,53.205,572106
2016-08-23 11:15:00,53.2,53.225,53.18,53.2,621742
2016-08-23 11:30:00,53.2,53.215,53.13,53.18,660130
2016-08-23 11:45:00,53.18,53.28,53.17,53.245,716661
2016-08-23 12:00:00,53.24,53.245,53.0775,53.1,796998
2016-08-23 12:15:00,53.1,53.14,53.055,53.07,866302
2016-08-23 12:30:00,53.07,53.08,52.99,53.0,1032077
2016-08-23 12:45:00,52.99,53.0,52.98,52.99,1094719
2016-08-23 13:00:00,52.98,53.01,52.96,53.0,1144413
2016-08-23 13:15:00,53.0,53.01,52.985,53.01,1185524
2016-08-23 13:30:00,53.01,53.03,53.0001,53.025,1231845
2016-08-23 13:45:00,53.025,53.025,52.98,52.98,1254824
2016-08-23 14:00:00,52.98,53.03,52.97,53.0,1302466
2016-08-23 14:15:00,52.99,53.0,52.96,52.99,1331807
2016-08-23 14:30:00,52.99,53.0,52.97,52.995,1359004
2016-08-23 14:45:00,52.995,52.995,52.94,52.94,1399409
2016-08-23 15:00:00,52.935,52.99,52.93,52.98,1435088
2016-08-23 15:15:00,52.98,52.995,52.97,52.9837,1474200
2016-08-23 15:30:00,52.99,52.99,52.94,52.95,1523877
2016-08-23 15:45:00,52.95,52.96,52.93,52.945,1578398
2016-08-23 16:00:00,52.94,52.945,52.88,52.9,1791784
2016-08-24 09:45:00,52.92,52.97,52.8,52.9,21038
2016-08-24 10:00:00,52.88,52.89,52.76,52.875,41681
2016-08-24 10:15:00,52.86,52.89,52.79,52.79,80692
2016-08-24 10:30:00,52.79,52.81,52.755,52.79,99136
2016-08-24 10:45:00,52.77,52.8175,52.76,52.79,117739
2016-08-24 11:00:00,52.78,52.79,52.73,52.77,152298
2016-08-24 11:15:00,52.765,52.765,52.72,52.75,219918
2016-08-24 11:30:00,52.74,52.75,52.66,52.7,249309
2016-08-24 11:45:00,52.6901,52.71,52.67,52.67,262588
2016-08-24 12:00:00,52.68,52.69,52.55,52.55,311954
2016-08-24 12:15:00,52.55,52.605,52.54,52.59,348110
2016-08-24 12:30:00,52.59,52.6,52.535,52.54,369511
2016-08-24 12:45:00,52.545,52.58,52.54,52.575,386026
2016-08-24 13:00:00,52.575,52.59,52.52,52.53,452024
2016-08-24 13:15:00,52.53,52.55,52.525,52.54,462714
2016-08-24 13:30:00,52.54,52.55,52.52,52.54,480831
2016-08-24 13:45:00,52.55,52.555,52.52,52.54,499190
2016-08-24 14:00:00,52.54,52.56,52.49,52.5,537641
2016-08-24 14:15:00,52.495,52.56,52.485,52.53,596539
2016-08-24 14:30:00,52.54,52.56,52.49,52.545,618949
2016-08-24 14:45:00,52.54,52.545,52.495,52.51,652776
2016-08-24 15:00:00,52.5,52.51,52.41,52.44,737437
2016-08-24 15:15:00,52.44,52.45,52.38,52.38,839939
2016-08-24 15:30:00,52.38,52.45,52.375,52.45,951897
2016-08-24 15:45:00,52.45,52.51,52.4,52.45,1069428
2016-08-24 16:00:00,52.44,52.49,52.41,52.485,1308978
2016-08-25 09:45:00,52.52,52.74,52.5,52.7299,26107
2016-08-25 10:00:00,52.7,53.0,52.7,52.91,171139
2016-08-25 10:15:00,52.92,52.98,52.87,52.92,335547
2016-08-25 10:30:00,52.93,52.935,52.87,52.9,382588
2016-08-25 10:45:00,52.89,52.91,52.74,52.8236,436697
2016-08-25 11:00:00,52.84,52.85,52.74,52.77,469399
2016-08-25 11:15:00,52.77,52.82,52.76,52.78,580219
2016-08-25 11:30:00,52.78,52.81,52.75,52.775,636206
2016-08-25 11:45:00,52.775,52.8,52.66,52.66,692031
2016-08-25 12:00:00,52.67,52.7,52.63,52.64,736202
2016-08-25 12:15:00,52.64,52.655,52.6,52.605,767337
2016-08-25 12:30:00,52.61,52.71,52.61,52.66,788815
2016-08-25 12:45:00,52.665,52.71,52.665,52.7,829703
2016-08-25 13:00:00,52.7,52.7025,52.64,52.65,862523
2016-08-25 13:15:00,52.65,52.65,52.61,52.615,877583
2016-08-25 13:30:00,52.61,52.69,52.57,52.63,1240717
2016-08-25 13:45:00,52.64,52.67,52.48,52.57,1300451
2016-08-25 14:00:00,52.57,52.59,52.49,52.54,1350383
2016-08-25 14:15:00,52.54,52.56,52.0,52.54,1471106
2016-08-25 14:30:00,52.56,52.59,52.51,52.55,1503077
2016-08-25 14:45:00,52.545,52.55,52.51,52.55,1541654
2016-08-25 15:00:00,52.55,52.58,52.53,52.54,1574028
2016-08-25 15:15:00,52.55,52.59,52.51,52.56,1625784
2016-08-25 15:30:00,52.57,52.66,52.55,52.595,1714285
2016-08-25 15:45:00,52.59,52.655,52.56,52.58,1817924
2016-08-25 16:00:00,52.57,52.6,52.54,52.6,2062741
2016-08-26 09:45:00,52.76,53.06,52.76,53.05,54946
2016-08-26 10:00:00,53.035,53.08,52.94,53.06,107709
2016-08-26 10:15:00,53.06,53.08,52.75,52.9,236960
2016-08-26 10:30:00,52.94,53.1,52.935,53.045,302842
2016-08-26 10:45:00,53.05,53.07,52.9295,52.9295,321459
2016-08-26 11:00:00,52.94,52.94,52.83,52.85,348673
2016-08-26 11:15:00,52.85,53.01,52.85,53.01,380272
2016-08-26 11:30:00,53.02,53.03,52.95,52.99,408474
2016-08-26 11:45:00,52.99,52.99,52.795,52.84,438466
2016-08-26 12:00:00,52.85,52.93,52.67,52.69,566839
2016-08-26 12:15:00,52.68,52.69,52.47,52.54,613146
2016-08-26 12:30:00,52.53,52.58,52.485,52.57,647653
2016-08-26 12:45:00,52.5601,52.645,52.55,52.63,673560
2016-08-26 13:00:00,52.625,52.689,52.6,52.61,693912
2016-08-26 13:15:00,52.61,52.66,52.565,52.575,714299
2016-08-26 13:30:00,52.575,52.585,52.48,52.53,729458
2016-08-26 13:45:00,52.53,52.55,52.46,52.535,752561
2016-08-26 14:00:00,52.535,52.58,52.53,52.57,806947
2016-08-26 14:15:00,52.56,52.59,52.53,52.53,838216
2016-08-26 14:30:00,52.53,52.535,52.34,52.36,903013
2016-08-26 14:45:00,52.37,52.39,52.335,52.38,927976
2016-08-26 15:00:00,52.36,52.46,52.3099,52.455,968057
2016-08-26 15:15:00,52.45,52.46,52.4,52.41,998586
2016-08-26 15:30:00,52.42,52.475,52.35,52.45,1047317
2016-08-26 15:45:00,52.455,52.53,52.455,52.48,1102200
2016-08-26 16:00:00,52.47,52.54,52.46,52.51,1232610
2016-08-29 09:45:00,52.52,52.675,52.3,52.65,10844
2016-08-29 10:00:00,52.65,52.74,52.65,52.72,20852
2016-08-29 10:15:00,52.73,52.8,52.69,52.77,51752
2016-08-29 10:30:00,52.77,52.775,52.73,52.74,73593
2016-08-29 10:45:00,52.73,52.76,52.64,52.64,89278
2016-08-29 11:00:00,52.64,52.71,52.64,52.68,103157
2016-08-29 11:15:00,52.68,52.7301,52.67,52.71,123888
2016-08-29 11:30:00,52.69,52.75,52.635,52.75,170256
2016-08-29 11:45:00,52.75,52.85,52.735,52.84,197956
2016-08-29 12:00:00,52.83,52.86,52.82,52.83,211459
2016-08-29 12:15:00,52.83,52.835,52.755,52.755,233677
2016-08-29 12:30:00,52.75,52.75,52.68,52.7,244775
2016-08-29 12:45:00,52.69,52.705,52.68,52.69,255217
2016-08-29 13:00:00,52.7,52.71,52.68,52.68,273931
2016-08-29 13:15:00,52.69,52.709,52.68,52.69,283704
2016-08-29 13:30:00,52.7,52.7,52.65,52.6869,294758
2016-08-29 13:45:00,52.685,52.72,52.66,52.7,358455
2016-08-29 14:00:00,52.7,52.735,52.7,52.72,374037
2016-08-29 14:15:00,52.72,52.74,52.68,52.68,391481
2016-08-29 14:30:00,52.69,52.72,52.66,52.67,417181
2016-08-29 14:45:00,52.6701,52.7,52.64,52.64,428476
2016-08-29 15:00:00,52.63,52.66,52.62,52.64,443210
2016-08-29 15:15:00,52.63,52.66,52.61,52.6301,484575
2016-08-29 15:30:00,52.64,52.655,52.61,52.6301,515896
2016-08-29 15:45:00,52.64,52.68,52.63,52.64,558806
2016-08-29 16:00:00,52.64,52.71,52.64,52.68,781976
2016-08-30 09:45:00,52.73,52.84,52.68,52.73,23879
2016-08-30 10:00:00,52.76,52.76,52.7,52.725,59570
2016-08-30 10:15:00,52.71,52.72,52.58,52.65,83089
2016-08-30 10:30:00,52.66,52.67,52.57,52.59,110537
2016-08-30 10:45:00,52.59,52.61,52.52,52.6,153329
2016-08-30 11:00:00,52.6,52.615,52.52,52.545,188427
2016-08-30 11:15:00,52.54,52.56,52.51,52.52,217164
2016-08-30 11:30:00,52.52,52.52,52.42,52.45,242197
2016-08-30 11:45:00,52.45,52.51,52.44,52.475,265930
2016-08-30 12:00:00,52.48,52.525,52.48,52.48,291364
2016-08-30 12:15:00,52.5,52.51,52.47,52.5,348532
2016-08-30 12:30:00,52.5,52.56,52.48,52.55,371686
2016-08-30 12:45:00,52.55,52.57,52.52,52.555,402045
2016-08-30 13:00:00,52.5595,52.6,52.555,52.585,411182
2016-08-30 13:15:00,52.585,52.61,52.575,52.6,441027
2016-08-30 13:30:00,52.61,52.615,52.56,52.58,463052
2016-08-30 13:45:00,52.58,52.69,52.54,52.69,575108
2016-08-30 14:00:00,52.68,52.74,52.68,52.731,614478
2016-08-30 14:15:00,52.74,52.74,52.66,52.68,641184
2016-08-30 14:30:00,52.69,52.69,52.6299,52.67,666755
2016-08-30 14:45:00,52.66,52.76,52.65,52.74,817139
2016-08-30 15:00:00,52.74,52.8,52.73,52.8,861840
2016-08-30 15:15:00,52.795,52.93,52.75,52.925,947375
2016-08-30 15:30:00,52.92,52.98,52.9,52.92,1060354
2016-08-30 15:45:00,52.92,53.12,52.92,53.11,1230445
2016-08-30 16:00:00,53.105,53.14,53.04,53.1,1622752
2016-08-31 09:45:00,52.95,53.07,52.64,53.06,58537
2016-08-31 10:00:00,53.06,53.06,52.9,52.9,141278
2016-08-31 10:15:00,52.9,52.94,52.845,52.89,184641
2016-08-31 10:30:00,52.89,52.99,52.855,52.98,231180
2016-08-31 10:45:00,52.98,52.98,52.755,52.8,282173
2016-08-31 11:00:00,52.8,52.815,52.755,52.77,305862
2016-08-31 11:15:00,52.77,52.91,52.765,52.91,344592
2016-08-31 11:30:00,52.91,52.98,52.87,52.89,377589
2016-08-31 11:45:00,52.885,52.93,52.83,52.93,403960
2016-08-31 12:00:00,52.93,53.08,52.925,53.025,576185
2016-08-31 12:15:00,53.005,53.005,52.855,52.855,700659
2016-08-31 12:30:00,52.85,52.9,52.74,52.7475,757042
2016-08-31 12:45:00,52.74,52.84,52.685,52.76,837228
2016-08-31 13:00:00,52.77,52.8,52.75,52.78,881839
2016-08-31 13:15:00,52.78,52.88,52.78,52.87,919599
2016-08-31 13:30:00,52.87,52.93,52.82,52.93,943211
2016-08-31 13:45:00,52.93,52.95,52.89,52.95,969874
2016-08-31 14:00:00,52.95,52.96,52.94,52.955,981808
2016-08-31 14:15:00,52.955,53.08,52.95,53.07,1032074
2016-08-31 14:30:00,53.06,53.2,53.03,53.2,1084199
2016-08-31 14:45:00,53.19,53.23,53.09,53.1,1177378
2016-08-31 15:00:00,53.1,53.11,53.04,53.055,1200164
2016-08-31 15:15:00,53.06,53.21,53.06,53.21,1236011
2016-08-31 15:30:00,53.21,53.25,53.13,53.25,1292140
2016-08-31 15:45:00,53.24,53.26,53.19,53.245,1357324
2016-08-31 16:00:00,53.24,53.3,53.23,53.27,1649005
2016-09-01 09:45:00,53.13,53.48,53.06,53.24,45677
2016-09-01 10:00:00,53.27,53.35,53.16,53.33,96309
2016-09-01 10:15:00,53.3,53.44,53.16,53.38,165957
2016-09-01 10:30:00,53.38,53.39,53.13,53.13,203709
2016-09-01 10:45:00,53.09,53.09,52.92,52.94,223187
2016-09-01 11:00:00,52.94,52.965,52.84,52.86,461852
2016-09-01 11:15:00,52.84,52.85,52.7,52.71,520916
2016-09-01 11:30:00,52.705,52.76,52.64,52.74,590716
2016-09-01 11:45:00,52.73,52.755,52.65,52.68,644161
2016-09-01 12:00:00,52.67,52.68,52.61,52.64,673028
2016-09-01 12:15:00,52.63,52.65,52.61,52.645,699641
2016-09-01 12:30:00,52.66,52.83,52.66,52.825,746667
2016-09-01 12:45:00,52.83,52.89,52.83,52.84,784445
2016-09-01 13:00:00,52.84,52.9,52.83,52.85,982383
2016-09-01 13:15:00,52.86,52.87,52.77,52.77,1093113
2016-09-01 13:30:00,52.78,52.8099,52.75,52.76,1122550
2016-09-01 13:45:00,52.77,52.795,52.74,52.745,1159441
2016-09-01 14:00:00,52.745,52.77,52.71,52.72,1194099
2016-09-01 14:15:00,52.71,52.715,52.6,52.7,1240186
2016-09-01 14:30:00,52.7,52.74,52.69,52.74,1261365
2016-09-01 14:45:00,52.73,52.745,52.67,52.67,1315649
2016-09-01 15:00:00,52.68,52.74,52.675,52.73,1365135
2016-09-01 15:15:00,52.735,52.735,52.61,52.66,1425958
2016-09-01 15:30:00,52.65,52.695,52.64,52.67,1464880
2016-09-01 15:45:00,52.66,52.68,52.59,52.65,1582600
2016-09-01 16:00:00,52.65,52.71,52.64,52.68,1862066
2016-09-02 09:45:00,53.03,53.03,52.88,53.0,172623
2016-09-02 10:00:00,53.01,53.15,52.99,53.0,281036
2016-09-02 10:15:00,52.99,53.0,52.74,52.74,311780
2016-09-02 10:30:00,52.74,52.83,52.64,52.68,336746
2016-09-02 10:45:00,52.7,52.795,52.66,52.745,362528
2016-09-02 11:00:00,52.75,52.75,52.65,52.65,392651
2016-09-02 11:15:00,52.66,52.75,52.66,52.69,416404
2016-09-02 11:30:00,52.69,52.74,52.67,52.7,440413
2016-09-02 11:45:00,52.7,52.72,52.65,52.71,459601
2016-09-02 12:00:00,52.72,52.74,52.67,52.68,475894
2016-09-02 12:15:00,52.68,52.7399,52.67,52.695,499768
2016-09-02 12:30:00,52.7,52.7,52.58,52.61,517148
2016-09-02 12:45:00,52.61,52.66,52.57,52.6,562954
2016-09-02 13:00:00,52.6,52.63,52.54,52.625,599665
2016-09-02 13:15:00,52.64,52.65,52.55,52.57,631806
2016-09-02 13:30:00,52.58,52.595,52.53,52.56,700485
2016-09-02 13:45:00,52.56,52.6,52.56,52.58,721873
2016-09-02 14:00:00,52.58,52.6,52.525,52.535,762950
2016-09-02 14:15:00,52.535,52.62,52.52,52.57,804556
2016-09-02 14:30:00,52.57,52.59,52.51,52.56,893943
2016-09-02 14:45:00,52.55,52.67,52.515,52.66,934096
2016-09-02 15:00:00,52.65,52.71,52.64,52.705,959890
2016-09-02 15:15:00,52.71,52.71,52.65,52.665,988232
2016-09-02 15:30:00,52.67,52.67,52.59,52.62,1068017
2016-09-02 15:45:00,52.61,52.625,52.59,52.6,1165070
2016-09-02 16:00:00,52.6,52.71,52.595,52.68,1436412
2016-09-06 09:45:00,52.83,52.93,52.7,52.79,67431
2016-09-06 10:00:00,52.81,52.9,52.81,52.9,119534
2016-09-06 10:15:00,52.895,52.91,52.74,52.8,169687
2016-09-06 10:30:00,52.8,52.83,52.69,52.74,198128
2016-09-06 10:45:00,52.74,52.85,52.74,52.84,246128
2016-09-06 11:00:00,52.84,52.87,52.82,52.86,282613
2016-09-06 11:15:00,52.85,52.895,52.84,52.895,306234
2016-09-06 11:30:00,52.89,53.0,52.87,52.9399,337808
2016-09-06 11:45:00,52.94,52.96,52.89,52.89,362128
2016-09-06 12:00:00,52.88,52.95,52.87,52.94,397863
2016-09-06 12:15:00,52.95,52.95,52.85,52.92,432911
2016-09-06 12:30:00,52.92,52.92,52.85,52.855,461075
2016-09-06 12:45:00,52.85,52.93,52.83,52.92,492086
2016-09-06 13:00:00,52.93,52.97,52.92,52.95,591152
2016-09-06 13:15:00,52.95,52.95,52.87,52.9,629317
2016-09-06 13:30:00,52.9,52.92,52.89,52.91,669803
2016-09-06 13:45:00,52.91,52.96,52.9,52.94,715077
2016-09-06 14:00:00,52.94,52.98,52.93,52.98,752542
2016-09-06 14:15:00,52.97,52.98,52.89,52.92,788178
2016-09-06 14:30:00,52.92,53.0,52.92,52.97,807001
2016-09-06 14:45:00,52.97,53.0,52.95,52.97,843603
2016-09-06 15:00:00,52.965,52.98,52.95,52.98,894584
2016-09-06 15:15:00,52.98,52.98,52.93,52.95,987969
2016-09-06 15:30:00,52.95,52.97,52.93,52.97,1019104
2016-09-06 15:45:00,52.97,52.98,52.96,52.98,1051738
2016-09-06 16:00:00,52.98,53.06,52.98,53.06,1240884
2016-09-07 09:45:00,52.95,53.1,52.69,53.07,41194
2016-09-07 10:00:00,53.07,53.17,53.0,53.17,67468
2016-09-07 10:15:00,53.17,53.25,53.125,53.235,114811
2016-09-07 10:30:00,53.23,53.238,53.17,53.225,131879
2016-09-07 10:45:00,53.23,53.24,53.19,53.19,149560
2016-09-07 11:00:00,53.19,53.2,53.14,53.185,210311
2016-09-07 11:15:00,53.18,53.18,53.07,53.08,261009
2016-09-07 11:30:00,53.065,53.15,53.065,53.145,340891
2016-09-07 11:45:00,53.14,53.17,53.085,53.17,362697
2016-09-07 12:00:00,53.17,53.25,53.15,53.24,443727
2016-09-07 12:15:00,53.24,53.3,53.22,53.3,479103
2016-09-07 12:30:00,53.3,53.35,53.27,53.35,507252
2016-09-07 12:45:00,53.35,53.385,53.31,53.34,528844
2016-09-07 13:00:00,53.34,53.3465,53.3,53.325,558429
2016-09-07 13:15:00,53.33,53.34,53.3,53.31,584657
2016-09-07 13:30:00,53.31,53.33,53.3,53.33,602556
2016-09-07 13:45:00,53.33,53.38,53.3,53.36,633021
2016-09-07 14:00:00,53.38,53.43,53.36,53.36,662854
2016-09-07 14:15:00,53.36,53.39,53.34,53.355,694806
2016-09-07 14:30:00,53.35,53.35,53.34,53.34,706199
2016-09-07 14:45:00,53.349,53.349,53.295,53.3,774051
2016-09-07 15:00:00,53.3,53.36,53.3,53.36,801784
2016-09-07 15:15:00,53.36,53.38,53.33,53.355,842184
2016-09-07 15:30:00,53.355,53.39,53.32,53.325,901866
2016-09-07 15:45:00,53.325,53.37,53.32,53.365,969950
2016-09-07 16:00:00,53.36,53.39,53.33,53.39,1123679
2016-09-08 09:45:00,52.96,53.13,52.61,52.8,187321
2016-09-08 10:00:00,52.78,52.78,52.2,52.25,372401
2016-09-08 10:15:00,52.24,52.34,52.09,52.29,509470
2016-09-08 10:30:00,52.28,52.46,52.25,52.28,591056
2016-09-08 10:45:00,52.28,52.43,52.25,52.3,672796
2016-09-08 11:00:00,52.3,52.45,52.3,52.4,805182
2016-09-08 11:15:00,52.4,52.52,52.35,52.375,909075
2016-09-08 11:30:00,52.38,52.44,52.35,52.42,984492
2016-09-08 11:45:00,52.42,52.42,52.3,52.3275,1073706
2016-09-08 12:00:00,52.32,52.41,52.31,52.4,1139379
2016-09-08 12:15:00,52.4,52.58,52.4,52.58,1281681
2016-09-08 12:30:00,52.575,52.58,52.4,52.45,1367152
2016-09-08 12:45:00,52.45,52.45,52.39,52.395,1420446
2016-09-08 13:00:00,52.39,52.4,52.3,52.305,1481258
2016-09-08 13:15:00,52.3,52.34,52.25,52.34,1578328
2016-09-08 13:30:00,52.34,52.38,52.25,52.375,1705713
2016-09-08 13:45:00,52.375,52.4,52.32,52.375,1787390
2016-09-08 14:00:00,52.375,52.51,52.37,52.46,1905742
2016-09-08 14:15:00,52.465,52.465,52.39,52.405,1996735
2016-09-08 14:30:00,52.4,52.46,52.37,52.38,2104791
2016-09-08 14:45:00,52.38,52.4,52.3,52.39,2237488
2016-09-08 15:00:00,52.4,52.44,52.36,52.37,2348282
2016-09-08 15:15:00,52.375,52.38,52.3,52.355,2444555
2016-09-08 15:30:00,52.36,52.42,52.32,52.36,2596936
2016-09-08 15:45:00,52.36,52.41,52.35,52.405,2752256
2016-09-08 16:00:00,52.4,52.4,52.3,52.37,3299428
2016-09-09 09:45:00,52.28,52.46,52.08,52.18,236990
2016-09-09 10:00:00,52.2,52.21,52.0,52.11,362669
2016-09-09 10:15:00,52.11,52.15,51.97,52.15,564393
2016-09-09 10:30:00,52.15,52.38,52.11,52.375,637806
2016-09-09 10:45:00,52.37,52.47,52.27,52.38,768957
2016-09-09 11:00:00,52.37,52.47,52.35,52.47,857112
2016-09-09 11:15:00,52.47,52.515,52.39,52.41,932969
2016-09-09 11:30:00,52.4,52.51,52.36,52.49,988957
2016-09-09 11:45:00,52.49,52.49,52.345,52.37,1050600
2016-09-09 12:00:00,52.37,52.44,52.34,52.42,1113082
2016-09-09 12:15:00,52.42,52.445,52.32,52.397,1171514
2016-09-09 12:30:00,52.385,52.4699,52.35,52.45,1234145
2016-09-09 12:45:00,52.4525,52.455,52.31,52.33,1288794
2016-09-09 13:00:00,52.34,52.39,52.31,52.38,1345991
2016-09-09 13:15:00,52.38,52.38,52.255,52.255,1417897
2016-09-09 13:30:00,52.26,52.32,52.19,52.32,1491996
2016-09-09 13:45:00,52.319,52.32,52.13,52.13,1544034
2016-09-09 14:00:00,52.13,52.21,52.129,52.19,1600625
2016-09-09 14:15:00,52.19,52.19,52.0,52.08,1765780
2016-09-09 14:30:00,52.0825,52.16,52.08,52.16,1839673
2016-09-09 14:45:00,52.16,52.1703,52.08,52.11,1915896
2016-09-09 15:00:00,52.11,52.125,52.0,52.1,1999455
2016-09-09 15:15:00,52.1,52.1,51.98,52.06,2146928
2016-09-09 15:30:00,52.06,52.12,52.04,52.11,2256272
2016-09-09 15:45:00,52.115,52.115,52.01,52.05,2465336
2016-09-09 16:00:00,52.06,52.085,51.97,51.99,3016146
2016-09-12 09:45:00,51.9,52.44,51.83,52.08,152328
2016-09-12 10:00:00,52.04,52.18,51.89,52.12,234374
2016-09-12 10:15:00,52.12,52.26,52.045,52.185,350183
2016-09-12 10:30:00,52.19,52.28,52.1301,52.18,425732
2016-09-12 10:45:00,52.18,52.19,51.96,51.97,517643
2016-09-12 11:00:00,51.98,52.11,51.98,52.0399,586584
2016-09-12 11:15:00,52.04,52.14,52.02,52.04,650447
2016-09-12 11:30:00,52.03,52.12,52.01,52.05,725476
2016-09-12 11:45:00,52.05,52.185,52.01,52.15,785848
2016-09-12 12:00:00,52.145,52.29,52.145,52.23,859582
2016-09-12 12:15:00,52.24,52.26,52.16,52.19,942458
2016-09-12 12:30:00,52.19,52.22,52.1478,52.22,1026554
2016-09-12 12:45:00,52.22,52.32,52.19,52.25,1095967
2016-09-12 13:00:00,52.26,52.41,52.26,52.395,1168414
2016-09-12 13:15:00,52.4,52.45,52.34,52.4,1212719
2016-09-12 13:30:00,52.4,52.51,52.175,52.18,1384114
2016-09-12 13:45:00,52.19,52.31,52.13,52.27,1437803
2016-09-12 14:00:00,52.27,52.52,52.27,52.48,1504644
2016-09-12 14:15:00,52.48,52.61,52.48,52.61,1578903
2016-09-12 14:30:00,52.61,52.67,52.56,52.595,1665891
2016-09-12 14:45:00,52.6,52.75,52.585,52.74,1739683
2016-09-12 15:00:00,52.74,52.75,52.61,52.61,1790077
2016-09-12 15:15:00,52.62,52.73,52.62,52.73,1866859
2016-09-12 15:30:00,52.73,52.82,52.67,52.72,1992097
2016-09-12 15:45:00,52.715,52.79,52.66,52.76,2128957
2016-09-12 16:00:00,52.77,52.78,52.63,52.71,2415243
2016-09-13 09:45:00,52.33,52.49,52.22,52.33,49680
2016-09-13 10:00:00,52.32,52.38,52.3,52.3,114186
2016-09-13 10:15:00,52.3,52.39,52.23,52.3,163142
2016-09-13 10:30:00,52.3,52.3,52.01,52.13,236633
2016-09-13 10:45:00,52.13,52.2399,52.1,52.11,268634
2016-09-13 11:00:00,52.125,52.2,51.93,51.97,304148
2016-09-13 11:15:00,51.97,52.0,51.89,51.99,345606
2016-09-13 11:30:00,52.01,52.08,51.94,52.02,378161
2016-09-13 11:45:00,52.01,52.09,51.94,52.09,421158
2016-09-13 12:00:00,52.08,52.08,52.0,52.07,463990
2016-09-13 12:15:00,52.08,52.71,52.015,52.17,513940
2016-09-13 12:30:00,52.175,52.175,51.96,51.96,548115
2016-09-13 12:45:00,51.95,51.975,51.91,51.95,582557
2016-09-13 13:00:00,51.955,51.96,51.8,51.84,619678
2016-09-13 13:15:00,51.84,51.97,51.775,51.96,669702
2016-09-13 13:30:00,51.97,52.22,51.97,52.2,805295
2016-09-13 13:45:00,52.2,52.28,52.052,52.052,899418
2016-09-13 14:00:00,52.06,52.085,51.93,52.02,956201
2016-09-13 14:15:00,52.0,52.08,51.94,52.07,1017342
2016-09-13 14:30:00,52.07,52.07,51.99,52.0,1098929
2016-09-13 14:45:00,52.0,52.07,51.98,52.06,1177519
2016-09-13 15:00:00,52.06,52.08,51.985,51.985,1248875
2016-09-13 15:15:00,51.985,52.0,51.92,51.93,1351164
2016-09-13 15:30:00,51.94,52.09,51.935,52.05,1446642
2016-09-13 15:45:00,52.05,52.09,51.91,51.94,1564099
2016-09-13 16:00:00,51.94,52.09,51.87,51.92,1926206
2016-09-14 09:45:00,51.9,51.99,51.82,51.92,45394
2016-09-14 10:00:00,51.89,51.91,51.76,51.9,81475
2016-09-14 10:15:00,51.89,51.99,51.87,51.97,104772
2016-09-14 10:30:00,51.96,52.02,51.875,51.95,139866
2016-09-14 10:45:00,51.96,52.05,51.85,51.85,172843
2016-09-14 11:00:00,51.85,51.865,51.69,51.7,229236
2016-09-14 11:15:00,51.7,51.82,51.69,51.79,287988
2016-09-14 11:30:00,51.8,51.86,51.76,51.79,323164
2016-09-14 11:45:00,51.77,51.87,51.76,51.82,367728
2016-09-14 12:00:00,51.81,51.93,51.78,51.93,412767
2016-09-14 12:15:00,51.94,52.04,51.91,51.98,453708
2016-09-14 12:30:00,51.97,52.01,51.94,51.99,486044
2016-09-14 12:45:00,51.99,52.04,51.92,51.92,521038
2016-09-14 13:00:00,51.915,51.95,51.87,51.93,549949
2016-09-14 13:15:00,51.92,51.95,51.86,51.88,578198
2016-09-14 13:30:00,51.88,51.96,51.82,51.95,643783
2016-09-14 13:45:00,51.94,52.03,51.94,52.015,690365
2016-09-14 14:00:00,52.01,52.03,51.88,51.89,732234
2016-09-14 14:15:00,51.88,51.8999,51.745,51.78,786089
2016-09-14 14:30:00,51.78,51.88,51.77,51.8,851167
2016-09-14 14:45:00,51.8,51.905,51.76,51.9,907930
2016-09-14 15:00:00,51.9,51.96,51.87,51.9,962740
2016-09-14 15:15:00,51.89,51.89,51.8,51.86,1038374
2016-09-14 15:30:00,51.86,51.87,51.7,51.71,1143065
2016-09-14 15:45:00,51.71,51.85,51.71,51.82,1243455
2016-09-14 16:00:00,51.82,51.89,51.78,51.865,1460960
2016-09-15 09:45:00,51.68,51.78,51.43,51.54,55688
2016-09-15 10:00:00,51.54,51.62,51.425,51.45,103286
2016-09-15 10:15:00,51.45,51.74,51.38,51.68,171654
2016-09-15 10:30:00,51.68,51.8397,51.68,51.77,218629
2016-09-15 10:45:00,51.775,51.85,51.71,51.73,277783
2016-09-15 11:00:00,51.72,51.92,51.72,51.8924,345886
2016-09-15 11:15:00,51.89,51.895,51.75,51.875,457822
2016-09-15 11:30:00,51.87,52.0201,51.87,51.98,517614
2016-09-15 11:45:00,51.99,52.03,51.94,51.96,579566
2016-09-15 12:00:00,51.96,52.1,51.95,52.1,641387
2016-09-15 12:15:00,52.11,52.14,52.09,52.14,699593
2016-09-15 12:30:00,52.15,52.24,52.12,52.24,802952
2016-09-15 12:45:00,52.25,52.25,52.19,52.22,893864
2016-09-15 13:00:00,52.21,52.22,52.16,52.16,935556
2016-09-15 13:15:00,52.17,52.265,52.17,52.22,986701
2016-09-15 13:30:00,52.22,52.28,52.18,52.22,1038813
2016-09-15 13:45:00,52.215,52.35,52.18,52.34,1092714
2016-09-15 14:00:00,52.32,52.43,52.32,52.42,1131753
2016-09-15 14:15:00,52.43,52.43,52.345,52.36,1195828
2016-09-15 14:30:00,52.37,52.52,52.37,52.43,1255449
2016-09-15 14:45:00,52.435,52.46,52.38,52.39,1298787
2016-09-15 15:00:00,52.39,52.43,52.355,52.42,1340304
2016-09-15 15:15:00,52.42,52.56,52.42,52.54,1447303
2016-09-15 15:30:00,52.54,52.6,52.52,52.59,1575843
2016-09-15 15:45:00,52.58,52.71,52.56,52.695,1961144
2016-09-15 16:00:00,52.7,52.7025,52.51,52.52,2173290
2016-09-16 09:45:00,52.22,52.3,52.0,52.2501,324144
2016-09-16 10:00:00,52.25,52.35,52.11,52.35,366951
2016-09-16 10:15:00,52.3101,52.35,52.11,52.16,421848
2016-09-16 10:30:00,52.12,52.2,52.1,52.14,457430
2016-09-16 10:45:00,52.13,52.18,52.03,52.17,526108
2016-09-16 11:00:00,52.17,52.305,52.17,52.27,565673
2016-09-16 11:15:00,52.27,52.27,52.11,52.14,619471
2016-09-16 11:30:00,52.1448,52.215,52.07,52.16,654665
2016-09-16 11:45:00,52.16,52.24,52.125,52.215,710710
2016-09-16 12:00:00,52.22,52.265,52.15,52.21,757420
2016-09-16 12:15:00,52.21,52.31,52.18,52.26,789887
2016-09-16 12:30:00,52.26,52.295,52.23,52.265,828113
2016-09-16 12:45:00,52.27,52.29,52.17,52.17,847479
2016-09-16 13:00:00,52.18,52.205,52.11,52.11,894531
2016-09-16 13:15:00,52.11,52.17,52.07,52.07,931066
2016-09-16 13:30:00,52.07,52.1,52.0201,52.0201,959856
2016-09-16 13:45:00,52.02,52.04,51.93,51.935,990120
2016-09-16 14:00:00,51.93,52.05,51.9,52.04,1072642
2016-09-16 14:15:00,52.03,52.06,51.99,52.0,1131547
2016-09-16 14:30:00,52.01,52.04,51.94,51.94,1259646
2016-09-16 14:45:00,51.95,52.01,51.93,52.01,1365600
2016-09-16 15:00:00,52.01,52.01,51.87,51.87,1437955
2016-09-16 15:15:00,51.86,52.0,51.86,51.895,1577911
2016-09-16 15:30:00,51.89,52.03,51.89,51.97,1684177
2016-09-16 15:45:00,51.975,52.09,51.975,52.08,1824649
2016-09-16 16:00:00,52.08,52.32,52.01,52.16,2664791
2016-09-19 09:45:00,52.42,52.55,52.0701,52.39,47741
2016-09-19 10:00:00,52.39,52.69,52.38,52.68,91189
2016-09-19 10:15:00,52.66,52.74,52.57,52.57,129459
2016-09-19 10:30:00,52.58,52.755,52.54,52.555,175370
2016-09-19 10:45:00,52.56,52.61,52.49,52.53,204722
2016-09-19 11:00:00,52.53,52.62,52.47,52.48,243310
2016-09-19 11:15:00,52.49,52.6,52.46,52.55,273653
2016-09-19 11:30:00,52.56,52.63,52.53,52.62,308467
2016-09-19 11:45:00,52.62,52.62,52.52,52.54,339281
2016-09-19 12:00:00,52.535,52.56,52.48,52.49,385820
2016-09-19 12:15:00,52.5,52.5,52.33,52.34,426379
2016-09-19 12:30:00,52.35,52.37,52.28,52.35,460795
2016-09-19 12:45:00,52.35,52.43,52.345,52.3961,484181
2016-09-19 13:00:00,52.4,52.44,52.33,52.3613,508961
2016-09-19 13:15:00,52.35,52.37,52.32,52.34,529980
2016-09-19 13:30:00,52.35,52.375,52.3,52.32,555504
2016-09-19 13:45:00,52.32,52.32,52.11,52.12,615192
2016-09-19 14:00:00,52.11,52.24,52.09,52.23,649881
2016-09-19 14:15:00,52.23,52.34,52.22,52.34,695520
2016-09-19 14:30:00,52.34,52.375,52.33,52.375,743122
2016-09-19 14:45:00,52.37,52.385,52.34,52.36,776665
2016-09-19 15:00:00,52.37,52.49,52.37,52.49,819530
2016-09-19 15:15:00,52.48,52.495,52.4,52.4,859768
2016-09-19 15:30:00,52.4,52.46,52.33,52.385,945522
2016-09-19 15:45:00,52.38,52.425,52.33,52.41,1041334
2016-09-19 16:00:00,52.41,52.43,52.32,52.33,1256833
2016-09-20 09:45:00,52.65,52.96,52.625,52.76,69945
2016-09-20 10:00:00,52.7775,52.7775,52.67,52.73,98168
2016-09-20 10:15:00,52.73,52.81,52.69,52.74,132794
2016-09-20 10:30:00,52.75,52.79,52.72,52.76,157122
2016-09-20 10:45:00,52.74,52.76,52.59,52.59,189097
2016-09-20 11:00:00,52.59,52.66,52.59,52.59,218910
2016-09-20 11:15:00,52.6,52.72,52.58,52.71,257239
2016-09-20 11:30:00,52.7,52.71,52.58,52.59,342215
2016-09-20 11:45:00,52.6,52.63,52.5,52.55,426654
2016-09-20 12:00:00,52.55,52.57,52.5,52.52,448420
2016-09-20 12:15:00,52.53,52.53,52.477,52.49,480658
2016-09-20 12:30:00,52.49,52.6,52.49,52.6,491970
2016-09-20 12:45:00,52.59,52.59,52.49,52.54,509201
2016-09-20 13:00:00,52.53,52.56,52.47,52.5,534029
2016-09-20 13:15:00,52.5,52.54,52.49,52.5,549934
2016-09-20 13:30:00,52.51,52.53,52.48,52.52,562770
2016-09-20 13:45:00,52.52,52.57,52.5,52.5655,578166
2016-09-20 14:00:00,52.56,52.575,52.53,52.575,601475
2016-09-20 14:15:00,52.58,52.61,52.55,52.57,620583
2016-09-20 14:30:00,52.58,52.595,52.53,52.5562,642799
2016-09-20 14:45:00,52.55,52.6,52.53,52.54,668454
2016-09-20 15:00:00,52.53,52.6,52.505,52.59,725232
2016-09-20 15:15:00,52.59,52.61,52.55,52.61,816645
2016-09-20 15:30:00,52.61,52.61,52.52,52.55,887953
2016-09-20 15:45:00,52.55,52.56,52.49,52.5,982147
2016-09-20 16:00:00,52.5,52.51,52.39,52.4,1262693
2016-09-21 09:45:00,52.66,52.84,52.65,52.7,39342
2016-09-21 10:00:00,52.7,52.78,52.68,52.71,78749
2016-09-21 10:15:00,52.72,52.75,52.61,52.68,102971
2016-09-21 10:30:00,52.67,52.67,52.53,52.54,128829
2016-09-21 10:45:00,52.54,52.55,52.435,52.46,180008
2016-09-21 11:00:00,52.46,52.46,52.33,52.34,232180
2016-09-21 11:15:00,52.35,52.36,52.28,52.325,270482
2016-09-21 11:30:00,52.32,52.3345,52.27,52.3,308068
2016-09-21 11:45:00,52.31,52.32,52.215,52.26,365278
2016-09-21 12:00:00,52.25,52.29,52.22,52.23,403285
2016-09-21 12:15:00,52.23,52.25,52.16,52.17,444203
2016-09-21 12:30:00,52.17,52.17,51.99,52.0,514530
2016-09-21 12:45:00,52.0,52.0,51.9,51.96,573679
2016-09-21 13:00:00,51.97,52.02,51.94,52.0,606111
2016-09-21 13:15:00,52.01,52.02,51.96,51.98,674490
2016-09-21 13:30:00,51.98,51.98,51.85,51.9,736139
2016-09-21 13:45:00,51.89,51.985,51.88,51.91,787847
2016-09-21 14:00:00,51.92,51.99,51.88,51.94,856100
2016-09-21 14:15:00,51.97,52.16,51.82,52.05,960999
2016-09-21 14:30:00,52.055,52.11,51.85,51.88,1019211
2016-09-21 14:45:00,51.87,52.15,51.87,52.13,1094615
2016-09-21 15:00:00,52.13,52.18,52.05,52.16,1269498
2016-09-21 15:15:00,52.16,52.32,52.12,52.32,1322323
2016-09-21 15:30:00,52.32,52.36,52.24,52.24,1393543
2016-09-21 15:45:00,52.25,52.43,52.25,52.42,1455526
2016-09-21 16:00:00,52.43,52.475,52.33,52.34,1718113
2016-09-22 09:45:00,52.61,52.69,52.51,52.51,131234
2016-09-22 10:00:00,52.49,52.7,52.49,52.63,161062
2016-09-22 10:15:00,52.65,52.67,52.485,52.53,348845
2016-09-22 10:30:00,52.53,52.73,52.53,52.66,384209
2016-09-22 10:45:00,52.67,52.77,52.66,52.665,416050
2016-09-22 11:00:00,52.66,52.702,52.66,52.66,453041
2016-09-22 11:15:00,52.66,52.69,52.64,52.67,510170
2016-09-22 11:30:00,52.67,52.68,52.57,52.585,534391
2016-09-22 11:45:00,52.59,52.67,52.585,52.66,604650
2016-09-22 12:00:00,52.67,52.73,52.655,52.725,631569
2016-09-22 12:15:00,52.73,52.795,52.705,52.725,669498
2016-09-22 12:30:00,52.73,52.745,52.69,52.735,695230
2016-09-22 12:45:00,52.735,52.8,52.735,52.77,731307
2016-09-22 13:00:00,52.78,52.86,52.76,52.86,756419
2016-09-22 13:15:00,52.86,52.92,52.8445,52.91,777968
2016-09-22 13:30:00,52.9,52.93,52.88,52.9,800562
2016-09-22 13:45:00,52.9,52.915,52.89,52.8935,819230
2016-09-22 14:00:00,52.89,52.89,52.835,52.86,847663
2016-09-22 14:15:00,52.86,52.91,52.76,52.76,886332
2016-09-22 14:30:00,52.75,52.815,52.74,52.775,908954
2016-09-22 14:45:00,52.77,52.79,52.71,52.71,945127
2016-09-22 15:00:00,52.705,52.83,52.7,52.83,988682
2016-09-22 15:15:00,52.81,52.85,52.75,52.76,1031263
2016-09-22 15:30:00,52.75,52.78,52.705,52.73,1122494
2016-09-22 15:45:00,52.73,52.81,52.7275,52.77,1267172
2016-09-22 16:00:00,52.76,52.77,52.72,52.73,1450033
2016-09-23 09:45:00,52.87,53.18,52.86,52.97,151274
2016-09-23 10:00:00,52.96,53.005,52.86,52.965,273077
2016-09-23 10:15:00,52.96,53.0,52.86,52.955,362144
2016-09-23 10:30:00,52.96,53.025,52.95,53.02,420874
2016-09-23 10:45:00,53.02,53.11,52.985,53.11,463992
2016-09-23 11:00:00,53.11,53.22,53.105,53.16,520776
2016-09-23 11:15:00,53.16,53.175,53.12,53.14,575136
2016-09-23 11:30:00,53.14,53.165,53.1,53.12,619383
2016-09-23 11:45:00,53.12,53.18,53.115,53.135,658202
2016-09-23 12:00:00,53.14,53.21,53.105,53.155,736705
2016-09-23 12:15:00,53.155,53.24,53.155,53.24,804775
2016-09-23 12:30:00,53.23,53.37,53.2,53.37,922716
2016-09-23 12:45:00,53.365,53.37,53.29,53.31,957718
2016-09-23 13:00:00,53.3,53.355,53.27,53.27,988975
2016-09-23 13:15:00,53.275,53.275,53.1599,53.19,1063462
2016-09-23 13:30:00,53.18,53.185,53.13,53.15,1080295
2016-09-23 13:45:00,53.15,53.16,53.115,53.12,1102859
2016-09-23 14:00:00,53.11,53.15,53.055,53.13,1131451
2016-09-23 14:15:00,53.12,53.198,53.12,53.198,1164849
2016-09-23 14:30:00,53.19,53.265,53.17,53.26,1211346
2016-09-23 14:45:00,53.26,53.34,53.245,53.33,1276103
2016-09-23 15:00:00,53.33,53.38,53.32,53.37,1313987
2016-09-23 15:15:00,53.36,53.42,53.34,53.41,1445797
2016-09-23 15:30:00,53.42,53.43,53.29,53.37,1539927
2016-09-23 15:45:00,53.38,53.42,53.32,53.38,1697018
2016-09-23 16:00:00,53.37,53.38,53.28,53.34,2081617
2016-09-26 09:45:00,53.15,53.22,52.99,52.99,69173
2016-09-26 10:00:00,52.98,53.03,52.845,53.02,120786
2016-09-26 10:15:00,53.01,53.11,52.9,53.1,186043
2016-09-26 10:30:00,53.11,53.165,53.0,53.04,243985
2016-09-26 10:45:00,53.049,53.18,53.049,53.125,287974
2016-09-26 11:00:00,53.12,53.13,53.05,53.05,330386
2016-09-26 11:15:00,53.05,53.12,53.03,53.065,367278
2016-09-26 11:30:00,53.06,53.14,53.04,53.07,414451
2016-09-26 11:45:00,53.07,53.13,52.98,53.07,446740
2016-09-26 12:00:00,53.07,53.1,53.0,53.04,488881
2016-09-26 12:15:00,53.04,53.14,53.03,53.14,516906
2016-09-26 12:30:00,53.14,53.18,53.105,53.15,563579
2016-09-26 12:45:00,53.1421,53.155,53.1,53.13,635093
2016-09-26 13:00:00,53.12,53.25,53.12,53.23,671451
2016-09-26 13:15:00,53.22,53.22,53.1,53.135,705020
2016-09-26 13:30:00,53.14,53.19,53.08,53.08,781235
2016-09-26 13:45:00,53.09,53.115,53.04,53.08,845899
2016-09-26 14:00:00,53.09,53.16,53.085,53.135,882779
2016-09-26 14:15:00,53.13,53.15,53.09,53.11,924684
2016-09-26 14:30:00,53.11,53.18,53.1,53.15,1009814
2016-09-26 14:45:00,53.1533,53.16,53.06,53.06,1078410
2016-09-26 15:00:00,53.06,53.11,53.05,53.075,1120249
2016-09-26 15:15:00,53.07,53.195,53.07,53.17,1177044
2016-09-26 15:30:00,53.17,53.195,53.11,53.19,1238602
2016-09-26 15:45:00,53.19,53.22,53.13,53.155,1346393
2016-09-26 16:00:00,53.15,53.19,53.12,53.16,1679345
2016-09-27 09:45:00,53.16,53.22,53.05,53.11,37911
2016-09-27 10:00:00,53.105,53.26,53.08,53.26,92339
2016-09-27 10:15:00,53.25,53.33,53.25,53.33,137913
2016-09-27 10:30:00,53.34,53.36,53.295,53.305,216378
2016-09-27 10:45:00,53.3,53.3,53.22,53.28,249511
2016-09-27 11:00:00,53.275,53.3,53.175,53.215,285572
2016-09-27 11:15:00,53.22,53.25,53.18,53.2,314591
2016-09-27 11:30:00,53.21,53.32,53.2,53.29,359854
2016-09-27 11:45:00,53.29,53.51,53.28,53.45,464118
2016-09-27 12:00:00,53.45,53.45,53.325,53.34,504930
2016-09-27 12:15:00,53.345,53.375,53.325,53.355,539212
2016-09-27 12:30:00,53.36,53.49,53.33,53.45,583276
2016-09-27 12:45:00,53.45,53.465,53.37,53.41,624118
2016-09-27 13:00:00,53.42,53.435,53.39,53.43,648735
2016-09-27 13:15:00,53.425,53.47,53.41,53.425,676952
2016-09-27 13:30:00,53.415,53.49,53.41,53.49,697326
2016-09-27 13:45:00,53.49,53.545,53.49,53.54,725890
2016-09-27 14:00:00,53.535,53.575,53.51,53.535,758423
2016-09-27 14:15:00,53.53,53.54,53.45,53.495,803752
2016-09-27 14:30:00,53.49,53.57,53.49,53.565,834342
2016-09-27 14:45:00,53.56,53.59,53.52,53.525,871617
2016-09-27 15:00:00,53.525,53.535,53.48,53.495,934813
2016-09-27 15:15:00,53.5,53.53,53.47,53.48,978852
2016-09-27 15:30:00,53.48,53.52,53.475,53.505,1048126
2016-09-27 15:45:00,53.5,53.52,53.46,53.495,1154039
2016-09-27 16:00:00,53.49,53.51,53.46,53.5,1308824
2016-09-28 09:45:00,53.49,53.68,53.33,53.47,40628
2016-09-28 10:00:00,53.48,53.51,53.31,53.3875,90364
2016-09-28 10:15:00,53.39,53.42,53.27,53.3,124783
2016-09-28 10:30:00,53.31,53.41,53.2925,53.36,163690
2016-09-28 10:45:00,53.36,53.44,53.36,53.42,182096
2016-09-28 11:00:00,53.4,53.425,53.33,53.37,215033
2016-09-28 11:15:00,53.37,53.4,53.27,53.34,260322
2016-09-28 11:30:00,53.36,53.42,53.34,53.39,281815
2016-09-28 11:45:00,53.38,53.41,53.31,53.41,311384
2016-09-28 12:00:00,53.41,53.46,53.4,53.42,335382
2016-09-28 12:15:00,53.42,53.43,53.37,53.43,355994
2016-09-28 12:30:00,53.43,53.43,53.37,53.38,372373
2016-09-28 12:45:00,53.3917,53.4,53.34,53.375,391157
2016-09-28 13:00:00,53.3756,53.39,53.355,53.355,424113
2016-09-28 13:15:00,53.35,53.37,53.32,53.33,440332
2016-09-28 13:30:00,53.325,53.402,53.325,53.38,462470
2016-09-28 13:45:00,53.38,53.4,53.36,53.3698,493067
2016-09-28 14:00:00,53.37,53.41,53.34,53.34,538359
2016-09-28 14:15:00,53.35,53.45,53.33,53.44,575758
2016-09-28 14:30:00,53.44,53.51,53.38,53.5,611803
2016-09-28 14:45:00,53.5,53.535,53.48,53.535,634831
2016-09-28 15:00:00,53.53,53.595,53.52,53.56,660142
2016-09-28 15:15:00,53.56,53.59,53.54,53.565,689483
2016-09-28 15:30:00,53.57,53.62,53.56,53.57,749345
2016-09-28 15:45:00,53.57,53.57,53.52,53.565,860425
2016-09-28 16:00:00,53.57,53.68,53.57,53.64,1007506
2016-09-29 09:45:00,53.6,53.64,53.48,53.49,24433
2016-09-29 10:00:00,53.47,53.51,53.46,53.495,48480
2016-09-29 10:15:00,53.51,53.58,53.47,53.53,75874
2016-09-29 10:30:00,53.52,53.67,53.48,53.56,100021
2016-09-29 10:45:00,53.5601,53.58,53.53,53.57,130519
2016-09-29 11:00:00,53.56,53.7,53.56,53.675,173022
2016-09-29 11:15:00,53.68,53.705,53.63,53.7,223746
2016-09-29 11:30:00,53.695,53.93,53.685,53.93,315188
2016-09-29 11:45:00,53.93,54.0,53.92,53.995,417339
2016-09-29 12:00:00,53.995,54.07,53.97,54.03,527420
2016-09-29 12:15:00,54.03,54.13,54.03,54.13,593147
2016-09-29 12:30:00,54.13,54.19,54.08,54.15,648834
2016-09-29 12:45:00,54.13,54.135,53.955,53.9703,715217
2016-09-29 13:00:00,53.97,53.97,53.725,53.79,777162
2016-09-29 13:15:00,53.79,53.88,53.68,53.71,842869
2016-09-29 13:30:00,53.7,53.79,53.68,53.73,892197
2016-09-29 13:45:00,53.74,53.79,53.68,53.72,931414
2016-09-29 14:00:00,53.71,53.72,53.52,53.54,984381
2016-09-29 14:15:00,53.54,53.67,53.5,53.62,1093192
2016-09-29 14:30:00,53.62,53.81,53.62,53.81,1129110
2016-09-29 14:45:00,53.8004,53.83,53.721,53.74,1167695
2016-09-29 15:00:00,53.73,53.78,53.66,53.68,1212809
2016-09-29 15:15:00,53.67,53.67,53.5701,53.6,1282366
2016-09-29 15:30:00,53.6,53.605,53.47,53.6,1366371
2016-09-29 15:45:00,53.59,53.665,53.55,53.63,1464864
2016-09-29 16:00:00,53.62,53.64,53.47,53.48,1662978
2016-09-30 09:45:00,53.71,53.96,53.55,53.85,46014
2016-09-30 10:00:00,53.81,53.81,53.52,53.57,133026
2016-09-30 10:15:00,53.59,53.88,53.59,53.87,227222
2016-09-30 10:30:00,53.88,53.9,53.76,53.8,260512
2016-09-30 10:45:00,53.81,53.845,53.735,53.77,315465
2016-09-30 11:00:00,53.765,53.8,53.73,53.795,363284
2016-09-30 11:15:00,53.7975,53.915,53.787,53.87,492001
2016-09-30 11:30:00,53.88,53.925,53.78,53.7999,591271
2016-09-30 11:45:00,53.8,53.82,53.71,53.755,891626
2016-09-30 12:00:00,53.755,53.76,53.56,53.58,957056
2016-09-30 12:15:00,53.575,53.655,53.575,53.65,995533
2016-09-30 12:30:00,53.66,53.68,53.6,53.6,1028614
2016-09-30 12:45:00,53.6,53.6,53.51,53.515,1096056
2016-09-30 13:00:00,53.52,53.54,53.455,53.46,1145576
2016-09-30 13:15:00,53.45,53.5,53.45,53.495,1174420
2016-09-30 13:30:00,53.5,53.5,53.4,53.4,1220434
2016-09-30 13:45:00,53.4,53.48,53.38,53.48,1311806
2016-09-30 14:00:00,53.48,53.55,53.48,53.535,1368249
2016-09-30 14:15:00,53.54,53.56,53.515,53.54,1402697
2016-09-30 14:30:00,53.54,53.64,53.535,53.64,1481871
2016-09-30 14:45:00,53.64,53.73,53.6,53.7101,1534900
2016-09-30 15:00:00,53.7,53.74,53.645,53.65,1581261
2016-09-30 15:15:00,53.655,53.73,53.62,53.68,1707178
2016-09-30 15:30:00,53.68,53.7,53.645,53.645,1780761
2016-09-30 15:45:00,53.6475,53.71,53.62,53.705,1898495
2016-09-30 16:00:00,53.71,53.73,53.56,53.56,2346453
2016-10-03 09:45:00,53.43,53.64,53.35,53.36,477778
2016-10-03 10:00:00,53.35,53.49,53.335,53.41,505461
2016-10-03 10:15:00,53.4,53.52,53.36,53.43,550699
2016-10-03 10:30:00,53.41,53.5,53.37,53.4796,575495
2016-10-03 10:45:00,53.46,53.53,53.43,53.52,601834
2016-10-03 11:00:00,53.52,53.67,53.5,53.625,646915
2016-10-03 11:15:00,53.63,53.63,53.45,53.465,689905
2016-10-03 11:30:00,53.47,53.52,53.455,53.47,723105
2016-10-03 11:45:00,53.46,53.51,53.4247,53.48,758011
2016-10-03 12:00:00,53.49,53.49,53.38,53.43,795749
2016-10-03 12:15:00,53.42,53.51,53.39,53.42,860078
2016-10-03 12:30:00,53.43,53.43,53.32,53.36,892813
2016-10-03 12:45:00,53.35,53.35,53.275,53.305,939942
2016-10-03 13:00:00,53.305,53.315,53.25,53.27,1001726
2016-10-03 13:15:00,53.28,53.325,53.27,53.325,1066581
2016-10-03 13:30:00,53.3275,53.33,53.27,53.315,1112766
2016-10-03 13:45:00,53.32,53.325,53.29,53.3,1193519
2016-10-03 14:00:00,53.3,53.33,53.275,53.33,1233815
2016-10-03 14:15:00,53.32,53.4011,53.32,53.36,1296435
2016-10-03 14:30:00,53.36,53.38,53.35,53.38,1361384
2016-10-03 14:45:00,53.39,53.54,53.39,53.48,1473094
2016-10-03 15:00:00,53.48,53.545,53.443,53.535,1520002
2016-10-03 15:15:00,53.54,53.595,53.525,53.595,1563808
2016-10-03 15:30:00,53.59,53.63,53.56,53.63,1617742
2016-10-03 15:45:00,53.63,53.72,53.615,53.69,1748437
2016-10-03 16:00:00,53.7,53.75,53.63,53.63,2030705
2016-10-04 09:45:00,53.55,53.65,53.41,53.57,34913
2016-10-04 10:00:00,53.6,53.69,53.55,53.69,70723
2016-10-04 10:15:00,53.69,53.71,53.54,53.55,103462
2016-10-04 10:30:00,53.54,53.6,53.49,53.59,132120
2016-10-04 10:45:00,53.58,53.72,53.575,53.71,149044
2016-10-04 11:00:00,53.73,53.75,53.7,53.71,165610
2016-10-04 11:15:00,53.7,53.71,53.5,53.52,194377
2016-10-04 11:30:00,53.52,53.65,53.45,53.62,222711
2016-10-04 11:45:00,53.66,53.75,53.6,53.69,281376
2016-10-04 12:00:00,53.7,53.7789,53.6,53.62,311482
2016-10-04 12:15:00,53.64,53.68,53.59,53.64,344603
2016-10-04 12:30:00,53.64,53.71,53.6,53.68,385497
2016-10-04 12:45:00,53.68,53.72,53.63,53.71,406258
2016-10-04 13:00:00,53.7,53.72,53.61,53.66,424906
2016-10-04 13:15:00,53.655,53.655,53.52,53.535,457274
2016-10-04 13:30:00,53.53,53.6,53.46,53.508,528673
2016-10-04 13:45:00,53.51,53.61,53.51,53.56,560932
2016-10-04 14:00:00,53.56,53.65,53.56,53.58,593926
2016-10-04 14:15:00,53.58,53.64,53.55,53.6175,629793
2016-10-04 14:30:00,53.61,53.63,53.5,53.54,660435
2016-10-04 14:45:00,53.54,53.628,53.54,53.595,700307
2016-10-04 15:00:00,53.6,53.6,53.435,53.435,742407
2016-10-04 15:15:00,53.44,53.48,53.425,53.47,791171
2016-10-04 15:30:00,53.47,53.51,53.45,53.4875,844718
2016-10-04 15:45:00,53.495,53.525,53.47,53.5,954304
2016-10-04 16:00:00,53.5,53.5,53.41,53.46,1155829
2016-10-05 09:45:00,53.53,53.7,53.49,53.53,64921
2016-10-05 10:00:00,53.57,53.63,53.53,53.54,92231
2016-10-05 10:15:00,53.55,53.6,53.49,53.55,118743
2016-10-05 10:30:00,53.55,53.55,53.45,53.49,144710
2016-10-05 10:45:00,53.49,53.52,53.45,53.49,184601
2016-10-05 11:00:00,53.49,53.53,53.455,53.515,212475
2016-10-05 11:15:00,53.51,53.555,53.5,53.51,238990
2016-10-05 11:30:00,53.51,53.51,53.44,53.48,258369
2016-10-05 11:45:00,53.48,53.49,53.43,53.45,275559
2016-10-05 12:00:00,53.46,53.49,53.44,53.465,299734
2016-10-05 12:15:00,53.47,53.525,53.46,53.46,327899
2016-10-05 12:30:00,53.47,53.48,53.42,53.44,346790
2016-10-05 12:45:00,53.44,53.445,53.42,53.425,363468
2016-10-05 13:00:00,53.43,53.44,53.3701,53.39,388191
2016-10-05 13:15:00,53.39,53.435,53.36,53.36,408917
2016-10-05 13:30:00,53.34,53.37,53.3201,53.33,445911
2016-10-05 13:45:00,53.33,53.34,53.29,53.2901,466209
2016-10-05 14:00:00,53.3,53.34,53.27,53.29,510823
2016-10-05 14:15:00,53.285,53.315,53.21,53.21,552045
2016-10-05 14:30:00,53.22,53.235,53.19,53.19,580340
2016-10-05 14:45:00,53.19,53.26,53.17,53.225,617752
2016-10-05 15:00:00,53.225,53.245,53.2,53.225,654872
2016-10-05 15:15:00,53.23,53.27,53.23,53.255,686530
2016-10-05 15:30:00,53.26,53.26,53.16,53.175,753180
2016-10-05 15:45:00,53.18,53.27,53.18,53.245,842735
2016-10-05 16:00:00,53.245,53.27,53.19,53.205,1043717
2016-10-06 09:45:00,53.2,53.2,52.82,52.87,60982
2016-10-06 10:00:00,52.8727,52.95,52.86,52.95,82594
2016-10-06 10:15:00,52.94,53.0,52.93,52.98,106302
2016-10-06 10:30:00,52.98,52.98,52.85,52.865,142234
2016-10-06 10:45:00,52.86,52.865,52.76,52.79,182710
2016-10-06 11:00:00,52.79,52.8285,52.77,52.775,207263
2016-10-06 11:15:00,52.77,52.77,52.65,52.655,253129
2016-10-06 11:30:00,52.66,52.715,52.63,52.705,329520
2016-10-06 11:45:00,52.71,52.71,52.63,52.65,368642
2016-10-06 12:00:00,52.65,52.73,52.645,52.67,423920
2016-10-06 12:15:00,52.68,52.8999,52.66,52.87,573181
2016-10-06 12:30:00,52.865,52.867,52.78,52.78,621720
2016-10-06 12:45:00,52.79,52.82,52.78,52.82,663755
2016-10-06 13:00:00,52.8175,52.85,52.79,52.81,710064
2016-10-06 13:15:00,52.8,52.82,52.78,52.805,732318
2016-10-06 13:30:00,52.82,52.82,52.74,52.75,757285
2016-10-06 13:45:00,52.75,52.78,52.71,52.73,785932
2016-10-06 14:00:00,52.73,52.75,52.675,52.745,835126
2016-10-06 14:15:00,52.74,52.81,52.73,52.74,933109
2016-10-06 14:30:00,52.74,52.74,52.65,52.66,973699
2016-10-06 14:45:00,52.67,52.72,52.65,52.66,1061916
2016-10-06 15:00:00,52.66,52.66,52.55,52.555,1109026
2016-10-06 15:15:00,52.55,52.66,52.54,52.635,1213333
2016-10-06 15:30:00,52.635,52.635,52.54,52.55,1297016
2016-10-06 15:45:00,52.55,52.57,52.52,52.525,1420753
2016-10-06 16:00:00,52.52,52.58,52.5,52.55,1733084
2016-10-07 09:45:00,52.71,52.79,52.44,52.44,87182
2016-10-07 10:00:00,52.44,52.505,52.41,52.41,136894
2016-10-07 10:15:00,52.42,52.59,52.42,52.56,169248
2016-10-07 10:30:00,52.555,52.6,52.48,52.59,248090
2016-10-07 10:45:00,52.59,52.69,52.54,52.64,276217
2016-10-07 11:00:00,52.635,52.65,52.58,52.61,308463
2016-10-07 11:15:00,52.605,52.64,52.57,52.64,346760
2016-10-07 11:30:00,52.62,52.66,52.551,52.65,397047
2016-10-07 11:45:00,52.645,52.645,52.4,52.4,437794
2016-10-07 12:00:00,52.4,52.41,52.335,52.385,473534
2016-10-07 12:15:00,52.39,52.48,52.36,52.41,518836
2016-10-07 12:30:00,52.41,52.41,52.32,52.33,543458
2016-10-07 12:45:00,52.33,52.36,52.26,52.29,590588
2016-10-07 13:00:00,52.28,52.38,52.27,52.37,609079
2016-10-07 13:15:00,52.37,52.37,52.28,52.295,647576
2016-10-07 13:30:00,52.3,52.42,52.285,52.42,665443
2016-10-07 13:45:00,52.42,52.5,52.42,52.46,686017
2016-10-07 14:00:00,52.46,52.47,52.41,52.45,717171
2016-10-07 14:15:00,52.45,52.55,52.445,52.51,746618
2016-10-07 14:30:00,52.505,52.51,52.45,52.45,776735
2016-10-07 14:45:00,52.46,52.52,52.46,52.49,801087
2016-10-07 15:00:00,52.49,52.51,52.46,52.47,828773
2016-10-07 15:15:00,52.46,52.47,52.4,52.4,868784
2016-10-07 15:30:00,52.395,52.43,52.345,52.43,914506
2016-10-07 15:45:00,52.44,52.45,52.38,52.385,971336
2016-10-07 16:00:00,52.38,52.41,52.34,52.35,1109653
2016-10-10 09:45:00,52.53,52.68,52.5,52.63,24483
2016-10-10 10:00:00,52.625,52.66,52.57,52.59,44333
2016-10-10 10:15:00,52.6,52.63,52.55,52.6,58900
2016-10-10 10:30:00,52.6,52.605,52.54,52.54,75269
2016-10-10 10:45:00,52.54,52.61,52.54,52.59,93646
2016-10-10 11:00:00,52.59,52.63,52.58,52.63,105645
2016-10-10 11:15:00,52.63,52.65,52.585,52.65,125288
2016-10-10 11:30:00,52.65,52.68,52.64,52.66,139733
2016-10-10 11:45:00,52.66,52.68,52.635,52.65,165290
2016-10-10 12:00:00,52.65,52.7,52.65,52.7,185111
2016-10-10 12:15:00,52.68,52.68,52.6,52.61,202652
2016-10-10 12:30:00,52.62,52.63,52.575,52.63,221547
2016-10-10 12:45:00,52.62,52.65,52.62,52.64,232956
2016-10-10 13:00:00,52.635,52.66,52.63,52.64,244172
2016-10-10 13:15:00,52.64,52.64,52.6,52.63,260828
2016-10-10 13:30:00,52.64,52.65,52.59,52.62,270986
2016-10-10 13:45:00,52.61,52.62,52.535,52.56,300039
2016-10-10 14:00:00,52.56,52.6,52.555,52.575,313305
2016-10-10 14:15:00,52.58,52.605,52.56,52.56,333362
2016-10-10 14:30:00,52.57,52.605,52.565,52.595,375344
2016-10-10 14:45:00,52.585,52.61,52.58,52.595,398249
2016-10-10 15:00:00,52.595,52.6,52.57,52.585,432445
2016-10-10 15:15:00,52.59,52.595,52.555,52.56,466426
2016-10-10 15:30:00,52.5557,52.58,52.53,52.565,503212
2016-10-10 15:45:00,52.56,52.57,52.51,52.535,590853
2016-10-10 16:00:00,52.54,52.58,52.53,52.55,733082
2016-10-11 09:45:00,52.37,52.475,52.07,52.09,35396
2016-10-11 10:00:00,52.1,52.12,51.88,51.93,110680
2016-10-11 10:15:00,51.93,52.01,51.91,51.94,138068
2016-10-11 10:30:00,51.94,51.94,51.78,51.83,167941
2016-10-11 10:45:00,51.825,51.87,51.7975,51.82,211001
2016-10-11 11:00:00,51.83,51.83,51.67,51.69,285014
2016-10-11 11:15:00,51.7,51.7,51.6,51.61,313490
2016-10-11 11:30:00,51.615,51.615,51.48,51.48,352252
2016-10-11 11:45:00,51.49,51.656,51.49,51.656,380583
2016-10-11 12:00:00,51.65,51.71,51.57,51.7,422805
2016-10-11 12:15:00,51.7,51.81,51.69,51.79,453761
2016-10-11 12:30:00,51.78,51.85,51.77,51.8,484572
2016-10-11 12:45:00,51.8,51.88,51.76,51.825,525468
2016-10-11 13:00:00,51.82,51.86,51.79,51.82,557413
2016-10-11 13:15:00,51.82,51.89,51.76,51.76,597842
2016-10-11 13:30:00,51.76,51.8,51.72,51.77,664380
2016-10-11 13:45:00,51.77,51.77,51.68,51.69,708385
2016-10-11 14:00:00,51.69,51.69,51.63,51.69,744490
2016-10-11 14:15:00,51.69,51.82,51.69,51.77,795221
2016-10-11 14:30:00,51.775,51.775,51.66,51.725,832606
2016-10-11 14:45:00,51.73,51.77,51.67,51.76,862871
2016-10-11 15:00:00,51.76,51.82,51.74,51.74,888701
2016-10-11 15:15:00,51.74,51.765,51.7,51.735,943672
2016-10-11 15:30:00,51.735,51.86,51.71,51.82,985753
2016-10-11 15:45:00,51.81,51.85,51.775,51.785,1066635
2016-10-11 16:00:00,51.78,51.805,51.71,51.76,1269078
2016-10-12 09:45:00,51.75,51.94,51.64,51.66,183811
2016-10-12 10:00:00,51.67,51.97,51.64,51.97,269977
2016-10-12 10:15:00,51.98,52.09,51.95,52.085,392397
2016-10-12 10:30:00,52.09,52.16,52.01,52.07,442371
2016-10-12 10:45:00,52.07,52.095,51.9795,52.03,496492
2016-10-12 11:00:00,52.03,52.05,51.86,51.9,640304
2016-10-12 11:15:00,51.91,51.97,51.9,51.93,691829
2016-10-12 11:30:00,51.93,51.94,51.88,51.92,737574
2016-10-12 11:45:00,51.91,51.95,51.87,51.87,762164
2016-10-12 12:00:00,51.88,51.9,51.86,51.87,810077
2016-10-12 12:15:00,51.88,52.0,51.88,51.98,852143
2016-10-12 12:30:00,51.97,52.03,51.94,52.0025,903726
2016-10-12 12:45:00,52.01,52.09,52.01,52.035,938341
2016-10-12 13:00:00,52.04,52.05,51.98,51.98,970636
2016-10-12 13:15:00,51.99,52.07,51.99,52.005,1013061
2016-10-12 13:30:00,52.005,52.07,51.995,52.0,1043221
2016-10-12 13:45:00,52.0,52.07,52.0,52.06,1080249
2016-10-12 14:00:00,52.07,52.1,52.045,52.1,1122859
2016-10-12 14:15:00,52.08,52.15,52.045,52.12,1277293
2016-10-12 14:30:00,52.12,52.16,52.075,52.1,1356464
2016-10-12 14:45:00,52.09,52.15,52.075,52.1035,1418007
2016-10-12 15:00:00,52.1,52.1,52.01,52.07,1556200
2016-10-12 15:15:00,52.07,52.07,51.985,52.01,1640109
2016-10-12 15:30:00,52.015,52.04,51.8975,51.9,1740629
2016-10-12 15:45:00,51.9,52.03,51.89,52.03,1949470
2016-10-12 16:00:00,52.02,52.07,52.01,52.05,2235966
2016-10-13 09:45:00,51.96,51.96,51.605,51.75,84810
2016-10-13 10:00:00,51.73,51.84,51.5275,51.695,204974
2016-10-13 10:15:00,51.71,51.81,51.64,51.79,277144
2016-10-13 10:30:00,51.8,51.86,51.71,51.75,361270
2016-10-13 10:45:00,51.75,51.845,51.7,51.79,418115
2016-10-13 11:00:00,51.79,51.8,51.7,51.79,483931
2016-10-13 11:15:00,51.8,51.85,51.72,51.8,531305
2016-10-13 11:30:00,51.8,51.98,51.78,51.97,601941
2016-10-13 11:45:00,51.97,52.1,51.955,52.1,672771
2016-10-13 12:00:00,52.09,52.11,52.0,52.05,741896
2016-10-13 12:15:00,52.055,52.17,52.02,52.14,796048
2016-10-13 12:30:00,52.14,52.26,52.14,52.2,867191
2016-10-13 12:45:00,52.2,52.36,52.19,52.355,921973
2016-10-13 13:00:00,52.35,52.36,52.255,52.33,968092
2016-10-13 13:15:00,52.33,52.37,52.26,52.28,1041387
2016-10-13 13:30:00,52.28,52.29,52.21,52.215,1073908
2016-10-13 13:45:00,52.215,52.32,52.215,52.275,1115852
2016-10-13 14:00:00,52.275,52.4,52.275,52.37,1186964
2016-10-13 14:15:00,52.37,52.4001,52.335,52.36,1232969
2016-10-13 14:30:00,52.37,52.45,52.36,52.45,1272268
2016-10-13 14:45:00,52.445,52.48,52.41,52.45,1363633
2016-10-13 15:00:00,52.45,52.6,52.45,52.6,1443465
2016-10-13 15:15:00,52.59,52.64,52.52,52.63,1546768
2016-10-13 15:30:00,52.63,52.635,52.455,52.49,1655286
2016-10-13 15:45:00,52.49,52.62,52.49,52.61,1808624
2016-10-13 16:00:00,52.6,52.62,52.455,52.55,2199768
2016-10-14 09:45:00,52.8,52.97,52.74,52.97,49994
2016-10-14 10:00:00,52.97,53.095,52.97,53.0901,84801
2016-10-14 10:15:00,53.09,53.27,53.09,53.2,154507
2016-10-14 10:30:00,53.19,53.26,53.185,53.255,238189
2016-10-14 10:45:00,53.26,53.48,53.26,53.4774,311910
2016-10-14 11:00:00,53.475,53.52,53.36,53.51,435027
2016-10-14 11:15:00,53.51,53.525,53.39,53.515,533395
2016-10-14 11:30:00,53.51,53.66,53.49,53.6,636414
2016-10-14 11:45:00,53.59,53.6,53.45,53.495,796158
2016-10-14 12:00:00,53.495,53.57,53.47,53.525,889114
2016-10-14 12:15:00,53.53,53.555,53.46,53.46,1003815
2016-10-14 12:30:00,53.46,53.515,53.36,53.495,1082430
2016-10-14 12:45:00,53.49,53.545,53.435,53.435,1155064
2016-10-14 13:00:00,53.435,53.505,53.4,53.4925,1230655
2016-10-14 13:15:00,53.495,53.6,53.49,53.555,1376329
2016-10-14 13:30:00,53.55,53.56,53.45,53.46,1425152
2016-10-14 13:45:00,53.47,53.54,53.43,53.5,1505678
2016-10-14 14:00:00,53.5,53.575,53.465,53.565,1573315
2016-10-14 14:15:00,53.55,53.625,53.51,53.62,1677425
2016-10-14 14:30:00,53.61,53.68,53.59,53.63,1728140
2016-10-14 14:45:00,53.63,53.65,53.59,53.6199,1760564
2016-10-14 15:00:00,53.61,53.63,53.54,53.555,1820570
2016-10-14 15:15:00,53.55,53.6,53.525,53.6,1877078
2016-10-14 15:30:00,53.59,53.63,53.55,53.56,2013591
2016-10-14 15:45:00,53.555,53.7,53.55,53.69,2160023
2016-10-14 16:00:00,53.685,53.7,53.53,53.54,2531224
2016-10-17 09:45:00,53.41,53.69,53.41,53.42,100004
2016-10-17 10:00:00,53.42,53.455,53.35,53.42,138583
2016-10-17 10:15:00,53.44,53.64,53.44,53.625,206109
2016-10-17 10:30:00,53.625,53.7,53.53,53.69,266372
2016-10-17 10:45:00,53.69,53.695,53.6,53.63,309028
2016-10-17 11:00:00,53.62,53.64,53.56,53.57,365960
2016-10-17 11:15:00,53.57,53.68,53.56,53.68,417392
2016-10-17 11:30:00,53.67,53.68,53.6,53.62,455160
2016-10-17 11:45:00,53.63,53.645,53.55,53.59,503790
2016-10-17 12:00:00,53.59,53.61,53.565,53.58,559226
2016-10-17 12:15:00,53.5875,53.6,53.53,53.56,595310
2016-10-17 12:30:00,53.55,53.57,53.46,53.46,628280
2016-10-17 12:45:00,53.47,53.51,53.455,53.49,707827
2016-10-17 13:00:00,53.5,53.5,53.44,53.45,727983
2016-10-17 13:15:00,53.46,53.47,53.4,53.47,760646
2016-10-17 13:30:00,53.47,53.49,53.43,53.47,794566
2016-10-17 13:45:00,53.47,53.47,53.41,53.42,815522
2016-10-17 14:00:00,53.42,53.42,53.32,53.34,836573
2016-10-17 14:15:00,53.34,53.45,53.33,53.444,883563
2016-10-17 14:30:00,53.44,53.475,53.435,53.46,929612
2016-10-17 14:45:00,53.45,53.47,53.425,53.46,956857
2016-10-17 15:00:00,53.4545,53.51,53.44,53.51,990767
2016-10-17 15:15:00,53.51,53.51,53.4,53.406,1022092
2016-10-17 15:30:00,53.41,53.52,53.405,53.515,1144348
2016-10-17 15:45:00,53.51,53.55,53.49,53.515,1241817
2016-10-17 16:00:00,53.51,53.54,53.45,53.48,1487880
2016-10-18 09:45:00,53.69,53.865,53.64,53.665,140754
2016-10-18 10:00:00,53.68,53.745,53.655,53.67,230214
2016-10-18 10:15:00,53.68,53.82,53.655,53.74,291879
2016-10-18 10:30:00,53.75,53.82,53.65,53.655,338274
2016-10-18 10:45:00,53.66,53.66,53.56,53.56,379514
2016-10-18 11:00:00,53.56,53.64,53.5,53.64,483147
2016-10-18 11:15:00,53.6475,53.68,53.59,53.61,516578
2016-10-18 11:30:00,53.6,53.6,53.56,53.575,547672
2016-10-18 11:45:00,53.58,53.615,53.55,53.58,578682
2016-10-18 12:00:00,53.59,53.62,53.58,53.61,610069
2016-10-18 12:15:00,53.605,53.705,53.585,53.705,661275
2016-10-18 12:30:00,53.71,53.8,53.7,53.73,784279
2016-10-18 12:45:00,53.74,53.82,53.73,53.7775,876214
2016-10-18 13:00:00,53.78,53.79,53.75,53.765,913783
2016-10-18 13:15:00,53.769,53.77,53.715,53.76,931470
2016-10-18 13:30:00,53.76,54.03,53.755,53.915,1191803
2016-10-18 13:45:00,53.92,53.92,53.87,53.92,1236111
2016-10-18 14:00:00,53.92,53.98,53.9,53.955,1300978
2016-10-18 14:15:00,53.955,53.96,53.86,53.9,1358498
2016-10-18 14:30:00,53.9022,53.91,53.81,53.825,1399555
2016-10-18 14:45:00,53.83,53.87,53.78,53.87,1473946
2016-10-18 15:00:00,53.86,53.91,53.83,53.9,1525507
2016-10-18 15:15:00,53.89,53.92,53.83,53.89,1589692
2016-10-18 15:30:00,53.8925,54.275,53.87,54.14,1926831
2016-10-18 15:45:00,54.14,54.15,53.85,53.87,2076124
2016-10-18 16:00:00,53.86,53.93,53.86,53.9,2315123
2016-10-19 09:45:00,54.11,54.2,53.915,53.94,55980
2016-10-19 10:00:00,53.945,53.96,53.8,53.805,93513
2016-10-19 10:15:00,53.8,54.0,53.78,53.995,192623
2016-10-19 10:30:00,53.99,54.04,53.945,54.01,247255
2016-10-19 10:45:00,54.02,54.02,53.95,54.0,311884
2016-10-19 11:00:00,54.01,54.15,54.01,54.12,388411
2016-10-19 11:15:00,54.12,54.12,54.04,54.04,415633
2016-10-19 11:30:00,54.04,54.14,54.03,54.12,486635
2016-10-19 11:45:00,54.13,54.14,54.05,54.06,508078
2016-10-19 12:00:00,54.07,54.075,54.0,54.02,554191
2016-10-19 12:15:00,54.03,54.06,54.02,54.045,569856
2016-10-19 12:30:00,54.045,54.07,54.0,54.04,603194
2016-10-19 12:45:00,54.04,54.075,54.03,54.06,621627
2016-10-19 13:00:00,54.0525,54.07,54.02,54.02,651057
2016-10-19 13:15:00,54.03,54.045,53.99,54.02,680071
2016-10-19 13:30:00,54.01,54.08,54.0,54.075,706686
2016-10-19 13:45:00,54.07,54.095,54.07,54.08,742134
2016-10-19 14:00:00,54.085,54.09,54.06,54.085,766026
2016-10-19 14:15:00,54.09,54.12,54.08,54.11,797996
2016-10-19 14:30:00,54.11,54.12,54.03,54.065,845587
2016-10-19 14:45:00,54.065,54.09,54.04,54.055,883722
2016-10-19 15:00:00,54.06,54.07,54.0,54.015,916499
2016-10-19 15:15:00,54.015,54.08,54.01,54.075,974068
2016-10-19 15:30:00,54.075,54.33,54.075,54.305,1196182
2016-10-19 15:45:00,54.305,54.34,54.18,54.275,1504830
2016-10-19 16:00:00,54.28,54.34,54.24,54.32,1981519
2016-10-20 09:45:00,53.85,54.03,53.54,53.61,104399
2016-10-20 10:00:00,53.61,53.81,53.59,53.78,170702
2016-10-20 10:15:00,53.78,53.905,53.756,53.85,249955
2016-10-20 10:30:00,53.85,53.88,53.71,53.71,783817
2016-10-20 10:45:00,53.72,53.72,53.53,53.7,877559
2016-10-20 11:00:00,53.7,53.73,53.64,53.68,959035
2016-10-20 11:15:00,53.67,53.69,53.645,53.665,1012676
2016-10-20 11:30:00,53.665,53.71,53.65,53.695,1082606
2016-10-20 11:45:00,53.69,53.75,53.6325,53.645,1213488
2016-10-20 12:00:00,53.64,53.75,53.63,53.75,1268282
2016-10-20 12:15:00,53.77,53.9,53.7525,53.88,1318088
2016-10-20 12:30:00,53.89,53.91,53.87,53.9,1361623
2016-10-20 12:45:00,53.9,53.96,53.85,53.95,1411678
2016-10-20 13:00:00,53.96,53.96,53.8,53.805,1481088
2016-10-20 13:15:00,53.8,53.86,53.795,53.8,1523366
2016-10-20 13:30:00,53.81,53.84,53.77,53.82,1560881
2016-10-20 13:45:00,53.83,53.86,53.82,53.84,1597751
2016-10-20 14:00:00,53.83,53.86,53.74,53.77,1675330
2016-10-20 14:15:00,53.77,53.85,53.77,53.85,1711358
2016-10-20 14:30:00,53.85,53.92,53.82,53.92,1769209
2016-10-20 14:45:00,53.92,53.95,53.89,53.9,1813095
2016-10-20 15:00:00,53.905,53.935,53.89,53.93,1881608
2016-10-20 15:15:00,53.94,53.95,53.895,53.95,1943568
2016-10-20 15:30:00,53.95,53.95,53.89,53.905,2029144
2016-10-20 15:45:00,53.905,53.99,53.9,53.96,2202052
2016-10-20 16:00:00,53.95,54.06,53.93,54.05,2645561
2016-10-21 09:45:00,53.73,53.93,53.481,53.84,144257
2016-10-21 10:00:00,53.85,53.9,53.74,53.85,188669
2016-10-21 10:15:00,53.86,53.9,53.76,53.8,239777
2016-10-21 10:30:00,53.8,53.97,53.77,53.97,277463
2016-10-21 10:45:00,53.96,54.15,53.955,54.15,362481
2016-10-21 11:00:00,54.15,54.17,54.055,54.15,399046
2016-10-21 11:15:00,54.14,54.34,54.085,54.28,566775
2016-10-21 11:30:00,54.28,54.45,54.245,54.44,677135
2016-10-21 11:45:00,54.43,54.46,54.245,54.27,728234
2016-10-21 12:00:00,54.27,54.3801,54.27,54.35,775754
2016-10-21 12:15:00,54.35,54.41,54.35,54.36,823149
2016-10-21 12:30:00,54.37,54.45,54.31,54.43,936457
2016-10-21 12:45:00,54.44,54.5,54.3,54.31,981135
2016-10-21 13:00:00,54.3,54.31,54.23,54.23,1006528
2016-10-21 13:15:00,54.23,54.275,54.21,54.23,1045041
2016-10-21 13:30:00,54.24,54.31,54.2,54.31,1079943
2016-10-21 13:45:00,54.3039,54.4,54.29,54.4,1111657
2016-10-21 14:00:00,54.4,54.49,54.4,54.485,1152563
2016-10-21 14:15:00,54.48,54.5,54.41,54.42,1211222
2016-10-21 14:30:00,54.42,54.44,54.375,54.42,1253616
2016-10-21 14:45:00,54.415,54.465,54.39,54.46,1283781
2016-10-21 15:00:00,54.455,54.48,54.44,54.48,1309506
2016-10-21 15:15:00,54.48,54.61,54.46,54.595,1374008
2016-10-21 15:30:00,54.59,54.61,54.5,54.61,1425480
2016-10-21 15:45:00,54.605,54.63,54.55,54.6,1564796
2016-10-21 16:00:00,54.6,54.64,54.54,54.6,1813374
2016-10-24 09:45:00,54.69,54.99,54.69,54.77,42182
2016-10-24 10:00:00,54.78,54.89,54.745,54.755,119460
2016-10-24 10:15:00,54.755,54.875,54.75,54.79,220461
2016-10-24 10:30:00,54.79,54.98,54.775,54.89,301503
2016-10-24 10:45:00,54.9,54.94,54.79,54.79,417024
2016-10-24 11:00:00,54.77,54.89,54.76,54.88,492536
2016-10-24 11:15:00,54.88,54.965,54.87,54.945,579540
2016-10-24 11:30:00,54.945,54.985,54.94,54.9625,678942
2016-10-24 11:45:00,54.965,54.99,54.915,54.965,875080
2016-10-24 12:00:00,54.96,54.99,54.845,54.85,955802
2016-10-24 12:15:00,54.86,54.9,54.77,54.89,1058793
2016-10-24 12:30:00,54.89,54.97,54.86,54.925,1138138
2016-10-24 12:45:00,54.925,54.98,54.89,54.915,1207921
2016-10-24 13:00:00,54.91,54.95,54.84,54.885,1300278
2016-10-24 13:15:00,54.885,54.94,54.81,54.81,1379824
2016-10-24 13:30:00,54.82,54.825,54.705,54.74,1470354
2016-10-24 13:45:00,54.74,54.8,54.7,54.7399,1536083
2016-10-24 14:00:00,54.73,54.84,54.73,54.735,1681603
2016-10-24 14:15:00,54.74,54.83,54.72,54.825,1739127
2016-10-24 14:30:00,54.825,54.84,54.76,54.795,1797281
2016-10-24 14:45:00,54.8,54.8,54.7,54.715,1868939
2016-10-24 15:00:00,54.715,54.73,54.67,54.675,1911601
2016-10-24 15:15:00,54.68,54.81,54.65,54.79,2036514
2016-10-24 15:30:00,54.795,54.82,54.74,54.795,2148459
2016-10-24 15:45:00,54.8,54.965,54.75,54.86,2402261
2016-10-24 16:00:00,54.865,54.98,54.865,54.92,2827825
2016-10-25 09:45:00,46.89,48.96,46.01,48.005,4151423
2016-10-25 10:00:00,48.02,48.08,47.4,47.72,5529033
2016-10-25 10:15:00,47.71,47.71,46.87,46.97,6836291
2016-10-25 10:30:00,46.965,47.11,46.61,47.03,7764029
2016-10-25 10:45:00,47.025,47.14,46.68,46.7501,8543740
2016-10-25 11:00:00,46.755,47.29,46.75,47.14,9189038
2016-10-25 11:15:00,47.1401,47.2,46.99,47.045,9654688
2016-10-25 11:30:00,47.05,47.11,47.0,47.065,10159654
2016-10-25 11:45:00,47.06,47.46,47.04,47.41,10927739
2016-10-25 12:00:00,47.405,47.55,47.01,47.055,11384176
2016-10-25 12:15:00,47.06,47.11,47.02,47.04,11589413
2016-10-25 12:30:00,47.045,47.1699,47.02,47.1,11839435
2016-10-25 12:45:00,47.105,47.105,47.02,47.04,11997252
2016-10-25 13:00:00,47.045,47.14,47.04,47.1,12208557
2016-10-25 13:15:00,47.1,47.12,46.8201,46.93,12602541
2016-10-25 13:30:00,46.935,47.1,46.935,46.95,12861825
2016-10-25 13:45:00,46.95,47.04,46.9,46.97,13282885
2016-10-25 14:00:00,46.97,47.01,46.95,46.99,13649843
2016-10-25 14:15:00,46.985,47.0,46.9,46.95,13849658
2016-10-25 14:30:00,46.945,46.98,46.825,46.96,14240406
2016-10-25 14:45:00,46.955,47.0,46.82,46.83,14656074
2016-10-25 15:00:00,46.84,46.84,46.69,46.8301,15176721
2016-10-25 15:15:00,46.835,46.88,46.24,46.2499,16743800
2016-10-25 15:30:00,46.245,46.8,46.16,46.2,17540701
2016-10-25 15:45:00,46.19,46.24,45.86,45.86,18382623
2016-10-25 16:00:00,45.86,45.92,45.5203,45.66,20788982
2016-10-26 09:45:00,45.77,46.94,45.75,46.7499,678871
2016-10-26 10:00:00,46.72,47.27,46.5,47.25,1106906
2016-10-26 10:15:00,47.245,47.51,47.07,47.12,1801675
2016-10-26 10:30:00,47.115,47.33,47.05,47.31,2244239
2016-10-26 10:45:00,47.305,47.31,46.895,46.895,2626176
2016-10-26 11:00:00,46.899,47.04,46.75,46.85,2830549
2016-10-26 11:15:00,46.85,46.85,46.5401,46.57,3053802
2016-10-26 11:30:00,46.57,46.71,46.42,46.45,3280079
2016-10-26 11:45:00,46.44,46.49,46.16,46.16,3534730
2016-10-26 12:00:00,46.16,46.31,46.14,46.275,3818634
2016-10-26 12:15:00,46.275,46.29,46.09,46.09,4023887
2016-10-26 12:30:00,46.1,46.19,46.08,46.163,4217110
2016-10-26 12:45:00,46.171,46.18,46.09,46.16,4440290
2016-10-26 13:00:00,46.16,46.28,46.13,46.1501,4558850
2016-10-26 13:15:00,46.15,46.205,46.13,46.13,4684345
2016-10-26 13:30:00,46.1299,46.14,46.02,46.025,4849780
2016-10-26 13:45:00,46.025,46.025,45.93,45.99,5017925
2016-10-26 14:00:00,45.985,46.1,45.95,46.08,5209010
2016-10-26 14:15:00,46.075,46.135,46.03,46.09,5353952
2016-10-26 14:30:00,46.09,46.15,46.08,46.105,5543320
2016-10-26 14:45:00,46.1,46.14,46.05,46.085,5854730
2016-10-26 15:00:00,46.09,46.22,45.91,45.91,6012981
2016-10-26 15:15:00,45.92,45.95,45.8201,45.87,6175196
2016-10-26 15:30:00,45.87,45.875,45.69,45.78,6495678
2016-10-26 15:45:00,45.795,45.89,45.795,45.885,6921320
2016-10-26 16:00:00,45.89,45.89,45.77,45.78,7772425
2016-10-27 09:45:00,45.99,46.15,45.75,45.99,164048
2016-10-27 10:00:00,45.98,46.2,45.96,46.07,296827
2016-10-27 10:15:00,46.05,46.14,45.93,46.06,442352
2016-10-27 10:30:00,46.05,46.05,45.89,45.94,563372
2016-10-27 10:45:00,45.93,45.95,45.85,45.95,695005
2016-10-27 11:00:00,45.945,46.095,45.925,46.075,880694
2016-10-27 11:15:00,46.07,46.08,46.04,46.055,950647
2016-10-27 11:30:00,46.05,46.11,45.97,45.97,1027114
2016-10-27 11:45:00,45.97,45.975,45.85,45.92,1089298
2016-10-27 12:00:00,45.91,45.93,45.83,45.88,1179134
2016-10-27 12:15:00,45.875,45.94,45.875,45.9307,1223246
2016-10-27 12:30:00,45.94,45.94,45.79,45.79,1281179
2016-10-27 12:45:00,45.79,45.79,45.63,45.65,1341218
2016-10-27 13:00:00,45.655,45.72,45.645,45.705,1397388
2016-10-27 13:15:00,45.7,45.77,45.7,45.735,1453062
2016-10-27 13:30:00,45.735,45.81,45.735,45.8,1496587
2016-10-27 13:45:00,45.8,45.86,45.77,45.8094,1578733
2016-10-27 14:00:00,45.8,45.81,45.78,45.785,1631256
2016-10-27 14:15:00,45.785,45.82,45.73,45.81,1702863
2016-10-27 14:30:00,45.815,45.82,45.72,45.755,1760709
2016-10-27 14:45:00,45.75,45.76,45.71,45.73,1821340
2016-10-27 15:00:00,45.74,45.81,45.72,45.81,1914279
2016-10-27 15:15:00,45.805,45.97,45.805,45.955,2104402
2016-10-27 15:30:00,45.95,46.07,45.95,46.055,2299306
2016-10-27 15:45:00,46.055,46.07,45.99,46.0,2547073
2016-10-27 16:00:00,46.0,46.01,45.915,45.95,2926067
2016-10-28 09:45:00,45.95,46.07,45.85,46.03,100895
2016-10-28 10:00:00,46.09,46.09,45.45,45.45,252716
2016-10-28 10:15:00,45.45,45.592,45.45,45.51,447719
2016-10-28 10:30:00,45.53,45.53,45.28,45.28,563062
2016-10-28 10:45:00,45.28,45.37,45.12,45.14,692704
2016-10-28 11:00:00,45.15,45.22,45.105,45.14,1129262
2016-10-28 11:15:00,45.14,45.17,45.05,45.14,1242985
2016-10-28 11:30:00,45.14,45.21,45.03,45.07,1309587
2016-10-28 11:45:00,45.08,45.1,45.0,45.1,1477277
2016-10-28 12:00:00,45.095,45.205,45.09,45.095,1562630
2016-10-28 12:15:00,45.095,45.11,45.06,45.095,1704321
2016-10-28 12:30:00,45.1,45.33,45.09,45.27,1883384
2016-10-28 12:45:00,45.28,45.28,45.01,45.035,2005760
2016-10-28 13:00:00,45.04,45.05,45.0,45.01,2082140
2016-10-28 13:15:00,45.015,45.02,44.65,44.79,2183238
2016-10-28 13:30:00,44.79,44.81,44.6275,44.63,2240541
2016-10-28 13:45:00,44.62,44.62,44.38,44.53,2358005
2016-10-28 14:00:00,44.53,44.53,44.37,44.39,2632294
2016-10-28 14:15:00,44.3925,44.47,44.295,44.4375,2792038
2016-10-28 14:30:00,44.44,44.47,44.33,44.38,2935827
2016-10-28 14:45:00,44.38,44.43,44.33,44.39,3127331
2016-10-28 15:00:00,44.39,44.59,44.39,44.58,3351223
2016-10-28 15:15:00,44.58,44.58,44.4575,44.48,3503614
2016-10-28 15:30:00,44.48,44.64,44.44,44.63,3691733
2016-10-28 15:45:00,44.63,44.67,44.54,44.66,4001578
2016-10-28 16:00:00,44.66,44.83,44.59,44.64,4558276
2016-10-31 09:45:00,44.66,44.89,44.66,44.82,85818
2016-10-31 10:00:00,44.82,44.87,44.66,44.72,178240
2016-10-31 10:15:00,44.71,45.1,44.63,45.07,299837
2016-10-31 10:30:00,45.07,45.225,45.02,45.225,397768
2016-10-31 10:45:00,45.22,45.32,45.17,45.295,517983
2016-10-31 11:00:00,45.28,45.35,45.215,45.32,612662
2016-10-31 11:15:00,45.325,45.325,45.2,45.275,667474
2016-10-31 11:30:00,45.27,45.33,45.26,45.27,713215
2016-10-31 11:45:00,45.28,45.355,45.28,45.31,758214
2016-10-31 12:00:00,45.305,45.315,45.23,45.27,803424
2016-10-31 12:15:00,45.28,45.28,45.17,45.2,852026
2016-10-31 12:30:00,45.2,45.21,45.125,45.19,889668
2016-10-31 12:45:00,45.2,45.22,45.17,45.18,922959
2016-10-31 13:00:00,45.19,45.21,45.11,45.14,960846
2016-10-31 13:15:00,45.15,45.16,45.06,45.11,1013833
2016-10-31 13:30:00,45.11,45.15,45.075,45.135,1053303
2016-10-31 13:45:00,45.135,45.15,45.08,45.13,1092213
2016-10-31 14:00:00,45.13,45.17,45.12,45.13,1261032
2016-10-31 14:15:00,45.13,45.16,45.04,45.07,1347710
2016-10-31 14:30:00,45.08,45.095,45.0,45.015,1405738
2016-10-31 14:45:00,45.02,45.125,45.02,45.05,1473657
2016-10-31 15:00:00,45.05,45.1,45.04,45.075,1535759
2016-10-31 15:15:00,45.08,45.13,45.065,45.095,1616108
2016-10-31 15:30:00,45.09,45.13,45.06,45.1,1700452
2016-10-31 15:45:00,45.09,45.1,45.025,45.035,1829895
2016-10-31 16:00:00,45.03,45.065,45.0,45.02,2283007
2016-11-01 09:45:00,45.26,45.39,44.85,44.97,85953
2016-11-01 10:00:00,44.97,45.08,44.75,44.7501,145567
2016-11-01 10:15:00,44.77,45.08,44.77,44.83,219186
2016-11-01 10:30:00,44.82,45.01,44.82,44.995,310981
2016-11-01 10:45:00,45.0,45.02,44.915,44.97,427665
2016-11-01 11:00:00,44.97,45.05,44.95,44.99,483016
2016-11-01 11:15:00,44.99,45.055,44.97,45.02,565725
2016-11-01 11:30:00,45.01,45.075,45.0,45.05,621137
2016-11-01 11:45:00,45.05,45.09,45.005,45.09,671394
2016-11-01 12:00:00,45.09,45.155,45.07,45.09,726606
2016-11-01 12:15:00,45.1,45.11,44.96,44.98,770144
2016-11-01 12:30:00,44.97,45.05,44.94,45.04,842937
2016-11-01 12:45:00,45.048,45.08,44.961,45.04,971659
2016-11-01 13:00:00,45.04,45.055,44.99,45.03,1018046
2016-11-01 13:15:00,45.03,45.08,45.0,45.03,1063017
2016-11-01 13:30:00,45.02,45.06,44.99,45.0,1118804
2016-11-01 13:45:00,45.0,45.035,44.95,44.965,1174914
2016-11-01 14:00:00,44.96,44.985,44.92,44.94,1213379
2016-11-01 14:15:00,44.94,44.99,44.91,44.91,1276951
2016-11-01 14:30:00,44.91,45.04,44.86,45.01,1339030
2016-11-01 14:45:00,45.01,45.045,44.96,44.99,1389058
2016-11-01 15:00:00,44.99,45.04,44.96,45.0,1457287
2016-11-01 15:15:00,44.985,45.05,44.98,45.035,1537946
2016-11-01 15:30:00,45.04,45.13,45.02,45.13,1677956
2016-11-01 15:45:00,45.13,45.21,45.13,45.18,1900720
2016-11-01 16:00:00,45.185,45.33,45.185,45.3,2433151
2016-11-02 09:45:00,45.18,45.82,45.16,45.78,87039
2016-11-02 10:00:00,45.75,45.84,45.71,45.82,254080
2016-11-02 10:15:00,45.82,46.025,45.77,45.965,359237
2016-11-02 10:30:00,45.97,46.035,45.89,46.02,538226
2016-11-02 10:45:00,46.01,46.05,45.94,46.02,609355
2016-11-02 11:00:00,46.03,46.23,46.01,46.05,693772
2016-11-02 11:15:00,46.05,46.15,46.05,46.14,766916
2016-11-02 11:30:00,46.14,46.18,46.0,46.005,833568
2016-11-02 11:45:00,46.0,46.04,45.9,45.97,887271
2016-11-02 12:00:00,45.97,46.04,45.89,45.91,934912
2016-11-02 12:15:00,45.91,45.93,45.85,45.885,1026099
2016-11-02 12:30:00,45.87,45.935,45.84,45.85,1226992
2016-11-02 12:45:00,45.855,45.86,45.48,45.48,1429852
2016-11-02 13:00:00,45.49,45.49,45.25,45.35,1613402
2016-11-02 13:15:00,45.33,45.33,45.045,45.1,1739795
2016-11-02 13:30:00,45.08,45.09,45.0,45.02,1833087
2016-11-02 13:45:00,45.02,45.02,44.71,44.76,2007446
2016-11-02 14:00:00,44.77,45.03,44.77,44.99,2164158
2016-11-02 14:15:00,44.99,45.02,44.76,44.94,2269284
2016-11-02 14:30:00,44.94,44.99,44.9,44.91,2392466
2016-11-02 14:45:00,44.91,45.01,44.8793,44.88,2516351
2016-11-02 15:00:00,44.88,44.905,44.73,44.745,2648223
2016-11-02 15:15:00,44.74,44.805,44.72,44.765,2786907
2016-11-02 15:30:00,44.76,44.81,44.695,44.77,2956644
2016-11-02 15:45:00,44.77,44.79,44.74,44.76,3197110
2016-11-02 16:00:00,44.76,44.79,44.67,44.69,3705047
2016-11-03 09:45:00,44.68,44.91,44.47,44.855,77280
2016-11-03 10:00:00,44.855,45.02,44.85,44.94,157591
2016-11-03 10:15:00,44.945,44.96,44.84,44.88,242269
2016-11-03 10:30:00,44.87,44.88,44.72,44.72,276913
2016-11-03 10:45:00,44.72,44.74,44.69,44.7,312314
2016-11-03 11:00:00,44.71,44.74,44.55,44.55,380651
2016-11-03 11:15:00,44.55,44.59,44.5,44.585,446431
2016-11-03 11:30:00,44.585,44.585,44.5,44.525,580497
2016-11-03 11:45:00,44.525,44.54,44.39,44.4,684914
2016-11-03 12:00:00,44.405,44.42,44.27,44.28,764079
2016-11-03 12:15:00,44.29,44.31,44.2,44.3,855542
2016-11-03 12:30:00,44.3,44.31,44.17,44.18,910511
2016-11-03 12:45:00,44.18,44.18,44.06,44.07,1010506
2016-11-03 13:00:00,44.065,44.12,44.02,44.09,1135392
2016-11-03 13:15:00,44.0831,44.14,43.98,44.0,1239011
2016-11-03 13:30:00,43.995,44.055,43.98,44.03,1356996
2016-11-03 13:45:00,44.025,44.105,44.005,44.005,1436454
2016-11-03 14:00:00,44.005,44.05,43.985,44.045,1613061
2016-11-03 14:15:00,44.045,44.055,44.01,44.04,1700515
2016-11-03 14:30:00,44.04,44.06,44.01,44.055,1784440
2016-11-03 14:45:00,44.055,44.06,43.94,43.95,1940808
2016-11-03 15:00:00,43.95,43.97,43.91,43.94,2026580
2016-11-03 15:15:00,43.945,43.95,43.85,43.89,2229689
2016-11-03 15:30:00,43.89,43.9,43.78,43.835,2363976
2016-11-03 15:45:00,43.83,43.84,43.73,43.73,2533173
2016-11-03 16:00:00,43.73,43.82,43.69,43.79,2973719
2016-11-04 09:45:00,43.91,43.98,43.64,43.94,59382
2016-11-04 10:00:00,43.93,43.93,43.71,43.8,126517
2016-11-04 10:15:00,43.81,43.91,43.775,43.79,166592
2016-11-04 10:30:00,43.79,43.825,43.65,43.81,257583
2016-11-04 10:45:00,43.82,43.82,43.65,43.68,455426
2016-11-04 11:00:00,43.69,43.74,43.52,43.59,597960
2016-11-04 11:15:00,43.58,43.76,43.575,43.75,756099
2016-11-04 11:30:00,43.74,43.81,43.705,43.775,817816
2016-11-04 11:45:00,43.78,43.81,43.61,43.65,906991
2016-11-04 12:00:00,43.645,43.77,43.62,43.75,956779
2016-11-04 12:15:00,43.74,43.75,43.67,43.72,1022003
2016-11-04 12:30:00,43.72,43.74,43.7,43.73,1073087
2016-11-04 12:45:00,43.73,43.85,43.725,43.83,1102107
2016-11-04 13:00:00,43.835,43.84,43.77,43.8,1146218
2016-11-04 13:15:00,43.8,43.82,43.73,43.75,1197227
2016-11-04 13:30:00,43.75,43.94,43.75,43.93,1378978
2016-11-04 13:45:00,43.93,44.0,43.885,43.89,1429614
2016-11-04 14:00:00,43.9,43.92,43.81,43.84,1489196
2016-11-04 14:15:00,43.83,43.89,43.815,43.85,1531511
2016-11-04 14:30:00,43.86,43.88,43.84,43.85,1581619
2016-11-04 14:45:00,43.85,43.85,43.73,43.73,1631770
2016-11-04 15:00:00,43.73,43.73,43.58,43.61,1728646
2016-11-04 15:15:00,43.61,43.615,43.495,43.575,1798410
2016-11-04 15:30:00,43.575,43.615,43.56,43.575,1873226
2016-11-04 15:45:00,43.5701,43.59,43.49,43.55,2055618
2016-11-04 16:00:00,43.55,43.57,43.49,43.51,2377511
2016-11-07 09:45:00,44.27,44.27,44.01,44.15,108659
2016-11-07 10:00:00,44.1575,44.18,44.08,44.13,159102
2016-11-07 10:15:00,44.13,44.17,44.11,44.15,209792
2016-11-07 10:30:00,44.145,44.19,44.11,44.185,281641
2016-11-07 10:45:00,44.18,44.25,44.14,44.25,348432
2016-11-07 11:00:00,44.24,44.29,44.22,44.28,420774
2016-11-07 11:15:00,44.2775,44.375,44.275,44.37,510108
2016-11-07 11:30:00,44.365,44.475,44.345,44.44,579292
2016-11-07 11:45:00,44.45,44.5598,44.445,44.55,617752
2016-11-07 12:00:00,44.55,44.575,44.51,44.56,647984
2016-11-07 12:15:00,44.57,44.64,44.52,44.555,734876
2016-11-07 12:30:00,44.55,44.57,44.53,44.55,755993
2016-11-07 12:45:00,44.55,44.57,44.47,44.48,784219
2016-11-07 13:00:00,44.4739,44.535,44.47,44.5,818021
2016-11-07 13:15:00,44.51,44.52,44.44,44.46,847352
2016-11-07 13:30:00,44.46,44.48,44.42,44.455,879558
2016-11-07 13:45:00,44.46,44.52,44.44,44.45,921620
2016-11-07 14:00:00,44.44,44.58,44.44,44.55,1006759
2016-11-07 14:15:00,44.55,44.575,44.51,44.525,1043012
2016-11-07 14:30:00,44.53,44.61,44.52,44.56,1139407
2016-11-07 14:45:00,44.555,44.57,44.49,44.505,1192210
2016-11-07 15:00:00,44.505,44.52,44.45,44.5,1252181
2016-11-07 15:15:00,44.51,44.51,44.45,44.475,1319341
2016-11-07 15:30:00,44.475,44.52,44.455,44.46,1410713
2016-11-07 15:45:00,44.46,44.51,44.4135,44.48,1515281
2016-11-07 16:00:00,44.49,44.67,44.49,44.65,1801606
2016-11-08 09:45:00,44.83,45.03,44.55,44.98,60949
2016-11-08 10:00:00,44.94,44.96,44.74,44.76,103980
2016-11-08 10:15:00,44.76,44.91,44.75,44.91,167889
2016-11-08 10:30:00,44.91,45.01,44.81,44.81,246832
2016-11-08 10:45:00,44.8,44.815,44.735,44.75,275179
2016-11-08 11:00:00,44.75,44.83,44.75,44.82,305006
2016-11-08 11:15:00,44.82,44.87,44.81,44.845,370404
2016-11-08 11:30:00,44.85,44.91,44.795,44.805,422341
2016-11-08 11:45:00,44.79,44.83,44.74,44.75,465172
2016-11-08 12:00:00,44.75,44.7758,44.7437,44.77,493549
2016-11-08 12:15:00,44.77,44.88,44.77,44.86,570906
2016-11-08 12:30:00,44.86,44.87,44.81,44.82,611212
2016-11-08 12:45:00,44.82,44.825,44.77,44.8,622223
2016-11-08 13:00:00,44.81,44.91,44.8039,44.91,652816
2016-11-08 13:15:00,44.91,44.92,44.81,44.88,696802
2016-11-08 13:30:00,44.88,44.89,44.85,44.885,721087
2016-11-08 13:45:00,44.89,44.94,44.86,44.915,778911
2016-11-08 14:00:00,44.91,44.915,44.81,44.82,832366
2016-11-08 14:15:00,44.82,44.88,44.8,44.8,897143
2016-11-08 14:30:00,44.8,44.91,44.78,44.85,950176
2016-11-08 14:45:00,44.855,44.855,44.73,44.73,979037
2016-11-08 15:00:00,44.73,44.73,44.68,44.705,1016085
2016-11-08 15:15:00,44.71,44.725,44.63,44.69,1106360
2016-11-08 15:30:00,44.69,44.7,44.655,44.695,1172642
2016-11-08 15:45:00,44.69,44.74,44.69,44.71,1275111
2016-11-08 16:00:00,44.72,44.76,44.61,44.65,1517516
2016-11-09 09:45:00,44.03,44.2,43.63,43.92,92310
2016-11-09 10:00:00,43.95,44.06,43.81,43.87,192314
2016-11-09 10:15:00,43.89,43.97,43.695,43.82,319438
2016-11-09 10:30:00,43.83,43.84,43.64,43.77,356476
2016-11-09 10:45:00,43.77,43.9,43.68,43.865,394070
2016-11-09 11:00:00,43.85,44.04,43.84,44.035,429928
2016-11-09 11:15:00,44.05,44.1,43.98,44.1,468391
2016-11-09 11:30:00,44.08,44.22,44.07,44.22,508043
2016-11-09 11:45:00,44.21,44.35,44.2,44.33,549505
2016-11-09 12:00:00,44.33,44.42,44.33,44.38,595929
2016-11-09 12:15:00,44.39,44.425,44.3,44.34,670020
2016-11-09 12:30:00,44.32,44.4,44.03,44.36,1052898
2016-11-09 12:45:00,44.35,44.45,44.31,44.38,1081626
2016-11-09 13:00:00,44.38,44.4425,44.31,44.42,1108977
2016-11-09 13:15:00,44.45,44.62,44.4,44.61,1156016
2016-11-09 13:30:00,44.62,44.65,44.52,44.5855,1193214
2016-11-09 13:45:00,44.56,44.82,44.56,44.82,1228770
2016-11-09 14:00:00,44.81,44.87,44.7984,44.829,1265322
2016-11-09 14:15:00,44.83,44.87,44.76,44.81,1313940
2016-11-09 14:30:00,44.81,44.87,44.807,44.8301,1340939
2016-11-09 14:45:00,44.86,45.06,44.83,45.05,1394034
2016-11-09 15:00:00,45.06,45.07,44.97,45.01,1439982
2016-11-09 15:15:00,45.02,45.0999,44.99,45.08,1485831
2016-11-09 15:30:00,45.09,45.184,45.07,45.14,1546919
2016-11-09 15:45:00,45.15,45.18,45.04,45.18,1778648
2016-11-09 16:00:00,45.18,45.19,45.08,45.13,2087518
2016-11-10 09:45:00,45.15,45.62,45.08,45.59,59958
2016-11-10 10:00:00,45.57,45.66,45.53,45.61,98599
2016-11-10 10:15:00,45.62,45.6275,45.23,45.23,155938
2016-11-10 10:30:00,45.24,45.3,45.04,45.08,195271
2016-11-10 10:45:00,45.05,45.1,44.87,45.03,268154
2016-11-10 11:00:00,45.045,45.2,45.02,45.06,321880
2016-11-10 11:15:00,45.03,45.22,44.99,45.09,390750
2016-11-10 11:30:00,45.1,45.26,45.1,45.23,441613
2016-11-10 11:45:00,45.24,45.39,45.155,45.37,491126
2016-11-10 12:00:00,45.35,45.43,45.17,45.17,525722
2016-11-10 12:15:00,45.15,45.325,45.13,45.3,577760
2016-11-10 12:30:00,45.305,45.34,45.215,45.29,619336
2016-11-10 12:45:00,45.275,45.3,45.14,45.175,657832
2016-11-10 13:00:00,45.18,45.305,45.16,45.28,695272
2016-11-10 13:15:00,45.28,45.39,45.245,45.3,731921
2016-11-10 13:30:00,45.29,45.31,45.21,45.25,783709
2016-11-10 13:45:00,45.26,45.32,45.24,45.28,816506
2016-11-10 14:00:00,45.27,45.37,45.26,45.285,851415
2016-11-10 14:15:00,45.27,45.32,45.19,45.19,911592
2016-11-10 14:30:00,45.195,45.22,45.13,45.15,996281
2016-11-10 14:45:00,45.16,45.17,45.04,45.06,1083017
2016-11-10 15:00:00,45.06,45.12,45.01,45.025,1170122
2016-11-10 15:15:00,45.025,45.04,44.93,44.94,1283924
2016-11-10 15:30:00,44.95,44.96,44.89,44.9,1476519
2016-11-10 15:45:00,44.895,44.93,44.82,44.92,1649286
2016-11-10 16:00:00,44.93,44.985,44.86,44.88,1905958
2016-11-11 09:45:00,44.74,45.19,44.73,45.01,68523
2016-11-11 10:00:00,45.03,45.055,44.8,44.82,93808
2016-11-11 10:15:00,44.83,44.87,44.68,44.69,146631
2016-11-11 10:30:00,44.68,44.68,44.54,44.62,204059
2016-11-11 10:45:00,44.63,44.66,44.39,44.56,320221
2016-11-11 11:00:00,44.55,44.57,44.2,44.215,438653
2016-11-11 11:15:00,44.21,44.41,43.955,44.0,643985
2016-11-11 11:30:00,44.01,44.15,43.83,44.075,805886
2016-11-11 11:45:00,44.075,44.15,44.07,44.0825,883783
2016-11-11 12:00:00,44.08,44.195,44.01,44.16,946734
2016-11-11 12:15:00,44.16,44.34,44.15,44.32,995221
2016-11-11 12:30:00,44.31,44.38,44.26,44.36,1043936
2016-11-11 12:45:00,44.35,44.44,44.34,44.4,1071050
2016-11-11 13:00:00,44.39,44.41,44.3,44.32,1093438
2016-11-11 13:15:00,44.34,44.34,44.27,44.33,1133561
2016-11-11 13:30:00,44.33,44.39,44.27,44.34,1175068
2016-11-11 13:45:00,44.36,44.39,44.31,44.3749,1215290
2016-11-11 14:00:00,44.374,44.38,44.24,44.2552,1245206
2016-11-11 14:15:00,44.24,44.3,44.23,44.295,1292330
2016-11-11 14:30:00,44.29,44.32,44.17,44.17,1584910
2016-11-11 14:45:00,44.16,44.22,44.12,44.2,1639270
2016-11-11 15:00:00,44.19,44.19,43.98,44.02,1735728
2016-11-11 15:15:00,44.025,44.12,43.99,44.1,1799005
2016-11-11 15:30:00,44.1,44.11,43.99,44.05,1968927
2016-11-11 15:45:00,44.05,44.07,43.98,43.99,2135483
2016-11-11 16:00:00,44.0,44.13,43.995,44.08,2494972
2016-11-14 09:45:00,44.05,44.05,43.81,43.98,47882
2016-11-14 10:00:00,44.02,44.16,43.87,43.87,90954
2016-11-14 10:15:00,43.91,44.06,43.91,44.03,161754
2016-11-14 10:30:00,44.03,44.1,43.985,44.04,246774
2016-11-14 10:45:00,44.03,44.05,43.935,43.95,278265
2016-11-14 11:00:00,43.94,43.99,43.9,43.97,309440
2016-11-14 11:15:00,43.95,43.99,43.89,43.94,447435
2016-11-14 11:30:00,43.94,43.95,43.87,43.9,566019
2016-11-14 11:45:00,43.89,43.9,43.7,43.75,706331
2016-11-14 12:00:00,43.75,43.77,43.7,43.75,748849
2016-11-14 12:15:00,43.75,43.755,43.64,43.64,795754
2016-11-14 12:30:00,43.64,43.65,43.31,43.33,1201592
2016-11-14 12:45:00,43.325,43.54,43.31,43.5075,1331910
2016-11-14 13:00:00,43.52,43.58,43.42,43.51,1450534
2016-11-14 13:15:00,43.52,43.65,43.49,43.6,1595099
2016-11-14 13:30:00,43.63,43.7,43.6,43.66,1684321
2016-11-14 13:45:00,43.66,43.7,43.56,43.57,1766565
2016-11-14 14:00:00,43.57,43.58,43.48,43.515,1818449
2016-11-14 14:15:00,43.525,43.58,43.4,43.49,2007877
2016-11-14 14:30:00,43.49,43.56,43.4,43.4,2136060
2016-11-14 14:45:00,43.405,43.5,43.395,43.4,2406158
2016-11-14 15:00:00,43.405,43.44,43.38,43.395,2817491
2016-11-14 15:15:00,43.395,43.44,43.365,43.3872,2999646
2016-11-14 15:30:00,43.39,43.4,43.13,43.14,3310018
2016-11-14 15:45:00,43.14,43.2,43.065,43.07,3758947
2016-11-14 16:00:00,43.07,43.13,43.01,43.04,4537730
2016-11-15 09:45:00,43.07,43.19,42.74,42.79,138191
2016-11-15 10:00:00,42.79,43.185,42.74,43.14,236240
2016-11-15 10:15:00,43.14,43.29,43.06,43.29,390060
2016-11-15 10:30:00,43.29,43.41,43.04,43.4,771918
2016-11-15 10:45:00,43.405,43.41,43.28,43.3,873706
2016-11-15 11:00:00,43.29,43.36,43.18,43.28,978140
2016-11-15 11:15:00,43.29,43.29,43.19,43.25,1067242
2016-11-15 11:30:00,43.25,43.27,43.16,43.215,1203893
2016-11-15 11:45:00,43.22,43.285,43.185,43.27,1338559
2016-11-15 12:00:00,43.27,43.38,43.205,43.35,1456525
2016-11-15 12:15:00,43.35,43.41,43.3,43.32,1564126
2016-11-15 12:30:00,43.305,43.4,43.29,43.35,1638501
2016-11-15 12:45:00,43.34,43.37,43.28,43.3,1721077
2016-11-15 13:00:00,43.3,43.39,43.26,43.26,1838845
2016-11-15 13:15:00,43.27,43.39,43.255,43.365,1921459
2016-11-15 13:30:00,43.38,43.4,43.33,43.37,2006197
2016-11-15 13:45:00,43.38,43.45,43.37,43.39,2084502
2016-11-15 14:00:00,43.4,43.45,43.39,43.43,2169726
2016-11-15 14:15:00,43.42,43.47,43.4,43.415,2267774
2016-11-15 14:30:00,43.41,43.43,43.37,43.385,2384825
2016-11-15 14:45:00,43.385,43.43,43.36,43.425,2556744
2016-11-15 15:00:00,43.42,43.45,43.35,43.405,2774962
2016-11-15 15:15:00,43.4,43.46,43.375,43.43,2958222
2016-11-15 15:30:00,43.44,43.44,43.38,43.44,3047340
2016-11-15 15:45:00,43.43,43.58,43.42,43.54,3195288
2016-11-15 16:00:00,43.53,43.58,43.51,43.58,3585015
2016-11-16 09:45:00,44.51,45.27,44.23,45.25,400421
2016-11-16 10:00:00,45.28,45.32,44.73,44.83,661597
2016-11-16 10:15:00,44.82,44.9,44.56,44.58,859647
2016-11-16 10:30:00,44.585,44.84,44.57,44.8,995491
2016-11-16 10:45:00,44.8,44.88,44.745,44.87,1108490
2016-11-16 11:00:00,44.88,44.91,44.78,44.855,1248761
2016-11-16 11:15:00,44.855,44.89,44.645,44.73,1402165
2016-11-16 11:30:00,44.73,44.76,44.68,44.76,1470722
2016-11-16 11:45:00,44.75,44.75,44.65,44.65,1547260
2016-11-16 12:00:00,44.65,44.725,44.65,44.67,1652276
2016-11-16 12:15:00,44.66,44.765,44.66,44.68,1712484
2016-11-16 12:30:00,44.68,44.7,44.64,44.66,1778206
2016-11-16 12:45:00,44.66,44.72,44.66,44.695,1837501
2016-11-16 13:00:00,44.69,44.74,44.67,44.74,1887882
2016-11-16 13:15:00,44.745,44.78,44.68,44.73,1974253
2016-11-16 13:30:00,44.73,44.76,44.69,44.69,2062321
2016-11-16 13:45:00,44.7,44.76,44.67,44.69,2110506
2016-11-16 14:00:00,44.7,44.74,44.67,44.68,2161309
2016-11-16 14:15:00,44.68,44.705,44.61,44.64,2312257
2016-11-16 14:30:00,44.63,44.64,44.57,44.6,2379369
2016-11-16 14:45:00,44.6,44.61,44.54,44.54,2451794
2016-11-16 15:00:00,44.55,44.55,44.39,44.4,2504786
2016-11-16 15:15:00,44.395,44.53,44.395,44.5,2591858
2016-11-16 15:30:00,44.5,44.52,44.48,44.48,2661180
2016-11-16 15:45:00,44.485,44.55,44.45,44.52,2789643
2016-11-16 16:00:00,44.53,44.65,44.49,44.65,3117469
2016-11-17 09:45:00,44.09,44.09,43.51,43.89,160573
2016-11-17 10:00:00,43.89,43.98,43.77,43.84,249480
2016-11-17 10:15:00,43.85,43.875,43.73,43.8,333849
2016-11-17 10:30:00,43.8,43.86,43.75,43.815,385297
2016-11-17 10:45:00,43.815,43.86,43.78,43.805,630708
2016-11-17 11:00:00,43.8,43.86,43.72,43.8,693044
2016-11-17 11:15:00,43.81,43.87,43.79,43.8,784284
2016-11-17 11:30:00,43.795,43.85,43.75,43.78,843914
2016-11-17 11:45:00,43.8,43.82,43.75,43.7862,901555
2016-11-17 12:00:00,43.79,43.865,43.785,43.85,953524
2016-11-17 12:15:00,43.85,43.925,43.84,43.91,1015782
2016-11-17 12:30:00,43.92,44.109,43.88,44.08,1149108
2016-11-17 12:45:00,44.08,44.1,43.96,44.01,1290936
2016-11-17 13:00:00,44.0,44.02,43.94,44.0,1342306
2016-11-17 13:15:00,43.995,44.04,43.96,44.0,1400281
2016-11-17 13:30:00,43.995,44.03,43.945,44.0,1440960
2016-11-17 13:45:00,44.0,44.0221,43.98,44.02,1476738
2016-11-17 14:00:00,44.015,44.015,43.9,43.915,1536645
2016-11-17 14:15:00,43.915,43.94,43.88,43.91,1585101
2016-11-17 14:30:00,43.9,43.94,43.89,43.91,1627924
2016-11-17 14:45:00,43.91,43.93,43.82,43.84,1677743
2016-11-17 15:00:00,43.84,43.89,43.82,43.85,1825050
2016-11-17 15:15:00,43.85,43.9,43.83,43.85,1965956
2016-11-17 15:30:00,43.84,43.87,43.8,43.82,2650583
2016-11-17 15:45:00,43.82,43.909,43.82,43.835,2810771
2016-11-17 16:00:00,43.835,43.855,43.68,43.72,3342308
2016-11-18 09:45:00,43.27,43.495,43.26,43.29,131133
2016-11-18 10:00:00,43.29,43.36,43.2,43.21,189137
2016-11-18 10:15:00,43.2,43.24,43.17,43.17,250596
2016-11-18 10:30:00,43.165,43.165,42.98,42.985,340515
2016-11-18 10:45:00,42.99,43.02,42.89,42.93,410203
2016-11-18 11:00:00,42.93,42.96,42.855,42.88,464689
2016-11-18 11:15:00,42.87,42.885,42.79,42.835,525799
2016-11-18 11:30:00,42.835,42.85,42.77,42.79,645595
2016-11-18 11:45:00,42.795,42.965,42.7949,42.85,731523
2016-11-18 12:00:00,42.845,42.845,42.72,42.725,833820
2016-11-18 12:15:00,42.735,42.78,42.71,42.745,902208
2016-11-18 12:30:00,42.75,42.75,42.25,42.5,4361348
2016-11-18 12:45:00,42.5,42.615,42.42,42.5,5068501
2016-11-18 13:00:00,42.5,42.62,42.48,42.62,5478836
2016-11-18 13:15:00,42.63,42.67,42.59,42.66,5610336
2016-11-18 13:30:00,42.66,42.75,42.61,42.74,5799061
2016-11-18 13:45:00,42.74,42.8,42.705,42.77,5925533
2016-11-18 14:00:00,42.76,42.79,42.6,42.645,6065174
2016-11-18 14:15:00,42.65,42.78,42.65,42.78,6174711
2016-11-18 14:30:00,42.77,42.82,42.69,42.79,6359052
2016-11-18 14:45:00,42.79,42.81,42.76,42.8,6470384
2016-11-18 15:00:00,42.795,42.805,42.765,42.785,6553442
2016-11-18 15:15:00,42.785,42.785,42.68,42.68,6658265
2016-11-18 15:30:00,42.69,42.73,42.68,42.71,6765221
2016-11-18 15:45:00,42.7,42.79,42.69,42.77,6910168
2016-11-18 16:00:00,42.77,42.77,42.6,42.65,7552561
2016-11-21 09:45:00,42.6,42.8,42.33,42.69,88456
2016-11-21 10:00:00,42.7,42.8,42.7,42.74,120850
2016-11-21 10:15:00,42.75,42.85,42.71,42.85,247753
2016-11-21 10:30:00,42.86,43.01,42.81,42.86,312641
2016-11-21 10:45:00,42.86,42.93,42.82,42.865,403079
2016-11-21 11:00:00,42.86,42.94,42.845,42.86,445183
2016-11-21 11:15:00,42.87,42.88,42.75,42.79,511799
2016-11-21 11:30:00,42.79,42.814,42.725,42.81,597125
2016-11-21 11:45:00,42.81,42.83,42.78,42.79,641511
2016-11-21 12:00:00,42.795,42.82,42.78,42.805,687381
2016-11-21 12:15:00,42.81,42.81,42.76,42.76,731780
2016-11-21 12:30:00,42.77,42.8,42.74,42.745,773820
2016-11-21 12:45:00,42.745,42.84,42.7,42.84,813632
2016-11-21 13:00:00,42.84,42.84,42.74,42.78,859289
2016-11-21 13:15:00,42.78,42.86,42.7525,42.83,940734
2016-11-21 13:30:00,42.82,42.82,42.73,42.75,979834
2016-11-21 13:45:00,42.75,42.77,42.735,42.76,1002945
2016-11-21 14:00:00,42.77,42.77,42.65,42.66,1048647
2016-11-21 14:15:00,42.64,42.67,42.62,42.67,1091190
2016-11-21 14:30:00,42.669,42.69,42.65,42.665,1133478
2016-11-21 14:45:00,42.66,42.66,42.5866,42.5866,1193528
2016-11-21 15:00:00,42.58,42.61,42.51,42.52,1269599
2016-11-21 15:15:00,42.51,42.54,42.48,42.48,1332516
2016-11-21 15:30:00,42.48,42.48,42.42,42.455,1423766
2016-11-21 15:45:00,42.45,42.55,42.42,42.535,1632082
2016-11-21 16:00:00,42.54,42.6,42.51,42.58,1921704
2016-11-22 09:45:00,42.74,42.74,42.5,42.6099,207142
2016-11-22 10:00:00,42.59,42.61,42.5,42.54,252967
2016-11-22 10:15:00,42.56,42.56,42.41,42.51,328440
2016-11-22 10:30:00,42.5,42.605,42.34,42.355,405593
2016-11-22 10:45:00,42.35,42.52,42.325,42.49,495762
2016-11-22 11:00:00,42.47,42.55,42.41,42.49,628486
2016-11-22 11:15:00,42.5,42.69,42.485,42.6,780768
2016-11-22 11:30:00,42.6,42.71,42.59,42.6019,907360
2016-11-22 11:45:00,42.61,42.68,42.6,42.66,998594
2016-11-22 12:00:00,42.66,42.67,42.57,42.63,1238867
2016-11-22 12:15:00,42.63,42.76,42.6,42.72,1406064
2016-11-22 12:30:00,42.72,42.73,42.66,42.72,1474571
2016-11-22 12:45:00,42.73,42.73,42.59,42.61,1531949
2016-11-22 13:00:00,42.61,42.63,42.555,42.62,1581441
2016-11-22 13:15:00,42.63,42.665,42.58,42.625,1645374
2016-11-22 13:30:00,42.62,42.73,42.6102,42.705,1722664
2016-11-22 13:45:00,42.7,42.76,42.7,42.7145,1772809
2016-11-22 14:00:00,42.73,42.74,42.7075,42.715,1833941
2016-11-22 14:15:00,42.715,42.72,42.63,42.665,1908800
2016-11-22 14:30:00,42.665,42.695,42.635,42.685,2011108
2016-11-22 14:45:00,42.685,42.755,42.65,42.75,2103170
2016-11-22 15:00:00,42.745,42.77,42.69,42.76,2201754
2016-11-22 15:15:00,42.76,42.795,42.75,42.79,2291029
2016-11-22 15:30:00,42.7841,42.98,42.78,42.975,2431880
2016-11-22 15:45:00,42.97,42.975,42.91,42.92,2601530
2016-11-22 16:00:00,42.92,43.0,42.89,42.895,2968784
2016-11-23 09:45:00,42.93,43.05,42.7,42.88,60163
2016-11-23 10:00:00,42.87,42.91,42.76,42.84,88976
2016-11-23 10:15:00,42.84,43.03,42.83,42.885,153728
2016-11-23 10:30:00,42.88,42.935,42.87,42.89,229179
2016-11-23 10:45:00,42.89,42.95,42.89,42.92,272776
2016-11-23 11:00:00,42.925,43.01,42.89,42.98,330430
2016-11-23 11:15:00,42.97,43.005,42.91,43.0,409146
2016-11-23 11:30:00,43.0,43.0,42.95,42.975,432778
2016-11-23 11:45:00,42.98,43.03,42.975,43.0,460117
2016-11-23 12:00:00,43.01,43.02,42.98,43.02,491459
2016-11-23 12:15:00,43.0199,43.02,42.93,42.94,613833
2016-11-23 12:30:00,42.93,42.99,42.92,42.99,630996
2016-11-23 12:45:00,42.99,43.04,42.99,43.025,666257
2016-11-23 13:00:00,43.02,43.05,42.981,43.03,727346
2016-11-23 13:15:00,43.03,43.06,43.03,43.05,753715
2016-11-23 13:30:00,43.05,43.07,43.01,43.01,781707
2016-11-23 13:45:00,43.01,43.04,42.9847,43.035,819797
2016-11-23 14:00:00,43.03,43.035,42.97,42.97,868714
2016-11-23 14:15:00,42.97,43.0,42.95,42.98,896683
2016-11-23 14:30:00,42.975,43.03,42.97,43.02,928324
2016-11-23 14:45:00,43.02,43.03,42.98,43.01,967274
2016-11-23 15:00:00,43.01,43.03,42.99,43.0,1010656
2016-11-23 15:15:00,43.0,43.12,42.99,43.12,1116429
2016-11-23 15:30:00,43.12,43.23,43.12,43.21,1209151
2016-11-23 15:45:00,43.22,43.22,43.13,43.14,1304296
2016-11-23 16:00:00,43.15,43.19,43.11,43.12,1499990
2016-11-25 09:45:00,43.33,43.35,43.05,43.08,47816
2016-11-25 10:00:00,43.085,43.2,43.08,43.13,74716
2016-11-25 10:15:00,43.1307,43.37,43.118,43.35,158735
2016-11-25 10:30:00,43.35,43.53,43.35,43.515,199650
2016-11-25 10:45:00,43.515,43.575,43.45,43.56,260749
2016-11-25 11:00:00,43.56,43.73,43.56,43.71,388382
2016-11-25 11:15:00,43.71,43.89,43.66,43.89,520726
2016-11-25 11:30:00,43.885,43.93,43.73,43.765,588734
2016-11-25 11:45:00,43.76,43.78,43.68,43.7,622397
2016-11-25 12:00:00,43.7,43.81,43.69,43.74,703457
2016-11-25 12:15:00,43.7307,43.7307,43.61,43.643,774460
2016-11-25 12:30:00,43.645,43.65,43.5,43.51,828078
2016-11-25 12:45:00,43.51,43.515,43.34,43.34,932024
2016-11-25 13:00:00,43.345,43.4,43.29,43.3707,1073244
2016-11-25 13:15:00,43.4,43.4,43.4,43.4,1174378
2016-11-25 13:30:00,43.4,43.4,43.4,43.4,1174761
2016-11-25 13:45:00,43.4,43.4,43.4,43.4,1175640
2016-11-28 09:45:00,43.4,43.58,43.28,43.45,84233
2016-11-28 10:00:00,43.46,43.7,43.45,43.5,139629
2016-11-28 10:15:00,43.49,43.55,43.37,43.3701,182376
2016-11-28 10:30:00,43.39,43.41,43.25,43.31,236614
2016-11-28 10:45:00,43.3,43.42,43.3,43.38,292655
2016-11-28 11:00:00,43.38,43.43,43.28,43.28,392949
2016-11-28 11:15:00,43.275,43.375,43.26,43.37,442530
2016-11-28 11:30:00,43.37,43.49,43.36,43.47,505302
2016-11-28 11:45:00,43.47,43.575,43.46,43.575,545453
2016-11-28 12:00:00,43.58,43.62,43.55,43.6,586004
2016-11-28 12:15:00,43.61,43.69,43.6,43.65,636745
2016-11-28 12:30:00,43.65,43.74,43.6165,43.69,697038
2016-11-28 12:45:00,43.69,43.73,43.55,43.58,764589
2016-11-28 13:00:00,43.58,43.59,43.46,43.46,806826
2016-11-28 13:15:00,43.47,43.56,43.46,43.495,877818
2016-11-28 13:30:00,43.495,43.53,43.49,43.5,924239
2016-11-28 13:45:00,43.51,43.56,43.5,43.55,969616
2016-11-28 14:00:00,43.55,43.57,43.53,43.56,1000363
2016-11-28 14:15:00,43.55,43.56,43.5,43.5,1043529
2016-11-28 14:30:00,43.49,43.491,43.45,43.47,1099166
2016-11-28 14:45:00,43.4665,43.47,43.435,43.46,1135253
2016-11-28 15:00:00,43.45,43.51,43.42,43.5,1189438
2016-11-28 15:15:00,43.51,43.56,43.5,43.545,1253359
2016-11-28 15:30:00,43.545,43.55,43.46,43.46,1339438
2016-11-28 15:45:00,43.47,43.505,43.4,43.43,1551381
2016-11-28 16:00:00,43.44,43.45,43.38,43.43,1842942
2016-11-29 09:45:00,43.5,43.61,43.41,43.45,29901
2016-11-29 10:00:00,43.47,43.485,43.41,43.45,145728
2016-11-29 10:15:00,43.455,43.46,43.29,43.305,172458
2016-11-29 10:30:00,43.31,43.37,43.27,43.37,200747
2016-11-29 10:45:00,43.37,43.39,43.29,43.36,251590
2016-11-29 11:00:00,43.35,43.41,43.345,43.36,282882
2016-11-29 11:15:00,43.36,43.41,43.35,43.36,305251
2016-11-29 11:30:00,43.36,43.43,43.34,43.4,352899
2016-11-29 11:45:00,43.395,43.46,43.395,43.42,382467
2016-11-29 12:00:00,43.42,43.43,43.375,43.4,415790
2016-11-29 12:15:00,43.4,43.43,43.36,43.42,438397
2016-11-29 12:30:00,43.425,43.43,43.405,43.43,455433
2016-11-29 12:45:00,43.415,43.44,43.405,43.4301,477953
2016-11-29 13:00:00,43.435,43.49,43.435,43.485,495116
2016-11-29 13:15:00,43.49,43.49,43.43,43.46,534562
2016-11-29 13:30:00,43.46,43.46,43.385,43.43,599098
2016-11-29 13:45:00,43.43,43.44,43.41,43.43,619957
2016-11-29 14:00:00,43.43,43.455,43.4,43.406,666336
2016-11-29 14:15:00,43.4,43.429,43.37,43.41,740991
2016-11-29 14:30:00,43.41,43.41,43.37,43.4,815317
2016-11-29 14:45:00,43.39,43.45,43.355,43.45,963065
2016-11-29 15:00:00,43.445,43.45,43.405,43.43,1051729
2016-11-29 15:15:00,43.43,43.46,43.35,43.36,1158945
2016-11-29 15:30:00,43.36,43.51,43.355,43.44,1259068
2016-11-29 15:45:00,43.44,43.45,43.38,43.39,1445834
2016-11-29 16:00:00,43.38,43.41,43.34,43.41,1600610
2016-11-30 09:45:00,43.4,43.56,43.4,43.47,117860
2016-11-30 10:00:00,43.46,43.49,43.28,43.28,184483
2016-11-30 10:15:00,43.301,43.38,43.26,43.3,363766
2016-11-30 10:30:00,43.29,43.32,43.25,43.28,481913
2016-11-30 10:45:00,43.29,43.37,43.27,43.31,522394
2016-11-30 11:00:00,43.31,43.355,43.29,43.33,574667
2016-11-30 11:15:00,43.33,43.4,43.315,43.375,827610
2016-11-30 11:30:00,43.38,43.4,43.32,43.34,882103
2016-11-30 11:45:00,43.35,43.37,43.295,43.35,960818
2016-11-30 12:00:00,43.35,43.37,43.3,43.32,1065884
2016-11-30 12:15:00,43.32,43.36,43.31,43.34,1120914
2016-11-30 12:30:00,43.34,43.39,43.34,43.36,1161602
2016-11-30 12:45:00,43.35,43.365,43.33,43.335,1192857
2016-11-30 13:00:00,43.33,43.36,43.315,43.335,1218324
2016-11-30 13:15:00,43.34,43.41,43.335,43.41,1256268
2016-11-30 13:30:00,43.4,43.445,43.3941,43.395,1284875
2016-11-30 13:45:00,43.4,43.42,43.37,43.37,1314815
2016-11-30 14:00:00,43.38,43.415,43.365,43.37,1347277
2016-11-30 14:15:00,43.365,43.405,43.34,43.4,1438896
2016-11-30 14:30:00,43.4,43.4,43.33,43.359,1542190
2016-11-30 14:45:00,43.35,43.39,43.35,43.35,1586951
2016-11-30 15:00:00,43.355,43.37,43.33,43.34,1652001
2016-11-30 15:15:00,43.34,43.35,43.19,43.215,1734345
2016-11-30 15:30:00,43.215,43.25,43.19,43.19,1813677
2016-11-30 15:45:00,43.19,43.21,43.145,43.2,1931880
2016-11-30 16:00:00,43.2,43.22,43.1,43.11,2298180
2016-12-01 09:45:00,43.2,43.28,42.73,42.86,81447
2016-12-01 10:00:00,42.85,42.87,42.44,42.6597,145596
2016-12-01 10:15:00,42.63,42.64,42.36,42.37,201654
2016-12-01 10:30:00,42.36,42.42,42.25,42.27,333920
2016-12-01 10:45:00,42.26,42.3,42.22,42.26,515916
2016-12-01 11:00:00,42.26,42.28,42.21,42.25,599558
2016-12-01 11:15:00,42.25,42.25,42.04,42.075,684553
2016-12-01 11:30:00,42.075,42.11,42.015,42.085,798215
2016-12-01 11:45:00,42.08,42.15,42.075,42.08,893036
2016-12-01 12:00:00,42.085,42.13,42.04,42.075,1000948
2016-12-01 12:15:00,42.08,42.1,42.01,42.01,1050644
2016-12-01 12:30:00,42.01,42.04,41.86,41.86,1123994
2016-12-01 12:45:00,41.86,41.96,41.85,41.875,1172899
2016-12-01 13:00:00,41.875,41.96,41.87,41.94,1238212
2016-12-01 13:15:00,41.93,41.995,41.915,41.945,1307667
2016-12-01 13:30:00,41.945,41.99,41.94,41.985,1364035
2016-12-01 13:45:00,41.985,42.06,41.98,42.0,1414980
2016-12-01 14:00:00,42.0,42.0,41.95,41.99,1467429
2016-12-01 14:15:00,41.98,42.03,41.955,42.03,1533759
2016-12-01 14:30:00,42.03,42.08,42.01,42.02,1584601
2016-12-01 14:45:00,42.01,42.11,42.0,42.06,1687663
2016-12-01 15:00:00,42.06,42.09,42.0,42.04,1787002
2016-12-01 15:15:00,42.03,42.04,41.97,41.99,1855413
2016-12-01 15:30:00,41.99,42.01,41.94,41.96,1986082
2016-12-01 15:45:00,41.96,42.06,41.96,42.05,2160156
2016-12-01 16:00:00,42.05,42.12,42.03,42.11,2489636
2016-12-02 09:45:00,42.3,42.42,42.06,42.34,44526
2016-12-02 10:00:00,42.34,42.39,42.22,42.36,71799
2016-12-02 10:15:00,42.38,42.41,42.3,42.31,184374
2016-12-02 10:30:00,42.32,42.37,42.26,42.31,221559
2016-12-02 10:45:00,42.33,42.33,42.25,42.27,266443
2016-12-02 11:00:00,42.28,42.31,42.22,42.28,292181
2016-12-02 11:15:00,42.28,42.37,42.275,42.3,391178
2016-12-02 11:30:00,42.3,42.49,42.3,42.42,467298
2016-12-02 11:45:00,42.42,42.525,42.42,42.48,809920
2016-12-02 12:00:00,42.47,42.47,42.39,42.4,836417
2016-12-02 12:15:00,42.4,42.4,42.3,42.33,871107
2016-12-02 12:30:00,42.33,42.35,42.28,42.28,895423
2016-12-02 12:45:00,42.28,42.3,42.245,42.245,927655
2016-12-02 13:00:00,42.24,42.28,42.2,42.2,991310
2016-12-02 13:15:00,42.2,42.21,42.105,42.105,1023467
2016-12-02 13:30:00,42.11,42.12,42.03,42.06,1177861
2016-12-02 13:45:00,42.05,42.11,42.01,42.09,1260181
2016-12-02 14:00:00,42.08,42.15,42.07,42.12,1308413
2016-12-02 14:15:00,42.12,42.13,42.09,42.11,1335324
2016-12-02 14:30:00,42.105,42.13,42.09,42.1,1362958
2016-12-02 14:45:00,42.12,42.12,42.05,42.115,1520017
2016-12-02 15:00:00,42.11,42.15,42.075,42.1,1562101
2016-12-02 15:15:00,42.1,42.17,42.07,42.09,1679830
2016-12-02 15:30:00,42.085,42.11,42.04,42.0701,1767860
2016-12-02 15:45:00,42.075,42.15,42.055,42.13,1892699
2016-12-02 16:00:00,42.13,42.135,42.04,42.08,2171606
2016-12-05 09:45:00,42.42,42.72,42.41,42.66,104056
2016-12-05 10:00:00,42.7,43.17,42.69,43.16,298237
2016-12-05 10:15:00,43.16,43.16,42.96,42.99,416668
2016-12-05 10:30:00,42.99,43.005,42.89,42.9,485284
2016-12-05 10:45:00,42.91,42.93,42.8,42.885,608383
2016-12-05 11:00:00,42.89,42.91,42.705,42.73,702379
2016-12-05 11:15:00,42.73,42.74,42.55,42.63,861279
2016-12-05 11:30:00,42.625,42.65,42.555,42.62,972787
2016-12-05 11:45:00,42.62,42.84,42.615,42.8,1308170
2016-12-05 12:00:00,42.8,42.805,42.68,42.7,1472637
2016-12-05 12:15:00,42.7,42.74,42.63,42.67,1649977
2016-12-05 12:30:00,42.66,42.7,42.45,42.535,1885624
2016-12-05 12:45:00,42.54,42.575,42.44,42.55,2065756
2016-12-05 13:00:00,42.5526,42.595,42.53,42.565,2205200
2016-12-05 13:15:00,42.565,42.66,42.5,42.64,2460888
2016-12-05 13:30:00,42.635,42.67,42.44,42.57,2747804
2016-12-05 13:45:00,42.57,42.6,42.49,42.5,2793394
2016-12-05 14:00:00,42.51,42.52,42.43,42.44,2852445
2016-12-05 14:15:00,42.44,42.47,42.41,42.45,2926199
2016-12-05 14:30:00,42.445,42.45,42.37,42.389,3003226
2016-12-05 14:45:00,42.39,42.41,42.34,42.4,3126908
2016-12-05 15:00:00,42.405,42.42,42.39,42.415,3232084
2016-12-05 15:15:00,42.42,42.45,42.4,42.4,3388697
2016-12-05 15:30:00,42.41,42.44,42.4,42.43,3562213
2016-12-05 15:45:00,42.425,42.425,42.305,42.36,3891143
2016-12-05 16:00:00,42.35,42.41,42.32,42.41,4511712
2016-12-06 09:45:00,42.29,42.57,42.24,42.25,101384
2016-12-06 10:00:00,42.25,42.28,42.17,42.18,132070
2016-12-06 10:15:00,42.175,42.24,42.125,42.14,199254
2016-12-06 10:30:00,42.13,42.14,41.995,42.0201,403574
2016-12-06 10:45:00,42.02,42.37,42.0,42.28,631810
2016-12-06 11:00:00,42.29,42.32,42.19,42.23,734896
2016-12-06 11:15:00,42.23,42.25,41.99,42.12,1047258
2016-12-06 11:30:00,42.125,42.18,42.1,42.18,1252275
2016-12-06 11:45:00,42.175,42.2599,42.17,42.25,1326051
2016-12-06 12:00:00,42.25,42.32,42.215,42.315,1398926
2016-12-06 12:15:00,42.32,42.3899,42.29,42.29,1462276
2016-12-06 12:30:00,42.3,42.315,42.24,42.3,1525107
2016-12-06 12:45:00,42.295,42.32,42.26,42.28,1570596
2016-12-06 13:00:00,42.29,42.3,42.225,42.23,1649665
2016-12-06 13:15:00,42.24,42.25,42.19,42.2,1758149
2016-12-06 13:30:00,42.21,42.21,42.08,42.155,1929156
2016-12-06 13:45:00,42.15,42.18,42.1,42.155,2051510
2016-12-06 14:00:00,42.16,42.29,42.142,42.255,2113193
2016-12-06 14:15:00,42.255,42.28,42.2,42.24,2189999
2016-12-06 14:30:00,42.24,42.275,42.205,42.26,2252959
2016-12-06 14:45:00,42.26,42.32,42.2134,42.32,2334759
2016-12-06 15:00:00,42.32,42.39,42.31,42.315,2425328
2016-12-06 15:15:00,42.315,42.32,42.2,42.24,2790334
2016-12-06 15:30:00,42.24,42.28,42.225,42.27,3009182
2016-12-06 15:45:00,42.28,42.38,42.27,42.36,3210518
2016-12-06 16:00:00,42.365,42.42,42.34,42.395,3689314
2016-12-07 09:45:00,42.38,42.54,42.33,42.47,63089
2016-12-07 10:00:00,42.5,42.61,42.49,42.57,305878
2016-12-07 10:15:00,42.56,42.73,42.55,42.66,443193
2016-12-07 10:30:00,42.66,42.94,42.64,42.85,568611
2016-12-07 10:45:00,42.85,43.06,42.71,43.05,701648
2016-12-07 11:00:00,43.05,43.05,42.82,42.85,778743
2016-12-07 11:15:00,42.8526,42.91,42.75,42.785,845622
2016-12-07 11:30:00,42.79,42.79,42.61,42.61,926206
2016-12-07 11:45:00,42.62,42.74,42.62,42.74,1015067
2016-12-07 12:00:00,42.73,42.79,42.72,42.75,1059459
2016-12-07 12:15:00,42.76,42.78,42.74,42.745,1235498
2016-12-07 12:30:00,42.745,42.765,42.725,42.74,1336502
2016-12-07 12:45:00,42.745,42.79,42.73,42.77,1398195
2016-12-07 13:00:00,42.775,42.92,42.73,42.91,1549435
2016-12-07 13:15:00,42.93,43.01,42.9,42.9,1612680
2016-12-07 13:30:00,42.91,42.97,42.81,42.9,1711870
2016-12-07 13:45:00,42.905,43.03,42.905,42.995,1754694
2016-12-07 14:00:00,42.99,43.14,42.99,43.12,1812911
2016-12-07 14:15:00,43.12,43.17,43.08,43.15,1907801
2016-12-07 14:30:00,43.15,43.205,43.14,43.19,1994484
2016-12-07 14:45:00,43.19,43.385,43.19,43.37,2087798
2016-12-07 15:00:00,43.375,43.47,43.33,43.47,2224972
2016-12-07 15:15:00,43.465,43.51,43.33,43.375,2370913
2016-12-07 15:30:00,43.37,43.42,43.345,43.38,2524631
2016-12-07 15:45:00,43.385,43.42,43.34,43.42,2740187
2016-12-07 16:00:00,43.415,43.43,43.33,43.4,3234799
2016-12-08 09:45:00,41.19,42.24,41.0,41.4,605068
2016-12-08 10:00:00,41.43,41.61,41.4,41.48,806425
2016-12-08 10:15:00,41.47,41.71,41.35,41.7,1021126
2016-12-08 10:30:00,41.7,41.71,41.49,41.57,1311624
2016-12-08 10:45:00,41.58,41.965,41.56,41.93,1640896
2016-12-08 11:00:00,41.935,41.94,41.73,41.87,1977082
2016-12-08 11:15:00,41.88,42.01,41.83,41.99,2293605
2016-12-08 11:30:00,42.0,42.15,41.95,42.1,2558920
2016-12-08 11:45:00,42.11,42.29,42.09,42.28,2703471
2016-12-08 12:00:00,42.27,42.28,42.095,42.14,2825601
2016-12-08 12:15:00,42.14,42.16,42.115,42.13,2890058
2016-12-08 12:30:00,42.139,42.2,42.105,42.15,3189247
2016-12-08 12:45:00,42.15,42.32,42.13,42.22,3395844
2016-12-08 13:00:00,42.23,42.31,42.18,42.22,3449035
2016-12-08 13:15:00,42.215,42.26,42.13,42.215,3572344
2016-12-08 13:30:00,42.22,42.22,42.131,42.1825,3624304
2016-12-08 13:45:00,42.184,42.285,42.145,42.28,3713917
2016-12-08 14:00:00,42.28,42.36,42.27,42.28,3761700
2016-12-08 14:15:00,42.27,42.295,42.19,42.25,3964800
2016-12-08 14:30:00,42.25,42.2578,42.11,42.13,4065719
2016-12-08 14:45:00,42.125,42.14,42.0,42.07,4204058
2016-12-08 15:00:00,42.07,42.14,42.03,42.09,4289589
2016-12-08 15:15:00,42.095,42.095,41.96,41.975,4626505
2016-12-08 15:30:00,41.975,41.975,41.83,41.88,4789380
2016-12-08 15:45:00,41.875,42.01,41.875,41.97,4980896
2016-12-08 16:00:00,41.98,42.02,41.95,41.99,5620401
2016-12-09 09:45:00,41.82,42.15,41.5,42.14,178422
2016-12-09 10:00:00,42.14,42.24,42.06,42.06,307026
2016-12-09 10:15:00,42.055,42.18,42.045,42.1295,502393
2016-12-09 10:30:00,42.11,42.23,42.07,42.195,562444
2016-12-09 10:45:00,42.2,42.7,42.195,42.675,706573
2016-12-09 11:00:00,42.675,42.705,42.59,42.625,823311
2016-12-09 11:15:00,42.63,42.7,42.56,42.65,919130
2016-12-09 11:30:00,42.655,42.83,42.54,42.61,1043864
2016-12-09 11:45:00,42.61,42.755,42.59,42.73,1141608
2016-12-09 12:00:00,42.73,42.765,42.655,42.72,1296489
2016-12-09 12:15:00,42.71,42.71,42.55,42.625,1370705
2016-12-09 12:30:00,42.63,42.63,42.59,42.6,1445656
2016-12-09 12:45:00,42.61,42.61,42.495,42.515,1522594
2016-12-09 13:00:00,42.52,42.68,42.51,42.635,1605534
2016-12-09 13:15:00,42.64,42.65,42.58,42.62,1668155
2016-12-09 13:30:00,42.63,42.66,42.6,42.66,1707765
2016-12-09 13:45:00,42.66,42.7,42.63,42.68,1776020
2016-12-09 14:00:00,42.685,42.81,42.68,42.79,1851573
2016-12-09 14:15:00,42.79,42.82,42.775,42.79,1917270
2016-12-09 14:30:00,42.8,42.94,42.8,42.9,2158497
2016-12-09 14:45:00,42.91,42.97,42.89,42.9,2289097
2016-12-09 15:00:00,42.91,42.91,42.73,42.77,2372883
2016-12-09 15:15:00,42.77,42.79,42.67,42.745,2531833
2016-12-09 15:30:00,42.745,42.82,42.74,42.78,2685263
2016-12-09 15:45:00,42.78,42.815,42.69,42.7,2909920
2016-12-09 16:00:00,42.7,42.7411,42.68,42.73,3431077
2016-12-12 09:45:00,42.7,42.99,42.69,42.71,55302
2016-12-12 10:00:00,42.74,42.77,42.66,42.7,83226
2016-12-12 10:15:00,42.69,42.7101,42.59,42.66,188394
2016-12-12 10:30:00,42.66,42.66,42.49,42.51,250038
2016-12-12 10:45:00,42.5,42.515,42.32,42.32,342317
2016-12-12 11:00:00,42.32,42.34,42.245,42.295,426530
2016-12-12 11:15:00,42.3,42.34,42.27,42.32,496796
2016-12-12 11:30:00,42.315,42.37,42.3,42.31,540196
2016-12-12 11:45:00,42.31,42.375,42.3,42.32,573936
2016-12-12 12:00:00,42.32,42.335,42.3,42.31,616722
2016-12-12 12:15:00,42.31,42.35,42.24,42.35,655264
2016-12-12 12:30:00,42.355,42.37,42.3,42.31,685682
2016-12-12 12:45:00,42.31,42.38,42.31,42.35,726441
2016-12-12 13:00:00,42.36,42.38,42.34,42.35,761972
2016-12-12 13:15:00,42.342,42.37,42.3,42.335,814428
2016-12-12 13:30:00,42.33,42.44,42.33,42.42,852023
2016-12-12 13:45:00,42.42,42.425,42.365,42.39,885179
2016-12-12 14:00:00,42.395,42.42,42.35,42.42,926937
2016-12-12 14:15:00,42.42,42.48,42.415,42.48,963573
2016-12-12 14:30:00,42.475,42.5,42.42,42.425,1019783
2016-12-12 14:45:00,42.42,42.43,42.345,42.35,1064894
2016-12-12 15:00:00,42.345,42.38,42.24,42.24,1163400
2016-12-12 15:15:00,42.24,42.26,42.18,42.18,1245920
2016-12-12 15:30:00,42.18,42.19,42.06,42.06,1369534
2016-12-12 15:45:00,42.065,42.185,42.06,42.065,1619431
2016-12-12 16:00:00,42.07,42.21,42.06,42.18,1994493
2016-12-13 09:45:00,42.34,42.5,42.2,42.36,84586
2016-12-13 10:00:00,42.36,42.47,42.325,42.38,132025
2016-12-13 10:15:00,42.37,42.465,42.35,42.39,304920
2016-12-13 10:30:00,42.4,42.56,42.39,42.53,395859
2016-12-13 10:45:00,42.54,42.555,42.48,42.48,471171
2016-12-13 11:00:00,42.47,42.515,42.39,42.39,578243
2016-12-13 11:15:00,42.39,42.4,42.24,42.31,646451
2016-12-13 11:30:00,42.32,42.32,42.18,42.24,829652
2016-12-13 11:45:00,42.24,42.405,42.22,42.33,897702
2016-12-13 12:00:00,42.33,42.405,42.31,42.4,985217
2016-12-13 12:15:00,42.41,42.47,42.39,42.46,1069100
2016-12-13 12:30:00,42.47,42.485,42.38,42.4,1137768
2016-12-13 12:45:00,42.4,42.42,42.35,42.36,1189620
2016-12-13 13:00:00,42.375,42.39,42.33,42.33,1255827
2016-12-13 13:15:00,42.335,42.35,42.11,42.155,1418938
2016-12-13 13:30:00,42.155,42.18,42.04,42.09,1548822
2016-12-13 13:45:00,42.095,42.19,42.08,42.165,1616465
2016-12-13 14:00:00,42.165,42.23,42.14,42.185,1715073
2016-12-13 14:15:00,42.185,42.185,42.1,42.105,1790858
2016-12-13 14:30:00,42.11,42.14,42.05,42.085,1886007
2016-12-13 14:45:00,42.085,42.085,41.995,42.07,2043550
2016-12-13 15:00:00,42.06,42.08,42.0,42.015,2159596
2016-12-13 15:15:00,42.02,42.025,42.0,42.0,2277715
2016-12-13 15:30:00,42.0,42.06,41.965,42.0476,2448772
2016-12-13 15:45:00,42.05,42.075,42.005,42.05,2605904
2016-12-13 16:00:00,42.045,42.07,41.98,42.04,2984377
2016-12-14 09:45:00,43.32,43.32,42.38,42.635,232857
2016-12-14 10:00:00,42.635,43.15,42.61,43.15,452336
2016-12-14 10:15:00,43.13,43.38,43.0702,43.38,611998
2016-12-14 10:30:00,43.37,43.65,43.33,43.5902,745941
2016-12-14 10:45:00,43.6,43.65,43.32,43.32,935104
2016-12-14 11:00:00,43.33,43.34,43.15,43.2,1080103
2016-12-14 11:15:00,43.2,43.2099,43.14,43.185,1168709
2016-12-14 11:30:00,43.18,43.38,43.15,43.37,1396009
2016-12-14 11:45:00,43.37,43.37,43.18,43.18,1448117
2016-12-14 12:00:00,43.18,43.3,43.16,43.29,1514825
2016-12-14 12:15:00,43.28,43.28,43.23,43.23,1575433
2016-12-14 12:30:00,43.23,43.29,43.22,43.28,1620299
2016-12-14 12:45:00,43.28,43.45,43.275,43.4477,1682579
2016-12-14 13:00:00,43.45,43.56,43.44,43.535,1740110
2016-12-14 13:15:00,43.53,43.64,43.53,43.63,1809374
2016-12-14 13:30:00,43.64,43.78,43.63,43.765,1895036
2016-12-14 13:45:00,43.76,43.76,43.65,43.69,1974177
2016-12-14 14:00:00,43.69,43.73,43.51,43.53,2058024
2016-12-14 14:15:00,43.54,43.76,43.5,43.51,2286349
2016-12-14 14:30:00,43.505,43.67,43.48,43.49,2390185
2016-12-14 14:45:00,43.48,43.6,43.475,43.52,2463090
2016-12-14 15:00:00,43.51,43.54,43.28,43.29,2624258
2016-12-14 15:15:00,43.285,43.34,43.16,43.18,2711680
2016-12-14 15:30:00,43.17,43.2,43.1,43.18,2842642
2016-12-14 15:45:00,43.18,43.35,43.18,43.22,3034005
2016-12-14 16:00:00,43.205,43.23,43.07,43.12,3390908
2016-12-15 09:45:00,43.15,43.15,42.78,43.01,61321
2016-12-15 10:00:00,43.01,43.12,42.97,43.12,108272
2016-12-15 10:15:00,43.13,43.16,43.04,43.07,150784
2016-12-15 10:30:00,43.06,43.18,43.05,43.07,217701
2016-12-15 10:45:00,43.09,43.25,43.09,43.21,284752
2016-12-15 11:00:00,43.205,43.23,43.135,43.2,338019
2016-12-15 11:15:00,43.2,43.285,43.17,43.2,419691
2016-12-15 11:30:00,43.19,43.26,43.19,43.21,488738
2016-12-15 11:45:00,43.2,43.23,43.16,43.185,590354
2016-12-15 12:00:00,43.19,43.19,43.12,43.14,679568
2016-12-15 12:15:00,43.135,43.16,43.09,43.1,738730
2016-12-15 12:30:00,43.105,43.13,43.06,43.075,782266
2016-12-15 12:45:00,43.07,43.09,42.99,43.0,827272
2016-12-15 13:00:00,43.005,43.03,42.95,43.0075,937584
2016-12-15 13:15:00,43.01,43.01,42.94,42.945,986137
2016-12-15 13:30:00,42.95,42.995,42.945,42.99,1016278
2016-12-15 13:45:00,42.995,43.005,42.87,42.88,1082240
2016-12-15 14:00:00,42.88,42.9,42.82,42.84,1135120
2016-12-15 14:15:00,42.83,42.89,42.8,42.88,1179522
2016-12-15 14:30:00,42.89,42.89,42.8,42.85,1235236
2016-12-15 14:45:00,42.85,42.87,42.82,42.835,1296782
2016-12-15 15:00:00,42.835,42.87,42.785,42.8,1341143
2016-12-15 15:15:00,42.81,42.86,42.79,42.805,1415843
2016-12-15 15:30:00,42.805,42.84,42.775,42.8,1502247
2016-12-15 15:45:00,42.805,42.845,42.76,42.79,1760149
2016-12-15 16:00:00,42.79,42.8,42.65,42.7,2189694
2016-12-16 09:45:00,42.83,42.9,42.71,42.71,389135
2016-12-16 10:00:00,42.71,42.96,42.67,42.93,466736
2016-12-16 10:15:00,42.95,42.95,42.8,42.91,511318
2016-12-16 10:30:00,42.91,42.95,42.9,42.9325,552853
2016-12-16 10:45:00,42.93,43.01,42.9,42.97,604900
2016-12-16 11:00:00,42.98,43.01,42.925,43.0,645496
2016-12-16 11:15:00,42.995,43.08,42.99,43.055,713983
2016-12-16 11:30:00,43.06,43.09,43.01,43.015,832329
2016-12-16 11:45:00,43.02,43.14,43.015,43.06,952084
2016-12-16 12:00:00,43.07,43.1399,43.07,43.12,988118
2016-12-16 12:15:00,43.125,43.14,43.1,43.14,1050540
2016-12-16 12:30:00,43.13,43.135,43.095,43.128,1097375
2016-12-16 12:45:00,43.13,43.13,43.09,43.115,1218430
2016-12-16 13:00:00,43.11,43.1599,43.09,43.095,1274590
2016-12-16 13:15:00,43.095,43.119,43.07,43.1043,1409797
2016-12-16 13:30:00,43.1,43.1,43.05,43.06,1487140
2016-12-16 13:45:00,43.07,43.095,43.06,43.09,1588274
2016-12-16 14:00:00,43.09,43.17,43.09,43.13,1638988
2016-12-16 14:15:00,43.125,43.18,43.11,43.12,1765961
2016-12-16 14:30:00,43.12,43.12,43.03,43.045,1853027
2016-12-16 14:45:00,43.045,43.15,43.04,43.12,1956408
2016-12-16 15:00:00,43.12,43.14,43.07,43.08,2183665
2016-12-16 15:15:00,43.085,43.115,43.07,43.085,2320612
2016-12-16 15:30:00,43.0903,43.12,43.06,43.095,2459468
2016-12-16 15:45:00,43.095,43.1,42.96,42.96,2718524
2016-12-16 16:00:00,42.96,43.15,42.93,43.15,3434514
2016-12-19 09:45:00,43.15,43.339,42.83,43.04,61689
2016-12-19 10:00:00,43.065,43.235,43.065,43.18,101770
2016-12-19 10:15:00,43.19,43.37,43.17,43.31,187451
2016-12-19 10:30:00,43.32,43.35,43.14,43.16,260145
2016-12-19 10:45:00,43.17,43.25,43.145,43.24,298440
2016-12-19 11:00:00,43.24,43.265,43.19,43.19,356028
2016-12-19 11:15:00,43.195,43.26,43.17,43.23,553051
2016-12-19 11:30:00,43.23,43.26,43.22,43.2497,717113
2016-12-19 11:45:00,43.24,43.26,43.22,43.24,959401
2016-12-19 12:00:00,43.23,43.3,43.23,43.26,1038194
2016-12-19 12:15:00,43.26,43.39,43.26,43.36,1105595
2016-12-19 12:30:00,43.36,43.39,43.27,43.27,1187097
2016-12-19 12:45:00,43.28,43.325,43.275,43.31,1235492
2016-12-19 13:00:00,43.31,43.33,43.24,43.24,1281483
2016-12-19 13:15:00,43.25,43.29,43.23,43.275,1331654
2016-12-19 13:30:00,43.27,43.31,43.26,43.29,1380239
2016-12-19 13:45:00,43.295,43.305,43.27,43.3,1427328
2016-12-19 14:00:00,43.29,43.335,43.27,43.315,1508939
2016-12-19 14:15:00,43.31,43.33,43.24,43.25,1630683
2016-12-19 14:30:00,43.255,43.305,43.25,43.295,1680759
2016-12-19 14:45:00,43.29,43.3,43.2488,43.285,1767160
2016-12-19 15:00:00,43.28,43.315,43.28,43.285,1818235
2016-12-19 15:15:00,43.285,43.32,43.275,43.281,1936830
2016-12-19 15:30:00,43.29,43.315,43.27,43.27,2140415
2016-12-19 15:45:00,43.28,43.295,43.24,43.2699,2321684
2016-12-19 16:00:00,43.26,43.31,43.25,43.29,2633518
2016-12-20 09:45:00,43.28,43.5299,43.1,43.4,96251
2016-12-20 10:00:00,43.38,43.385,43.3,43.315,121688
2016-12-20 10:15:00,43.3,43.315,43.04,43.08,243550
2016-12-20 10:30:00,43.06,43.19,43.06,43.14,305485
2016-12-20 10:45:00,43.15,43.2,43.08,43.12,400264
2016-12-20 11:00:00,43.12,43.25,43.1,43.21,509709
2016-12-20 11:15:00,43.23,43.23,43.11,43.1825,562780
2016-12-20 11:30:00,43.19,43.31,43.185,43.25,603745
2016-12-20 11:45:00,43.25,43.285,43.25,43.26,635824
2016-12-20 12:00:00,43.26,43.27,43.24,43.27,671747
2016-12-20 12:15:00,43.27,43.27,43.23,43.26,710867
2016-12-20 12:30:00,43.26,43.3,43.24,43.26,776943
2016-12-20 12:45:00,43.27,43.33,43.26,43.32,812422
2016-12-20 13:00:00,43.32,43.38,43.32,43.35,833609
2016-12-20 13:15:00,43.345,43.36,43.29,43.31,865925
2016-12-20 13:30:00,43.3,43.34,43.29,43.31,902194
2016-12-20 13:45:00,43.31,43.32,43.29,43.3,939066
2016-12-20 14:00:00,43.29,43.33,43.27,43.29,982214
2016-12-20 14:15:00,43.28,43.29,43.245,43.26,1036602
2016-12-20 14:30:00,43.25,43.26,43.24,43.255,1091587
2016-12-20 14:45:00,43.2598,43.3,43.245,43.29,1172841
2016-12-20 15:00:00,43.3,43.31,43.25,43.26,1215034
2016-12-20 15:15:00,43.265,43.28,43.24,43.28,1288320
2016-12-20 15:30:00,43.27,43.28,43.245,43.26,1371753
2016-12-20 15:45:00,43.27,43.28,43.25,43.265,1483760
2016-12-20 16:00:00,43.26,43.31,43.25,43.29,1804460
2016-12-21 09:45:00,43.25,43.3,42.91,43.16,63649
2016-12-21 10:00:00,43.17,43.29,43.17,43.25,91711
2016-12-21 10:15:00,43.24,43.3,43.21,43.28,138109
2016-12-21 10:30:00,43.28,43.47,43.28,43.37,181961
2016-12-21 10:45:00,43.365,43.365,43.29,43.295,264571
2016-12-21 11:00:00,43.29,43.295,43.22,43.28,307142
2016-12-21 11:15:00,43.285,43.3,43.235,43.26,374276
2016-12-21 11:30:00,43.26,43.27,43.24,43.245,410248
2016-12-21 11:45:00,43.25,43.28,43.24,43.26,500811
2016-12-21 12:00:00,43.26,43.29,43.24,43.245,593859
2016-12-21 12:15:00,43.23,43.265,43.2,43.235,711011
2016-12-21 12:30:00,43.235,43.28,43.23,43.28,768544
2016-12-21 12:45:00,43.28,43.295,43.25,43.25,854190
2016-12-21 13:00:00,43.26,43.27,43.24,43.25,889412
2016-12-21 13:15:00,43.24,43.26,43.15,43.16,1116514
2016-12-21 13:30:00,43.16,43.24,43.15,43.2299,1145711
2016-12-21 13:45:00,43.22,43.28,43.22,43.28,1176807
2016-12-21 14:00:00,43.275,43.31,43.22,43.24,1229916
2016-12-21 14:15:00,43.24,43.27,43.23,43.24,1262727
2016-12-21 14:30:00,43.245,43.25,43.15,43.15,1289583
2016-12-21 14:45:00,43.14,43.21,43.14,43.195,1324100
2016-12-21 15:00:00,43.19,43.23,43.18,43.21,1375294
2016-12-21 15:15:00,43.21,43.21,43.14,43.14,1437549
2016-12-21 15:30:00,43.14,43.22,43.14,43.215,1497095
2016-12-21 15:45:00,43.215,43.225,43.185,43.195,1589495
2016-12-21 16:00:00,43.19,43.27,43.18,43.26,2012701
2016-12-22 09:45:00,43.56,43.56,43.07,43.22,82079
2016-12-22 10:00:00,43.2,43.2,42.85,42.88,143556
2016-12-22 10:15:00,42.88,42.915,42.59,42.595,240657
2016-12-22 10:30:00,42.6,43.0699,42.595,42.99,386786
2016-12-22 10:45:00,42.98,43.03,42.7,42.7,686446
2016-12-22 11:00:00,42.7,42.805,42.63,42.795,773638
2016-12-22 11:15:00,42.795,42.88,42.655,42.66,867406
2016-12-22 11:30:00,42.66,42.76,42.66,42.7,919785
2016-12-22 11:45:00,42.71,42.74,42.63,42.68,983760
2016-12-22 12:00:00,42.68,42.7,42.585,42.62,1897295
2016-12-22 12:15:00,42.61,42.61,42.465,42.52,1959459
2016-12-22 12:30:00,42.515,42.57,42.48,42.57,2006606
2016-12-22 12:45:00,42.5736,42.59,42.54,42.57,2063541
2016-12-22 13:00:00,42.57,42.59,42.54,42.58,2108279
2016-12-22 13:15:00,42.575,42.59,42.57,42.585,2188467
2016-12-22 13:30:00,42.59,42.62,42.555,42.56,2243167
2016-12-22 13:45:00,42.56,42.66,42.55,42.64,2319464
2016-12-22 14:00:00,42.65,42.71,42.64,42.65,2368395
2016-12-22 14:15:00,42.65,42.735,42.65,42.695,2424693
2016-12-22 14:30:00,42.7,42.72,42.683,42.71,2484062
2016-12-22 14:45:00,42.71,42.79,42.67,42.79,2544451
2016-12-22 15:00:00,42.78,42.84,42.78,42.795,2612889
2016-12-22 15:15:00,42.795,42.81,42.66,42.7,2688740
2016-12-22 15:30:00,42.71,42.72,42.65,42.6649,2758719
2016-12-22 15:45:00,42.665,42.75,42.655,42.745,2930518
2016-12-22 16:00:00,42.75,42.79,42.725,42.78,3179772
2016-12-23 09:45:00,42.8,42.98,42.8,42.9,44576
2016-12-23 10:00:00,42.935,43.01,42.83,42.86,82480
2016-12-23 10:15:00,42.82,42.88,42.74,42.8,156269
2016-12-23 10:30:00,42.8,42.89,42.79,42.89,218140
2016-12-23 10:45:00,42.86,42.9275,42.85,42.9275,259215
2016-12-23 11:00:00,42.91,42.97,42.91,42.93,303328
2016-12-23 11:15:00,42.92,42.965,42.92,42.96,348132
2016-12-23 11:30:00,42.95,42.95,42.88,42.93,392320
2016-12-23 11:45:00,42.933,42.933,42.89,42.9,404417
2016-12-23 12:00:00,42.9,42.9,42.78,42.8,426881
2016-12-23 12:15:00,42.81,42.83,42.73,42.73,448118
2016-12-23 12:30:00,42.73,42.79,42.68,42.77,507139
2016-12-23 12:45:00,42.75,42.81,42.75,42.78,536314
2016-12-23 13:00:00,42.7632,42.77,42.69,42.69,549916
2016-12-23 13:15:00,42.7,42.729,42.65,42.66,567622
2016-12-23 13:30:00,42.65,42.68,42.6,42.65,595948
2016-12-23 13:45:00,42.65,42.75,42.61,42.74,675697
2016-12-23 14:00:00,42.73,42.76,42.73,42.74,688921
2016-12-23 14:15:00,42.73,42.74,42.7,42.72,710892
2016-12-23 14:30:00,42.72,42.73,42.63,42.63,735057
2016-12-23 14:45:00,42.64,42.655,42.585,42.6,765333
2016-12-23 15:00:00,42.6,42.62,42.54,42.58,787735
2016-12-23 15:15:00,42.57,42.62,42.57,42.611,826249
2016-12-23 15:30:00,42.62,42.75,42.62,42.71,863540
2016-12-23 15:45:00,42.71,42.74,42.69,42.725,919293
2016-12-23 16:00:00,42.73,42.76,42.715,42.75,1057008
2016-12-27 09:45:00,42.9,43.03,42.89,42.95,24125
2016-12-27 10:00:00,42.97,43.09,42.94,43.08,53890
2016-12-27 10:15:00,43.11,43.11,42.87,42.9,73198
2016-12-27 10:30:00,42.91,42.97,42.88,42.95,98018
2016-12-27 10:45:00,42.93,43.02,42.92,42.95,120006
2016-12-27 11:00:00,42.93,42.95,42.88,42.94,133915
2016-12-27 11:15:00,42.95,42.96,42.83,42.8442,151246
2016-12-27 11:30:00,42.84,42.85,42.8,42.82,160352
2016-12-27 11:45:00,42.82,42.83,42.78,42.805,188012
2016-12-27 12:00:00,42.805,42.825,42.71,42.72,221597
2016-12-27 12:15:00,42.72,42.76,42.695,42.74,242713
2016-12-27 12:30:00,42.72,42.73,42.645,42.665,278103
2016-12-27 12:45:00,42.67,42.67,42.63,42.65,300399
2016-12-27 13:00:00,42.6561,42.7,42.6429,42.6665,316808
2016-12-27 13:15:00,42.66,42.685,42.64,42.65,339054
2016-12-27 13:30:00,42.655,42.655,42.6,42.63,363286
2016-12-27 13:45:00,42.64,42.66,42.58,42.6,392490
2016-12-27 14:00:00,42.6,42.62,42.55,42.56,403898
2016-12-27 14:15:00,42.56,42.59,42.51,42.585,463231
2016-12-27 14:30:00,42.59,42.73,42.59,42.68,486617
2016-12-27 14:45:00,42.675,42.73,42.6625,42.72,507042
2016-12-27 15:00:00,42.73,42.76,42.72,42.7325,540485
2016-12-27 15:15:00,42.73,42.74,42.68,42.68,561716
2016-12-27 15:30:00,42.6819,42.69,42.67,42.675,581539
2016-12-27 15:45:00,42.69,42.715,42.655,42.71,625627
2016-12-27 16:00:00,42.71,42.71,42.66,42.68,705487
2016-12-28 09:45:00,42.69,42.83,42.5,42.5984,30452
2016-12-28 10:00:00,42.59,42.6,42.5,42.52,96692
2016-12-28 10:15:00,42.54,42.54,42.31,42.32,133666
2016-12-28 10:30:00,42.31,42.32,42.21,42.21,179033
2016-12-28 10:45:00,42.22,42.22,42.1,42.1,272401
2016-12-28 11:00:00,42.12,42.14,42.05,42.05,327275
2016-12-28 11:15:00,42.05,42.2,42.05,42.2,368540
2016-12-28 11:30:00,42.19,42.24,42.18,42.24,412588
2016-12-28 11:45:00,42.23,42.26,42.18,42.18,444316
2016-12-28 12:00:00,42.18,42.19,42.075,42.09,513273
2016-12-28 12:15:00,42.09,42.09,42.005,42.02,593093
2016-12-28 12:30:00,42.015,42.02,41.975,42.0085,629185
2016-12-28 12:45:00,42.0,42.02,41.935,41.94,676381
2016-12-28 13:00:00,41.94,42.008,41.92,42.008,735528
2016-12-28 13:15:00,42.0,42.095,41.9925,42.095,758981
2016-12-28 13:30:00,42.1,42.25,42.09,42.24,813629
2016-12-28 13:45:00,42.24,42.285,42.15,42.16,855938
2016-12-28 14:00:00,42.15,42.16,42.1101,42.12,879662
2016-12-28 14:15:00,42.11,42.15,42.055,42.1,916508
2016-12-28 14:30:00,42.12,42.17,42.09,42.17,942796
2016-12-28 14:45:00,42.16,42.2,42.16,42.1843,964960
2016-12-28 15:00:00,42.19,42.24,42.175,42.2,1000442
2016-12-28 15:15:00,42.2,42.21,42.15,42.15,1023428
2016-12-28 15:30:00,42.16,42.18,42.1,42.15,1076139
2016-12-28 15:45:00,42.15,42.23,42.13,42.215,1150661
2016-12-28 16:00:00,42.215,42.26,42.195,42.23,1334010
2016-12-29 09:45:00,42.38,42.4,42.18,42.29,36306
2016-12-29 10:00:00,42.3,42.3,42.05,42.0974,57060
2016-12-29 10:15:00,42.1,42.2,42.01,42.055,95462
2016-12-29 10:30:00,42.05,42.05,41.96,41.99,139633
2016-12-29 10:45:00,42.0,42.04,41.96,42.0,231875
2016-12-29 11:00:00,42.0,42.03,41.97,42.01,272049
2016-12-29 11:15:00,42.0,42.02,41.965,41.98,297427
2016-12-29 11:30:00,41.99,42.05,41.955,41.98,358550
2016-12-29 11:45:00,41.99,42.01,41.94,41.96,397401
2016-12-29 12:00:00,41.96,41.975,41.925,41.96,423745
2016-12-29 12:15:00,41.96,42.05,41.96,42.05,473059
2016-12-29 12:30:00,42.04,42.12,42.025,42.12,503324
2016-12-29 12:45:00,42.12,42.14,42.09,42.11,529760
2016-12-29 13:00:00,42.1,42.14,42.09,42.1,546504
2016-12-29 13:15:00,42.1,42.13,42.095,42.13,571498
2016-12-29 13:30:00,42.13,42.2,42.122,42.1938,604529
2016-12-29 13:45:00,42.2,42.21,42.13,42.155,624254
2016-12-29 14:00:00,42.16,42.19,42.145,42.19,654362
2016-12-29 14:15:00,42.2,42.23,42.17,42.18,705851
2016-12-29 14:30:00,42.18,42.24,42.14,42.14,753247
2016-12-29 14:45:00,42.14,42.16,42.12,42.14,775147
2016-12-29 15:00:00,42.14,42.16,42.08,42.085,812018
2016-12-29 15:15:00,42.09,42.115,42.06,42.11,842882
2016-12-29 15:30:00,42.11,42.14,42.095,42.1,896312
2016-12-29 15:45:00,42.1,42.11,42.06,42.1,953353
2016-12-29 16:00:00,42.1,42.12,42.07,42.09,1129945
2016-12-30 09:45:00,42.27,42.3,41.99,42.195,48670
2016-12-30 10:00:00,42.19,42.34,42.05,42.16,136527
2016-12-30 10:15:00,42.1205,42.1367,41.91,42.05,170564
2016-12-30 10:30:00,42.04,42.0735,42.01,42.03,187906
2016-12-30 10:45:00,42.03,42.12,42.0,42.01,215650
2016-12-30 11:00:00,42.01,42.08,42.0,42.05,236175
2016-12-30 11:15:00,42.05,42.075,42.03,42.07,257663
2016-12-30 11:30:00,42.07,42.12,42.07,42.0932,288497
2016-12-30 11:45:00,42.0939,42.11,42.06,42.11,307759
2016-12-30 12:00:00,42.12,42.13,42.07,42.085,323991
2016-12-30 12:15:00,42.07,42.13,42.02,42.12,343434
2016-12-30 12:30:00,42.13,42.13,42.07,42.08,355790
2016-12-30 12:45:00,42.06,42.09,42.01,42.04,367760
2016-12-30 13:00:00,42.03,42.04,41.97,42.0075,387210
2016-12-30 13:15:00,41.99,42.03,41.97,42.03,405874
2016-12-30 13:30:00,42.035,42.12,42.03,42.09,427966
2016-12-30 13:45:00,42.1,42.135,42.03,42.03,451035
2016-12-30 14:00:00,42.03,42.07,42.0,42.03,534206
2016-12-30 14:15:00,42.02,42.027,41.99,42.01,563752
2016-12-30 14:30:00,42.01,42.025,41.96,41.96,593643
2016-12-30 14:45:00,41.97,41.99,41.945,41.96,620504
2016-12-30 15:00:00,41.95,41.95,41.85,41.88,656780
2016-12-30 15:15:00,41.89,41.95,41.87,41.94,690875
2016-12-30 15:30:00,41.93,41.96,41.89,41.95,731115
2016-12-30 15:45:00,41.945,41.96,41.82,41.82,798600
2016-12-30 16:00:00,41.82,41.96,41.8,41.96,1028090
2017-01-03 09:45:00,42.2,42.28,41.99,42.25,77893
2017-01-03 10:00:00,42.28,42.36,42.21,42.31,109417
2017-01-03 10:15:00,42.31,42.685,42.28,42.6,158643
2017-01-03 10:30:00,42.61,42.61,42.37,42.4,204289
2017-01-03 10:45:00,42.38,42.42,42.26,42.295,228561
2017-01-03 11:00:00,42.27,42.31,42.19,42.2,252984
2017-01-03 11:15:00,42.205,42.27,42.16,42.24,279419
2017-01-03 11:30:00,42.245,42.32,42.18,42.29,366383
2017-01-03 11:45:00,42.295,42.37,42.195,42.195,398376
2017-01-03 12:00:00,42.19,42.28,42.19,42.28,425366
2017-01-03 12:15:00,42.3,42.3,42.15,42.27,457579
2017-01-03 12:30:00,42.27,42.28,42.2,42.235,473488
2017-01-03 12:45:00,42.24,42.2422,42.18,42.2,492061
2017-01-03 13:00:00,42.18,42.29,42.18,42.29,510866
2017-01-03 13:15:00,42.29,42.32,42.24,42.31,549573
2017-01-03 13:30:00,42.32,42.44,42.31,42.43,596277
2017-01-03 13:45:00,42.43,42.445,42.35,42.39,637073
2017-01-03 14:00:00,42.385,42.41,42.36,42.4,685267
2017-01-03 14:15:00,42.4,42.4363,42.37,42.39,712085
2017-01-03 14:30:00,42.4,42.41,42.32,42.32,734812
2017-01-03 14:45:00,42.32,42.34,42.27,42.2938,795079
2017-01-03 15:00:00,42.29,42.33,42.27,42.29,836430
2017-01-03 15:15:00,42.285,42.3,42.25,42.26,902149
2017-01-03 15:30:00,42.26,42.26,42.1686,42.19,951033
2017-01-03 15:45:00,42.19,42.26,42.18,42.24,1100419
2017-01-03 16:00:00,42.25,42.28,42.2,42.26,1421988
2017-01-04 09:45:00,42.28,42.44,42.08,42.08,49639
2017-01-04 10:00:00,42.105,42.19,42.07,42.1,95016
2017-01-04 10:15:00,42.1,42.18,42.08,42.13,147713
2017-01-04 10:30:00,42.14,42.2,42.14,42.19,204055
2017-01-04 10:45:00,42.17,42.24,42.1695,42.18,242528
2017-01-04 11:00:00,42.18,42.29,42.18,42.24,299670
2017-01-04 11:15:00,42.215,42.34,42.215,42.33,340398
2017-01-04 11:30:00,42.34,42.52,42.34,42.51,369857
2017-01-04 11:45:00,42.51,42.605,42.51,42.6,413245
2017-01-04 12:00:00,42.61,42.63,42.57,42.59,433818
2017-01-04 12:15:00,42.59,42.6,42.56,42.57,459125
2017-01-04 12:30:00,42.57,42.57,42.52,42.54,487707
2017-01-04 12:45:00,42.54,42.57,42.52,42.53,513972
2017-01-04 13:00:00,42.53,42.56,42.52,42.53,543293
2017-01-04 13:15:00,42.53,42.56,42.51,42.53,558687
2017-01-04 13:30:00,42.53,42.55,42.5,42.545,582908
2017-01-04 13:45:00,42.545,42.59,42.535,42.565,605346
2017-01-04 14:00:00,42.57,42.65,42.5535,42.65,629450
2017-01-04 14:15:00,42.63,42.68,42.6,42.65,659757
2017-01-04 14:30:00,42.66,42.68,42.44,42.465,738967
2017-01-04 14:45:00,42.465,42.5,42.465,42.49,772200
2017-01-04 15:00:00,42.495,42.505,42.46,42.49,885982
2017-01-04 15:15:00,42.495,42.505,42.48,42.49,974100
2017-01-04 15:30:00,42.49,42.55,42.481,42.5,1042601
2017-01-04 15:45:00,42.5,42.525,42.49,42.495,1120128
2017-01-04 16:00:00,42.5,42.51,42.45,42.49,1366497
2017-01-05 09:45:00,42.4,42.63,42.4,42.59,43482
2017-01-05 10:00:00,42.57,42.73,42.55,42.55,80580
2017-01-05 10:15:00,42.52,42.6,42.52,42.58,127675
2017-01-05 10:30:00,42.58,42.62,42.5,42.62,166342
2017-01-05 10:45:00,42.62,42.68,42.58,42.63,215051
2017-01-05 11:00:00,42.63,42.65,42.58,42.63,319815
2017-01-05 11:15:00,42.62,42.64,42.54,42.5696,377035
2017-01-05 11:30:00,42.56,42.61,42.55,42.55,398441
2017-01-05 11:45:00,42.56,42.56,42.42,42.46,428477
2017-01-05 12:00:00,42.44,42.46,42.38,42.4,450932
2017-01-05 12:15:00,42.4,42.5,42.38,42.45,504113
2017-01-05 12:30:00,42.46,42.55,42.46,42.53,522030
2017-01-05 12:45:00,42.53,42.56,42.5,42.5,545423
2017-01-05 13:00:00,42.5,42.56,42.49,42.51,567995
2017-01-05 13:15:00,42.51,42.57,42.5,42.56,592251
2017-01-05 13:30:00,42.56,42.57,42.5,42.5001,630801
2017-01-05 13:45:00,42.5,42.515,42.42,42.42,668573
2017-01-05 14:00:00,42.42,42.51,42.41,42.5,715302
2017-01-05 14:15:00,42.5,42.52,42.46,42.505,774135
2017-01-05 14:30:00,42.505,42.51,42.475,42.49,802664
2017-01-05 14:45:00,42.4943,42.5,42.465,42.495,824630
2017-01-05 15:00:00,42.495,42.51,42.4501,42.4501,912037
2017-01-05 15:15:00,42.455,42.5099,42.455,42.495,976303
2017-01-05 15:30:00,42.495,42.6,42.48,42.6,1071523
2017-01-05 15:45:00,42.59,42.62,42.46,42.49,1251396
2017-01-05 16:00:00,42.49,42.56,42.48,42.51,1463401
2017-01-06 09:45:00,42.33,42.73,42.29,42.69,382673
2017-01-06 10:00:00,42.67,42.83,42.65,42.82,425248
2017-01-06 10:15:00,42.83,42.9,42.73,42.75,506902
2017-01-06 10:30:00,42.75,42.89,42.75,42.89,539275
2017-01-06 10:45:00,42.88,42.9,42.71,42.71,601563
2017-01-06 11:00:00,42.705,42.71,42.63,42.66,682592
2017-01-06 11:15:00,42.67,42.67,42.53,42.56,710541
2017-01-06 11:30:00,42.57,42.65,42.565,42.63,784257
2017-01-06 11:45:00,42.63,42.66,42.59,42.66,809346
2017-01-06 12:00:00,42.65,42.68,42.595,42.665,838189
2017-01-06 12:15:00,42.66,42.66,42.58,42.59,885677
2017-01-06 12:30:00,42.585,42.64,42.58,42.63,899371
2017-01-06 12:45:00,42.65,42.73,42.64,42.73,913506
2017-01-06 13:00:00,42.71,42.72,42.6,42.61,947577
2017-01-06 13:15:00,42.6,42.62,42.58,42.59,1019848
2017-01-06 13:30:00,42.58,42.61,42.53,42.545,1048146
2017-01-06 13:45:00,42.55,42.61,42.55,42.605,1064620
2017-01-06 14:00:00,42.61,42.61,42.57,42.57,1094909
2017-01-06 14:15:00,42.5799,42.66,42.575,42.64,1353053
2017-01-06 14:30:00,42.63,42.65,42.51,42.52,1444696
2017-01-06 14:45:00,42.515,42.53,42.295,42.53,1667384
2017-01-06 15:00:00,42.53,42.55,42.49,42.505,1730869
2017-01-06 15:15:00,42.505,42.575,42.5,42.54,1767769
2017-01-06 15:30:00,42.53,42.575,42.53,42.54,1889178
2017-01-06 15:45:00,42.54,42.59,42.52,42.57,2104711
2017-01-06 16:00:00,42.58,42.59,42.51,42.52,2299428
2017-01-09 09:45:00,42.61,42.7,42.44,42.55,181188
2017-01-09 10:00:00,42.53,42.6,42.5,42.54,221901
2017-01-09 10:15:00,42.54,42.56,42.41,42.48,252451
2017-01-09 10:30:00,42.48,42.61,42.47,42.49,338027
2017-01-09 10:45:00,42.49,42.54,42.48,42.53,364871
2017-01-09 11:00:00,42.52,42.62,42.505,42.56,508440
2017-01-09 11:15:00,42.555,42.58,42.33,42.53,738005
2017-01-09 11:30:00,42.54,42.58,42.5225,42.57,785020
2017-01-09 11:45:00,42.565,42.58,42.52,42.535,816114
2017-01-09 12:00:00,42.535,42.59,42.535,42.59,843202
2017-01-09 12:15:00,42.58,42.65,42.53,42.56,900547
2017-01-09 12:30:00,42.56,42.57,42.5,42.54,931751
2017-01-09 12:45:00,42.535,42.555,42.5,42.515,984036
2017-01-09 13:00:00,42.515,42.535,42.47,42.47,1043013
2017-01-09 13:15:00,42.47,42.485,42.43,42.44,1109833
2017-01-09 13:30:00,42.45,42.46,42.42,42.4325,1159352
2017-01-09 13:45:00,42.44,42.47,42.44,42.46,1186363
2017-01-09 14:00:00,42.46,42.51,42.45,42.455,1219805
2017-01-09 14:15:00,42.46,42.4761,42.386,42.395,1291263
2017-01-09 14:30:00,42.395,42.46,42.39,42.445,1332037
2017-01-09 14:45:00,42.445,42.445,42.37,42.375,1386766
2017-01-09 15:00:00,42.38,42.445,42.37,42.435,1424299
2017-01-09 15:15:00,42.43,42.44,42.385,42.43,1477787
2017-01-09 15:30:00,42.43,42.43,42.38,42.405,1542292
2017-01-09 15:45:00,42.405,42.42,42.38,42.38,1640780
2017-01-09 16:00:00,42.38,42.4,42.34,42.365,1834341
2017-01-10 09:45:00,41.96,41.96,41.48,41.72,115703
2017-01-10 10:00:00,41.675,41.86,41.675,41.72,145482
2017-01-10 10:15:00,41.73,41.8,41.72,41.725,198553
2017-01-10 10:30:00,41.725,41.76,41.67,41.75,299295
2017-01-10 10:45:00,41.745,41.8,41.705,41.735,431750
2017-01-10 11:00:00,41.74,41.8,41.7,41.715,520687
2017-01-10 11:15:00,41.72,41.96,41.715,41.95,771139
2017-01-10 11:30:00,41.94,41.945,41.85,41.88,834313
2017-01-10 11:45:00,41.88,41.88,41.83,41.86,906117
2017-01-10 12:00:00,41.855,41.99,41.855,41.95,944762
2017-01-10 12:15:00,41.95,42.07,41.95,42.05,1038388
2017-01-10 12:30:00,42.06,42.1,42.02,42.095,1192057
2017-01-10 12:45:00,42.095,42.13,42.04,42.055,1265877
2017-01-10 13:00:00,42.06,42.11,42.01,42.06,1359417
2017-01-10 13:15:00,42.07,42.09,42.05,42.07,1431825
2017-01-10 13:30:00,42.07,42.09,42.01,42.01,1466353
2017-01-10 13:45:00,42.02,42.035,42.0,42.02,1663662
2017-01-10 14:00:00,42.02,42.02,41.89,41.9,1837894
2017-01-10 14:15:00,41.9,41.9,41.82,41.83,1914425
2017-01-10 14:30:00,41.82,41.84,41.76,41.78,1979313
2017-01-10 14:45:00,41.78,41.855,41.71,41.755,2319545
2017-01-10 15:00:00,41.755,41.795,41.75,41.75,2395859
2017-01-10 15:15:00,41.76,41.78,41.75,41.78,2444014
2017-01-10 15:30:00,41.7751,41.815,41.76,41.78,2540581
2017-01-10 15:45:00,41.78,41.825,41.75,41.805,2670508
2017-01-10 16:00:00,41.81,41.82,41.74,41.74,3324515
2017-01-11 09:45:00,41.93,42.0,41.63,41.71,111067
2017-01-11 10:00:00,41.7,41.82,41.65,41.795,145318
2017-01-11 10:15:00,41.78,41.91,41.68,41.86,376658
2017-01-11 10:30:00,41.86,41.86,41.69,41.7,431631
2017-01-11 10:45:00,41.7,41.74,41.65,41.65,535171
2017-01-11 11:00:00,41.66,41.73,41.63,41.72,601444
2017-01-11 11:15:00,41.72,41.82,41.71,41.72,686911
2017-01-11 11:30:00,41.72,41.8,41.58,41.58,739336
2017-01-11 11:45:00,41.58,41.61,41.48,41.505,821095
2017-01-11 12:00:00,41.5,41.52,41.42,41.48,921773
2017-01-11 12:15:00,41.48,41.5,41.4,41.47,1027640
2017-01-11 12:30:00,41.46,41.47,41.31,41.4,1104905
2017-01-11 12:45:00,41.39,41.405,41.3,41.37,1180918
2017-01-11 13:00:00,41.365,41.43,41.34,41.41,1278574
2017-01-11 13:15:00,41.4075,41.5,41.385,41.44,1416995
2017-01-11 13:30:00,41.44,41.49,41.395,41.42,1534403
2017-01-11 13:45:00,41.41,41.59,41.405,41.59,1687115
2017-01-11 14:00:00,41.59,41.685,41.52,41.64,1812951
2017-01-11 14:15:00,41.64,41.79,41.63,41.755,1909015
2017-01-11 14:30:00,41.755,41.81,41.68,41.71,2007629
2017-01-11 14:45:00,41.7141,41.75,41.685,41.685,2092747
2017-01-11 15:00:00,41.68,41.69,41.63,41.64,2159522
2017-01-11 15:15:00,41.645,41.65,41.44,41.51,2335245
2017-01-11 15:30:00,41.51,41.65,41.49,41.59,2448214
2017-01-11 15:45:00,41.585,41.59,41.52,41.57,2648037
2017-01-11 16:00:00,41.57,41.68,41.56,41.58,2998342
2017-01-12 09:45:00,41.42,41.45,41.29,41.35,54707
2017-01-12 10:00:00,41.35,41.38,41.21,41.33,115698
2017-01-12 10:15:00,41.32,41.33,41.08,41.09,175195
2017-01-12 10:30:00,41.08,41.135,41.075,41.1,241900
2017-01-12 10:45:00,41.11,41.12,41.01,41.07,319574
2017-01-12 11:00:00,41.07,41.08,40.96,41.0,449008
2017-01-12 11:15:00,41.0,41.1,40.98,41.06,795851
2017-01-12 11:30:00,41.055,41.245,41.05,41.2,992393
2017-01-12 11:45:00,41.19,41.22,41.14,41.2,1103914
2017-01-12 12:00:00,41.2,41.21,41.16,41.2,1185177
2017-01-12 12:15:00,41.2,41.32,41.2,41.2175,1312472
2017-01-12 12:30:00,41.21,41.36,41.2,41.35,1447397
2017-01-12 12:45:00,41.36,41.43,41.31,41.31,1537760
2017-01-12 13:00:00,41.31,41.41,41.31,41.36,1574596
2017-01-12 13:15:00,41.37,41.4,41.33,41.37,1648343
2017-01-12 13:30:00,41.37,41.485,41.36,41.485,1707501
2017-01-12 13:45:00,41.49,41.6334,41.48,41.615,1761291
2017-01-12 14:00:00,41.615,41.69,41.59,41.68,1801565
2017-01-12 14:15:00,41.685,41.81,41.66,41.8,2330710
2017-01-12 14:30:00,41.79,41.86,41.79,41.85,2397990
2017-01-12 14:45:00,41.84,41.96,41.8101,41.96,4960130
2017-01-12 15:00:00,41.96,42.02,41.85,42.0,5063882
2017-01-12 15:15:00,42.005,42.005,41.87,41.95,5168161
2017-01-12 15:30:00,41.96,41.98,41.84,41.87,5294315
2017-01-12 15:45:00,41.87,42.005,41.87,41.9875,5515481
2017-01-12 16:00:00,41.985,42.06,41.96,42.01,6038559
2017-01-13 09:45:00,42.1,42.33,42.1,42.18,56664
2017-01-13 10:00:00,42.17,42.4,42.16,42.245,151806
2017-01-13 10:15:00,42.27,42.27,42.21,42.21,181743
2017-01-13 10:30:00,42.2,42.3,42.2,42.28,247996
2017-01-13 10:45:00,42.27,42.39,42.27,42.39,292304
2017-01-13 11:00:00,42.4,42.45,42.38,42.44,405219
2017-01-13 11:15:00,42.445,42.47,42.37,42.455,480633
2017-01-13 11:30:00,42.45,42.49,42.4225,42.49,545988
2017-01-13 11:45:00,42.495,42.55,42.49,42.525,607305
2017-01-13 12:00:00,42.525,42.61,42.52,42.59,667752
2017-01-13 12:15:00,42.59,42.62,42.56,42.575,704973
2017-01-13 12:30:00,42.57,42.59,42.44,42.44,772732
2017-01-13 12:45:00,42.43,42.435,42.34,42.345,806759
2017-01-13 13:00:00,42.34,42.39,42.325,42.38,845429
2017-01-13 13:15:00,42.38,42.395,42.35,42.36,872522
2017-01-13 13:30:00,42.36,42.4,42.35,42.35,897778
2017-01-13 13:45:00,42.36,42.3858,42.35,42.38,928961
2017-01-13 14:00:00,42.37,42.38,42.36,42.37,943372
2017-01-13 14:15:00,42.38,42.43,42.35,42.36,989494
2017-01-13 14:30:00,42.35,42.39,42.33,42.33,1130159
2017-01-13 14:45:00,42.34,42.45,42.34,42.45,1169579
2017-01-13 15:00:00,42.45,42.46,42.36,42.36,1235710
2017-01-13 15:15:00,42.365,42.37,42.31,42.35,1296563
2017-01-13 15:30:00,42.35,42.35,42.26,42.26,1342656
2017-01-13 15:45:00,42.26,42.39,42.24,42.39,1413672
2017-01-13 16:00:00,42.39,42.4,42.33,42.35,1644263
2017-01-17 09:45:00,42.06,42.35,42.06,42.35,92444
2017-01-17 10:00:00,42.31,42.31,42.21,42.2248,126533
2017-01-17 10:15:00,42.21,42.36,42.18,42.34,177115
2017-01-17 10:30:00,42.35,42.42,42.34,42.35,409387
2017-01-17 10:45:00,42.3938,42.55,42.39,42.5,464025
2017-01-17 11:00:00,42.5,42.55,42.46,42.54,494675
2017-01-17 11:15:00,42.54,42.55,42.45,42.47,525839
2017-01-17 11:30:00,42.46,42.475,42.39,42.441,543553
2017-01-17 11:45:00,42.445,42.46,42.39,42.4375,561808
2017-01-17 12:00:00,42.43,42.485,42.43,42.46,579754
2017-01-17 12:15:00,42.47,42.48,42.41,42.448,600756
2017-01-17 12:30:00,42.44,42.52,42.43,42.5,618677
2017-01-17 12:45:00,42.505,42.52,42.45,42.499,637258
2017-01-17 13:00:00,42.5,42.59,42.48,42.58,662313
2017-01-17 13:15:00,42.58,42.63,42.57,42.63,691479
2017-01-17 13:30:00,42.63,42.67,42.61,42.67,735734
2017-01-17 13:45:00,42.67,42.675,42.565,42.59,777054
2017-01-17 14:00:00,42.595,42.615,42.55,42.55,800569
2017-01-17 14:15:00,42.555,42.58,42.55,42.56,847069
2017-01-17 14:30:00,42.565,42.565,42.495,42.505,896463
2017-01-17 14:45:00,42.505,42.505,42.4,42.405,975963
2017-01-17 15:00:00,42.405,42.425,42.38,42.4,1022509
2017-01-17 15:15:00,42.405,42.4099,42.35,42.39,1116174
2017-01-17 15:30:00,42.38,42.4,42.36,42.36,1153627
2017-01-17 15:45:00,42.37,42.4,42.36,42.385,1214129
2017-01-17 16:00:00,42.38,42.39,42.34,42.37,1400300
2017-01-18 09:45:00,42.25,42.71,42.05,42.44,67067
2017-01-18 10:00:00,42.44,42.44,42.2,42.26,100207
2017-01-18 10:15:00,42.265,42.3,42.19,42.205,138096
2017-01-18 10:30:00,42.22,42.235,42.08,42.11,185245
2017-01-18 10:45:00,42.11,42.11,42.03,42.03,262711
2017-01-18 11:00:00,42.035,42.0601,41.99,42.05,347135
2017-01-18 11:15:00,42.06,42.08,42.0,42.015,401321
2017-01-18 11:30:00,42.011,42.05,41.99,42.025,429700
2017-01-18 11:45:00,42.03,42.05,41.985,42.0,455397
2017-01-18 12:00:00,42.0,42.0,41.92,41.94,500773
2017-01-18 12:15:00,41.94,41.99,41.93,41.99,530580
2017-01-18 12:30:00,41.985,42.02,41.98,42.01,557225
2017-01-18 12:45:00,42.02,42.05,42.01,42.04,581791
2017-01-18 13:00:00,42.05,42.08,42.02,42.02,655364
2017-01-18 13:15:00,42.015,42.08,42.01,42.05,693768
2017-01-18 13:30:00,42.05,42.06,42.04,42.05,714492
2017-01-18 13:45:00,42.05,42.05,42.03,42.05,742548
2017-01-18 14:00:00,42.05,42.055,42.02,42.03,773805
2017-01-18 14:15:00,42.025,42.03,42.01,42.01,824764
2017-01-18 14:30:00,42.015,42.03,41.99,42.015,886415
2017-01-18 14:45:00,42.015,42.02,42.005,42.015,935278
2017-01-18 15:00:00,42.02,42.02,41.99,42.0,1044463
2017-01-18 15:15:00,41.995,42.0,41.97,41.975,1219939
2017-01-18 15:30:00,41.98,41.98,41.93,41.945,1278967
2017-01-18 15:45:00,41.9401,41.95,41.92,41.95,1362491
2017-01-18 16:00:00,41.95,41.97,41.89,41.9,1644030
2017-01-19 09:45:00,41.85,42.04,41.8,41.9,26094
2017-01-19 10:00:00,41.88,41.91,41.78,41.82,237680
2017-01-19 10:15:00,41.84,41.85,41.76,41.8,268131
2017-01-19 10:30:00,41.79,41.8,41.66,41.71,347194
2017-01-19 10:45:00,41.71,41.72,41.56,41.6,416017
2017-01-19 11:00:00,41.595,41.6,41.51,41.52,584221
2017-01-19 11:15:00,41.52,41.62,41.5,41.5387,755835
2017-01-19 11:30:00,41.535,41.7,41.51,41.69,1006708
2017-01-19 11:45:00,41.695,41.7,41.545,41.59,1237517
2017-01-19 12:00:00,41.6,41.61,41.51,41.5355,1582644
2017-01-19 12:15:00,41.535,41.61,41.5,41.57,1771029
2017-01-19 12:30:00,41.565,41.58,41.5,41.53,1835742
2017-01-19 12:45:00,41.52,41.53,41.47,41.485,1944134
2017-01-19 13:00:00,41.49,41.59,41.47,41.58,2004266
2017-01-19 13:15:00,41.58,41.58,41.49,41.55,2074413
2017-01-19 13:30:00,41.55,41.56,41.51,41.52,2118542
2017-01-19 13:45:00,41.515,41.6,41.5,41.58,2246076
2017-01-19 14:00:00,41.59,41.6,41.56,41.6,2320411
2017-01-19 14:15:00,41.6,41.6,41.51,41.5199,2366432
2017-01-19 14:30:00,41.51,41.54,41.485,41.53,2414363
2017-01-19 14:45:00,41.535,41.555,41.525,41.55,2447013
2017-01-19 15:00:00,41.55,41.56,41.51,41.51,2513469
2017-01-19 15:15:00,41.515,41.55,41.48,41.4846,2617578
2017-01-19 15:30:00,41.48,41.51,41.42,41.42,2762511
2017-01-19 15:45:00,41.42,41.47,41.4,41.405,2888810
2017-01-19 16:00:00,41.4,41.48,41.39,41.46,3341924
2017-01-20 09:45:00,41.47,41.79,41.47,41.53,191476
2017-01-20 10:00:00,41.5,41.58,41.49,41.49,231855
2017-01-20 10:15:00,41.49,41.51,41.3745,41.39,335523
2017-01-20 10:30:00,41.37,41.39,41.2,41.201,402441
2017-01-20 10:45:00,41.205,41.29,41.19,41.26,513657
2017-01-20 11:00:00,41.26,41.26,41.17,41.175,567914
2017-01-20 11:15:00,41.18,41.25,41.14,41.25,663465
2017-01-20 11:30:00,41.25,41.28,41.18,41.18,711583
2017-01-20 11:45:00,41.18,41.23,41.165,41.23,767978
2017-01-20 12:00:00,41.23,41.23,41.1,41.105,871003
2017-01-20 12:15:00,41.11,41.11,40.88,40.975,1033654
2017-01-20 12:30:00,40.97,41.0,40.92,40.96,1158800
2017-01-20 12:45:00,40.97,41.01,40.92,40.96,1266654
2017-01-20 13:00:00,40.97,40.99,40.89,40.985,1330269
2017-01-20 13:15:00,40.995,41.04,40.92,41.04,1400808
2017-01-20 13:30:00,41.035,41.07,41.0,41.0,1460872
2017-01-20 13:45:00,41.01,41.03,40.94,40.97,1538214
2017-01-20 14:00:00,40.96,40.97,40.9,40.94,1623953
2017-01-20 14:15:00,40.95,41.01,40.91,41.01,1749061
2017-01-20 14:30:00,41.0,41.01,40.89,40.92,1822664
2017-01-20 14:45:00,40.92,40.96,40.89,40.9175,1900979
2017-01-20 15:00:00,40.91,40.92,40.89,40.91,1957404
2017-01-20 15:15:00,40.92,40.97,40.91,40.95,2078911
2017-01-20 15:30:00,40.95,40.96,40.91,40.94,2163777
2017-01-20 15:45:00,40.94,40.98,40.93,40.955,2335035
2017-01-20 16:00:00,40.95,41.09,40.93,40.95,3039192
2017-01-23 09:45:00,40.88,40.96,40.7,40.72,114700
2017-01-23 10:00:00,40.73,40.76,40.63,40.72,265408
2017-01-23 10:15:00,40.72,40.89,40.72,40.775,401966
2017-01-23 10:30:00,40.7755,40.79,40.64,40.7,501825
2017-01-23 10:45:00,40.69,40.73,40.61,40.73,691206
2017-01-23 11:00:00,40.72,40.725,40.65,40.69,814052
2017-01-23 11:15:00,40.68,40.77,40.63,40.6366,922109
2017-01-23 11:30:00,40.63,40.66,40.52,40.585,1031578
2017-01-23 11:45:00,40.585,40.62,40.53,40.56,1128184
2017-01-23 12:00:00,40.55,40.555,40.43,40.53,1240436
2017-01-23 12:15:00,40.52,40.63,40.51,40.59,1343352
2017-01-23 12:30:00,40.59,40.66,40.555,40.6,1439961
2017-01-23 12:45:00,40.605,40.73,40.6,40.69,1502893
2017-01-23 13:00:00,40.685,40.705,40.65,40.6864,1587159
2017-01-23 13:15:00,40.685,40.71,40.67,40.69,1697129
2017-01-23 13:30:00,40.685,40.71,40.66,40.695,1787668
2017-01-23 13:45:00,40.695,40.83,40.69,40.715,1916775
2017-01-23 14:00:00,40.715,40.74,40.63,40.65,2015756
2017-01-23 14:15:00,40.65,40.69,40.56,40.56,2142788
2017-01-23 14:30:00,40.56,40.56,40.4875,40.51,2304576
2017-01-23 14:45:00,40.515,40.6,40.515,40.56,2492171
2017-01-23 15:00:00,40.57,40.6,40.525,40.525,2659272
2017-01-23 15:15:00,40.525,40.56,40.49,40.495,2867507
2017-01-23 15:30:00,40.495,40.5739,40.47,40.53,3050487
2017-01-23 15:45:00,40.53,40.63,40.53,40.625,3343269
2017-01-23 16:00:00,40.62,40.63,40.53,40.535,3833838
2017-01-24 09:45:00,40.68,40.84,40.66,40.67,116086
2017-01-24 10:00:00,40.6899,40.74,40.58,40.59,161004
2017-01-24 10:15:00,40.59,40.64,40.54,40.6,264519
2017-01-24 10:30:00,40.595,40.625,40.57,40.57,320098
2017-01-24 10:45:00,40.57,40.6,40.505,40.53,395565
2017-01-24 11:00:00,40.53,40.57,40.5,40.54,509710
2017-01-24 11:15:00,40.55,40.77,40.545,40.735,688340
2017-01-24 11:30:00,40.73,40.74,40.65,40.68,759866
2017-01-24 11:45:00,40.685,40.69,40.62,40.655,861327
2017-01-24 12:00:00,40.65,40.72,40.64,40.69,913195
2017-01-24 12:15:00,40.7,40.77,40.65,40.76,989409
2017-01-24 12:30:00,40.765,40.785,40.725,40.775,1068136
2017-01-24 12:45:00,40.78,40.78,40.715,40.735,1188897
2017-01-24 13:00:00,40.735,40.755,40.705,40.71,1246803
2017-01-24 13:15:00,40.71,40.77,40.65,40.66,1409852
2017-01-24 13:30:00,40.66,40.71,40.64,40.69,1465579
2017-01-24 13:45:00,40.69,40.73,40.67,40.69,1546901
2017-01-24 14:00:00,40.7,40.73,40.69,40.7,1666835
2017-01-24 14:15:00,40.705,40.76,40.68,40.7,1794417
2017-01-24 14:30:00,40.71,40.76,40.705,40.72,1910028
2017-01-24 14:45:00,40.72,40.84,40.72,40.8,2202380
2017-01-24 15:00:00,40.8025,40.875,40.79,40.8,2362511
2017-01-24 15:15:00,40.805,40.88,40.79,40.82,2491227
2017-01-24 15:30:00,40.825,40.84,40.78,40.8,2633808
2017-01-24 15:45:00,40.79,40.8,40.72,40.77,2858799
2017-01-24 16:00:00,40.76,40.8,40.67,40.7,3310287
2017-01-25 09:45:00,40.97,41.2,40.81,41.16,72176
2017-01-25 10:00:00,41.14,41.26,41.12,41.2,216581
2017-01-25 10:15:00,41.2,41.23,41.13,41.2,311835
2017-01-25 10:30:00,41.2,41.465,41.19,41.42,444312
2017-01-25 10:45:00,41.43,41.48,41.09,41.16,1249814
2017-01-25 11:00:00,41.16,41.2,40.95,41.18,2253327
2017-01-25 11:15:00,41.18,41.215,41.01,41.02,2398283
2017-01-25 11:30:00,41.03,41.15,41.0,41.04,2467269
2017-01-25 11:45:00,41.04,41.1,41.01,41.05,2903966
2017-01-25 12:00:00,41.04,41.06,40.98,40.99,3036627
2017-01-25 12:15:00,40.99,41.01,40.88,40.899,3117028
2017-01-25 12:30:00,40.9,40.92,40.86,40.89,3164920
2017-01-25 12:45:00,40.9,41.01,40.9,40.96,3265006
2017-01-25 13:00:00,40.955,41.0,40.9515,41.0,3314245
2017-01-25 13:15:00,40.99,41.0,40.92,41.0,3367469
2017-01-25 13:30:00,40.995,41.01,40.905,40.93,3443347
2017-01-25 13:45:00,40.93,41.0,40.925,40.99,3490419
2017-01-25 14:00:00,40.98,41.11,40.965,41.1,5704464
2017-01-25 14:15:00,41.1025,41.18,41.09,41.15,5871424
2017-01-25 14:30:00,41.15,41.21,41.15,41.15,5986634
2017-01-25 14:45:00,41.14,41.19,41.11,41.12,6341854
2017-01-25 15:00:00,41.12,41.145,41.065,41.095,6433161
2017-01-25 15:15:00,41.095,41.21,41.095,41.185,6555629
2017-01-25 15:30:00,41.185,41.2,41.06,41.09,6883830
2017-01-25 15:45:00,41.08,41.12,41.0,41.015,7106439
2017-01-25 16:00:00,41.02,41.13,40.99,41.0,7950678
2017-01-26 09:45:00,41.01,41.3,40.96,41.07,65468
2017-01-26 10:00:00,41.06,41.08,40.93,41.03,102363
2017-01-26 10:15:00,41.01,41.06,40.88,40.99,231884
2017-01-26 10:30:00,40.98,40.99,40.87,40.89,278275
2017-01-26 10:45:00,40.89,41.0,40.885,40.9,328668
2017-01-26 11:00:00,40.91,40.94,40.86,40.91,404999
2017-01-26 11:15:00,40.91,40.93,40.87,40.91,461221
2017-01-26 11:30:00,40.91,40.915,40.82,40.88,521694
2017-01-26 11:45:00,40.88,40.93,40.85,40.86,571209
2017-01-26 12:00:00,40.86,40.91,40.81,40.89,636653
2017-01-26 12:15:00,40.9,40.97,40.86,40.89,959576
2017-01-26 12:30:00,40.89,40.9,40.85,40.85,1031628
2017-01-26 12:45:00,40.85,40.86,40.805,40.825,1101633
2017-01-26 13:00:00,40.825,40.87,40.81,40.87,1156277
2017-01-26 13:15:00,40.87,40.875,40.825,40.84,1216203
2017-01-26 13:30:00,40.84,40.84,40.735,40.78,1275635
2017-01-26 13:45:00,40.78,40.83,40.75,40.79,1321511
2017-01-26 14:00:00,40.785,40.81,40.69,40.7203,1391436
2017-01-26 14:15:00,40.72,40.75,40.62,40.645,1464562
2017-01-26 14:30:00,40.645,40.73,40.62,40.73,1529630
2017-01-26 14:45:00,40.73,40.74,40.65,40.69,1596771
2017-01-26 15:00:00,40.68,40.73,40.65,40.71,1652104
2017-01-26 15:15:00,40.7,40.77,40.7,40.74,1710294
2017-01-26 15:30:00,40.75,40.755,40.68,40.73,1790045
2017-01-26 15:45:00,40.73,40.765,40.68,40.7,1950263
2017-01-26 16:00:00,40.695,40.76,40.695,40.72,2258969
2017-01-27 09:45:00,40.82,40.82,40.57,40.67,33902
2017-01-27 10:00:00,40.68,40.77,40.62,40.75,88902
2017-01-27 10:15:00,40.755,40.88,40.75,40.83,116854
2017-01-27 10:30:00,40.835,40.88,40.76,40.765,136878
2017-01-27 10:45:00,40.76,40.945,40.76,40.87,218951
2017-01-27 11:00:00,40.87,40.92,40.805,40.89,328759
2017-01-27 11:15:00,40.89,40.96,40.72,40.73,566856
2017-01-27 11:30:00,40.72,40.77,40.67,40.6704,617735
2017-01-27 11:45:00,40.685,40.91,40.685,40.84,733463
2017-01-27 12:00:00,40.82,40.83,40.73,40.805,769671
2017-01-27 12:15:00,40.8,40.85,40.7967,40.84,787385
2017-01-27 12:30:00,40.83,40.87,40.82,40.87,810061
2017-01-27 12:45:00,40.86,40.89,40.82,40.84,849995
2017-01-27 13:00:00,40.84,40.88,40.81,40.88,874284
2017-01-27 13:15:00,40.89,40.89,40.84,40.845,910910
2017-01-27 13:30:00,40.845,40.91,40.82,40.91,967028
2017-01-27 13:45:00,40.915,40.92,40.865,40.9,996472
2017-01-27 14:00:00,40.9,40.92,40.87,40.89,1032068
2017-01-27 14:15:00,40.89,40.92,40.89,40.9,1068699
2017-01-27 14:30:00,40.92,40.95,40.9,40.945,1106885
2017-01-27 14:45:00,40.945,41.0,40.935,41.0,1164316
2017-01-27 15:00:00,40.991,41.02,40.99,40.995,1221876
2017-01-27 15:15:00,40.995,41.0,40.89,40.89,1429350
2017-01-27 15:30:00,40.9,40.91,40.87,40.87,1512968
2017-01-27 15:45:00,40.88,40.89,40.84,40.85,1609750
2017-01-27 16:00:00,40.85,40.9,40.84,40.895,1834066
2017-01-30 09:45:00,40.89,40.91,40.52,40.525,33991
2017-01-30 10:00:00,40.54,40.59,40.46,40.55,87288
2017-01-30 10:15:00,40.545,40.545,40.455,40.46,136675
2017-01-30 10:30:00,40.46,40.5,40.32,40.49,207600
2017-01-30 10:45:00,40.495,40.52,40.425,40.44,292933
2017-01-30 11:00:00,40.43,40.44,40.278,40.29,391627
2017-01-30 11:15:00,40.28,40.43,40.28,40.43,471542
2017-01-30 11:30:00,40.435,40.53,40.43,40.525,570398
2017-01-30 11:45:00,40.5225,40.54,40.45,40.4899,640491
2017-01-30 12:00:00,40.49,40.6,40.485,40.59,682265
2017-01-30 12:15:00,40.5999,40.605,40.55,40.59,725901
2017-01-30 12:30:00,40.6,40.6,40.545,40.59,776137
2017-01-30 12:45:00,40.58,40.58,40.47,40.475,824075
2017-01-30 13:00:00,40.475,40.525,40.46,40.51,859483
2017-01-30 13:15:00,40.5,40.575,40.46,40.47,1565084
2017-01-30 13:30:00,40.46,40.67,40.46,40.655,1671958
2017-01-30 13:45:00,40.66,40.77,40.605,40.695,1816238
2017-01-30 14:00:00,40.69,40.74,40.66,40.74,1863785
2017-01-30 14:15:00,40.74,40.91,40.72,40.89,1995739
2017-01-30 14:30:00,40.89,40.94,40.865,40.92,2141358
2017-01-30 14:45:00,40.91,41.04,40.89,41.0,2263193
2017-01-30 15:00:00,41.0,41.05,40.95,41.02,2419683
2017-01-30 15:15:00,41.01,41.04,40.98,41.015,2551584
2017-01-30 15:30:00,41.01,41.04,40.99,41.04,2681517
2017-01-30 15:45:00,41.04,41.07,40.99,41.04,2866821
2017-01-30 16:00:00,41.04,41.115,41.0333,41.07,3135483
2017-01-31 09:45:00,41.15,41.18,40.925,40.96,76460
2017-01-31 10:00:00,40.97,40.99,40.765,40.85,139977
2017-01-31 10:15:00,40.83,40.92,40.74,40.9,295696
2017-01-31 10:30:00,40.91,41.03,40.89,40.96,443994
2017-01-31 10:45:00,40.97,41.01,40.93,40.975,584509
2017-01-31 11:00:00,40.97,41.02,40.76,40.7766,723610
2017-01-31 11:15:00,40.775,40.85,40.73,40.775,1103725
2017-01-31 11:30:00,40.775,40.855,40.71,40.83,1268423
2017-01-31 11:45:00,40.825,40.87,40.78,40.84,1316984
2017-01-31 12:00:00,40.84,40.855,40.805,40.82,1405359
2017-01-31 12:15:00,40.81,40.88,40.81,40.87,1443680
2017-01-31 12:30:00,40.87,40.93,40.865,40.89,1492963
2017-01-31 12:45:00,40.899,40.91,40.86,40.87,1548768
2017-01-31 13:00:00,40.87,40.87,40.83,40.845,1610077
2017-01-31 13:15:00,40.845,40.855,40.77,40.78,1658719
2017-01-31 13:30:00,40.785,40.835,40.77,40.82,1695577
2017-01-31 13:45:00,40.83,40.85,40.68,40.7299,1937194
2017-01-31 14:00:00,40.72,40.77,40.7,40.71,2057278
2017-01-31 14:15:00,40.715,40.78,40.71,40.765,2114197
2017-01-31 14:30:00,40.765,40.8,40.75,40.79,2153916
2017-01-31 14:45:00,40.79,40.81,40.76,40.8,2269353
2017-01-31 15:00:00,40.8,40.89,40.795,40.835,2378958
2017-01-31 15:15:00,40.83,40.89,40.83,40.89,2460894
2017-01-31 15:30:00,40.89,40.915,40.875,40.9,2548719
2017-01-31 15:45:00,40.895,40.93,40.89,40.925,2641354
2017-01-31 16:00:00,40.93,40.93,40.87,40.92,2944090
2017-02-01 09:45:00,40.93,41.03,40.67,40.83,69684
2017-02-01 10:00:00,40.815,40.94,40.785,40.9,137508
2017-02-01 10:15:00,40.9,41.04,40.895,41.02,247437
2017-02-01 10:30:00,41.03,41.12,40.98,41.1,345150
2017-02-01 10:45:00,41.105,41.13,40.985,41.04,425282
2017-02-01 11:00:00,41.04,41.06,41.0,41.01,488348
2017-02-01 11:15:00,41.0,41.01,40.95,41.0,654809
2017-02-01 11:30:00,40.99,41.0,40.91,40.915,785520
2017-02-01 11:45:00,40.92,40.985,40.91,40.96,850126
2017-02-01 12:00:00,40.96,40.99,40.905,40.99,932063
2017-02-01 12:15:00,40.995,40.995,40.95,40.98,971500
2017-02-01 12:30:00,40.97,40.975,40.94,40.965,1007011
2017-02-01 12:45:00,40.97,41.005,40.96,40.99,1038435
2017-02-01 13:00:00,40.995,41.01,40.985,41.0,1094177
2017-02-01 13:15:00,40.995,41.01,40.98,40.98,1162480
2017-02-01 13:30:00,40.99,41.005,40.96,41.0,1215575
2017-02-01 13:45:00,41.0,41.09,40.99,41.09,1282161
2017-02-01 14:00:00,41.09,41.11,41.0,41.05,1379658
2017-02-01 14:15:00,41.05,41.13,41.01,41.08,1544066
2017-02-01 14:30:00,41.08,41.135,41.08,41.135,1636052
2017-02-01 14:45:00,41.135,41.3,41.1331,41.29,1802875
2017-02-01 15:00:00,41.28,41.2999,41.19,41.205,1892441
2017-02-01 15:15:00,41.21,41.24,41.12,41.125,1980046
2017-02-01 15:30:00,41.125,41.17,41.11,41.155,2190860
2017-02-01 15:45:00,41.16,41.26,41.15,41.25,2333742
2017-02-01 16:00:00,41.26,41.34,41.255,41.32,2691284
2017-02-02 09:45:00,41.17,41.24,40.88,41.14,66775
2017-02-02 10:00:00,41.135,41.4775,41.12,41.4747,168969
2017-02-02 10:15:00,41.47,41.58,41.46,41.57,281835
2017-02-02 10:30:00,41.575,41.615,41.54,41.545,352258
2017-02-02 10:45:00,41.545,41.62,41.5,41.57,422211
2017-02-02 11:00:00,41.57,41.63,41.53,41.53,521117
2017-02-02 11:15:00,41.54,41.61,41.51,41.55,627314
2017-02-02 11:30:00,41.55,41.58,41.54,41.57,733505
2017-02-02 11:45:00,41.58,41.71,41.54,41.71,833992
2017-02-02 12:00:00,41.7,41.7,41.6,41.605,903675
2017-02-02 12:15:00,41.6,41.625,41.56,41.62,968309
2017-02-02 12:30:00,41.61,41.635,41.6,41.61,1049372
2017-02-02 12:45:00,41.61,41.675,41.6,41.64,1166185
2017-02-02 13:00:00,41.64,41.74,41.64,41.7,1215765
2017-02-02 13:15:00,41.7,41.72,41.68,41.695,1281766
2017-02-02 13:30:00,41.7,41.74,41.63,41.645,1337999
2017-02-02 13:45:00,41.645,41.71,41.63,41.71,1377289
2017-02-02 14:00:00,41.71,41.775,41.71,41.765,1433247
2017-02-02 14:15:00,41.765,41.765,41.71,41.74,1493032
2017-02-02 14:30:00,41.74,41.8,41.7,41.795,1609295
2017-02-02 14:45:00,41.79,41.795,41.72,41.75,1705982
2017-02-02 15:00:00,41.76,41.81,41.73,41.73,1823968
2017-02-02 15:15:00,41.74,41.745,41.68,41.7,1938727
2017-02-02 15:30:00,41.69,41.715,41.66,41.715,2028748
2017-02-02 15:45:00,41.715,41.73,41.65,41.67,2143055
2017-02-02 16:00:00,41.68,41.68,41.65,41.66,2396233
2017-02-03 09:45:00,41.84,42.11,41.82,41.85,93937
2017-02-03 10:00:00,41.88,41.97,41.88,41.92,146398
2017-02-03 10:15:00,41.92,42.2,41.92,42.16,254437
2017-02-03 10:30:00,42.17,42.37,42.15,42.32,314913
2017-02-03 10:45:00,42.31,42.45,42.29,42.405,417709
2017-02-03 11:00:00,42.405,42.56,42.4,42.45,515432
2017-02-03 11:15:00,42.445,42.53,42.44,42.51,601620
2017-02-03 11:30:00,42.5175,42.52,42.44,42.49,644773
2017-02-03 11:45:00,42.485,42.49,42.36,42.425,711609
2017-02-03 12:00:00,42.42,42.43,42.37,42.4,771131
2017-02-03 12:15:00,42.4,42.4,42.34,42.38,857795
2017-02-03 12:30:00,42.37,42.4,42.315,42.345,912402
2017-02-03 12:45:00,42.35,42.4,42.34,42.4,972102
2017-02-03 13:00:00,42.4,42.44,42.34,42.36,1011591
2017-02-03 13:15:00,42.355,42.37,42.3,42.37,1053592
2017-02-03 13:30:00,42.365,42.37,42.33,42.34,1091580
2017-02-03 13:45:00,42.33,42.37,42.28,42.29,1140939
2017-02-03 14:00:00,42.29,42.39,42.285,42.36,1206220
2017-02-03 14:15:00,42.355,42.38,42.33,42.345,1256110
2017-02-03 14:30:00,42.34,42.38,42.33,42.38,1317623
2017-02-03 14:45:00,42.38,42.49,42.35,42.44,1408671
2017-02-03 15:00:00,42.445,42.54,42.44,42.5,1528893
2017-02-03 15:15:00,42.4958,42.54,42.48,42.485,1602510
2017-02-03 15:30:00,42.48,42.49,42.42,42.43,1686169
2017-02-03 15:45:00,42.43,42.52,42.43,42.455,1840554
2017-02-03 16:00:00,42.46,42.51,42.43,42.46,2154502
2017-02-06 09:45:00,42.46,42.61,42.41,42.47,96058
2017-02-06 10:00:00,42.48,42.48,42.37,42.42,158301
2017-02-06 10:15:00,42.41,42.5,42.41,42.495,248027
2017-02-06 10:30:00,42.5,42.54,42.49,42.5,314592
2017-02-06 10:45:00,42.49,42.49,42.4,42.42,376303
2017-02-06 11:00:00,42.415,42.45,42.4,42.43,497076
2017-02-06 11:15:00,42.43,42.43,42.28,42.3,556763
2017-02-06 11:30:00,42.3,42.31,42.25,42.26,608098
2017-02-06 11:45:00,42.26,42.28,42.245,42.26,650534
2017-02-06 12:00:00,42.26,42.26,42.21,42.245,687379
2017-02-06 12:15:00,42.245,42.26,42.19,42.2,731759
2017-02-06 12:30:00,42.19,42.2,42.14,42.17,780807
2017-02-06 12:45:00,42.1658,42.17,42.13,42.13,819536
2017-02-06 13:00:00,42.12,42.13,42.03,42.05,860197
2017-02-06 13:15:00,42.05,42.06,42.02,42.03,897444
2017-02-06 13:30:00,42.03,42.06,42.01,42.04,954566
2017-02-06 13:45:00,42.04,42.04,41.97,41.98,1044730
2017-02-06 14:00:00,41.975,42.07,41.97,42.045,1094621
2017-02-06 14:15:00,42.04,42.075,42.02,42.065,1176408
2017-02-06 14:30:00,42.06,42.07,42.0,42.01,1234420
2017-02-06 14:45:00,42.01,42.0375,41.995,42.02,1303612
2017-02-06 15:00:00,42.03,42.065,42.02,42.06,1382723
2017-02-06 15:15:00,42.05,42.08,42.03,42.06,1467063
2017-02-06 15:30:00,42.06,42.07,42.0,42.0,1573513
2017-02-06 15:45:00,42.0,42.005,41.98,41.98,1705616
2017-02-06 16:00:00,41.98,42.0,41.95,41.985,2030699
2017-02-07 09:45:00,41.97,42.0,41.89,41.96,68571
2017-02-07 10:00:00,41.96,41.99,41.91,41.97,116963
2017-02-07 10:15:00,41.965,42.01,41.9,42.01,146736
2017-02-07 10:30:00,42.005,42.07,41.97,42.0,313237
2017-02-07 10:45:00,41.99,42.05,41.975,42.01,417017
2017-02-07 11:00:00,42.0,42.01,41.93,41.99,498519
2017-02-07 11:15:00,41.99,42.01,41.9598,41.99,602628
2017-02-07 11:30:00,41.995,42.04,41.975,42.0,656549
2017-02-07 11:45:00,42.0,42.05,41.96,42.045,701705
2017-02-07 12:00:00,42.06,42.12,42.035,42.05,769855
2017-02-07 12:15:00,42.05,42.06,41.91,41.93,810763
2017-02-07 12:30:00,41.93,41.93,41.79,41.8,851584
2017-02-07 12:45:00,41.8,41.93,41.8,41.88,904526
2017-02-07 13:00:00,41.88,41.91,41.85,41.88,947236
2017-02-07 13:15:00,41.875,41.88,41.82,41.83,984713
2017-02-07 13:30:00,41.834,41.88,41.79,41.81,1046208
2017-02-07 13:45:00,41.8012,41.88,41.7943,41.87,1082502
2017-02-07 14:00:00,41.875,41.92,41.87,41.895,1112561
2017-02-07 14:15:00,41.9,42.0,41.9,41.99,1162602
2017-02-07 14:30:00,41.995,42.0,41.95,41.96,1200759
2017-02-07 14:45:00,41.96,42.005,41.94,41.985,1269432
2017-02-07 15:00:00,41.98,41.99,41.9,41.91,1337890
2017-02-07 15:15:00,41.9,41.905,41.87,41.9,1384584
2017-02-07 15:30:00,41.9,41.93,41.87,41.89,1459124
2017-02-07 15:45:00,41.8858,41.9,41.85,41.87,1577577
2017-02-07 16:00:00,41.87,41.93,41.86,41.88,1894101
2017-02-08 09:45:00,41.72,41.91,41.37,41.91,111525
2017-02-08 10:00:00,41.85,41.97,41.82,41.91,182585
2017-02-08 10:15:00,41.91,42.25,41.9,42.19,387224
2017-02-08 10:30:00,42.1988,42.26,41.88,41.9,494445
2017-02-08 10:45:00,41.92,42.07,41.865,42.03,571290
2017-02-08 11:00:00,42.035,42.04,41.88,41.98,651044
2017-02-08 11:15:00,41.975,42.0,41.91,41.91,703776
2017-02-08 11:30:00,41.91,41.95,41.87,41.9,762800
2017-02-08 11:45:00,41.9,41.9,41.825,41.835,839756
2017-02-08 12:00:00,41.835,41.88,41.765,41.86,908985
2017-02-08 12:15:00,41.85,41.87,41.821,41.845,968611
2017-02-08 12:30:00,41.845,41.91,41.82,41.9,1042377
2017-02-08 12:45:00,41.891,41.93,41.855,41.93,1106832
2017-02-08 13:00:00,41.93,41.96,41.9,41.94,1172764
2017-02-08 13:15:00,41.935,41.94,41.92,41.92,1206102
2017-02-08 13:30:00,41.925,41.94,41.87,41.89,1269478
2017-02-08 13:45:00,41.9,41.97,41.86,41.96,1331202
2017-02-08 14:00:00,41.96,41.97,41.89,41.95,1389773
2017-02-08 14:15:00,41.95,41.99,41.88,41.9867,1461898
2017-02-08 14:30:00,41.98,42.01,41.945,41.98,1573690
2017-02-08 14:45:00,41.97,42.04,41.96,42.015,1677605
2017-02-08 15:00:00,42.015,42.04,41.98,41.98,1749708
2017-02-08 15:15:00,41.986,41.9875,41.94,41.95,1839670
2017-02-08 15:30:00,41.95,41.96,41.89,41.94,2018081
2017-02-08 15:45:00,41.94,42.045,41.91,42.04,2299195
2017-02-08 16:00:00,42.04,42.06,41.94,42.05,2806082
2017-02-09 09:45:00,42.19,43.0,41.5,42.98,191539
2017-02-09 10:00:00,42.98,43.51,42.8,43.26,467777
2017-02-09 10:15:00,43.23,43.48,43.05,43.07,623334
2017-02-09 10:30:00,43.07,43.115,42.8,42.9,820326
2017-02-09 10:45:00,42.895,42.97,42.52,42.84,1169110
2017-02-09 11:00:00,42.83,43.26,42.81,43.26,1272254
2017-02-09 11:15:00,43.275,43.35,43.11,43.29,1410761
2017-02-09 11:30:00,43.27,43.36,43.14,43.145,1512629
2017-02-09 11:45:00,43.15,43.31,43.07,43.31,1585097
2017-02-09 12:00:00,43.3,43.49,43.28,43.43,1712850
2017-02-09 12:15:00,43.43,43.5,43.38,43.385,1835036
2017-02-09 12:30:00,43.3858,43.41,43.32,43.38,1890070
2017-02-09 12:45:00,43.37,43.43,43.225,43.42,1995775
2017-02-09 13:00:00,43.43,43.43,43.34,43.39,2062834
2017-02-09 13:15:00,43.38,43.43,43.36,43.4,2123662
2017-02-09 13:30:00,43.39,43.42,43.19,43.22,2181650
2017-02-09 13:45:00,43.2257,43.227,43.1,43.1,2234718
2017-02-09 14:00:00,43.1,43.21,43.05,43.07,2294493
2017-02-09 14:15:00,43.07,43.28,43.07,43.28,2366454
2017-02-09 14:30:00,43.28,43.305,43.18,43.18,2420542
2017-02-09 14:45:00,43.19,43.38,43.18,43.365,2484486
2017-02-09 15:00:00,43.36,43.36,43.245,43.28,2557710
2017-02-09 15:15:00,43.285,43.36,43.285,43.36,2665203
2017-02-09 15:30:00,43.36,43.38,43.26,43.315,2793322
2017-02-09 15:45:00,43.32,43.355,43.16,43.205,3087227
2017-02-09 16:00:00,43.205,43.24,43.09,43.17,3603027
2017-02-10 09:45:00,43.18,44.525,43.18,44.495,417916
2017-02-10 10:00:00,44.48,44.51,44.24,44.4675,790935
2017-02-10 10:15:00,44.46,44.47,44.03,44.16,901889
2017-02-10 10:30:00,44.16,44.44,44.1575,44.35,1105927
2017-02-10 10:45:00,44.35,44.61,44.28,44.51,1376369
2017-02-10 11:00:00,44.51,44.58,44.4,44.42,1519606
2017-02-10 11:15:00,44.41,44.41,44.27,44.355,1631061
2017-02-10 11:30:00,44.35,44.35,44.11,44.14,1736292
2017-02-10 11:45:00,44.15,44.26,44.09,44.165,1870438
2017-02-10 12:00:00,44.16,44.35,44.11,44.16,2209767
2017-02-10 12:15:00,44.17,44.18,44.15,44.165,2294595
2017-02-10 12:30:00,44.16,44.175,44.0,44.05,2417135
2017-02-10 12:45:00,44.04,44.15,43.98,44.04,2531337
2017-02-10 13:00:00,44.03,44.1,44.03,44.06,2585324
2017-02-10 13:15:00,44.06,44.065,43.99,44.0,2694438
2017-02-10 13:30:00,44.0,44.085,43.995,44.05,2748521
2017-02-10 13:45:00,44.04,44.11,44.0,44.08,2824452
2017-02-10 14:00:00,44.08,44.2,44.08,44.145,2918276
2017-02-10 14:15:00,44.145,44.16,44.11,44.15,3027338
2017-02-10 14:30:00,44.14,44.18,44.13,44.135,3104687
2017-02-10 14:45:00,44.135,44.21,44.13,44.195,3254012
2017-02-10 15:00:00,44.195,44.26,44.15,44.21,3404852
2017-02-10 15:15:00,44.2,44.29,44.14,44.145,3532075
2017-02-10 15:30:00,44.14,44.3,44.14,44.23,3708329
2017-02-10 15:45:00,44.235,44.2399,44.145,44.22,3995033
2017-02-10 16:00:00,44.21,44.32,44.19,44.31,4737325
2017-02-13 09:45:00,44.51,44.96,44.45,44.82,192576
2017-02-13 10:00:00,44.81,45.0,44.7,44.99,420216
2017-02-13 10:15:00,44.99,45.0,44.78,44.81,542257
2017-02-13 10:30:00,44.815,44.88,44.8,44.87,685415
2017-02-13 10:45:00,44.87,44.92,44.85,44.85,896700
2017-02-13 11:00:00,44.85,44.94,44.76,44.77,1021533
2017-02-13 11:15:00,44.765,44.785,44.62,44.71,1132294
2017-02-13 11:30:00,44.71,45.16,44.705,45.14,1699830
2017-02-13 11:45:00,45.14,45.15,45.02,45.095,1917975
2017-02-13 12:00:00,45.095,45.15,45.0225,45.09,2241245
2017-02-13 12:15:00,45.08,45.13,44.99,45.01,2332271
2017-02-13 12:30:00,45.02,45.03,44.995,45.01,2413017
2017-02-13 12:45:00,45.0,45.025,44.925,44.995,2528333
2017-02-13 13:00:00,44.995,45.04,44.99,45.035,2615488
2017-02-13 13:15:00,45.025,45.025,44.99,44.99,2727956
2017-02-13 13:30:00,45.005,45.03,44.98,45.0,2828965
2017-02-13 13:45:00,45.0,45.01,44.92,44.99,2986246
2017-02-13 14:00:00,44.995,45.03,44.9797,44.9797,3056207
2017-02-13 14:15:00,44.975,44.99,44.95,44.98,3208633
2017-02-13 14:30:00,44.985,45.0,44.95,44.975,3385213
2017-02-13 14:45:00,44.97,44.97,44.89,44.94,3505303
2017-02-13 15:00:00,44.945,45.01,44.945,45.0,3635858
2017-02-13 15:15:00,45.005,45.01,44.93,44.94,3931031
2017-02-13 15:30:00,44.945,44.995,44.94,44.995,4127550
2017-02-13 15:45:00,44.995,45.01,44.94,44.96,4319427
2017-02-13 16:00:00,44.95,45.0,44.92,44.99,5035941
2017-02-14 09:45:00,44.91,45.02,44.85,44.9,128771
2017-02-14 10:00:00,44.9,45.06,44.9,45.04,224712
2017-02-14 10:15:00,45.03,45.03,44.91,44.97,393888
2017-02-14 10:30:00,44.97,44.99,44.93,44.97,502575
2017-02-14 10:45:00,44.97,45.0,44.93,44.96,669003
2017-02-14 11:00:00,44.96,44.99,44.9,44.9,764943
2017-02-14 11:15:00,44.91,44.95,44.84,44.93,1060719
2017-02-14 11:30:00,44.92,44.96,44.92,44.925,1137042
2017-02-14 11:45:00,44.925,44.94,44.89,44.9,1195994
2017-02-14 12:00:00,44.91,44.945,44.89,44.92,1275985
2017-02-14 12:15:00,44.92,44.9357,44.86,44.9,1396740
2017-02-14 12:30:00,44.91,44.93,44.86,44.9,1452183
2017-02-14 12:45:00,44.9,44.98,44.9,44.935,1521578
2017-02-14 13:00:00,44.94,44.965,44.91,44.915,1580566
2017-02-14 13:15:00,44.915,44.96,44.915,44.93,1618578
2017-02-14 13:30:00,44.94,44.945,44.9,44.915,1663465
2017-02-14 13:45:00,44.92,44.95,44.91,44.92,1733739
2017-02-14 14:00:00,44.92,44.96,44.9,44.945,1812634
2017-02-14 14:15:00,44.94,45.01,44.94,44.95,1908482
2017-02-14 14:30:00,44.95,44.98,44.89,44.92,1982959
2017-02-14 14:45:00,44.92,44.93,44.775,44.8,2203327
2017-02-14 15:00:00,44.8,44.85,44.705,44.73,2316434
2017-02-14 15:15:00,44.74,44.755,44.72,44.735,2401526
2017-02-14 15:30:00,44.735,44.85,44.72,44.77,2536867
2017-02-14 15:45:00,44.77,44.79,44.71,44.77,2709522
2017-02-14 16:00:00,44.77,44.81,44.7,44.76,3260438
2017-02-15 09:45:00,44.56,44.69,44.45,44.58,106383
2017-02-15 10:00:00,44.575,44.69,44.5,44.68,187890
2017-02-15 10:15:00,44.67,44.89,44.66,44.89,371598
2017-02-15 10:30:00,44.88,44.96,44.83,44.955,453330
2017-02-15 10:45:00,44.95,45.0,44.88,44.92,567477
2017-02-15 11:00:00,44.91,44.92,44.7501,44.8,646283
2017-02-15 11:15:00,44.795,44.85,44.775,44.815,718390
2017-02-15 11:30:00,44.815,44.9,44.81,44.88,803763
2017-02-15 11:45:00,44.885,44.93,44.825,44.83,883566
2017-02-15 12:00:00,44.835,44.955,44.819,44.95,945023
2017-02-15 12:15:00,44.945,45.05,44.94,45.0,1032485
2017-02-15 12:30:00,44.995,45.0,44.945,44.98,1089026
2017-02-15 12:45:00,44.985,45.0,44.93,44.9501,1137305
2017-02-15 13:00:00,44.955,44.955,44.87,44.885,1219308
2017-02-15 13:15:00,44.88,44.95,44.86,44.92,1292059
2017-02-15 13:30:00,44.92,44.94,44.91,44.915,1334214
2017-02-15 13:45:00,44.92,44.93,44.89,44.89,1393899
2017-02-15 14:00:00,44.9,44.97,44.89,44.965,1501296
2017-02-15 14:15:00,44.965,45.04,44.96,45.03,1568509
2017-02-15 14:30:00,45.03,45.04,44.96,44.985,1656804
2017-02-15 14:45:00,45.0,45.04,44.97,44.97,1744058
2017-02-15 15:00:00,44.98,45.0,44.97,44.98,1842561
2017-02-15 15:15:00,44.985,44.99,44.91,44.93,1984464
2017-02-15 15:30:00,44.935,44.97,44.92,44.95,2094724
2017-02-15 15:45:00,44.945,44.96,44.81,44.81,2291054
2017-02-15 16:00:00,44.82,44.86,44.8,44.82,2575371
2017-02-16 09:45:00,44.82,44.95,44.64,44.69,70375
2017-02-16 10:00:00,44.68,44.7,44.52,44.55,115416
2017-02-16 10:15:00,44.55,44.72,44.53,44.72,178012
2017-02-16 10:30:00,44.72,44.765,44.6,44.615,263557
2017-02-16 10:45:00,44.62,44.69,44.6,44.62,347375
2017-02-16 11:00:00,44.61,44.635,44.52,44.63,426385
2017-02-16 11:15:00,44.63,44.64,44.55,44.62,492953
2017-02-16 11:30:00,44.63,44.68,44.595,44.61,557951
2017-02-16 11:45:00,44.62,44.66,44.59,44.63,606108
2017-02-16 12:00:00,44.62,44.675,44.6,44.65,773281
2017-02-16 12:15:00,44.66,44.66,44.54,44.61,827886
2017-02-16 12:30:00,44.605,44.64,44.57,44.63,903784
2017-02-16 12:45:00,44.63,44.63,44.59,44.6,930535
2017-02-16 13:00:00,44.61,44.64,44.57,44.6,960991
2017-02-16 13:15:00,44.6,44.72,44.59,44.67,1012176
2017-02-16 13:30:00,44.67,44.72,44.66,44.7,1054223
2017-02-16 13:45:00,44.71,44.72,44.68,44.69,1081655
2017-02-16 14:00:00,44.68,44.69,44.61,44.645,1122794
2017-02-16 14:15:00,44.65,44.81,44.64,44.81,1196252
2017-02-16 14:30:00,44.81,44.82,44.66,44.76,1431371
2017-02-16 14:45:00,44.76,44.82,44.73,44.76,1512761
2017-02-16 15:00:00,44.75,44.79,44.735,44.76,1601306
2017-02-16 15:15:00,44.755,44.8125,44.745,44.75,1669046
2017-02-16 15:30:00,44.76,44.795,44.72,44.72,1749954
2017-02-16 15:45:00,44.73,44.85,44.715,44.78,1920640
2017-02-16 16:00:00,44.78,44.86,44.76,44.85,2187125
2017-02-17 09:45:00,44.57,44.91,44.57,44.7,146025
2017-02-17 10:00:00,44.71,44.85,44.68,44.84,215712
2017-02-17 10:15:00,44.85,44.9,44.79,44.9,293659
2017-02-17 10:30:00,44.89,44.92,44.86,44.9,343193
2017-02-17 10:45:00,44.89,44.9,44.83,44.86,370217
2017-02-17 11:00:00,44.86,44.875,44.74,44.7703,408667
2017-02-17 11:15:00,44.77,44.785,44.71,44.72,451247
2017-02-17 11:30:00,44.73,44.73,44.63,44.66,495296
2017-02-17 11:45:00,44.67,44.75,44.62,44.75,571789
2017-02-17 12:00:00,44.745,44.77,44.68,44.77,640746
2017-02-17 12:15:00,44.76,44.81,44.72,44.79,685337
2017-02-17 12:30:00,44.78,44.8,44.77,44.785,701528
2017-02-17 12:45:00,44.79,44.79,44.77,44.78,714573
2017-02-17 13:00:00,44.78,44.82,44.75,44.82,749286
2017-02-17 13:15:00,44.83,44.835,44.8,44.82,781795
2017-02-17 13:30:00,44.81,44.88,44.81,44.85,884540
2017-02-17 13:45:00,44.85,44.86,44.84,44.85,932899
2017-02-17 14:00:00,44.86,44.88,44.85,44.86,979276
2017-02-17 14:15:00,44.86,44.92,44.86,44.92,1030401
2017-02-17 14:30:00,44.91,44.99,44.91,44.99,1231324
2017-02-17 14:45:00,44.98,45.03,44.98,45.01,1321646
2017-02-17 15:00:00,45.005,45.01,44.92,44.93,1438954
2017-02-17 15:15:00,44.92,45.01,44.92,45.005,1519861
2017-02-17 15:30:00,45.0,45.03,44.98,45.01,1593935
2017-02-17 15:45:00,45.015,45.05,45.0,45.04,1715684
2017-02-17 16:00:00,45.045,45.11,44.99,45.075,2375223
2017-02-21 09:45:00,44.95,44.95,44.67,44.91,195686
2017-02-21 10:00:00,44.9,44.98,44.89,44.94,301554
2017-02-21 10:15:00,44.94,45.22,44.92,45.215,487112
2017-02-21 10:30:00,45.215,45.25,45.16,45.225,596628
2017-02-21 10:45:00,45.225,45.37,45.2,45.36,733057
2017-02-21 11:00:00,45.36,45.39,45.27,45.29,850543
2017-02-21 11:15:00,45.295,45.32,45.19,45.21,958705
2017-02-21 11:30:00,45.205,45.29,45.205,45.24,1043338
2017-02-21 11:45:00,45.245,45.27,45.165,45.2,1139559
2017-02-21 12:00:00,45.2,45.25,45.18,45.245,1202253
2017-02-21 12:15:00,45.25,45.31,45.24,45.295,1293289
2017-02-21 12:30:00,45.295,45.31,45.24,45.3,1393125
2017-02-21 12:45:00,45.305,45.34,45.285,45.335,1467433
2017-02-21 13:00:00,45.335,45.36,45.31,45.33,1548069
2017-02-21 13:15:00,45.33,45.33,45.25,45.26,1596315
2017-02-21 13:30:00,45.25,45.36,45.25,45.35,1634925
2017-02-21 13:45:00,45.35,45.355,45.32,45.33,1659291
2017-02-21 14:00:00,45.325,45.345,45.3,45.325,1715963
2017-02-21 14:15:00,45.325,45.34,45.31,45.33,1772256
2017-02-21 14:30:00,45.32,45.37,45.32,45.37,1807249
2017-02-21 14:45:00,45.37,45.42,45.37,45.41,1857928
2017-02-21 15:00:00,45.4035,45.51,45.4,45.5,1942902
2017-02-21 15:15:00,45.5,45.61,45.49,45.61,2044761
2017-02-21 15:30:00,45.605,45.73,45.58,45.7,2197794
2017-02-21 15:45:00,45.7,45.7,45.55,45.555,2351635
2017-02-21 16:00:00,45.555,45.57,45.49,45.51,2583739
2017-02-22 09:45:00,45.52,45.63,45.16,45.16,58744
2017-02-22 10:00:00,45.15,45.22,45.0,45.01,127284
2017-02-22 10:15:00,45.03,45.31,45.03,45.29,159906
2017-02-22 10:30:00,45.3,45.34,45.19,45.19,204172
2017-02-22 10:45:00,45.19,45.22,45.15,45.2,253020
2017-02-22 11:00:00,45.2,45.23,45.16,45.23,308040
2017-02-22 11:15:00,45.23,45.28,45.22,45.225,372428
2017-02-22 11:30:00,45.23,45.25,45.155,45.17,420436
2017-02-22 11:45:00,45.17,45.17,45.09,45.12,472424
2017-02-22 12:00:00,45.13,45.16,45.04,45.0575,545040
2017-02-22 12:15:00,45.05,45.06,44.955,44.99,669763
2017-02-22 12:30:00,44.99,44.99,44.905,44.91,746352
2017-02-22 12:45:00,44.92,44.95,44.91,44.95,771622
2017-02-22 13:00:00,44.95,44.95,44.93,44.93,804647
2017-02-22 13:15:00,44.93,44.95,44.92,44.93,874872
2017-02-22 13:30:00,44.9265,44.9599,44.885,44.89,916626
2017-02-22 13:45:00,44.89,44.96,44.89,44.95,972014
2017-02-22 14:00:00,44.95,44.96,44.93,44.949,1002380
2017-02-22 14:15:00,44.94,44.98,44.92,44.945,1062545
2017-02-22 14:30:00,44.94,44.95,44.92,44.9275,1094695
2017-02-22 14:45:00,44.92,44.93,44.86,44.86,1160363
2017-02-22 15:00:00,44.865,44.87,44.83,44.86,1225143
2017-02-22 15:15:00,44.855,44.92,44.85,44.92,1266551
2017-02-22 15:30:00,44.93,45.0,44.93,44.975,1324711
2017-02-22 15:45:00,44.98,45.0,44.93,44.94,1427435
2017-02-22 16:00:00,44.94,44.96,44.88,44.88,1675497
2017-02-23 09:45:00,45.02,45.26,44.91,45.25,73546
2017-02-23 10:00:00,45.26,45.44,45.15,45.425,174743
2017-02-23 10:15:00,45.42,45.42,45.07,45.08,239713
2017-02-23 10:30:00,45.09,45.22,45.09,45.13,292969
2017-02-23 10:45:00,45.13,45.18,45.07,45.085,342196
2017-02-23 11:00:00,45.09,45.12,45.03,45.09,407924
2017-02-23 11:15:00,45.1,45.25,45.1,45.13,516174
2017-02-23 11:30:00,45.13,45.19,45.09,45.11,581201
2017-02-23 11:45:00,45.11,45.21,45.11,45.18,656088
2017-02-23 12:00:00,45.19,45.26,45.175,45.19,725039
2017-02-23 12:15:00,45.19,45.25,45.18,45.25,787814
2017-02-23 12:30:00,45.24,45.31,45.21,45.26,877463
2017-02-23 12:45:00,45.26,45.33,45.26,45.295,923086
2017-02-23 13:00:00,45.29,45.37,45.28,45.37,987030
2017-02-23 13:15:00,45.36,45.45,45.36,45.43,1063225
2017-02-23 13:30:00,45.42,45.46,45.4,45.4001,1130591
2017-02-23 13:45:00,45.4,45.42,45.345,45.37,1189286
2017-02-23 14:00:00,45.38,45.42,45.36,45.4,1254704
2017-02-23 14:15:00,45.4,45.44,45.395,45.41,1300847
2017-02-23 14:30:00,45.42,45.455,45.41,45.42,1357332
2017-02-23 14:45:00,45.425,45.49,45.39,45.48,1431048
2017-02-23 15:00:00,45.46,45.505,45.45,45.475,1482153
2017-02-23 15:15:00,45.475,45.55,45.465,45.53,1570744
2017-02-23 15:30:00,45.525,45.59,45.46,45.47,1672290
2017-02-23 15:45:00,45.465,45.475,45.32,45.33,1793933
2017-02-23 16:00:00,45.32,45.33,45.2,45.22,2007775
2017-02-24 09:45:00,45.12,45.12,44.91,45.03,54441
2017-02-24 10:00:00,45.03,45.05,44.84,45.04,137322
2017-02-24 10:15:00,45.05,45.08,44.86,44.86,205214
2017-02-24 10:30:00,44.865,44.92,44.845,44.89,247400
2017-02-24 10:45:00,44.8875,44.915,44.85,44.88,296006
2017-02-24 11:00:00,44.875,44.91,44.85,44.905,346803
2017-02-24 11:15:00,44.905,45.05,44.9,44.99,392475
2017-02-24 11:30:00,44.995,45.0,44.94,44.9646,438420
2017-02-24 11:45:00,44.965,44.995,44.95,44.99,490257
2017-02-24 12:00:00,44.995,45.03,44.995,45.005,526684
2017-02-24 12:15:00,45.01,45.11,45.0,45.11,581324
2017-02-24 12:30:00,45.11,45.14,45.1,45.1244,613183
2017-02-24 12:45:00,45.12,45.13,45.09,45.11,643058
2017-02-24 13:00:00,45.115,45.14,45.085,45.1061,679426
2017-02-24 13:15:00,45.105,45.11,45.0499,45.0499,729466
2017-02-24 13:30:00,45.045,45.06,45.015,45.03,772922
2017-02-24 13:45:00,45.03,45.13,45.025,45.12,823390
2017-02-24 14:00:00,45.12,45.15,45.09,45.13,873811
2017-02-24 14:15:00,45.13,45.21,45.13,45.175,933097
2017-02-24 14:30:00,45.175,45.19,45.09,45.12,988474
2017-02-24 14:45:00,45.13,45.13,44.99,45.005,1087927
2017-02-24 15:00:00,45.01,45.05,44.96,44.98,1147488
2017-02-24 15:15:00,44.98,45.03,44.97,44.98,1201473
2017-02-24 15:30:00,44.975,45.01,44.95,44.99,1287221
2017-02-24 15:45:00,45.0,45.13,44.98,45.13,1397998
2017-02-24 16:00:00,45.13,45.19,45.13,45.15,1589659
2017-02-27 09:45:00,45.1,45.41,44.98,45.0392,97614
2017-02-27 10:00:00,45.06,45.1,44.93,44.95,193120
2017-02-27 10:15:00,44.955,45.01,44.88,44.92,290143
2017-02-27 10:30:00,44.92,45.01,44.9,44.97,381128
2017-02-27 10:45:00,44.97,45.01,44.88,44.88,465305
2017-02-27 11:00:00,44.88,44.9,44.76,44.77,537507
2017-02-27 11:15:00,44.78,44.81,44.715,44.75,647119
2017-02-27 11:30:00,44.755,44.765,44.695,44.75,794567
2017-02-27 11:45:00,44.75,44.755,44.69,44.74,948907
2017-02-27 12:00:00,44.745,44.75,44.6775,44.7,1008138
2017-02-27 12:15:00,44.705,44.71,44.65,44.69,1082492
2017-02-27 12:30:00,44.69,44.74,44.67,44.68,1213676
2017-02-27 12:45:00,44.69,44.72,44.67,44.715,1272971
2017-02-27 13:00:00,44.715,44.76,44.665,44.69,1358020
2017-02-27 13:15:00,44.69,44.7,44.66,44.675,1410182
2017-02-27 13:30:00,44.675,44.69,44.625,44.67,1513622
2017-02-27 13:45:00,44.67,44.78,44.665,44.775,1586988
2017-02-27 14:00:00,44.77,44.77,44.695,44.71,1655566
2017-02-27 14:15:00,44.72,44.82,44.675,44.82,1720032
2017-02-27 14:30:00,44.82,44.9,44.8,44.88,1793775
2017-02-27 14:45:00,44.88,44.93,44.855,44.92,1869677
2017-02-27 15:00:00,44.92,44.93,44.83,44.83,1944255
2017-02-27 15:15:00,44.83,44.84,44.79,44.82,2014408
2017-02-27 15:30:00,44.815,44.82,44.7,44.7,2130901
2017-02-27 15:45:00,44.7025,44.72,44.68,44.7,2291248
2017-02-27 16:00:00,44.705,44.72,44.67,44.7,2595545
2017-02-28 09:45:00,44.41,45.17,44.4,44.72,224705
2017-02-28 10:00:00,44.71,44.74,44.5,44.66,301834
2017-02-28 10:15:00,44.65,44.67,44.46,44.57,362185
2017-02-28 10:30:00,44.56,44.565,44.37,44.39,430709
2017-02-28 10:45:00,44.385,44.39,44.28,44.29,485926
2017-02-28 11:00:00,44.295,44.33,44.27,44.3,536086
2017-02-28 11:15:00,44.31,44.455,44.305,44.41,645951
2017-02-28 11:30:00,44.41,44.49,44.39,44.41,705492
2017-02-28 11:45:00,44.41,44.42,44.38,44.385,739440
2017-02-28 12:00:00,44.39,44.415,44.37,44.4,826672
2017-02-28 12:15:00,44.395,44.41,44.37,44.405,898522
2017-02-28 12:30:00,44.405,44.425,44.355,44.41,983640
2017-02-28 12:45:00,44.41,44.41,44.36,44.395,1107230
2017-02-28 13:00:00,44.395,44.41,44.29,44.3,1240328
2017-02-28 13:15:00,44.2934,44.34,44.28,44.285,1305772
2017-02-28 13:30:00,44.28,44.28,44.175,44.2,1376025
2017-02-28 13:45:00,44.2,44.22,44.17,44.175,1441867
2017-02-28 14:00:00,44.18,44.23,44.155,44.22,1496583
2017-02-28 14:15:00,44.22,44.28,44.22,44.24,1557065
2017-02-28 14:30:00,44.23,44.24,44.16,44.23,1598468
2017-02-28 14:45:00,44.22,44.23,44.185,44.19,1645942
2017-02-28 15:00:00,44.2,44.23,44.19,44.23,1754586
2017-02-28 15:15:00,44.23,44.33,44.22,44.33,1813989
2017-02-28 15:30:00,44.34,44.4,44.31,44.395,1917351
2017-02-28 15:45:00,44.39,44.395,44.29,44.32,2013950
2017-02-28 16:00:00,44.31,44.38,44.275,44.35,2365728
2017-03-01 09:45:00,44.53,44.58,44.31,44.33,163159
2017-03-01 10:00:00,44.32,44.4,44.29,44.4,226294
2017-03-01 10:15:00,44.41,44.53,44.36,44.525,374719
2017-03-01 10:30:00,44.53,44.73,44.505,44.73,515258
2017-03-01 10:45:00,44.735,44.86,44.72,44.76,721270
2017-03-01 11:00:00,44.75,44.84,44.72,44.77,812105
2017-03-01 11:15:00,44.76,44.9,44.705,44.88,925988
2017-03-01 11:30:00,44.89,45.07,44.875,45.07,1147562
2017-03-01 11:45:00,45.07,45.21,45.02,45.175,1388476
2017-03-01 12:00:00,45.18,45.23,44.88,44.96,1678332
2017-03-01 12:15:00,44.96,45.09,44.92,45.07,1751959
2017-03-01 12:30:00,45.07,45.13,45.04,45.06,1826777
2017-03-01 12:45:00,45.05,45.06,44.955,44.975,1888194
2017-03-01 13:00:00,44.975,45.03,44.96,45.0,1950474
2017-03-01 13:15:00,44.995,45.01,44.965,45.01,2024169
2017-03-01 13:30:00,45.01,45.02,44.99,45.0,2098919
2017-03-01 13:45:00,44.99,45.14,44.98,45.135,2251681
2017-03-01 14:00:00,45.135,45.295,45.13,45.285,2492461
2017-03-01 14:15:00,45.28,45.28,45.08,45.11,2638480
2017-03-01 14:30:00,45.11,45.21,45.06,45.2,2748766
2017-03-01 14:45:00,45.21,45.21,45.14,45.195,2843929
2017-03-01 15:00:00,45.19,45.29,45.18,45.24,2934907
2017-03-01 15:15:00,45.24,45.24,45.09,45.11,3029441
2017-03-01 15:30:00,45.1,45.14,45.065,45.085,3151658
2017-03-01 15:45:00,45.085,45.16,45.075,45.15,3280849
2017-03-01 16:00:00,45.15,45.18,45.06,45.06,3521132
2017-03-02 09:45:00,45.04,45.04,44.81,44.92,104943
2017-03-02 10:00:00,44.92,44.92,44.71,44.76,224579
2017-03-02 10:15:00,44.75,44.89,44.75,44.81,276368
2017-03-02 10:30:00,44.8,44.84,44.72,44.83,403941
2017-03-02 10:45:00,44.83,44.975,44.81,44.97,438834
2017-03-02 11:00:00,44.97,45.02,44.97,45.015,499042
2017-03-02 11:15:00,45.01,45.04,44.97,45.02,542482
2017-03-02 11:30:00,45.02,45.06,45.0,45.055,588523
2017-03-02 11:45:00,45.05,45.06,44.985,45.03,696164
2017-03-02 12:00:00,45.02,45.03,44.98,45.01,733434
2017-03-02 12:15:00,45.02,45.03,44.975,45.02,798748
2017-03-02 12:30:00,45.02,45.03,44.99,45.0,832496
2017-03-02 12:45:00,45.0,45.1,45.0,45.085,924456
2017-03-02 13:00:00,45.09,45.125,45.09,45.1,947433
2017-03-02 13:15:00,45.1,45.17,45.0899,45.15,1023116
2017-03-02 13:30:00,45.145,45.19,45.12,45.165,1079365
2017-03-02 13:45:00,45.16,45.25,45.155,45.17,1133844
2017-03-02 14:00:00,45.165,45.18,45.135,45.18,1212817
2017-03-02 14:15:00,45.18,45.19,45.16,45.18,1255582
2017-03-02 14:30:00,45.17,45.23,45.16,45.22,1281724
2017-03-02 14:45:00,45.23,45.26,45.19,45.22,1316250
2017-03-02 15:00:00,45.22,45.26,45.2,45.255,1350946
2017-03-02 15:15:00,45.25,45.255,45.16,45.19,1414316
2017-03-02 15:30:00,45.185,45.22,45.18,45.1901,1480846
2017-03-02 15:45:00,45.19,45.22,45.11,45.12,1563226
2017-03-02 16:00:00,45.12,45.125,45.065,45.09,1832724
2017-03-03 09:45:00,45.01,45.07,44.8,45.0,43414
2017-03-03 10:00:00,45.01,45.08,44.95,45.0,78438
2017-03-03 10:15:00,45.0,45.04,44.93,44.96,136317
2017-03-03 10:30:00,44.94,44.94,44.82,44.85,172233
2017-03-03 10:45:00,44.86,44.87,44.79,44.84,202458
2017-03-03 11:00:00,44.835,44.9,44.785,44.79,240134
2017-03-03 11:15:00,44.79,44.79,44.7,44.725,286137
2017-03-03 11:30:00,44.73,44.8,44.73,44.78,335203
2017-03-03 11:45:00,44.775,44.81,44.77,44.78,374828
2017-03-03 12:00:00,44.78,44.83,44.78,44.809,397403
2017-03-03 12:15:00,44.81,44.82,44.79,44.8,415673
2017-03-03 12:30:00,44.8,44.84,44.79,44.815,446991
2017-03-03 12:45:00,44.81,44.83,44.8,44.82,466091
2017-03-03 13:00:00,44.81,44.83,44.8,44.81,486616
2017-03-03 13:15:00,44.8,44.84,44.76,44.78,526247
2017-03-03 13:30:00,44.77,44.77,44.7,44.715,565756
2017-03-03 13:45:00,44.72,44.72,44.67,44.7,595648
2017-03-03 14:00:00,44.7,44.72,44.68,44.72,625876
2017-03-03 14:15:00,44.71,44.72,44.69,44.7,651528
2017-03-03 14:30:00,44.7,44.7,44.66,44.68,688270
2017-03-03 14:45:00,44.68,44.77,44.68,44.75,719099
2017-03-03 15:00:00,44.75,44.76,44.69,44.7,760251
2017-03-03 15:15:00,44.7,44.7,44.63,44.65,808879
2017-03-03 15:30:00,44.645,44.755,44.61,44.755,873643
2017-03-03 15:45:00,44.76,44.76,44.7,44.7,941465
2017-03-03 16:00:00,44.71,44.78,44.705,44.76,1127254
2017-03-06 09:45:00,44.49,44.68,44.35,44.35,40381
2017-03-06 10:00:00,44.36,44.49,44.35,44.42,79764
2017-03-06 10:15:00,44.44,44.505,44.42,44.48,99059
2017-03-06 10:30:00,44.5,44.5,44.36,44.39,124691
2017-03-06 10:45:00,44.38,44.38,44.31,44.32,151910
2017-03-06 11:00:00,44.33,44.355,44.29,44.29,166324
2017-03-06 11:15:00,44.29,44.3,44.26,44.295,187461
2017-03-06 11:30:00,44.29,44.37,44.28,44.36,219369
2017-03-06 11:45:00,44.36,44.4,44.33,44.33,241532
2017-03-06 12:00:00,44.33,44.3799,44.31,44.36,252592
2017-03-06 12:15:00,44.36,44.42,44.35,44.38,264535
2017-03-06 12:30:00,44.37,44.38,44.34,44.365,282909
2017-03-06 12:45:00,44.36,44.375,44.34,44.375,295227
2017-03-06 13:00:00,44.38,44.4,44.37,44.4,310194
2017-03-06 13:15:00,44.4,44.45,44.395,44.45,329332
2017-03-06 13:30:00,44.45,44.45,44.41,44.44,349592
2017-03-06 13:45:00,44.45,44.53,44.445,44.52,371585
2017-03-06 14:00:00,44.5144,44.52,44.43,44.46,397941
2017-03-06 14:15:00,44.47,44.48,44.45,44.48,414854
2017-03-06 14:30:00,44.48,44.52,44.48,44.5,437832
2017-03-06 14:45:00,44.5,44.52,44.48,44.515,454599
2017-03-06 15:00:00,44.51,44.52,44.49,44.505,478043
2017-03-06 15:15:00,44.5,44.51,44.44,44.465,504947
2017-03-06 15:30:00,44.46,44.4999,44.4,44.4,538174
2017-03-06 15:45:00,44.4,44.46,44.4,44.43,592486
2017-03-06 16:00:00,44.435,44.435,44.39,44.41,778503
2017-03-07 09:45:00,44.3,44.47,44.26,44.31,69995
2017-03-07 10:00:00,44.31,44.365,44.26,44.35,104139
2017-03-07 10:15:00,44.36,44.48,44.33,44.44,166276
2017-03-07 10:30:00,44.46,44.46,44.365,44.42,192125
2017-03-07 10:45:00,44.42,44.45,44.4,44.45,211939
2017-03-07 11:00:00,44.449,44.46,44.4,44.425,235010
2017-03-07 11:15:00,44.42,44.53,44.42,44.51,291716
2017-03-07 11:30:00,44.51,44.54,44.49,44.51,381702
2017-03-07 11:45:00,44.51,44.525,44.49,44.52,451278
2017-03-07 12:00:00,44.52,44.549,44.5,44.53,479415
2017-03-07 12:15:00,44.53,44.57,44.5,44.57,517921
2017-03-07 12:30:00,44.565,44.57,44.55,44.565,539414
2017-03-07 12:45:00,44.56,44.6,44.55,44.5637,596321
2017-03-07 13:00:00,44.57,44.59,44.55,44.59,632449
2017-03-07 13:15:00,44.59,44.6099,44.57,44.5899,706211
2017-03-07 13:30:00,44.585,44.59,44.5622,44.575,733187
2017-03-07 13:45:00,44.575,44.58,44.49,44.4957,763604
2017-03-07 14:00:00,44.495,44.505,44.48,44.49,786967
2017-03-07 14:15:00,44.495,44.52,44.48,44.52,831755
2017-03-07 14:30:00,44.52,44.56,44.51,44.515,867765
2017-03-07 14:45:00,44.515,44.58,44.5,44.575,896203
2017-03-07 15:00:00,44.58,44.61,44.57,44.595,940760
2017-03-07 15:15:00,44.59,44.6,44.56,44.585,969594
2017-03-07 15:30:00,44.58,44.61,44.57,44.61,1015422
2017-03-07 15:45:00,44.6,44.63,44.525,44.55,1151575
2017-03-07 16:00:00,44.54,44.57,44.49,44.5,1319114
2017-03-08 09:45:00,44.48,44.53,44.38,44.52,84567
2017-03-08 10:00:00,44.53,44.59,44.49,44.53,145371
2017-03-08 10:15:00,44.53,44.61,44.51,44.52,186068
2017-03-08 10:30:00,44.53,44.635,44.51,44.635,215526
2017-03-08 10:45:00,44.63,44.635,44.5,44.5,250786
2017-03-08 11:00:00,44.5,44.57,44.49,44.56,287997
2017-03-08 11:15:00,44.55,44.59,44.5,44.5,321280
2017-03-08 11:30:00,44.5,44.54,44.48,44.51,386917
2017-03-08 11:45:00,44.5,44.52,44.48,44.49,412057
2017-03-08 12:00:00,44.489,44.53,44.47,44.515,450980
2017-03-08 12:15:00,44.52,44.57,44.505,44.56,472383
2017-03-08 12:30:00,44.555,44.62,44.555,44.61,493166
2017-03-08 12:45:00,44.6,44.62,44.57,44.57,508296
2017-03-08 13:00:00,44.55,44.585,44.52,44.535,527267
2017-03-08 13:15:00,44.535,44.61,44.535,44.59,621614
2017-03-08 13:30:00,44.59,44.685,44.58,44.66,649909
2017-03-08 13:45:00,44.66,44.69,44.64,44.645,662488
2017-03-08 14:00:00,44.6438,44.66,44.59,44.6,696930
2017-03-08 14:15:00,44.6,44.61,44.485,44.5,731796
2017-03-08 14:30:00,44.505,44.51,44.48,44.5,778527
2017-03-08 14:45:00,44.5,44.505,44.47,44.48,808098
2017-03-08 15:00:00,44.49,44.5299,44.44,44.5015,832535
2017-03-08 15:15:00,44.51,44.51,44.47,44.48,880892
2017-03-08 15:30:00,44.48,44.49,44.44,44.465,937122
2017-03-08 15:45:00,44.47,44.47,44.34,44.35,1068314
2017-03-08 16:00:00,44.35,44.4,44.34,44.39,1291971
2017-03-09 09:45:00,44.38,44.43,44.24,44.33,62256
2017-03-09 10:00:00,44.31,44.51,44.31,44.49,130528
2017-03-09 10:15:00,44.485,44.5,44.445,44.46,168773
2017-03-09 10:30:00,44.47,44.47,44.23,44.23,224484
2017-03-09 10:45:00,44.22,44.325,44.22,44.29,280068
2017-03-09 11:00:00,44.29,44.29,44.18,44.235,339932
2017-03-09 11:15:00,44.235,44.325,44.235,44.29,385357
2017-03-09 11:30:00,44.28,44.29,44.23,44.26,421114
2017-03-09 11:45:00,44.27,44.27,44.225,44.27,450231
2017-03-09 12:00:00,44.27,44.3,44.17,44.2154,507535
2017-03-09 12:15:00,44.22,44.27,44.22,44.26,543138
2017-03-09 12:30:00,44.26,44.265,44.21,44.24,616486
2017-03-09 12:45:00,44.25,44.39,44.25,44.36,674471
2017-03-09 13:00:00,44.3518,44.36,44.315,44.325,705785
2017-03-09 13:15:00,44.32,44.39,44.29,44.38,779252
2017-03-09 13:30:00,44.38,44.39,44.31,44.31,797593
2017-03-09 13:45:00,44.31,44.34,44.25,44.34,828831
2017-03-09 14:00:00,44.33,44.37,44.32,44.33,898141
2017-03-09 14:15:00,44.32,44.34,44.25,44.32,951252
2017-03-09 14:30:00,44.31,44.325,44.26,44.3,1022909
2017-03-09 14:45:00,44.305,44.31,44.23,44.27,1094735
2017-03-09 15:00:00,44.269,44.29,44.24,44.25,1253037
2017-03-09 15:15:00,44.26,44.31,44.24,44.245,1334868
2017-03-09 15:30:00,44.245,44.29,44.22,44.27,1392757
2017-03-09 15:45:00,44.28,44.33,44.27,44.3,1489697
2017-03-09 16:00:00,44.31,44.33,44.29,44.3,1645607
2017-03-10 09:45:00,44.5,44.55,44.38,44.41,22067
2017-03-10 10:00:00,44.38,44.53,44.33,44.53,51762
2017-03-10 10:15:00,44.515,44.52,44.34,44.36,74591
2017-03-10 10:30:00,44.36,44.38,44.14,44.15,221024
2017-03-10 10:45:00,44.145,44.15,43.88,43.91,548680
2017-03-10 11:00:00,43.9,43.92,43.79,43.83,697126
2017-03-10 11:15:00,43.83,43.91,43.79,43.845,810870
2017-03-10 11:30:00,43.84,43.91,43.79,43.8862,936005
2017-03-10 11:45:00,43.89,43.89,43.77,43.77,1048074
2017-03-10 12:00:00,43.775,43.775,43.68,43.7,1158134
2017-03-10 12:15:00,43.71,43.71,43.58,43.605,1277972
2017-03-10 12:30:00,43.605,43.78,43.58,43.775,1368132
2017-03-10 12:45:00,43.79,43.79,43.68,43.705,1404342
2017-03-10 13:00:00,43.71,43.71,43.63,43.645,1445553
2017-03-10 13:15:00,43.65,43.67,43.56,43.61,1495588
2017-03-10 13:30:00,43.61,43.65,43.55,43.555,1540365
2017-03-10 13:45:00,43.54,43.59,43.5,43.535,1592887
2017-03-10 14:00:00,43.54,43.61,43.54,43.56,1634306
2017-03-10 14:15:00,43.55,43.55,43.475,43.52,1681849
2017-03-10 14:30:00,43.52,43.54,43.47,43.48,1726112
2017-03-10 14:45:00,43.49,43.49,43.42,43.425,1790271
2017-03-10 15:00:00,43.43,43.54,43.42,43.5,1865288
2017-03-10 15:15:00,43.5,43.53,43.44,43.44,1933364
2017-03-10 15:30:00,43.44,43.67,43.44,43.65,2021428
2017-03-10 15:45:00,43.65,43.65,43.59,43.6299,2133376
2017-03-10 16:00:00,43.62,43.73,43.6,43.71,2392033
2017-03-13 09:45:00,43.84,43.87,43.62,43.76,46243
2017-03-13 10:00:00,43.76,43.76,43.66,43.66,67389
2017-03-13 10:15:00,43.67,43.74,43.63,43.73,106507
2017-03-13 10:30:00,43.73,43.77,43.62,43.63,245557
2017-03-13 10:45:00,43.64,43.64,43.49,43.51,303159
2017-03-13 11:00:00,43.51,43.53,43.48,43.5,370438
2017-03-13 11:15:00,43.5,43.52,43.47,43.49,404690
2017-03-13 11:30:00,43.49,43.49,43.39,43.39,448395
2017-03-13 11:45:00,43.4,43.49,43.38,43.46,494519
2017-03-13 12:00:00,43.455,43.48,43.4,43.475,570793
2017-03-13 12:15:00,43.48,43.51,43.44,43.501,665015
2017-03-13 12:30:00,43.505,43.51,43.4,43.405,755418
2017-03-13 12:45:00,43.41,43.425,43.39,43.39,801904
2017-03-13 13:00:00,43.39,43.45,43.38,43.43,832728
2017-03-13 13:15:00,43.43,43.44,43.34,43.3799,888288
2017-03-13 13:30:00,43.38,43.41,43.36,43.4,919370
2017-03-13 13:45:00,43.41,43.43,43.36,43.43,944866
2017-03-13 14:00:00,43.435,43.44,43.4,43.41,972479
2017-03-13 14:15:00,43.405,43.42,43.38,43.4,1002638
2017-03-13 14:30:00,43.415,43.43,43.36,43.4,1056269
2017-03-13 14:45:00,43.4,43.43,43.39,43.39,1085366
2017-03-13 15:00:00,43.4,43.43,43.335,43.425,1136996
2017-03-13 15:15:00,43.425,43.43,43.39,43.4,1204893
2017-03-13 15:30:00,43.395,43.4,43.35,43.38,1266834
2017-03-13 15:45:00,43.375,43.43,43.35,43.405,1383804
2017-03-13 16:00:00,43.4,43.47,43.39,43.44,1557874
2017-03-14 09:45:00,43.23,43.43,43.12,43.41,63302
2017-03-14 10:00:00,43.42,43.57,43.42,43.49,119089
2017-03-14 10:15:00,43.49,43.49,43.39,43.43,147919
2017-03-14 10:30:00,43.42,43.45,43.33,43.39,169934
2017-03-14 10:45:00,43.38,43.5,43.35,43.471,218485
2017-03-14 11:00:00,43.47,43.49,43.44,43.48,258923
2017-03-14 11:15:00,43.475,43.48,43.42,43.4399,292830
2017-03-14 11:30:00,43.435,43.48,43.43,43.44,338377
2017-03-14 11:45:00,43.45,43.45,43.43,43.44,373871
2017-03-14 12:00:00,43.435,43.51,43.43,43.5,409686
2017-03-14 12:15:00,43.5,43.5,43.4,43.415,482006
2017-03-14 12:30:00,43.42,43.55,43.415,43.49,567926
2017-03-14 12:45:00,43.485,43.485,43.41,43.45,631123
2017-03-14 13:00:00,43.44,43.47,43.42,43.425,664668
2017-03-14 13:15:00,43.43,43.49,43.42,43.49,709937
2017-03-14 13:30:00,43.5,43.5,43.44,43.46,733968
2017-03-14 13:45:00,43.47,43.47,43.41,43.42,780808
2017-03-14 14:00:00,43.42,43.43,43.39,43.4,807401
2017-03-14 14:15:00,43.4,43.55,43.395,43.49,888804
2017-03-14 14:30:00,43.49,43.5,43.43,43.43,917985
2017-03-14 14:45:00,43.43,43.55,43.43,43.52,1081003
2017-03-14 15:00:00,43.52,43.62,43.51,43.61,1138971
2017-03-14 15:15:00,43.62,43.62,43.56,43.56,1171735
2017-03-14 15:30:00,43.56,43.565,43.525,43.545,1213193
2017-03-14 15:45:00,43.55,43.6,43.545,43.59,1289521
2017-03-14 16:00:00,43.59,43.66,43.59,43.64,1622990
2017-03-15 09:45:00,43.71,43.79,43.61,43.61,39101
2017-03-15 10:00:00,43.625,43.84,43.625,43.8,235796
2017-03-15 10:15:00,43.81,43.89,43.75,43.82,293638
2017-03-15 10:30:00,43.83,43.83,43.74,43.77,326921
2017-03-15 10:45:00,43.77,43.785,43.71,43.72,356697
2017-03-15 11:00:00,43.72,43.78,43.68,43.78,417899
2017-03-15 11:15:00,43.78,43.78,43.7,43.72,487810
2017-03-15 11:30:00,43.72,43.77,43.7,43.75,517288
2017-03-15 11:45:00,43.75,43.82,43.73,43.82,535030
2017-03-15 12:00:00,43.82,43.82,43.785,43.81,559399
2017-03-15 12:15:00,43.81,43.865,43.795,43.85,607045
2017-03-15 12:30:00,43.85,43.88,43.81,43.81,696993
2017-03-15 12:45:00,43.81,43.85,43.78,43.85,738804
2017-03-15 13:00:00,43.8599,43.9,43.85,43.87,760469
2017-03-15 13:15:00,43.8735,43.88,43.78,43.78,804996
2017-03-15 13:30:00,43.81,43.81,43.745,43.7858,854331
2017-03-15 13:45:00,43.79,43.83,43.77,43.79,900063
2017-03-15 14:00:00,43.78,43.8,43.73,43.8,963885
2017-03-15 14:15:00,43.81,44.06,43.79,44.0,1038067
2017-03-15 14:30:00,44.0,44.03,43.94,43.98,1075932
2017-03-15 14:45:00,43.97,43.99,43.87,43.95,1138421
2017-03-15 15:00:00,43.96,44.05,43.955,44.04,1213355
2017-03-15 15:15:00,44.045,44.13,44.04,44.13,1265937
2017-03-15 15:30:00,44.14,44.15,44.06,44.13,1383738
2017-03-15 15:45:00,44.125,44.17,44.07,44.08,1525256
2017-03-15 16:00:00,44.08,44.12,44.01,44.07,1930380
2017-03-16 09:45:00,42.05,44.07,42.05,43.93,90297
2017-03-16 10:00:00,43.93,44.22,43.9,44.19,157618
2017-03-16 10:15:00,44.2,44.24,43.99,44.02,296954
2017-03-16 10:30:00,44.02,44.07,43.895,44.04,453485
2017-03-16 10:45:00,44.04,44.08,44.02,44.08,507444
2017-03-16 11:00:00,44.075,44.11,44.0275,44.04,576298
2017-03-16 11:15:00,44.04,44.15,44.005,44.15,654078
2017-03-16 11:30:00,44.15,44.18,44.12,44.12,709137
2017-03-16 11:45:00,44.11,44.15,44.02,44.05,758502
2017-03-16 12:00:00,44.06,44.14,44.04,44.08,818155
2017-03-16 12:15:00,44.07,44.09,43.99,44.07,899139
2017-03-16 12:30:00,44.07,44.125,44.06,44.1,945976
2017-03-16 12:45:00,44.1,44.12,44.02,44.12,1001937
2017-03-16 13:00:00,44.11,44.16,44.09,44.095,1060171
2017-03-16 13:15:00,44.095,44.13,44.09,44.11,1108055
2017-03-16 13:30:00,44.11,44.115,44.01,44.02,1161647
2017-03-16 13:45:00,44.03,44.07,44.01,44.04,1225795
2017-03-16 14:00:00,44.035,44.13,44.03,44.06,1281084
2017-03-16 14:15:00,44.065,44.11,44.02,44.03,1337467
2017-03-16 14:30:00,44.035,44.05,43.99,44.02,1398403
2017-03-16 14:45:00,44.02,44.04,43.99,44.0,1490962
2017-03-16 15:00:00,43.995,44.005,43.95,43.96,1574042
2017-03-16 15:15:00,43.955,43.96,43.9,43.93,1659751
2017-03-16 15:30:00,43.93,44.02,43.91,43.96,1743456
2017-03-16 15:45:00,43.96,44.035,43.96,44.01,1856035
2017-03-16 16:00:00,44.01,44.02,43.99,44.01,2227561
2017-03-17 09:45:00,44.16,44.16,43.26,43.44,513213
2017-03-17 10:00:00,43.44,43.58,43.42,43.42,606335
2017-03-17 10:15:00,43.41,43.46,43.16,43.16,716797
2017-03-17 10:30:00,43.17,43.22,43.07,43.08,1068724
2017-03-17 10:45:00,43.071,43.09,42.78,42.94,1314827
2017-03-17 11:00:00,42.94,43.07,42.92,42.98,1426749
2017-03-17 11:15:00,42.99,42.99,42.78,42.81,1499073
2017-03-17 11:30:00,42.81,42.97,42.81,42.935,1570509
2017-03-17 11:45:00,42.93,43.0,42.915,42.95,1734827
2017-03-17 12:00:00,42.95,42.955,42.85,42.91,1828800
2017-03-17 12:15:00,42.91,42.99,42.87,42.975,1951651
2017-03-17 12:30:00,42.96,43.025,42.92,42.95,2003913
2017-03-17 12:45:00,42.96,42.965,42.88,42.91,2060865
2017-03-17 13:00:00,42.905,42.91,42.85,42.9,2117387
2017-03-17 13:15:00,42.9,42.915,42.8,42.86,2197448
2017-03-17 13:30:00,42.86,42.87,42.76,42.8399,2243966
2017-03-17 13:45:00,42.835,42.84,42.75,42.79,2288686
2017-03-17 14:00:00,42.79,42.79,42.72,42.77,2337876
2017-03-17 14:15:00,42.78,42.9,42.76,42.8901,2447060
2017-03-17 14:30:00,42.9,42.9,42.78,42.8,2526290
2017-03-17 14:45:00,42.81,42.81,42.74,42.765,2618041
2017-03-17 15:00:00,42.765,42.77,42.67,42.69,2707202
2017-03-17 15:15:00,42.69,42.705,42.65,42.66,2815617
2017-03-17 15:30:00,42.66,42.745,42.655,42.715,2958889
2017-03-17 15:45:00,42.72,42.72,42.645,42.675,3138068
2017-03-17 16:00:00,42.68,42.72,42.61,42.63,3630453
2017-03-20 09:45:00,42.66,42.74,42.27,42.3,74298
2017-03-20 10:00:00,42.32,42.47,42.295,42.31,162868
2017-03-20 10:15:00,42.31,42.405,42.3,42.39,250537
2017-03-20 10:30:00,42.4,42.44,42.32,42.3301,387043
2017-03-20 10:45:00,42.335,42.38,42.19,42.35,523837
2017-03-20 11:00:00,42.35,42.51,42.32,42.4,618596
2017-03-20 11:15:00,42.4,42.47,42.37,42.43,711968
2017-03-20 11:30:00,42.43,42.53,42.43,42.495,853258
2017-03-20 11:45:00,42.5,42.54,42.47,42.51,895234
2017-03-20 12:00:00,42.51,42.5499,42.49,42.54,928842
2017-03-20 12:15:00,42.535,42.535,42.48,42.485,963788
2017-03-20 12:30:00,42.4875,42.67,42.47,42.66,1060180
2017-03-20 12:45:00,42.65,42.685,42.645,42.68,1121959
2017-03-20 13:00:00,42.68,42.69,42.64,42.67,1218690
2017-03-20 13:15:00,42.665,42.6784,42.63,42.65,1319482
2017-03-20 13:30:00,42.655,42.66,42.64,42.66,1352031
2017-03-20 13:45:00,42.65,42.735,42.64,42.65,1458145
2017-03-20 14:00:00,42.655,42.68,42.59,42.63,1564483
2017-03-20 14:15:00,42.64,42.67,42.595,42.66,1615949
2017-03-20 14:30:00,42.655,42.68,42.62,42.63,1708930
2017-03-20 14:45:00,42.63,42.67,42.555,42.67,1774753
2017-03-20 15:00:00,42.665,42.73,42.62,42.73,1909027
2017-03-20 15:15:00,42.725,42.75,42.69,42.735,2034579
2017-03-20 15:30:00,42.735,42.82,42.73,42.785,2170689
2017-03-20 15:45:00,42.785,42.8,42.72,42.73,2364248
2017-03-20 16:00:00,42.735,42.755,42.65,42.66,2875852
2017-03-21 09:45:00,42.82,42.86,42.57,42.61,64485
2017-03-21 10:00:00,42.57,42.62,42.52,42.55,74311
2017-03-21 10:15:00,42.55,42.55,42.42,42.42,93013
2017-03-21 10:30:00,42.425,42.43,42.27,42.28,152310
2017-03-21 10:45:00,42.28,42.465,42.24,42.43,192153
2017-03-21 11:00:00,42.43,42.43,42.16,42.28,362875
2017-03-21 11:15:00,42.28,42.28,42.1,42.12,449989
2017-03-21 11:30:00,42.115,42.12,41.89,41.93,601605
2017-03-21 11:45:00,41.95,41.96,41.84,41.88,705581
2017-03-21 12:00:00,41.88,41.99,41.86,41.99,928374
2017-03-21 12:15:00,41.99,42.095,41.98,42.04,1079675
2017-03-21 12:30:00,42.05,42.1,41.99,42.02,1135655
2017-03-21 12:45:00,42.03,42.04,41.98,42.0,1196427
2017-03-21 13:00:00,41.99,41.99,41.88,41.93,1231533
2017-03-21 13:15:00,41.925,41.97,41.87,41.88,1283127
2017-03-21 13:30:00,41.9,41.92,41.84,41.91,1314067
2017-03-21 13:45:00,41.91,41.94,41.875,41.9,1346560
2017-03-21 14:00:00,41.89,41.9015,41.825,41.84,1380278
2017-03-21 14:15:00,41.845,41.97,41.84,41.94,1441367
2017-03-21 14:30:00,41.95,42.01,41.92,41.95,1503039
2017-03-21 14:45:00,41.95,42.01,41.935,41.98,1572654
2017-03-21 15:00:00,41.97,41.97,41.89,41.9,1640937
2017-03-21 15:15:00,41.92,41.97,41.905,41.945,1701440
2017-03-21 15:30:00,41.95,41.96,41.8801,41.885,1823471
2017-03-21 15:45:00,41.88,41.89,41.61,41.65,2055803
2017-03-21 16:00:00,41.67,41.69,41.57,41.65,2962466
2017-03-22 09:45:00,41.82,41.82,41.445,41.57,92902
2017-03-22 10:00:00,41.569,41.65,41.29,41.3,160308
2017-03-22 10:15:00,41.29,41.45,41.24,41.415,244337
2017-03-22 10:30:00,41.415,41.45,41.28,41.35,329482
2017-03-22 10:45:00,41.37,41.5599,41.32,41.48,385999
2017-03-22 11:00:00,41.47,41.48,41.34,41.395,460536
2017-03-22 11:15:00,41.395,41.4,41.285,41.32,525504
2017-03-22 11:30:00,41.32,41.54,41.315,41.53,598398
2017-03-22 11:45:00,41.525,41.53,41.41,41.45,645991
2017-03-22 12:00:00,41.46,41.47,41.39,41.42,674057
2017-03-22 12:15:00,41.41,41.5,41.385,41.395,738311
2017-03-22 12:30:00,41.39,41.4,41.3201,41.35,772449
2017-03-22 12:45:00,41.355,41.4,41.3075,41.31,817929
2017-03-22 13:00:00,41.305,41.365,41.3,41.35,853524
2017-03-22 13:15:00,41.35,41.36,41.22,41.26,906386
2017-03-22 13:30:00,41.27,41.34,41.25,41.2905,948200
2017-03-22 13:45:00,41.3,41.345,41.29,41.3,996155
2017-03-22 14:00:00,41.31,41.31,41.28,41.29,1030183
2017-03-22 14:15:00,41.285,41.4,41.285,41.3701,1089174
2017-03-22 14:30:00,41.39,41.43,41.34,41.385,1199699
2017-03-22 14:45:00,41.39,41.41,41.315,41.33,1266513
2017-03-22 15:00:00,41.33,41.39,41.325,41.34,1304578
2017-03-22 15:15:00,41.345,41.385,41.34,41.3562,1354596
2017-03-22 15:30:00,41.35,41.44,41.33,41.39,1423890
2017-03-22 15:45:00,41.395,41.4,41.29,41.33,1573617
2017-03-22 16:00:00,41.33,41.44,41.25,41.29,2034673
2017-03-23 09:45:00,41.25,41.35,41.14,41.26,47930
2017-03-23 10:00:00,41.26,41.34,41.24,41.315,132296
2017-03-23 10:15:00,41.32,41.36,41.18,41.26,217011
2017-03-23 10:30:00,41.26,41.3375,41.24,41.28,348813
2017-03-23 10:45:00,41.27,41.42,41.25,41.415,458590
2017-03-23 11:00:00,41.42,41.48,41.4,41.44,518382
2017-03-23 11:15:00,41.445,41.48,41.34,41.425,596799
2017-03-23 11:30:00,41.43,41.45,41.34,41.42,664883
2017-03-23 11:45:00,41.41,41.41,41.32,41.32,711711
2017-03-23 12:00:00,41.32,41.39,41.29,41.38,784708
2017-03-23 12:15:00,41.395,41.455,41.39,41.4,857758
2017-03-23 12:30:00,41.41,41.46,41.41,41.45,893518
2017-03-23 12:45:00,41.45,41.46,41.405,41.44,930645
2017-03-23 13:00:00,41.445,41.46,41.41,41.42,1069951
2017-03-23 13:15:00,41.43,41.47,41.35,41.42,1201613
2017-03-23 13:30:00,41.42,41.445,41.38,41.39,1261572
2017-03-23 13:45:00,41.38,41.46,41.36,41.425,1366700
2017-03-23 14:00:00,41.43,41.465,41.4,41.42,1449750
2017-03-23 14:15:00,41.42,41.46,41.41,41.44,1531272
2017-03-23 14:30:00,41.45,41.5,41.44,41.4425,1680137
2017-03-23 14:45:00,41.44,41.45,41.37,41.43,1799534
2017-03-23 15:00:00,41.43,41.45,41.37,41.39,1977335
2017-03-23 15:15:00,41.38,41.44,41.37,41.37,2039061
2017-03-23 15:30:00,41.37,41.39,41.28,41.3,2132473
2017-03-23 15:45:00,41.31,41.31,41.21,41.25,2298182
2017-03-23 16:00:00,41.25,41.34,41.2,41.25,2681432
2017-03-24 09:45:00,41.35,41.57,41.27,41.36,32004
2017-03-24 10:00:00,41.36,41.4,41.33,41.4,60676
2017-03-24 10:15:00,41.4,41.4,41.33,41.335,110663
2017-03-24 10:30:00,41.335,41.335,41.19,41.2,141958
2017-03-24 10:45:00,41.195,41.23,41.14,41.15,216616
2017-03-24 11:00:00,41.15,41.21,41.12,41.2,279654
2017-03-24 11:15:00,41.195,41.27,41.18,41.2,343750
2017-03-24 11:30:00,41.205,41.235,41.18,41.18,384008
2017-03-24 11:45:00,41.175,41.3,41.17,41.25,430560
2017-03-24 12:00:00,41.25,41.37,41.25,41.32,497549
2017-03-24 12:15:00,41.33,41.37,41.24,41.26,574834
2017-03-24 12:30:00,41.265,41.32,41.225,41.3,649194
2017-03-24 12:45:00,41.31,41.325,41.26,41.29,689758
2017-03-24 13:00:00,41.29,41.3,41.19,41.21,762537
2017-03-24 13:15:00,41.2001,41.29,41.2,41.25,820405
2017-03-24 13:30:00,41.24,41.33,41.23,41.3,847025
2017-03-24 13:45:00,41.3,41.34,41.27,41.315,900646
2017-03-24 14:00:00,41.32,41.35,41.26,41.265,996287
2017-03-24 14:15:00,41.265,41.29,41.24,41.24,1046074
2017-03-24 14:30:00,41.24,41.3,41.24,41.25,1095874
2017-03-24 14:45:00,41.25,41.27,41.21,41.21,1133491
2017-03-24 15:00:00,41.21,41.24,41.17,41.195,1226296
2017-03-24 15:15:00,41.2,41.2,41.14,41.14,1262510
2017-03-24 15:30:00,41.14,41.23,41.11,41.215,1323559
2017-03-24 15:45:00,41.21,41.37,41.19,41.34,1524914
2017-03-24 16:00:00,41.34,41.35,41.24,41.28,1832245
2017-03-27 09:45:00,40.99,41.02,40.635,40.77,120875
2017-03-27 10:00:00,40.77,41.0,40.755,40.97,249834
2017-03-27 10:15:00,40.93,40.97,40.77,40.82,292771
2017-03-27 10:30:00,40.82,40.86,40.72,40.805,355339
2017-03-27 10:45:00,40.8,40.895,40.79,40.88,401334
2017-03-27 11:00:00,40.88,40.96,40.86,40.93,438601
2017-03-27 11:15:00,40.94,40.98,40.91,40.92,472769
2017-03-27 11:30:00,40.915,41.09,40.91,41.08,530228
2017-03-27 11:45:00,41.1,41.16,41.07,41.16,587297
2017-03-27 12:00:00,41.15,41.22,41.14,41.21,646980
2017-03-27 12:15:00,41.215,41.25,41.18,41.19,695023
2017-03-27 12:30:00,41.195,41.24,41.19,41.225,732167
2017-03-27 12:45:00,41.22,41.27,41.2,41.24,752135
2017-03-27 13:00:00,41.24,41.2652,41.21,41.24,780684
2017-03-27 13:15:00,41.24,41.3,41.24,41.26,808761
2017-03-27 13:30:00,41.26,41.27,41.2301,41.2301,826856
2017-03-27 13:45:00,41.23,41.26,41.21,41.215,861876
2017-03-27 14:00:00,41.22,41.25,41.18,41.23,916538
2017-03-27 14:15:00,41.23,41.25,41.19,41.2,937179
2017-03-27 14:30:00,41.19,41.2,41.085,41.19,998237
2017-03-27 14:45:00,41.18,41.21,41.165,41.19,1033305
2017-03-27 15:00:00,41.185,41.19,41.12,41.16,1154234
2017-03-27 15:15:00,41.1501,41.17,41.09,41.14,1236313
2017-03-27 15:30:00,41.135,41.145,41.07,41.075,1287559
2017-03-27 15:45:00,41.075,41.16,41.06,41.125,1426043
2017-03-27 16:00:00,41.13,41.15,40.985,41.03,1927645
2017-03-28 09:45:00,41.0,41.05,40.85,40.93,83678
2017-03-28 10:00:00,40.92,40.93,40.72,40.78,239095
2017-03-28 10:15:00,40.81,40.96,40.81,40.85,358412
2017-03-28 10:30:00,40.855,40.865,40.745,40.835,502275
2017-03-28 10:45:00,40.835,41.0,40.83,40.98,600789
2017-03-28 11:00:00,40.97,41.04,40.96,40.98,657694
2017-03-28 11:15:00,40.98,41.0,40.97,40.97,698947
2017-03-28 11:30:00,40.97,41.04,40.965,41.03,824174
2017-03-28 11:45:00,41.02,41.05,41.015,41.03,915251
2017-03-28 12:00:00,41.03,41.12,41.02,41.07,1021109
2017-03-28 12:15:00,41.08,41.14,41.08,41.125,1070876
2017-03-28 12:30:00,41.13,41.17,41.1,41.11,1176591
2017-03-28 12:45:00,41.12,41.14,41.09,41.11,1269666
2017-03-28 13:00:00,41.11,41.12,41.08,41.12,1299287
2017-03-28 13:15:00,41.13,41.16,41.12,41.15,1332763
2017-03-28 13:30:00,41.15,41.23,41.15,41.22,1389647
2017-03-28 13:45:00,41.22,41.25,41.19,41.23,1448934
2017-03-28 14:00:00,41.24,41.295,41.2,41.295,1536433
2017-03-28 14:15:00,41.29,41.31,41.265,41.31,1608446
2017-03-28 14:30:00,41.305,41.315,41.27,41.29,1650486
2017-03-28 14:45:00,41.28,41.38,41.275,41.365,1874595
2017-03-28 15:00:00,41.37,41.38,41.29,41.295,1938713
2017-03-28 15:15:00,41.3,41.33,41.28,41.295,2011263
2017-03-28 15:30:00,41.295,41.33,41.285,41.33,2089369
2017-03-28 15:45:00,41.325,41.4,41.29,41.39,2234848
2017-03-28 16:00:00,41.39,41.4,41.33,41.335,2655448
2017-03-29 09:45:00,41.29,41.46,41.1,41.19,60147
2017-03-29 10:00:00,41.21,41.4,41.175,41.38,158699
2017-03-29 10:15:00,41.39,41.43,41.25,41.25,340714
2017-03-29 10:30:00,41.25,41.32,41.23,41.27,668980
2017-03-29 10:45:00,41.27,41.4,41.2,41.25,876298
2017-03-29 11:00:00,41.25,41.28,41.05,41.065,999902
2017-03-29 11:15:00,41.06,41.11,41.02,41.05,1082183
2017-03-29 11:30:00,41.06,41.1001,41.03,41.095,1124734
2017-03-29 11:45:00,41.095,41.16,41.07,41.1,1162276
2017-03-29 12:00:00,41.095,41.095,41.0,41.05,1240373
2017-03-29 12:15:00,41.06,41.08,41.04,41.06,1288386
2017-03-29 12:30:00,41.06,41.07,41.0499,41.065,1317053
2017-03-29 12:45:00,41.07,41.07,41.03,41.06,1335223
2017-03-29 13:00:00,41.06,41.06,40.96,41.0,1375875
2017-03-29 13:15:00,41.005,41.06,41.005,41.035,1410495
2017-03-29 13:30:00,41.04,41.085,41.04,41.08,1441914
2017-03-29 13:45:00,41.07,41.09,41.04,41.055,1480129
2017-03-29 14:00:00,41.055,41.06,41.03,41.04,1532634
2017-03-29 14:15:00,41.035,41.035,40.99,41.005,1593220
2017-03-29 14:30:00,41.0061,41.05,40.99,41.03,1672525
2017-03-29 14:45:00,41.035,41.04,40.9844,40.985,1748058
2017-03-29 15:00:00,40.99,41.02,40.98,41.0,1808538
2017-03-29 15:15:00,41.005,41.1,40.99,41.05,1895799
2017-03-29 15:30:00,41.05,41.05,41.01,41.05,1984263
2017-03-29 15:45:00,41.05,41.1,41.04,41.09,2159794
2017-03-29 16:00:00,41.1,41.12,41.07,41.12,2377283
2017-03-30 09:45:00,40.99,40.99,40.73,40.77,63020
2017-03-30 10:00:00,40.78,40.895,40.76,40.87,95235
2017-03-30 10:15:00,40.87,40.98,40.8375,40.85,148453
2017-03-30 10:30:00,40.855,40.95,40.82,40.8599,218413
2017-03-30 10:45:00,40.86,40.94,40.81,40.81,294000
2017-03-30 11:00:00,40.82,40.85,40.76,40.8,393984
2017-03-30 11:15:00,40.81,40.925,40.79,40.915,720047
2017-03-30 11:30:00,40.925,41.04,40.9,40.94,820634
2017-03-30 11:45:00,40.94,40.98,40.85,40.85,878589
2017-03-30 12:00:00,40.845,40.86,40.8,40.82,943584
2017-03-30 12:15:00,40.815,40.86,40.81,40.8432,1013666
2017-03-30 12:30:00,40.8475,41.02,40.84,40.99,1205565
2017-03-30 12:45:00,40.98,40.98,40.89,40.905,1269920
2017-03-30 13:00:00,40.905,40.91,40.86,40.86,1311105
2017-03-30 13:15:00,40.86,40.97,40.86,40.95,1378363
2017-03-30 13:30:00,40.955,41.08,40.95,41.07,1447681
2017-03-30 13:45:00,41.08,41.14,41.04,41.11,1500690
2017-03-30 14:00:00,41.11,41.15,41.045,41.06,1547682
2017-03-30 14:15:00,41.06,41.09,41.02,41.06,1581050
2017-03-30 14:30:00,41.06,41.1,41.02,41.07,1619839
2017-03-30 14:45:00,41.07,41.145,41.06,41.135,1697853
2017-03-30 15:00:00,41.135,41.14,41.07,41.08,1774103
2017-03-30 15:15:00,41.07,41.15,41.07,41.1499,1817140
2017-03-30 15:30:00,41.15,41.19,41.105,41.16,1909362
2017-03-30 15:45:00,41.16,41.16,41.025,41.045,2076711
2017-03-30 16:00:00,41.05,41.12,41.035,41.1,2427872
2017-03-31 09:45:00,41.1,41.16,41.0,41.1,72066
2017-03-31 10:00:00,41.11,41.17,41.07,41.095,115792
2017-03-31 10:15:00,41.09,41.29,41.09,41.1,268455
2017-03-31 10:30:00,41.09,41.135,41.06,41.09,296212
2017-03-31 10:45:00,41.09,41.21,41.09,41.18,331019
2017-03-31 11:00:00,41.18,41.205,41.12,41.14,365450
2017-03-31 11:15:00,41.14,41.17,41.1,41.115,429804
2017-03-31 11:30:00,41.12,41.155,41.06,41.135,487986
2017-03-31 11:45:00,41.13,41.19,41.11,41.19,510884
2017-03-31 12:00:00,41.185,41.21,41.14,41.17,536157
2017-03-31 12:15:00,41.165,41.33,41.16,41.325,628401
2017-03-31 12:30:00,41.32,41.35,41.31,41.34,672170
2017-03-31 12:45:00,41.34,41.35,41.285,41.3,718329
2017-03-31 13:00:00,41.305,41.43,41.3,41.38,803461
2017-03-31 13:15:00,41.37,41.3763,41.27,41.285,911080
2017-03-31 13:30:00,41.285,41.33,41.28,41.325,995132
2017-03-31 13:45:00,41.325,41.37,41.305,41.37,1142666
2017-03-31 14:00:00,41.36,41.365,41.255,41.26,1268918
2017-03-31 14:15:00,41.26,41.27,41.18,41.195,1306587
2017-03-31 14:30:00,41.195,41.21,41.17,41.2,1399426
2017-03-31 14:45:00,41.21,41.265,41.155,41.24,1447414
2017-03-31 15:00:00,41.24,41.27,41.23,41.26,1475900
2017-03-31 15:15:00,41.26,41.35,41.25,41.315,1528997
2017-03-31 15:30:00,41.32,41.35,41.3,41.305,1570237
2017-03-31 15:45:00,41.3,41.39,41.3,41.365,1657504
2017-03-31 16:00:00,41.38,41.38,41.3,41.3,1946166
2017-04-03 09:45:00,41.27,41.41,41.21,41.3,126766
2017-04-03 10:00:00,41.33,41.42,41.29,41.4,206872
2017-04-03 10:15:00,41.42,41.435,41.34,41.375,320267
2017-04-03 10:30:00,41.37,41.375,41.22,41.3,437573
2017-04-03 10:45:00,41.29,41.325,41.27,41.3,540544
2017-04-03 11:00:00,41.29,41.35,41.26,41.27,619332
2017-04-03 11:15:00,41.265,41.29,41.23,41.255,699851
2017-04-03 11:30:00,41.25,41.31,41.24,41.3,763112
2017-04-03 11:45:00,41.3,41.315,41.24,41.29,820797
2017-04-03 12:00:00,41.28,41.3,41.25,41.28,894622
2017-04-03 12:15:00,41.27,41.285,41.23,41.275,974661
2017-04-03 12:30:00,41.275,41.38,41.275,41.38,1035527
2017-04-03 12:45:00,41.37,41.41,41.355,41.39,1081773
2017-04-03 13:00:00,41.39,41.43,41.37,41.425,1122160
2017-04-03 13:15:00,41.42,41.43,41.37,41.415,1179405
2017-04-03 13:30:00,41.415,41.5,41.38,41.49,1384561
2017-04-03 13:45:00,41.48,41.585,41.48,41.55,1578794
2017-04-03 14:00:00,41.555,41.67,41.55,41.655,1726896
2017-04-03 14:15:00,41.65,41.75,41.64,41.73,1893669
2017-04-03 14:30:00,41.72,41.85,41.71,41.85,2102948
2017-04-03 14:45:00,41.84,41.935,41.83,41.915,2393518
2017-04-03 15:00:00,41.91,42.0,41.91,41.99,2646403
2017-04-03 15:15:00,41.985,41.99,41.84,41.87,2820392
2017-04-03 15:30:00,41.87,41.91,41.82,41.905,2981754
2017-04-03 15:45:00,41.91,41.94,41.89,41.93,3229652
2017-04-03 16:00:00,41.93,41.95,41.84,41.86,3735557
2017-04-04 09:45:00,41.93,42.01,41.775,41.93,95931
2017-04-04 10:00:00,41.93,41.98,41.79,41.86,204262
2017-04-04 10:15:00,41.85,41.86,41.78,41.81,312177
2017-04-04 10:30:00,41.82,41.82,41.55,41.55,453155
2017-04-04 10:45:00,41.56,41.61,41.49,41.525,533661
2017-04-04 11:00:00,41.525,41.57,41.46,41.56,588367
2017-04-04 11:15:00,41.565,41.69,41.56,41.6,751279
2017-04-04 11:30:00,41.61,41.75,41.6091,41.73,874339
2017-04-04 11:45:00,41.72,41.92,41.72,41.91,1010614
2017-04-04 12:00:00,41.89,41.9,41.8199,41.84,1093423
2017-04-04 12:15:00,41.85,41.87,41.79,41.81,1153939
2017-04-04 12:30:00,41.81,41.815,41.66,41.66,1223084
2017-04-04 12:45:00,41.66,41.76,41.65,41.755,1299350
2017-04-04 13:00:00,41.76,41.775,41.73,41.765,1342749
2017-04-04 13:15:00,41.765,41.77,41.69,41.7325,1385691
2017-04-04 13:30:00,41.74,41.745,41.7,41.715,1421548
2017-04-04 13:45:00,41.715,41.77,41.7,41.73,1451763
2017-04-04 14:00:00,41.72,41.77,41.71,41.735,1490016
2017-04-04 14:15:00,41.74,41.78,41.73,41.77,1535701
2017-04-04 14:30:00,41.76,41.8,41.74,41.76,1583844
2017-04-04 14:45:00,41.765,41.79,41.73,41.78,1621182
2017-04-04 15:00:00,41.78,41.79,41.72,41.75,1712629
2017-04-04 15:15:00,41.75,41.8,41.72,41.72,1811552
2017-04-04 15:30:00,41.72,41.725,41.65,41.66,1927206
2017-04-04 15:45:00,41.66,41.71,41.66,41.66,2018736
2017-04-04 16:00:00,41.665,41.75,41.665,41.72,2330701
2017-04-05 09:45:00,41.86,42.05,41.75,41.93,40597
2017-04-05 10:00:00,41.96,42.06,41.9,42.06,72233
2017-04-05 10:15:00,42.05,42.11,41.98,42.04,106341
2017-04-05 10:30:00,42.04,42.19,42.02,42.15,149306
2017-04-05 10:45:00,42.14,42.15,42.08,42.09,202560
2017-04-05 11:00:00,42.09,42.09,42.01,42.01,224617
2017-04-05 11:15:00,42.02,42.09,41.99,42.08,275234
2017-04-05 11:30:00,42.08,42.1,42.02,42.02,307826
2017-04-05 11:45:00,42.02,42.08,41.98,42.06,335905
2017-04-05 12:00:00,42.05,42.06,42.02,42.02,354250
2017-04-05 12:15:00,42.02,42.04,42.0,42.02,374611
2017-04-05 12:30:00,42.02,42.11,42.01,42.07,395809
2017-04-05 12:45:00,42.065,42.105,42.05,42.08,418744
2017-04-05 13:00:00,42.08,42.12,42.08,42.09,439814
2017-04-05 13:15:00,42.09,42.21,42.09,42.15,473587
2017-04-05 13:30:00,42.16,42.2,42.13,42.2,499704
2017-04-05 13:45:00,42.2,42.25,42.15,42.15,534777
2017-04-05 14:00:00,42.16,42.2,42.16,42.185,557530
2017-04-05 14:15:00,42.185,42.2,42.12,42.14,592579
2017-04-05 14:30:00,42.15,42.16,42.115,42.155,630243
2017-04-05 14:45:00,42.15,42.15,42.1,42.14,688570
2017-04-05 15:00:00,42.135,42.175,42.04,42.08,805184
2017-04-05 15:15:00,42.07,42.12,42.02,42.02,881977
2017-04-05 15:30:00,42.02,42.04,41.88,41.91,963693
2017-04-05 15:45:00,41.91,41.91,41.7701,41.855,1130682
2017-04-05 16:00:00,41.85,41.89,41.79,41.83,1388527
2017-04-06 09:45:00,41.84,41.84,41.66,41.69,28874
2017-04-06 10:00:00,41.7,41.88,41.57,41.86,94091
2017-04-06 10:15:00,41.87,41.95,41.82,41.855,158391
2017-04-06 10:30:00,41.85,41.91,41.82,41.9,209454
2017-04-06 10:45:00,41.9,41.96,41.845,41.85,256477
2017-04-06 11:00:00,41.8575,41.87,41.79,41.84,291228
2017-04-06 11:15:00,41.85,41.915,41.84,41.905,321776
2017-04-06 11:30:00,41.9,41.94,41.88,41.91,372536
2017-04-06 11:45:00,41.9101,41.975,41.89,41.975,408230
2017-04-06 12:00:00,41.97,41.99,41.94,41.975,442439
2017-04-06 12:15:00,41.9701,42.0,41.95,41.99,471606
2017-04-06 12:30:00,41.99,42.0,41.95,41.97,504127
2017-04-06 12:45:00,41.98,41.99,41.9,41.9233,539986
2017-04-06 13:00:00,41.92,41.93,41.9,41.92,556643
2017-04-06 13:15:00,41.9299,42.0,41.92,41.995,587919
2017-04-06 13:30:00,42.0,42.12,41.995,42.095,681247
2017-04-06 13:45:00,42.09,42.15,42.09,42.135,723616
2017-04-06 14:00:00,42.13,42.16,42.07,42.07,755155
2017-04-06 14:15:00,42.08,42.11,42.06,42.08,793385
2017-04-06 14:30:00,42.07,42.075,42.01,42.07,824280
2017-04-06 14:45:00,42.06,42.12,42.05,42.11,879157
2017-04-06 15:00:00,42.11,42.16,42.0,42.015,1060825
2017-04-06 15:15:00,42.01,42.035,41.96,42.03,1112821
2017-04-06 15:30:00,42.02,42.03,41.955,41.98,1162059
2017-04-06 15:45:00,41.98,42.01,41.95,41.98,1244210
2017-04-06 16:00:00,41.98,42.01,41.95,42.0,1475409
2017-04-07 09:45:00,41.74,41.95,41.69,41.87,85896
2017-04-07 10:00:00,41.865,41.865,41.66,41.73,135380
2017-04-07 10:15:00,41.71,41.81,41.685,41.735,179609
2017-04-07 10:30:00,41.74,41.74,41.685,41.69,211973
2017-04-07 10:45:00,41.7,41.72,41.67,41.69,238983
2017-04-07 11:00:00,41.68,41.695,41.615,41.695,298201
2017-04-07 11:15:00,41.69,41.71,41.66,41.71,382131
2017-04-07 11:30:00,41.71,41.775,41.7,41.77,419627
2017-04-07 11:45:00,41.77,41.805,41.735,41.765,534502
2017-04-07 12:00:00,41.77,41.795,41.76,41.775,556802
2017-04-07 12:15:00,41.775,41.79,41.77,41.785,577846
2017-04-07 12:30:00,41.79,41.815,41.775,41.78,592037
2017-04-07 12:45:00,41.78,41.785,41.7475,41.755,610078
2017-04-07 13:00:00,41.755,41.85,41.75,41.85,758630
2017-04-07 13:15:00,41.845,41.845,41.765,41.78,806348
2017-04-07 13:30:00,41.78,41.82,41.7701,41.8,855794
2017-04-07 13:45:00,41.805,41.84,41.76,41.8,906278
2017-04-07 14:00:00,41.8,41.8,41.74,41.75,929528
2017-04-07 14:15:00,41.75,41.805,41.75,41.7857,953178
2017-04-07 14:30:00,41.78,41.81,41.77,41.77,971328
2017-04-07 14:45:00,41.77,41.8,41.725,41.775,1085323
2017-04-07 15:00:00,41.79,41.81,41.75,41.77,1127776
2017-04-07 15:15:00,41.765,41.81,41.76,41.795,1157708
2017-04-07 15:30:00,41.795,41.8,41.73,41.73,1203994
2017-04-07 15:45:00,41.74,41.74,41.67,41.69,1301747
2017-04-07 16:00:00,41.7,41.71,41.65,41.68,1649772
2017-04-10 09:45:00,41.7,41.86,41.7,41.79,26923
2017-04-10 10:00:00,41.79,41.8,41.73,41.79,60673
2017-04-10 10:15:00,41.8,41.85,41.77,41.785,103958
2017-04-10 10:30:00,41.78,41.83,41.78,41.83,161975
2017-04-10 10:45:00,41.84,41.855,41.78,41.8,202535
2017-04-10 11:00:00,41.79,41.82,41.71,41.71,251835
2017-04-10 11:15:00,41.715,41.75,41.7,41.74,270046
2017-04-10 11:30:00,41.74,41.74,41.665,41.665,290461
2017-04-10 11:45:00,41.67,41.6847,41.5499,41.57,311858
2017-04-10 12:00:00,41.58,41.62,41.58,41.62,324553
2017-04-10 12:15:00,41.625,41.64,41.48,41.49,345261
2017-04-10 12:30:00,41.5,41.54,41.49,41.54,367017
2017-04-10 12:45:00,41.53,41.57,41.51,41.57,381075
2017-04-10 13:00:00,41.58,41.64,41.565,41.595,448874
2017-04-10 13:15:00,41.59,41.59,41.54,41.57,480603
2017-04-10 13:30:00,41.58,41.59,41.545,41.57,501566
2017-04-10 13:45:00,41.57,41.645,41.54,41.635,539869
2017-04-10 14:00:00,41.63,41.69,41.61,41.67,572554
2017-04-10 14:15:00,41.66,41.66,41.59,41.64,600606
2017-04-10 14:30:00,41.64,41.66,41.61,41.61,621633
2017-04-10 14:45:00,41.6037,41.66,41.6,41.66,655706
2017-04-10 15:00:00,41.66,41.73,41.66,41.71,681371
2017-04-10 15:15:00,41.7,41.705,41.64,41.67,714473
2017-04-10 15:30:00,41.67,41.67,41.56,41.58,753418
2017-04-10 15:45:00,41.57,41.6,41.52,41.52,844545
2017-04-10 16:00:00,41.53,41.53,41.45,41.48,1070172
2017-04-11 09:45:00,41.39,41.39,40.88,40.925,72316
2017-04-11 10:00:00,40.95,41.24,40.9,41.16,154470
2017-04-11 10:15:00,41.18,41.21,41.1,41.11,290948
2017-04-11 10:30:00,41.12,41.18,41.1,41.17,364392
2017-04-11 10:45:00,41.16,41.17,41.04,41.1,528311
2017-04-11 11:00:00,41.1,41.12,41.04,41.1,652593
2017-04-11 11:15:00,41.09,41.15,41.08,41.09,785936
2017-04-11 11:30:00,41.09,41.11,41.0175,41.07,894854
2017-04-11 11:45:00,41.07,41.21,41.06,41.175,1085105
2017-04-11 12:00:00,41.17,41.28,41.13,41.225,1135890
2017-04-11 12:15:00,41.22,41.25,41.18,41.25,1178506
2017-04-11 12:30:00,41.26,41.31,41.24,41.28,1208155
2017-04-11 12:45:00,41.28,41.31,41.26,41.265,1236164
2017-04-11 13:00:00,41.265,41.29,41.235,41.24,1275165
2017-04-11 13:15:00,41.24,41.32,41.23,41.27,1324789
2017-04-11 13:30:00,41.27,41.27,41.22,41.231,1365459
2017-04-11 13:45:00,41.235,41.29,41.18,41.19,1410838
2017-04-11 14:00:00,41.185,41.22,41.17,41.21,1449503
2017-04-11 14:15:00,41.23,41.28,41.185,41.26,1538505
2017-04-11 14:30:00,41.27,41.35,41.255,41.35,1574774
2017-04-11 14:45:00,41.35,41.41,41.33,41.36,1618982
2017-04-11 15:00:00,41.36,41.455,41.35,41.405,1685483
2017-04-11 15:15:00,41.4,41.4,41.3,41.31,1741311
2017-04-11 15:30:00,41.31,41.4,41.27,41.3699,1809436
2017-04-11 15:45:00,41.36,41.37,41.31,41.315,1869756
2017-04-11 16:00:00,41.31,41.37,41.29,41.37,2029249
2017-04-12 09:45:00,41.14,41.31,41.125,41.255,104407
2017-04-12 10:00:00,41.2575,41.28,41.19,41.26,228395
2017-04-12 10:15:00,41.27,41.32,41.18,41.205,295587
2017-04-12 10:30:00,41.21,41.24,41.155,41.21,447095
2017-04-12 10:45:00,41.21,41.25,41.14,41.16,558922
2017-04-12 11:00:00,41.17,41.215,41.115,41.125,643533
2017-04-12 11:15:00,41.125,41.125,41.07,41.105,765553
2017-04-12 11:30:00,41.105,41.12,41.03,41.045,1021078
2017-04-12 11:45:00,41.05,41.065,41.0,41.005,1136972
2017-04-12 12:00:00,41.01,41.03,40.9,40.92,1269148
2017-04-12 12:15:00,40.92,40.97,40.91,40.96,1346454
2017-04-12 12:30:00,40.965,40.97,40.84,40.845,1408206
2017-04-12 12:45:00,40.85,40.85,40.77,40.8,1494525
2017-04-12 13:00:00,40.805,40.81,40.72,40.74,1565173
2017-04-12 13:15:00,40.75,40.77,40.73,40.74,1714868
2017-04-12 13:30:00,40.74,40.77,40.65,40.69,1865157
2017-04-12 13:45:00,40.69,40.7437,40.655,40.735,2131239
2017-04-12 14:00:00,40.735,40.79,40.66,40.79,2229494
2017-04-12 14:15:00,40.78,40.785,40.695,40.715,2300618
2017-04-12 14:30:00,40.71,40.71,40.64,40.695,2376772
2017-04-12 14:45:00,40.695,40.7,40.56,40.58,2461441
2017-04-12 15:00:00,40.57,40.66,40.55,40.63,2584637
2017-04-12 15:15:00,40.63,40.89,40.63,40.88,2854978
2017-04-12 15:30:00,40.875,40.93,40.78,40.86,2990937
2017-04-12 15:45:00,40.86,40.97,40.86,40.915,3211507
2017-04-12 16:00:00,40.92,41.01,40.9,40.99,3625323
2017-04-13 09:45:00,41.01,41.1,40.9,41.03,50301
2017-04-13 10:00:00,41.01,41.1,40.91,40.93,457080
2017-04-13 10:15:00,40.93,40.99,40.82,40.82,484962
2017-04-13 10:30:00,40.81,40.84,40.75,40.77,523644
2017-04-13 10:45:00,40.76,40.78,40.73,40.765,573179
2017-04-13 11:00:00,40.765,40.89,40.76,40.845,626529
2017-04-13 11:15:00,40.845,40.85,40.77,40.805,688616
2017-04-13 11:30:00,40.805,40.815,40.79,40.8047,746646
2017-04-13 11:45:00,40.805,40.82,40.795,40.8,848731
2017-04-13 12:00:00,40.805,40.81,40.79,40.805,902841
2017-04-13 12:15:00,40.8,40.81,40.76,40.805,1062704
2017-04-13 12:30:00,40.8,40.82,40.785,40.82,1138299
2017-04-13 12:45:00,40.82,41.07,40.8175,40.9067,1230278
2017-04-13 13:00:00,40.9,40.995,40.87,40.98,1267279
2017-04-13 13:15:00,40.975,40.975,40.92,40.94,1300746
2017-04-13 13:30:00,40.94,40.97,40.93,40.95,1365140
2017-04-13 13:45:00,40.95,40.959,40.88,40.88,1418628
2017-04-13 14:00:00,40.88,40.91,40.86,40.86,1481304
2017-04-13 14:15:00,40.865,41.12,40.865,41.11,1599783
2017-04-13 14:30:00,41.11,41.135,41.0746,41.08,1654563
2017-04-13 14:45:00,41.075,41.1,41.01,41.04,1702110
2017-04-13 15:00:00,41.04,41.065,41.01,41.055,1750659
2017-04-13 15:15:00,41.05,41.1,41.04,41.055,1800842
2017-04-13 15:30:00,41.05,41.08,41.03,41.07,1870217
2017-04-13 15:45:00,41.06,41.08,40.94,40.96,1970277
2017-04-13 16:00:00,40.965,41.05,40.965,41.02,2258531
2017-04-17 09:45:00,41.16,41.43,41.01,41.08,34058
2017-04-17 10:00:00,41.08,41.2,41.05,41.17,130047
2017-04-17 10:15:00,41.18,41.22,41.15,41.18,165888
2017-04-17 10:30:00,41.19,41.3,41.155,41.155,198873
2017-04-17 10:45:00,41.16,41.205,41.09,41.095,226781
2017-04-17 11:00:00,41.09,41.17,41.07,41.17,268411
2017-04-17 11:15:00,41.16,41.16,41.11,41.15,303171
2017-04-17 11:30:00,41.15,41.17,41.1,41.15,355625
2017-04-17 11:45:00,41.16,41.185,41.12,41.125,410936
2017-04-17 12:00:00,41.125,41.13,41.08,41.105,473124
2017-04-17 12:15:00,41.1,41.14,41.08,41.09,508141
2017-04-17 12:30:00,41.085,41.1,41.07,41.09,539817
2017-04-17 12:45:00,41.08,41.09,41.035,41.055,570954
2017-04-17 13:00:00,41.0595,41.0595,41.02,41.04,593268
2017-04-17 13:15:00,41.04,41.07,41.03,41.0525,628565
2017-04-17 13:30:00,41.06,41.095,41.06,41.095,650913
2017-04-17 13:45:00,41.09,41.12,41.06,41.085,688537
2017-04-17 14:00:00,41.08,41.12,41.08,41.11,749733
2017-04-17 14:15:00,41.12,41.16,41.115,41.125,783530
2017-04-17 14:30:00,41.12,41.15,41.11,41.14,824537
2017-04-17 14:45:00,41.13,41.16,41.12,41.12,897018
2017-04-17 15:00:00,41.12,41.13,41.055,41.07,949420
2017-04-17 15:15:00,41.07,41.1,41.055,41.1,982996
2017-04-17 15:30:00,41.1,41.22,41.095,41.2,1053729
2017-04-17 15:45:00,41.19,41.22,41.165,41.21,1189398
2017-04-17 16:00:00,41.21,41.29,41.21,41.25,1497283
2017-04-18 09:45:00,41.01,41.13,40.92,41.1,51630
2017-04-18 10:00:00,41.1,41.13,41.01,41.13,102166
2017-04-18 10:15:00,41.14,41.21,41.13,41.17,181209
2017-04-18 10:30:00,41.18,41.19,41.05,41.05,303828
2017-04-18 10:45:00,41.06,41.16,41.06,41.15,344142
2017-04-18 11:00:00,41.155,41.155,41.1,41.115,410593
2017-04-18 11:15:00,41.12,41.16,41.085,41.145,452555
2017-04-18 11:30:00,41.14,41.18,41.13,41.175,488612
2017-04-18 11:45:00,41.18,41.18,41.09,41.09,555598
2017-04-18 12:00:00,41.09,41.12,41.065,41.07,674139
2017-04-18 12:15:00,41.07,41.075,41.005,41.04,809711
2017-04-18 12:30:00,41.04,41.09,41.0,41.03,945160
2017-04-18 12:45:00,41.025,41.03,40.97,41.01,1039769
2017-04-18 13:00:00,41.0,41.01,40.98,41.0,1132133
2017-04-18 13:15:00,41.0,41.03,40.99,41.025,1168877
2017-04-18 13:30:00,41.025,41.06,41.015,41.035,1243462
2017-04-18 13:45:00,41.04,41.06,41.0,41.0,1477853
2017-04-18 14:00:00,41.0,41.0639,40.995,41.055,1548797
2017-04-18 14:15:00,41.055,41.14,41.05,41.14,1595482
2017-04-18 14:30:00,41.14,41.18,41.13,41.16,1633407
2017-04-18 14:45:00,41.165,41.2,41.14,41.14,1718580
2017-04-18 15:00:00,41.15,41.15,41.12,41.125,1749450
2017-04-18 15:15:00,41.13,41.135,41.1,41.12,1785648
2017-04-18 15:30:00,41.13,41.155,41.11,41.15,1851323
2017-04-18 15:45:00,41.15,41.18,41.13,41.14,1914740
2017-04-18 16:00:00,41.14,41.23,41.12,41.205,2168993
2017-04-19 09:45:00,41.36,41.45,41.29,41.35,68671
2017-04-19 10:00:00,41.36,41.47,41.35,41.44,140296
2017-04-19 10:15:00,41.45,41.5692,41.45,41.49,243271
2017-04-19 10:30:00,41.49,41.62,41.49,41.62,309551
2017-04-19 10:45:00,41.62,41.76,41.605,41.76,453206
2017-04-19 11:00:00,41.76,41.91,41.74,41.855,710942
2017-04-19 11:15:00,41.855,41.9,41.82,41.89,889141
2017-04-19 11:30:00,41.88,42.0046,41.88,41.95,1031176
2017-04-19 11:45:00,41.95,41.96,41.87,41.96,1153835
2017-04-19 12:00:00,41.96,41.96,41.85,41.85,1222934
2017-04-19 12:15:00,41.855,41.855,41.75,41.78,1328129
2017-04-19 12:30:00,41.785,41.87,41.75,41.8656,1384474
2017-04-19 12:45:00,41.86,41.87,41.8,41.8,1456641
2017-04-19 13:00:00,41.79,41.82,41.77,41.7754,1495863
2017-04-19 13:15:00,41.775,41.79,41.7105,41.74,1554276
2017-04-19 13:30:00,41.74,41.8,41.73,41.735,1610744
2017-04-19 13:45:00,41.735,41.77,41.71,41.7599,1671786
2017-04-19 14:00:00,41.75,41.8,41.74,41.75,1717508
2017-04-19 14:15:00,41.75,41.775,41.7,41.705,1772061
2017-04-19 14:30:00,41.695,41.695,41.59,41.605,1822272
2017-04-19 14:45:00,41.605,41.63,41.57,41.58,1886847
2017-04-19 15:00:00,41.575,41.61,41.52,41.6,1964250
2017-04-19 15:15:00,41.595,41.64,41.55,41.625,2050282
2017-04-19 15:30:00,41.625,41.66,41.61,41.615,2140675
2017-04-19 15:45:00,41.61,41.71,41.6,41.705,2357693
2017-04-19 16:00:00,41.705,41.76,41.695,41.75,2694463
2017-04-20 09:45:00,41.76,41.93,41.68,41.73,85648
2017-04-20 10:00:00,41.76,41.87,41.69,41.72,171461
2017-04-20 10:15:00,41.71,41.85,41.675,41.79,314495
2017-04-20 10:30:00,41.79,41.79,41.69,41.705,367898
2017-04-20 10:45:00,41.71,41.735,41.635,41.65,413545
2017-04-20 11:00:00,41.65,41.69,41.59,41.61,470940
2017-04-20 11:15:00,41.62,41.635,41.54,41.54,532285
2017-04-20 11:30:00,41.55,41.58,41.5,41.57,598010
2017-04-20 11:45:00,41.575,41.65,41.555,41.58,675629
2017-04-20 12:00:00,41.59,41.655,41.585,41.595,774450
2017-04-20 12:15:00,41.6,41.73,41.57,41.61,897615
2017-04-20 12:30:00,41.615,41.625,41.48,41.52,1080299
2017-04-20 12:45:00,41.53,41.54,41.495,41.52,1146903
2017-04-20 13:00:00,41.52,41.54,41.455,41.47,1240666
2017-04-20 13:15:00,41.465,41.48,41.355,41.36,1341592
2017-04-20 13:30:00,41.365,41.37,41.27,41.3,1429574
2017-04-20 13:45:00,41.3,41.43,41.28,41.35,1546109
2017-04-20 14:00:00,41.355,41.43,41.29,41.365,1735684
2017-04-20 14:15:00,41.37,41.375,41.19,41.195,1834323
2017-04-20 14:30:00,41.2,41.2765,41.19,41.275,1931101
2017-04-20 14:45:00,41.275,41.29,41.24,41.245,1994544
2017-04-20 15:00:00,41.245,41.29,41.18,41.24,2198095
2017-04-20 15:15:00,41.23,41.255,41.17,41.195,2333368
2017-04-20 15:30:00,41.2,41.24,41.15,41.22,2492363
2017-04-20 15:45:00,41.225,41.26,41.17,41.175,2721717
2017-04-20 16:00:00,41.18,41.18,41.12,41.135,3219949
2017-04-21 09:45:00,41.1,41.1,40.88,41.0,116443
2017-04-21 10:00:00,41.0065,41.09,40.94,40.97,222530
2017-04-21 10:15:00,40.99,41.05,40.92,40.96,644578
2017-04-21 10:30:00,40.955,41.045,40.92,41.02,738969
2017-04-21 10:45:00,41.02,41.035,40.94,40.99,798169
2017-04-21 11:00:00,40.98,41.0,40.945,40.95,863230
2017-04-21 11:15:00,40.94,41.01,40.91,41.01,1170379
2017-04-21 11:30:00,41.0,41.11,40.995,41.11,1384656
2017-04-21 11:45:00,41.105,41.185,41.085,41.14,1520523
2017-04-21 12:00:00,41.145,41.26,41.14,41.185,1642418
2017-04-21 12:15:00,41.18,41.3,41.17,41.21,1747497
2017-04-21 12:30:00,41.205,41.26,41.19,41.19,1810127
2017-04-21 12:45:00,41.1986,41.1986,41.14,41.165,1868319
2017-04-21 13:00:00,41.16,41.16,41.105,41.14,1904718
2017-04-21 13:15:00,41.14,41.14,40.935,41.0,1995385
2017-04-21 13:30:00,41.0,41.01,40.9047,40.96,2041539
2017-04-21 13:45:00,40.96,40.985,40.925,40.98,2086784
2017-04-21 14:00:00,40.975,41.04,40.915,41.03,2183126
2017-04-21 14:15:00,41.025,41.04,40.995,41.01,2212403
2017-04-21 14:30:00,41.01,41.1,41.01,41.03,2297871
2017-04-21 14:45:00,41.035,41.06,40.995,41.0,2330972
2017-04-21 15:00:00,41.0,41.0,40.935,40.95,2365400
2017-04-21 15:15:00,40.945,40.95,40.87,40.93,2420464
2017-04-21 15:30:00,40.93,40.94,40.9,40.91,2608851
2017-04-21 15:45:00,40.92,41.02,40.915,41.015,2738488
2017-04-21 16:00:00,41.03,41.1,40.99,41.01,3215973
2017-04-24 09:45:00,41.59,41.59,41.29,41.425,238330
2017-04-24 10:00:00,41.44,41.545,41.42,41.4725,352706
2017-04-24 10:15:00,41.47,41.585,41.46,41.56,432902
2017-04-24 10:30:00,41.565,41.735,41.555,41.72,560707
2017-04-24 10:45:00,41.7201,41.765,41.68,41.76,713528
2017-04-24 11:00:00,41.76,41.855,41.745,41.84,822778
2017-04-24 11:15:00,41.85,41.85,41.765,41.81,935694
2017-04-24 11:30:00,41.81,41.9,41.78,41.9,1200091
2017-04-24 11:45:00,41.895,41.94,41.84,41.93,1406694
2017-04-24 12:00:00,41.92,41.94,41.74,41.76,1489067
2017-04-24 12:15:00,41.755,41.76,41.685,41.72,1536529
2017-04-24 12:30:00,41.72,41.73,41.66,41.68,1571266
2017-04-24 12:45:00,41.675,41.73,41.67,41.685,1632329
2017-04-24 13:00:00,41.685,41.69,41.57,41.605,1690837
2017-04-24 13:15:00,41.61,41.62,41.52,41.53,1783856
2017-04-24 13:30:00,41.54,41.58,41.53,41.54,1846684
2017-04-24 13:45:00,41.54,41.585,41.51,41.515,1914774
2017-04-24 14:00:00,41.515,41.515,41.45,41.49,2086557
2017-04-24 14:15:00,41.49,41.55,41.47,41.55,2209405
2017-04-24 14:30:00,41.545,41.68,41.54,41.635,2306634
2017-04-24 14:45:00,41.635,41.69,41.635,41.655,2361393
2017-04-24 15:00:00,41.66,41.67,41.62,41.63,2411811
2017-04-24 15:15:00,41.63,41.74,41.63,41.73,2532618
2017-04-24 15:30:00,41.74,41.76,41.64,41.64,2678434
2017-04-24 15:45:00,41.645,41.72,41.61,41.6899,2823098
2017-04-24 16:00:00,41.7,41.71,41.57,41.57,3319831
2017-04-25 09:45:00,40.09,40.22,38.65,38.78,1088675
2017-04-25 10:00:00,38.76,39.19,38.4962,38.4962,1800262
2017-04-25 10:15:00,38.49,39.06,38.31,38.86,2741741
2017-04-25 10:30:00,38.86,39.82,38.85,39.49,3309383
2017-04-25 10:45:00,39.5,39.52,39.31,39.44,3836663
2017-04-25 11:00:00,39.43,39.65,39.405,39.53,4153217
2017-04-25 11:15:00,39.53,39.69,39.46,39.69,4347267
2017-04-25 11:30:00,39.69,39.75,39.48,39.52,4645392
2017-04-25 11:45:00,39.51,39.68,39.49,39.67,4906516
2017-04-25 12:00:00,39.67,40.0,39.63,39.95,5365547
2017-04-25 12:15:00,39.94,39.99,39.78,39.92,5706774
2017-04-25 12:30:00,39.93,40.0,39.88,39.985,5900031
2017-04-25 12:45:00,39.98,40.05,39.81,39.8867,6152123
2017-04-25 13:00:00,39.9,39.92,39.775,39.91,6300399
2017-04-25 13:15:00,39.92,39.95,39.76,39.79,6460543
2017-04-25 13:30:00,39.79,39.85,39.69,39.7,6541801
2017-04-25 13:45:00,39.71,39.8,39.64,39.68,6657053
2017-04-25 14:00:00,39.6801,39.86,39.41,39.8299,7063265
2017-04-25 14:15:00,39.82,39.83,39.6175,39.725,7337242
2017-04-25 14:30:00,39.73,39.86,39.71,39.74,7459316
2017-04-25 14:45:00,39.74,39.8,39.7,39.74,7643441
2017-04-25 15:00:00,39.74,39.84,39.7,39.78,7781979
2017-04-25 15:15:00,39.78,39.91,39.735,39.895,7941774
2017-04-25 15:30:00,39.895,40.0,39.835,39.9856,8200159
2017-04-25 15:45:00,39.985,40.0,39.9,39.94,8585057
2017-04-25 16:00:00,39.93,40.0,39.91,39.97,9180162
2017-04-26 09:45:00,39.55,39.69,39.38,39.515,460470
2017-04-26 10:00:00,39.515,39.64,39.3,39.64,894464
2017-04-26 10:15:00,39.65,39.8,39.54,39.765,1121022
2017-04-26 10:30:00,39.765,39.885,39.755,39.885,1243648
2017-04-26 10:45:00,39.89,40.02,39.885,39.98,1509904
2017-04-26 11:00:00,39.98,40.04,39.96,39.965,1654172
2017-04-26 11:15:00,39.97,39.99,39.85,39.85,1818879
2017-04-26 11:30:00,39.85,39.94,39.82,39.91,1958109
2017-04-26 11:45:00,39.91,39.94,39.88,39.89,2066158
2017-04-26 12:00:00,39.885,39.885,39.735,39.81,2282594
2017-04-26 12:15:00,39.81,39.88,39.79,39.84,2450068
2017-04-26 12:30:00,39.845,39.85,39.79,39.805,2559011
2017-04-26 12:45:00,39.81,39.82,39.75,39.77,2676780
2017-04-26 13:00:00,39.765,39.775,39.71,39.76,2801695
2017-04-26 13:15:00,39.765,39.8,39.72,39.8,2891580
2017-04-26 13:30:00,39.8,39.82,39.73,39.745,2962732
2017-04-26 13:45:00,39.745,39.8,39.71,39.785,3055084
2017-04-26 14:00:00,39.785,39.785,39.68,39.74,3158377
2017-04-26 14:15:00,39.74,39.765,39.69,39.715,3321726
2017-04-26 14:30:00,39.715,39.72,39.68,39.685,3420621
2017-04-26 14:45:00,39.69,39.75,39.68,39.705,3491397
2017-04-26 15:00:00,39.71,39.715,39.6,39.63,3700320
2017-04-26 15:15:00,39.62,39.63,39.505,39.55,3861337
2017-04-26 15:30:00,39.545,39.57,39.52,39.5525,3957987
2017-04-26 15:45:00,39.55,39.57,39.48,39.49,4424773
2017-04-26 16:00:00,39.49,39.5,39.4,39.41,5004360
2017-04-27 09:45:00,39.36,39.51,39.26,39.27,110422
2017-04-27 10:00:00,39.26,39.58,39.25,39.57,222259
2017-04-27 10:15:00,39.575,39.66,39.525,39.63,364474
2017-04-27 10:30:00,39.625,39.63,39.48,39.52,455792
2017-04-27 10:45:00,39.53,39.585,39.49,39.565,665710
2017-04-27 11:00:00,39.57,39.59,39.42,39.42,856517
2017-04-27 11:15:00,39.425,39.68,39.42,39.65,1036297
2017-04-27 11:30:00,39.65,39.705,39.63,39.685,1150040
2017-04-27 11:45:00,39.685,39.69,39.6,39.69,1235367
2017-04-27 12:00:00,39.69,39.73,39.67,39.72,1366740
2017-04-27 12:15:00,39.73,39.84,39.72,39.765,1514334
2017-04-27 12:30:00,39.765,39.77,39.66,39.71,1589360
2017-04-27 12:45:00,39.72,39.8,39.7,39.795,1665881
2017-04-27 13:00:00,39.8,39.955,39.79,39.955,1758756
2017-04-27 13:15:00,39.955,39.955,39.82,39.885,1855580
2017-04-27 13:30:00,39.88,39.94,39.825,39.935,2055079
2017-04-27 13:45:00,39.935,40.04,39.93,40.02,2174328
2017-04-27 14:00:00,40.02,40.09,40.0,40.025,2261814
2017-04-27 14:15:00,40.025,40.035,39.91,39.99,2403905
2017-04-27 14:30:00,39.98,40.01,39.92,39.94,2580527
2017-04-27 14:45:00,39.945,40.07,39.94,40.07,2705924
2017-04-27 15:00:00,40.07,40.1,40.04,40.09,2829397
2017-04-27 15:15:00,40.095,40.18,40.07,40.15,3033753
2017-04-27 15:30:00,40.16,40.205,40.11,40.2,3222546
2017-04-27 15:45:00,40.2,40.25,40.18,40.22,3498188
2017-04-27 16:00:00,40.21,40.22,40.15,40.21,4409498
2017-04-28 09:45:00,40.27,40.27,40.11,40.23,93206
2017-04-28 10:00:00,40.22,40.22,40.06,40.175,222933
2017-04-28 10:15:00,40.17,40.31,40.13,40.305,449591
2017-04-28 10:30:00,40.305,40.38,40.27,40.31,568318
2017-04-28 10:45:00,40.31,40.43,40.305,40.43,683745
2017-04-28 11:00:00,40.43,40.46,40.29,40.33,892589
2017-04-28 11:15:00,40.325,40.41,40.32,40.39,1173290
2017-04-28 11:30:00,40.39,40.58,40.37,40.555,1303467
2017-04-28 11:45:00,40.55,40.63,40.45,40.56,1442677
2017-04-28 12:00:00,40.56,40.76,40.55,40.665,1710702
2017-04-28 12:15:00,40.67,40.755,40.67,40.74,1802786
2017-04-28 12:30:00,40.74,40.85,40.69,40.85,2008000
2017-04-28 12:45:00,40.85,41.02,40.85,40.95,2376826
2017-04-28 13:00:00,40.94,41.12,40.925,41.105,2562566
2017-04-28 13:15:00,41.1,41.19,41.08,41.1199,2784371
2017-04-28 13:30:00,41.12,41.12,41.025,41.11,2942811
2017-04-28 13:45:00,41.105,41.17,41.06,41.115,3135455
2017-04-28 14:00:00,41.115,41.2,41.11,41.2,3337644
2017-04-28 14:15:00,41.205,41.205,41.01,41.04,3908702
2017-04-28 14:30:00,41.045,41.45,41.045,41.2,4247536
2017-04-28 14:45:00,41.2,41.24,41.12,41.175,4416296
2017-04-28 15:00:00,41.17,41.27,41.15,41.22,4589371
2017-04-28 15:15:00,41.22,41.28,41.16,41.26,4762385
2017-04-28 15:30:00,41.27,41.32,41.21,41.22,4997526
2017-04-28 15:45:00,41.21,41.22,41.11,41.16,5275129
2017-04-28 16:00:00,41.16,41.165,41.09,41.13,6081898
2017-05-01 09:45:00,41.14,41.33,41.1,41.12,76241
2017-05-01 10:00:00,41.12,41.25,41.1,41.24,185726
2017-05-01 10:15:00,41.24,41.24,41.015,41.02,327800
2017-05-01 10:30:00,41.02,41.04,40.915,40.93,471376
2017-05-01 10:45:00,40.94,40.955,40.85,40.85,706238
2017-05-01 11:00:00,40.855,40.9,40.81,40.885,805518
2017-05-01 11:15:00,40.89,40.89,40.83,40.86,927247
2017-05-01 11:30:00,40.865,40.87,40.71,40.715,1150191
2017-05-01 11:45:00,40.71,40.8,40.69,40.725,1221609
2017-05-01 12:00:00,40.73,40.8,40.725,40.8,1328176
2017-05-01 12:15:00,40.81,40.83,40.79,40.81,1376840
2017-05-01 12:30:00,40.805,40.815,40.77,40.77,1430918
2017-05-01 12:45:00,40.77,40.8,40.75,40.79,1474071
2017-05-01 13:00:00,40.79,40.79,40.71,40.75,1530767
2017-05-01 13:15:00,40.75,40.77,40.74,40.76,1576294
2017-05-01 13:30:00,40.76,40.77,40.69,40.69,1661423
2017-05-01 13:45:00,40.69,40.72,40.68,40.71,1722808
2017-05-01 14:00:00,40.72,40.725,40.665,40.7,1824237
2017-05-01 14:15:00,40.71,40.76,40.71,40.75,1882422
2017-05-01 14:30:00,40.76,40.77,40.75,40.75,1933884
2017-05-01 14:45:00,40.75,40.76,40.54,40.555,2216224
2017-05-01 15:00:00,40.56,40.635,40.54,40.54,2333903
2017-05-01 15:15:00,40.54,40.665,40.54,40.65,2481214
2017-05-01 15:30:00,40.65,40.69,40.53,40.535,2635681
2017-05-01 15:45:00,40.54,40.665,40.54,40.6,2802073
2017-05-01 16:00:00,40.6,40.6125,40.54,40.55,3438043
2017-05-02 09:45:00,40.64,40.75,40.56,40.67,79023
2017-05-02 10:00:00,40.67,40.67,40.35,40.375,356726
2017-05-02 10:15:00,40.37,40.4399,40.23,40.24,430983
2017-05-02 10:30:00,40.25,40.37,40.245,40.305,504895
2017-05-02 10:45:00,40.305,40.325,40.22,40.24,639862
2017-05-02 11:00:00,40.23,40.255,40.15,40.225,771602
2017-05-02 11:15:00,40.22,40.325,40.22,40.32,916599
2017-05-02 11:30:00,40.325,40.345,40.02,40.035,1186497
2017-05-02 11:45:00,40.04,40.26,40.04,40.23,1274276
2017-05-02 12:00:00,40.23,40.31,40.23,40.3,1315762
2017-05-02 12:15:00,40.295,40.31,40.26,40.26,1416114
2017-05-02 12:30:00,40.27,40.3,40.23,40.23,1574384
2017-05-02 12:45:00,40.235,40.275,40.195,40.245,1675730
2017-05-02 13:00:00,40.245,40.3,40.19,40.3,1774417
2017-05-02 13:15:00,40.3,40.33,40.265,40.315,1865246
2017-05-02 13:30:00,40.31,40.32,40.28,40.295,1930122
2017-05-02 13:45:00,40.3,40.33,40.26,40.26,1994684
2017-05-02 14:00:00,40.265,40.27,40.2,40.22,2084389
2017-05-02 14:15:00,40.22,40.32,40.21,40.305,2203286
2017-05-02 14:30:00,40.31,40.33,40.265,40.27,2289802
2017-05-02 14:45:00,40.27,40.305,40.21,40.305,2501811
2017-05-02 15:00:00,40.305,40.31,40.21,40.21,2643609
2017-05-02 15:15:00,40.22,40.24,40.21,40.2138,2791989
2017-05-02 15:30:00,40.21,40.32,40.21,40.27,2930164
2017-05-02 15:45:00,40.27,40.3,40.21,40.2698,3120942
2017-05-02 16:00:00,40.26,40.26,40.21,40.24,3708156
2017-05-03 09:45:00,40.28,40.34,40.08,40.16,46028
2017-05-03 10:00:00,40.22,40.305,40.18,40.26,236083
2017-05-03 10:15:00,40.26,40.34,40.22,40.255,379306
2017-05-03 10:30:00,40.255,40.34,40.25,40.255,607497
2017-05-03 10:45:00,40.26,40.275,40.19,40.225,806691
2017-05-03 11:00:00,40.225,40.265,40.205,40.24,1000592
2017-05-03 11:15:00,40.245,40.255,40.15,40.17,1083901
2017-05-03 11:30:00,40.18,40.255,40.17,40.25,1192665
2017-05-03 11:45:00,40.25,40.25,40.19,40.205,1258697
2017-05-03 12:00:00,40.195,40.21,40.17,40.19,1362962
2017-05-03 12:15:00,40.185,40.21,40.15,40.18,1428974
2017-05-03 12:30:00,40.18,40.22,40.17,40.2,1475737
2017-05-03 12:45:00,40.195,40.2599,40.16,40.25,1597781
2017-05-03 13:00:00,40.245,40.26,40.23,40.235,1626284
2017-05-03 13:15:00,40.235,40.25,40.19,40.2,1743940
2017-05-03 13:30:00,40.2,40.205,40.07,40.085,1885571
2017-05-03 13:45:00,40.085,40.095,40.02,40.08,1983597
2017-05-03 14:00:00,40.08,40.195,40.075,40.1461,2046634
2017-05-03 14:15:00,40.15,40.185,40.09,40.09,2123370
2017-05-03 14:30:00,40.095,40.12,40.0,40.06,2203099
2017-05-03 14:45:00,40.0538,40.13,40.03,40.125,2309255
2017-05-03 15:00:00,40.1275,40.15,40.1,40.14,2387109
2017-05-03 15:15:00,40.15,40.16,40.09,40.09,2494805
2017-05-03 15:30:00,40.095,40.19,40.08,40.175,2659053
2017-05-03 15:45:00,40.175,40.255,40.165,40.23,2851657
2017-05-03 16:00:00,40.22,40.27,40.19,40.195,3264840
2017-05-04 09:45:00,40.23,40.25,40.07,40.07,38604
2017-05-04 10:00:00,40.08,40.13,40.04,40.09,93582
2017-05-04 10:15:00,40.1,40.13,40.07,40.08,273138
2017-05-04 10:30:00,40.07,40.135,40.065,40.07,364238
2017-05-04 10:45:00,40.08,40.155,40.075,40.09,434144
2017-05-04 11:00:00,40.09,40.11,40.0575,40.1,488675
2017-05-04 11:15:00,40.095,40.115,40.08,40.095,532790
2017-05-04 11:30:00,40.09,40.115,40.09,40.105,582812
2017-05-04 11:45:00,40.105,40.15,40.09,40.105,646663
2017-05-04 12:00:00,40.105,40.12,40.065,40.11,706892
2017-05-04 12:15:00,40.105,40.11,40.03,40.03,824316
2017-05-04 12:30:00,40.03,40.11,40.02,40.1,942831
2017-05-04 12:45:00,40.09,40.11,40.07,40.09,1032166
2017-05-04 13:00:00,40.09,40.11,40.08,40.105,1144566
2017-05-04 13:15:00,40.1,40.125,39.87,39.965,1358197
2017-05-04 13:30:00,39.98,40.01,39.96,40.0099,1397222
2017-05-04 13:45:00,40.01,40.08,40.0,40.06,1453111
2017-05-04 14:00:00,40.06,40.085,40.045,40.06,1495150
2017-05-04 14:15:00,40.06,40.11,40.05,40.11,1568499
2017-05-04 14:30:00,40.105,40.1099,39.995,40.07,1631232
2017-05-04 14:45:00,40.08,40.1,40.06,40.095,1699047
2017-05-04 15:00:00,40.095,40.105,40.05,40.075,1862169
2017-05-04 15:15:00,40.075,40.075,40.01,40.02,1952587
2017-05-04 15:30:00,40.02,40.04,39.93,39.945,2081651
2017-05-04 15:45:00,39.945,39.99,39.89,39.955,2280791
2017-05-04 16:00:00,39.95,39.96,39.87,39.89,2778730
2017-05-05 09:45:00,40.06,40.085,39.94,39.995,53928
2017-05-05 10:00:00,39.98,40.04,39.94,39.98,96971
2017-05-05 10:15:00,39.99,40.0,39.91,40.0,135795
2017-05-05 10:30:00,40.0,40.01,39.92,39.995,190769
2017-05-05 10:45:00,39.995,40.005,39.93,39.985,258187
2017-05-05 11:00:00,39.985,40.09,39.96,40.09,360810
2017-05-05 11:15:00,40.085,40.095,40.02,40.06,488271
2017-05-05 11:30:00,40.055,40.1,40.04,40.07,785260
2017-05-05 11:45:00,40.065,40.235,40.065,40.22,864963
2017-05-05 12:00:00,40.22,40.29,40.22,40.27,942683
2017-05-05 12:15:00,40.27,40.31,40.22,40.22,1042970
2017-05-05 12:30:00,40.225,40.225,40.11,40.11,1100897
2017-05-05 12:45:00,40.11,40.17,40.08,40.16,1140773
2017-05-05 13:00:00,40.165,40.18,40.14,40.175,1176479
2017-05-05 13:15:00,40.175,40.215,40.17,40.19,1212912
2017-05-05 13:30:00,40.195,40.21,40.18,40.2,1255286
2017-05-05 13:45:00,40.2,40.24,40.18,40.18,1303824
2017-05-05 14:00:00,40.19,40.22,40.19,40.19,1351123
2017-05-05 14:15:00,40.19,40.225,40.17,40.175,1398735
2017-05-05 14:30:00,40.18,40.21,40.18,40.18,1442432
2017-05-05 14:45:00,40.18,40.22,40.18,40.215,1495202
2017-05-05 15:00:00,40.215,40.235,40.18,40.205,1558373
2017-05-05 15:15:00,40.205,40.225,40.19,40.225,1639110
2017-05-05 15:30:00,40.23,40.2358,40.19,40.19,1706108
2017-05-05 15:45:00,40.195,40.2,40.17,40.17,1789116
2017-05-05 16:00:00,40.17,40.2,40.17,40.195,2051334
2017-05-08 09:45:00,40.27,40.27,40.08,40.1,50355
2017-05-08 10:00:00,40.11,40.18,40.08,40.1495,243588
2017-05-08 10:15:00,40.15,40.15,39.98,40.015,288311
2017-05-08 10:30:00,40.015,40.06,39.98,40.06,482086
2017-05-08 10:45:00,40.05,40.11,40.04,40.095,531719
2017-05-08 11:00:00,40.1,40.145,40.09,40.14,617392
2017-05-08 11:15:00,40.15,40.245,40.145,40.21,674479
2017-05-08 11:30:00,40.205,40.21,40.15,40.165,710779
2017-05-08 11:45:00,40.17,40.22,40.16,40.21,766204
2017-05-08 12:00:00,40.2,40.2,40.13,40.15,800669
2017-05-08 12:15:00,40.145,40.155,40.14,40.155,834038
2017-05-08 12:30:00,40.16,40.17,40.15,40.165,860323
2017-05-08 12:45:00,40.165,40.24,40.16,40.22,918715
2017-05-08 13:00:00,40.22,40.235,40.21,40.22,1002008
2017-05-08 13:15:00,40.23,40.39,40.23,40.385,1053383
2017-05-08 13:30:00,40.38,40.44,40.355,40.44,1111893
2017-05-08 13:45:00,40.45,40.5,40.45,40.5,1148534
2017-05-08 14:00:00,40.49,40.56,40.48,40.54,1206812
2017-05-08 14:15:00,40.54,40.58,40.54,40.56,1258180
2017-05-08 14:30:00,40.555,40.6,40.55,40.59,1341556
2017-05-08 14:45:00,40.6,40.645,40.58,40.64,1433714
2017-05-08 15:00:00,40.645,40.655,40.58,40.595,1503988
2017-05-08 15:15:00,40.595,40.6,40.55,40.57,1589913
2017-05-08 15:30:00,40.575,40.595,40.46,40.46,1693612
2017-05-08 15:45:00,40.46,40.51,40.45,40.46,1841027
2017-05-08 16:00:00,40.47,40.5,40.43,40.495,2140533
2017-05-09 09:45:00,40.45,40.57,40.37,40.37,26822
2017-05-09 10:00:00,40.4,40.43,40.33,40.43,48625
2017-05-09 10:15:00,40.45,40.63,40.36,40.61,110668
2017-05-09 10:30:00,40.615,40.71,40.61,40.69,195456
2017-05-09 10:45:00,40.69,40.8,40.67,40.78,286820
2017-05-09 11:00:00,40.79,40.985,40.7899,40.915,375895
2017-05-09 11:15:00,40.92,40.98,40.9,40.965,460654
2017-05-09 11:30:00,40.96,41.0,40.92,40.955,553068
2017-05-09 11:45:00,40.95,40.955,40.88,40.925,599532
2017-05-09 12:00:00,40.92,40.94,40.89,40.9,677590
2017-05-09 12:15:00,40.9046,41.02,40.9046,40.995,769288
2017-05-09 12:30:00,40.995,41.0,40.82,40.88,808359
2017-05-09 12:45:00,40.88,40.895,40.84,40.85,834780
2017-05-09 13:00:00,40.845,40.8625,40.78,40.82,858543
2017-05-09 13:15:00,40.81,40.86,40.81,40.83,883683
2017-05-09 13:30:00,40.83,40.85,40.8,40.83,915283
2017-05-09 13:45:00,40.83,40.89,40.8,40.89,946021
2017-05-09 14:00:00,40.9,40.94,40.89,40.9,984441
2017-05-09 14:15:00,40.89,40.905,40.845,40.9,1024283
2017-05-09 14:30:00,40.9,40.92,40.81,40.815,1093511
2017-05-09 14:45:00,40.82,40.89,40.82,40.89,1148188
2017-05-09 15:00:00,40.89,40.92,40.88,40.92,1190809
2017-05-09 15:15:00,40.91,40.92,40.885,40.91,1242189
2017-05-09 15:30:00,40.91,40.95,40.87,40.88,1307197
2017-05-09 15:45:00,40.89,40.895,40.78,40.82,1417907
2017-05-09 16:00:00,40.81,40.82,40.79,40.795,1729238
2017-05-10 09:45:00,40.7,40.86,40.69,40.75,31931
2017-05-10 10:00:00,40.71,40.75,40.43,40.46,121393
2017-05-10 10:15:00,40.465,40.47,40.37,40.375,294723
2017-05-10 10:30:00,40.38,40.4,40.24,40.28,383801
2017-05-10 10:45:00,40.29,40.35,40.23,40.27,435548
2017-05-10 11:00:00,40.28,40.34,40.24,40.28,504105
2017-05-10 11:15:00,40.28,40.285,40.24,40.27,565307
2017-05-10 11:30:00,40.28,40.31,40.225,40.285,616475
2017-05-10 11:45:00,40.29,40.3,40.24,40.27,650986
2017-05-10 12:00:00,40.27,40.29,40.25,40.25,684117
2017-05-10 12:15:00,40.24,40.245,40.17,40.19,738622
2017-05-10 12:30:00,40.19,40.19,40.1,40.14,799391
2017-05-10 12:45:00,40.15,40.175,40.13,40.16,832206
2017-05-10 13:00:00,40.16,40.195,40.15,40.185,896096
2017-05-10 13:15:00,40.2,40.24,40.2,40.21,921038
2017-05-10 13:30:00,40.2,40.235,40.18,40.235,948733
2017-05-10 13:45:00,40.235,40.28,40.22,40.25,1049490
2017-05-10 14:00:00,40.25,40.29,40.2,40.23,1116345
2017-05-10 14:15:00,40.23,40.25,40.225,40.235,1158819
2017-05-10 14:30:00,40.235,40.27,40.22,40.255,1267480
2017-05-10 14:45:00,40.25,40.26,40.22,40.235,1384184
2017-05-10 15:00:00,40.23,40.25,40.219,40.225,1442692
2017-05-10 15:15:00,40.23,40.24,40.195,40.225,1506814
2017-05-10 15:30:00,40.23,40.24,40.19,40.205,1597172
2017-05-10 15:45:00,40.21,40.26,40.2,40.225,1738525
2017-05-10 16:00:00,40.22,40.25,40.21,40.22,2009519
2017-05-11 09:45:00,40.14,40.16,40.05,40.07,32349
2017-05-11 10:00:00,40.06,40.08,40.0,40.04,164225
2017-05-11 10:15:00,40.04,40.165,40.0375,40.11,217653
2017-05-11 10:30:00,40.115,40.14,39.87,39.88,326848
2017-05-11 10:45:00,39.89,39.98,39.84,39.98,410751
2017-05-11 11:00:00,39.98,40.11,39.98,40.095,475433
2017-05-11 11:15:00,40.1,40.21,40.095,40.21,611640
2017-05-11 11:30:00,40.22,40.24,40.2,40.2165,678496
2017-05-11 11:45:00,40.21,40.225,40.2,40.225,734210
2017-05-11 12:00:00,40.225,40.23,40.21,40.23,763861
2017-05-11 12:15:00,40.225,40.23,40.19,40.205,821840
2017-05-11 12:30:00,40.21,40.28,40.2,40.245,863060
2017-05-11 12:45:00,40.25,40.25,40.17,40.17,882114
2017-05-11 13:00:00,40.1657,40.17,40.135,40.145,955584
2017-05-11 13:15:00,40.14,40.295,40.14,40.29,1018716
2017-05-11 13:30:00,40.29,40.31,40.24,40.24,1056729
2017-05-11 13:45:00,40.25,40.33,40.24,40.32,1114198
2017-05-11 14:00:00,40.31,40.33,40.3,40.32,1149212
2017-05-11 14:15:00,40.32,40.335,40.25,40.33,1265791
2017-05-11 14:30:00,40.33,40.505,40.33,40.46,1443715
2017-05-11 14:45:00,40.46,40.53,40.46,40.51,1522189
2017-05-11 15:00:00,40.51,40.62,40.51,40.6,1671821
2017-05-11 15:15:00,40.61,40.64,40.6,40.64,1761473
2017-05-11 15:30:00,40.64,40.64,40.58,40.58,1979192
2017-05-11 15:45:00,40.585,40.67,40.58,40.65,2149604
2017-05-11 16:00:00,40.65,40.7,40.65,40.69,2678612
2017-05-12 09:45:00,40.72,40.72,40.47,40.48,31939
2017-05-12 10:00:00,40.49,40.52,40.2,40.2,97059
2017-05-12 10:15:00,40.205,40.24,40.13,40.16,277253
2017-05-12 10:30:00,40.16,40.2,40.14,40.2,352464
2017-05-12 10:45:00,40.2,40.26,40.19,40.22,412305
2017-05-12 11:00:00,40.22,40.23,40.19,40.1925,608181
2017-05-12 11:15:00,40.195,40.25,40.19,40.23,682541
2017-05-12 11:30:00,40.23,40.28,40.23,40.24,834570
2017-05-12 11:45:00,40.24,40.31,40.235,40.27,892121
2017-05-12 12:00:00,40.2746,40.4,40.2746,40.3,968754
2017-05-12 12:15:00,40.29,40.32,40.165,40.18,998937
2017-05-12 12:30:00,40.18,40.215,40.145,40.2,1100604
2017-05-12 12:45:00,40.19,40.21,40.18,40.19,1137157
2017-05-12 13:00:00,40.19,40.2,40.18,40.2,1184949
2017-05-12 13:15:00,40.19,40.22,40.165,40.19,1401986
2017-05-12 13:30:00,40.18,40.19,40.14,40.15,1485575
2017-05-12 13:45:00,40.145,40.16,40.09,40.12,1520919
2017-05-12 14:00:00,40.11,40.135,40.08,40.12,1563220
2017-05-12 14:15:00,40.12,40.22,40.11,40.21,1664104
2017-05-12 14:30:00,40.205,40.25,40.18,40.22,1729706
2017-05-12 14:45:00,40.23,40.27,40.2,40.265,1807017
2017-05-12 15:00:00,40.26,40.29,40.225,40.285,1984423
2017-05-12 15:15:00,40.28,40.46,40.28,40.39,2180122
2017-05-12 15:30:00,40.39,40.43,40.33,40.39,2363726
2017-05-12 15:45:00,40.38,40.405,40.36,40.38,2456250
2017-05-12 16:00:00,40.37,40.45,40.33,40.405,2829841
2017-05-15 09:45:00,40.53,40.65,40.46,40.5,134565
2017-05-15 10:00:00,40.5,40.77,40.495,40.76,266099
2017-05-15 10:15:00,40.755,40.96,40.755,40.83,414186
2017-05-15 10:30:00,40.84,40.84,40.765,40.785,466431
2017-05-15 10:45:00,40.79,41.19,40.745,41.01,784602
2017-05-15 11:00:00,41.005,41.015,40.855,40.855,843833
2017-05-15 11:15:00,40.86,40.86,40.7501,40.79,969312
2017-05-15 11:30:00,40.79,40.82,40.76,40.78,1010271
2017-05-15 11:45:00,40.78,40.805,40.76,40.78,1076999
2017-05-15 12:00:00,40.775,40.82,40.77,40.795,1294468
2017-05-15 12:15:00,40.795,40.81,40.79,40.795,1310052
2017-05-15 12:30:00,40.795,40.83,40.79,40.815,1397413
2017-05-15 12:45:00,40.81,40.82,40.79,40.82,1420589
2017-05-15 13:00:00,40.815,40.85,40.79,40.805,1483592
2017-05-15 13:15:00,40.805,40.83,40.8,40.81,1507092
2017-05-15 13:30:00,40.81,40.83,40.79,40.83,1545721
2017-05-15 13:45:00,40.825,40.895,40.825,40.88,1574406
2017-05-15 14:00:00,40.885,40.89,40.88,40.885,1586210
2017-05-15 14:15:00,40.885,40.93,40.84,40.84,1735380
2017-05-15 14:30:00,40.8442,40.89,40.8442,40.865,1789541
2017-05-15 14:45:00,40.865,41.02,40.83,40.96,1874021
2017-05-15 15:00:00,40.965,41.01,40.96,40.995,1939080
2017-05-15 15:15:00,40.995,41.04,40.98,41.0,2033887
2017-05-15 15:30:00,41.0,41.07,41.0,41.06,2122552
2017-05-15 15:45:00,41.05,41.06,40.93,40.93,2240738
2017-05-15 16:00:00,40.935,41.16,40.935,41.125,2840332
2017-05-16 09:45:00,41.2,41.2,40.89,41.0,130112
2017-05-16 10:00:00,41.0,41.03,40.94,40.94,165499
2017-05-16 10:15:00,40.95,40.97,40.895,40.96,263992
2017-05-16 10:30:00,40.95,40.9571,40.74,40.78,330667
2017-05-16 10:45:00,40.79,40.8,40.63,40.65,702772
2017-05-16 11:00:00,40.65,40.775,40.61,40.69,857884
2017-05-16 11:15:00,40.69,40.7,40.54,40.55,1013915
2017-05-16 11:30:00,40.555,40.56,40.46,40.47,1070612
2017-05-16 11:45:00,40.47,40.58,40.42,40.58,1196649
2017-05-16 12:00:00,40.58,40.64,40.54,40.625,1296331
2017-05-16 12:15:00,40.63,40.81,40.625,40.76,1431985
2017-05-16 12:30:00,40.76,40.77,40.6,40.605,1495529
2017-05-16 12:45:00,40.605,40.63,40.55,40.565,1580456
2017-05-16 13:00:00,40.555,40.58,40.54,40.55,1628382
2017-05-16 13:15:00,40.55,40.66,40.4925,40.66,1694474
2017-05-16 13:30:00,40.67,40.78,40.64,40.75,1829522
2017-05-16 13:45:00,40.7475,40.835,40.745,40.82,1969348
2017-05-16 14:00:00,40.82,40.82,40.75,40.76,2046030
2017-05-16 14:15:00,40.76,40.805,40.75,40.78,2099242
2017-05-16 14:30:00,40.78,40.78,40.75,40.775,2184745
2017-05-16 14:45:00,40.77,40.77,40.515,40.53,2341022
2017-05-16 15:00:00,40.54,40.54,40.475,40.5,2386801
2017-05-16 15:15:00,40.5,40.54,40.45,40.45,2509847
2017-05-16 15:30:00,40.45,40.455,40.36,40.38,2637303
2017-05-16 15:45:00,40.38,40.54,40.375,40.505,2825887
2017-05-16 16:00:00,40.505,40.58,40.49,40.52,3332046
2017-05-17 09:45:00,40.27,40.29,40.09,40.1,46869
2017-05-17 10:00:00,40.1,40.13,39.87,39.88,142752
2017-05-17 10:15:00,39.87,39.89,39.78,39.79,258627
2017-05-17 10:30:00,39.79,39.85,39.76,39.79,338746
2017-05-17 10:45:00,39.79,39.86,39.765,39.86,541961
2017-05-17 11:00:00,39.86,39.965,39.85,39.91,648567
2017-05-17 11:15:00,39.92,39.96,39.88,39.95,691232
2017-05-17 11:30:00,39.94,40.01,39.94,39.965,734934
2017-05-17 11:45:00,39.965,40.02,39.94,40.02,803787
2017-05-17 12:00:00,40.02,40.06,39.99,40.03,829309
2017-05-17 12:15:00,40.02,40.18,40.0,40.18,909247
2017-05-17 12:30:00,40.19,40.25,40.175,40.215,960370
2017-05-17 12:45:00,40.21,40.25,40.17,40.22,995854
2017-05-17 13:00:00,40.23,40.29,40.22,40.29,1023778
2017-05-17 13:15:00,40.3,40.38,40.255,40.34,1085083
2017-05-17 13:30:00,40.34,40.4,40.31,40.375,1147739
2017-05-17 13:45:00,40.375,40.39,40.29,40.33,1194386
2017-05-17 14:00:00,40.32,40.37,40.27,40.29,1280085
2017-05-17 14:15:00,40.295,40.3,40.24,40.28,1329151
2017-05-17 14:30:00,40.28,40.285,40.11,40.13,1465049
2017-05-17 14:45:00,40.13,40.31,40.13,40.21,1549229
2017-05-17 15:00:00,40.215,40.33,40.2,40.33,1624492
2017-05-17 15:15:00,40.33,40.44,40.305,40.42,1761312
2017-05-17 15:30:00,40.415,40.505,40.37,40.4,1904773
2017-05-17 15:45:00,40.405,40.46,40.35,40.35,2058519
2017-05-17 16:00:00,40.35,40.38,40.2,40.22,2478704
2017-05-18 09:45:00,40.29,40.37,39.85,39.9,90765
2017-05-18 10:00:00,39.9,39.9,39.22,39.32,446968
2017-05-18 10:15:00,39.27,39.87,39.11,39.66,665747
2017-05-18 10:30:00,39.65,39.74,39.58,39.61,787138
2017-05-18 10:45:00,39.61,39.685,39.48,39.48,867907
2017-05-18 11:00:00,39.485,39.61,39.4301,39.6056,957249
2017-05-18 11:15:00,39.61,39.62,39.5,39.51,997946
2017-05-18 11:30:00,39.505,39.64,39.505,39.58,1060342
2017-05-18 11:45:00,39.59,39.67,39.585,39.64,1125423
2017-05-18 12:00:00,39.64,39.75,39.61,39.65,1239128
2017-05-18 12:15:00,39.64,39.65,39.525,39.53,1286735
2017-05-18 12:30:00,39.54,39.55,39.47,39.52,1333495
2017-05-18 12:45:00,39.52,39.5457,39.475,39.5,1368378
2017-05-18 13:00:00,39.51,39.52,39.445,39.45,1399740
2017-05-18 13:15:00,39.45,39.48,39.43,39.45,1495542
2017-05-18 13:30:00,39.45,39.49,39.39,39.41,1704786
2017-05-18 13:45:00,39.415,39.415,39.2,39.27,1922900
2017-05-18 14:00:00,39.27,39.28,39.2,39.22,2159009
2017-05-18 14:15:00,39.22,39.39,39.22,39.26,2368291
2017-05-18 14:30:00,39.25,39.26,39.21,39.25,2500063
2017-05-18 14:45:00,39.25,39.36,39.22,39.31,2668913
2017-05-18 15:00:00,39.32,39.335,39.12,39.15,2781717
2017-05-18 15:15:00,39.15,39.155,39.065,39.11,3034924
2017-05-18 15:30:00,39.12,39.12,39.05,39.115,3185343
2017-05-18 15:45:00,39.12,39.15,39.04,39.055,3468618
2017-05-18 16:00:00,39.055,39.12,39.02,39.04,4200498
2017-05-19 09:45:00,39.09,39.28,38.96,39.13,192478
2017-05-19 10:00:00,39.13,39.31,39.13,39.3,312681
2017-05-19 10:15:00,39.31,39.44,39.24,39.42,486839
2017-05-19 10:30:00,39.42,39.43,39.3,39.33,531843
2017-05-19 10:45:00,39.35,39.37,39.265,39.3,573429
2017-05-19 11:00:00,39.29,39.32,39.23,39.235,710519
2017-05-19 11:15:00,39.24,39.27,39.16,39.23,806280
2017-05-19 11:30:00,39.23,39.435,39.225,39.38,892230
2017-05-19 11:45:00,39.39,39.395,39.32,39.37,948343
2017-05-19 12:00:00,39.37,39.415,39.36,39.41,982250
2017-05-19 12:15:00,39.42,39.465,39.42,39.45,1026665
2017-05-19 12:30:00,39.45,39.465,39.43,39.45,1064277
2017-05-19 12:45:00,39.45,39.485,39.42,39.47,1099692
2017-05-19 13:00:00,39.47,39.59,39.47,39.585,1160571
2017-05-19 13:15:00,39.59,39.71,39.58,39.645,1248431
2017-05-19 13:30:00,39.64,39.67,39.61,39.635,1305376
2017-05-19 13:45:00,39.635,39.645,39.56,39.57,1343567
2017-05-19 14:00:00,39.56,39.605,39.55,39.58,1393307
2017-05-19 14:15:00,39.59,39.62,39.5575,39.59,1443075
2017-05-19 14:30:00,39.59,39.5985,39.53,39.555,1489376
2017-05-19 14:45:00,39.555,39.63,39.54,39.625,1546314
2017-05-19 15:00:00,39.62,39.64,39.6,39.62,1585349
2017-05-19 15:15:00,39.625,39.63,39.52,39.565,1690632
2017-05-19 15:30:00,39.565,39.65,39.555,39.59,1825625
2017-05-19 15:45:00,39.59,39.62,39.55,39.55,1981357
2017-05-19 16:00:00,39.56,39.6,39.53,39.56,2354549
2017-05-22 09:45:00,39.52,39.82,39.44,39.67,49134
2017-05-22 10:00:00,39.7,39.8,39.69,39.79,77402
2017-05-22 10:15:00,39.8,39.84,39.755,39.779,107118
2017-05-22 10:30:00,39.78,39.79,39.63,39.63,132048
2017-05-22 10:45:00,39.64,39.65,39.52,39.575,167081
2017-05-22 11:00:00,39.58,39.67,39.5,39.66,214108
2017-05-22 11:15:00,39.66,39.72,39.64,39.65,251712
2017-05-22 11:30:00,39.645,39.66,39.56,39.6,298773
2017-05-22 11:45:00,39.6,39.64,39.53,39.54,351292
2017-05-22 12:00:00,39.54,39.58,39.5,39.575,394333
2017-05-22 12:15:00,39.575,39.65,39.57,39.63,444813
2017-05-22 12:30:00,39.63,39.66,39.5814,39.5814,485183
2017-05-22 12:45:00,39.59,39.64,39.57,39.64,511952
2017-05-22 13:00:00,39.64,39.68,39.63,39.64,538005
2017-05-22 13:15:00,39.6452,39.7,39.6452,39.68,562042
2017-05-22 13:30:00,39.6899,39.71,39.68,39.695,585022
2017-05-22 13:45:00,39.69,39.7,39.65,39.69,618914
2017-05-22 14:00:00,39.68,39.68,39.63,39.65,645987
2017-05-22 14:15:00,39.64,39.64,39.61,39.61,677255
2017-05-22 14:30:00,39.61,39.62,39.53,39.53,713152
2017-05-22 14:45:00,39.53,39.6,39.53,39.58,757374
2017-05-22 15:00:00,39.58,39.61,39.56,39.6,795369
2017-05-22 15:15:00,39.595,39.67,39.595,39.67,836393
2017-05-22 15:30:00,39.67,39.705,39.62,39.62,901396
2017-05-22 15:45:00,39.63,39.68,39.59,39.65,965816
2017-05-22 16:00:00,39.64,39.685,39.6,39.62,1168948
2017-05-23 09:45:00,39.58,39.58,39.3,39.47,74673
2017-05-23 10:00:00,39.48,39.5318,39.425,39.435,119583
2017-05-23 10:15:00,39.43,39.505,39.37,39.495,176887
2017-05-23 10:30:00,39.5,39.585,39.49,39.585,328288
2017-05-23 10:45:00,39.58,39.61,39.515,39.61,364182
2017-05-23 11:00:00,39.605,39.64,39.55,39.6,414471
2017-05-23 11:15:00,39.6,39.61,39.55,39.57,467194
2017-05-23 11:30:00,39.58,39.595,39.51,39.535,503244
2017-05-23 11:45:00,39.54,39.55,39.5,39.52,555353
2017-05-23 12:00:00,39.53,39.53,39.47,39.5,582699
2017-05-23 12:15:00,39.5,39.625,39.49,39.605,640633
2017-05-23 12:30:00,39.6,39.605,39.54,39.55,662392
2017-05-23 12:45:00,39.54,39.555,39.51,39.51,683231
2017-05-23 13:00:00,39.51,39.51,39.47,39.47,698329
2017-05-23 13:15:00,39.48,39.49,39.47,39.49,711136
2017-05-23 13:30:00,39.49,39.5,39.47,39.47,727670
2017-05-23 13:45:00,39.48,39.53,39.47,39.49,763616
2017-05-23 14:00:00,39.5,39.51,39.47,39.495,789291
2017-05-23 14:15:00,39.495,39.51,39.42,39.42,824917
2017-05-23 14:30:00,39.42,39.455,39.3475,39.35,865953
2017-05-23 14:45:00,39.35,39.36,39.22,39.225,941514
2017-05-23 15:00:00,39.22,39.23,39.16,39.18,1032449
2017-05-23 15:15:00,39.185,39.19,39.16,39.175,1094765
2017-05-23 15:30:00,39.17,39.18,39.16,39.18,1133790
2017-05-23 15:45:00,39.175,39.2,39.16,39.16,1220141
2017-05-23 16:00:00,39.17,39.17,39.11,39.12,1510302
2017-05-24 09:45:00,39.17,39.21,38.79,38.79,101662
2017-05-24 10:00:00,38.79,38.815,38.64,38.71,522253
2017-05-24 10:15:00,38.72,38.74,38.64,38.72,761340
2017-05-24 10:30:00,38.72,38.74,38.69,38.71,867615
2017-05-24 10:45:00,38.72,38.815,38.72,38.75,958105
2017-05-24 11:00:00,38.74,38.75,38.6601,38.73,1045113
2017-05-24 11:15:00,38.725,38.81,38.72,38.795,1176305
2017-05-24 11:30:00,38.79,38.79,38.695,38.72,1286335
2017-05-24 11:45:00,38.72,38.74,38.705,38.725,1366954
2017-05-24 12:00:00,38.73,38.7325,38.695,38.705,1423778
2017-05-24 12:15:00,38.71,38.74,38.7,38.72,1465681
2017-05-24 12:30:00,38.72,38.725,38.6821,38.7,1583773
2017-05-24 12:45:00,38.7,38.725,38.69,38.69,1628241
2017-05-24 13:00:00,38.7,38.75,38.69,38.73,1675862
2017-05-24 13:15:00,38.725,38.75,38.695,38.705,1755514
2017-05-24 13:30:00,38.705,38.71,38.635,38.65,1809408
2017-05-24 13:45:00,38.645,38.66,38.58,38.585,1946342
2017-05-24 14:00:00,38.59,38.63,38.57,38.61,1997856
2017-05-24 14:15:00,38.6,38.69,38.575,38.69,2053632
2017-05-24 14:30:00,38.685,38.73,38.64,38.7,2142638
2017-05-24 14:45:00,38.7,38.7,38.665,38.675,2177667
2017-05-24 15:00:00,38.67,38.715,38.67,38.705,2227045
2017-05-24 15:15:00,38.7,38.72,38.6935,38.7025,2300006
2017-05-24 15:30:00,38.71,38.73,38.705,38.72,2386177
2017-05-24 15:45:00,38.72,38.8,38.715,38.795,2546744
2017-05-24 16:00:00,38.8,38.84,38.78,38.8,2919492
2017-05-25 09:45:00,38.9,38.9459,38.79,38.81,95898
2017-05-25 10:00:00,38.83,38.88,38.68,38.7,171727
2017-05-25 10:15:00,38.705,38.71,38.65,38.66,221228
2017-05-25 10:30:00,38.66,38.73,38.63,38.69,284118
2017-05-25 10:45:00,38.695,38.72,38.62,38.62,330736
2017-05-25 11:00:00,38.62,38.63,38.555,38.57,382481
2017-05-25 11:15:00,38.56,38.6,38.55,38.56,440667
2017-05-25 11:30:00,38.56,38.57,38.42,38.465,521022
2017-05-25 11:45:00,38.465,38.51,38.45,38.475,563360
2017-05-25 12:00:00,38.475,38.48,38.36,38.365,612959
2017-05-25 12:15:00,38.37,38.39,38.32,38.35,653051
2017-05-25 12:30:00,38.355,38.36,38.285,38.29,740597
2017-05-25 12:45:00,38.29,38.32,38.28,38.305,870448
2017-05-25 13:00:00,38.31,38.32,38.26,38.305,1027296
2017-05-25 13:15:00,38.3,38.31,38.23,38.23,1137600
2017-05-25 13:30:00,38.24,38.25,38.21,38.22,1185177
2017-05-25 13:45:00,38.22,38.23,38.2,38.2,1231539
2017-05-25 14:00:00,38.2,38.225,38.18,38.19,1272461
2017-05-25 14:15:00,38.2,38.22,38.14,38.155,1325865
2017-05-25 14:30:00,38.15,38.15,38.01,38.1,1514624
2017-05-25 14:45:00,38.1,38.15,38.08,38.14,1582573
2017-05-25 15:00:00,38.14,38.21,38.14,38.21,1634323
2017-05-25 15:15:00,38.205,38.33,38.2,38.31,1922953
2017-05-25 15:30:00,38.315,38.43,38.3142,38.4,1999682
2017-05-25 15:45:00,38.4001,38.405,38.335,38.35,2143844
2017-05-25 16:00:00,38.345,38.41,38.34,38.38,2464339
2017-05-26 09:45:00,38.24,38.39,37.99,38.0,285530
2017-05-26 10:00:00,38.0,38.2,37.95,38.145,392670
2017-05-26 10:15:00,38.145,38.39,38.14,38.3299,483211
2017-05-26 10:30:00,38.325,38.34,38.26,38.265,557218
2017-05-26 10:45:00,38.265,38.29,38.2,38.2,641849
2017-05-26 11:00:00,38.21,38.235,38.11,38.11,699843
2017-05-26 11:15:00,38.11,38.13,38.04,38.085,748149
2017-05-26 11:30:00,38.0875,38.11,38.075,38.08,795469
2017-05-26 11:45:00,38.085,38.09,38.05,38.0599,907510
2017-05-26 12:00:00,38.05,38.06,38.0,38.01,965198
2017-05-26 12:15:00,38.01,38.24,38.01,38.235,1443649
2017-05-26 12:30:00,38.235,38.35,38.23,38.35,1550724
2017-05-26 12:45:00,38.34,38.39,38.295,38.385,1748756
2017-05-26 13:00:00,38.39,38.47,38.38,38.47,2000623
2017-05-26 13:15:00,38.47,38.5,38.46,38.5,2049867
2017-05-26 13:30:00,38.5,38.6,38.49,38.6,2157494
2017-05-26 13:45:00,38.595,38.6,38.52,38.5558,2273353
2017-05-26 14:00:00,38.56,38.56,38.49,38.505,2315955
2017-05-26 14:15:00,38.5,38.53,38.45,38.51,2385028
2017-05-26 14:30:00,38.515,38.56,38.49,38.54,2459379
2017-05-26 14:45:00,38.545,38.55,38.45,38.475,2517129
2017-05-26 15:00:00,38.47,38.52,38.43,38.51,2635384
2017-05-26 15:15:00,38.5069,38.51,38.44,38.485,2726433
2017-05-26 15:30:00,38.485,38.49,38.41,38.44,2819273
2017-05-26 15:45:00,38.435,38.51,38.435,38.455,3021576
2017-05-26 16:00:00,38.46,38.53,38.46,38.52,3447480
2017-05-30 09:45:00,38.55,38.62,38.49,38.605,166725
2017-05-30 10:00:00,38.61,38.66,38.58,38.64,274049
2017-05-30 10:15:00,38.64,38.81,38.63,38.81,546882
2017-05-30 10:30:00,38.8,38.925,38.735,38.9,671910
2017-05-30 10:45:00,38.9,39.05,38.89,39.03,961718
2017-05-30 11:00:00,39.04,39.06,38.97,39.045,1042406
2017-05-30 11:15:00,39.04,39.09,39.02,39.02,1097655
2017-05-30 11:30:00,39.03,39.03,38.935,39.01,1298561
2017-05-30 11:45:00,39.01,39.02,38.87,38.895,1352657
2017-05-30 12:00:00,38.9,38.92,38.86,38.9,1424903
2017-05-30 12:15:00,38.9,38.9299,38.89,38.91,1500912
2017-05-30 12:30:00,38.91,38.97,38.9,38.97,1597867
2017-05-30 12:45:00,38.97,39.06,38.97,39.05,1679455
2017-05-30 13:00:00,39.05,39.07,39.01,39.04,1729154
2017-05-30 13:15:00,39.045,39.06,39.03,39.055,1803293
2017-05-30 13:30:00,39.055,39.13,39.055,39.11,1891574
2017-05-30 13:45:00,39.11,39.13,39.09,39.095,1932066
2017-05-30 14:00:00,39.095,39.11,39.09,39.095,1959552
2017-05-30 14:15:00,39.1,39.11,39.0,39.0,2016723
2017-05-30 14:30:00,39.0,39.0066,38.86,38.86,2056505
2017-05-30 14:45:00,38.86,38.97,38.85,38.95,2157040
2017-05-30 15:00:00,38.9452,39.04,38.94,39.0,2400533
2017-05-30 15:15:00,39.0,39.015,38.93,38.935,2482849
2017-05-30 15:30:00,38.93,39.01,38.89,39.0,2618997
2017-05-30 15:45:00,39.0,39.06,38.99,39.025,2785980
2017-05-30 16:00:00,39.025,39.025,38.93,38.935,3191054
2017-05-31 09:45:00,38.71,39.08,38.645,39.01,170454
2017-05-31 10:00:00,39.01,39.03,38.62,38.63,267703
2017-05-31 10:15:00,38.63,38.65,38.44,38.49,373690
2017-05-31 10:30:00,38.5,38.505,38.46,38.4943,446650
2017-05-31 10:45:00,38.495,38.57,38.46,38.46,539603
2017-05-31 11:00:00,38.46,38.48,38.355,38.36,613156
2017-05-31 11:15:00,38.37,38.48,38.36,38.415,704494
2017-05-31 11:30:00,38.415,38.48,38.39,38.4447,778244
2017-05-31 11:45:00,38.45,38.47,38.39,38.415,859701
2017-05-31 12:00:00,38.42,38.42,38.36,38.3701,918265
2017-05-31 12:15:00,38.3799,38.39,38.36,38.36,965392
2017-05-31 12:30:00,38.365,38.375,38.3,38.33,1020931
2017-05-31 12:45:00,38.325,38.36,38.32,38.35,1058717
2017-05-31 13:00:00,38.355,38.36,38.225,38.25,1150086
2017-05-31 13:15:00,38.25,38.35,38.24,38.33,1272699
2017-05-31 13:30:00,38.32,38.32,38.24,38.27,1321100
2017-05-31 13:45:00,38.26,38.27,38.225,38.26,1375275
2017-05-31 14:00:00,38.25,38.31,38.24,38.25,1574910
2017-05-31 14:15:00,38.255,38.26,38.2,38.25,1674109
2017-05-31 14:30:00,38.245,38.325,38.23,38.315,1789480
2017-05-31 14:45:00,38.315,38.44,38.315,38.41,1909520
2017-05-31 15:00:00,38.41,38.48,38.39,38.47,2036753
2017-05-31 15:15:00,38.47,38.49,38.44,38.46,2157931
2017-05-31 15:30:00,38.465,38.51,38.46,38.47,2238713
2017-05-31 15:45:00,38.465,38.48,38.45,38.46,2455789
2017-05-31 16:00:00,38.47,38.51,38.46,38.48,2722187
2017-06-01 09:45:00,38.5,38.57,38.34,38.5,259538
2017-06-01 10:00:00,38.51,38.77,38.5,38.71,370566
2017-06-01 10:15:00,38.72,38.795,38.64,38.64,478840
2017-06-01 10:30:00,38.64,38.7,38.58,38.58,556219
2017-06-01 10:45:00,38.585,38.65,38.53,38.65,606052
2017-06-01 11:00:00,38.65,38.65,38.59,38.6,674447
2017-06-01 11:15:00,38.61,38.85,38.575,38.775,822260
2017-06-01 11:30:00,38.7725,38.99,38.77,38.95,1008894
2017-06-01 11:45:00,38.96,39.02,38.9101,38.95,1115741
2017-06-01 12:00:00,38.95,39.15,38.95,39.11,1237788
2017-06-01 12:15:00,39.115,39.25,39.115,39.24,1332972
2017-06-01 12:30:00,39.25,39.3,39.19,39.3,1432630
2017-06-01 12:45:00,39.3,39.39,39.29,39.35,1583495
2017-06-01 13:00:00,39.35,39.435,39.345,39.43,1725626
2017-06-01 13:15:00,39.42,39.43,39.145,39.15,1820009
2017-06-01 13:30:00,39.155,39.155,39.02,39.03,1966703
2017-06-01 13:45:00,39.035,39.04,38.86,38.98,2073998
2017-06-01 14:00:00,38.98,39.04,38.91,38.99,2137971
2017-06-01 14:15:00,38.985,39.055,38.94,39.05,2203278
2017-06-01 14:30:00,39.04,39.14,39.03,39.06,2271740
2017-06-01 14:45:00,39.065,39.08,38.96,39.045,2371760
2017-06-01 15:00:00,39.045,39.06,38.96,38.965,2462977
2017-06-01 15:15:00,38.97,38.99,38.91,38.915,2534529
2017-06-01 15:30:00,38.915,39.01,38.89,38.99,2636562
2017-06-01 15:45:00,38.99,38.99,38.895,38.92,2750833
2017-06-01 16:00:00,38.93,38.98,38.93,38.98,3122089
2017-06-02 09:45:00,39.0,39.08,38.8,38.87,45437
2017-06-02 10:00:00,38.87,38.92,38.83,38.83,129534
2017-06-02 10:15:00,38.83,39.05,38.63,38.97,546357
2017-06-02 10:30:00,38.99,39.02,38.93,39.01,687391
2017-06-02 10:45:00,39.01,39.04,38.995,39.03,745454
2017-06-02 11:00:00,39.03,39.08,38.99,39.05,787399
2017-06-02 11:15:00,39.05,39.05,39.02,39.04,813545
2017-06-02 11:30:00,39.04,39.11,39.04,39.09,838890
2017-06-02 11:45:00,39.1,39.13,39.07,39.08,874691
2017-06-02 12:00:00,39.08,39.165,39.07,39.155,934656
2017-06-02 12:15:00,39.15,39.16,39.1,39.12,969365
2017-06-02 12:30:00,39.12,39.17,39.09,39.095,1006852
2017-06-02 12:45:00,39.1,39.12,39.08,39.08,1039848
2017-06-02 13:00:00,39.08,39.1,39.07,39.08,1061174
2017-06-02 13:15:00,39.07,39.105,39.02,39.095,1103353
2017-06-02 13:30:00,39.09,39.11,39.015,39.02,1138737
2017-06-02 13:45:00,39.005,39.07,39.005,39.05,1175131
2017-06-02 14:00:00,39.05,39.15,39.02,39.095,1445909
2017-06-02 14:15:00,39.1,39.15,39.1,39.11,1494088
2017-06-02 14:30:00,39.11,39.12,39.09,39.105,1560790
2017-06-02 14:45:00,39.1,39.13,39.07,39.07,1611606
2017-06-02 15:00:00,39.07,39.13,39.065,39.12,1648828
2017-06-02 15:15:00,39.12,39.17,39.11,39.165,1691062
2017-06-02 15:30:00,39.16,39.17,39.13,39.16,1737468
2017-06-02 15:45:00,39.16,39.165,39.09,39.09,1801494
2017-06-02 16:00:00,39.1,39.11,39.03,39.05,2098500
2017-06-05 09:45:00,38.8,38.8,38.5,38.52,121133
2017-06-05 10:00:00,38.53,38.67,38.53,38.61,215829
2017-06-05 10:15:00,38.6,38.8,38.6,38.725,309948
2017-06-05 10:30:00,38.73,38.77,38.695,38.72,387589
2017-06-05 10:45:00,38.715,38.76,38.685,38.72,807727
2017-06-05 11:00:00,38.7,38.705,38.58,38.58,905387
2017-06-05 11:15:00,38.58,38.58,38.51,38.57,1005514
2017-06-05 11:30:00,38.565,38.61,38.56,38.595,1131452
2017-06-05 11:45:00,38.6,38.62,38.58,38.605,1194150
2017-06-05 12:00:00,38.605,38.66,38.565,38.65,1302160
2017-06-05 12:15:00,38.645,38.8,38.64,38.8,1398097
2017-06-05 12:30:00,38.805,38.9,38.79,38.885,1472698
2017-06-05 12:45:00,38.885,38.98,38.88,38.98,1514516
2017-06-05 13:00:00,38.97,39.02,38.97,39.0199,1582135
2017-06-05 13:15:00,39.02,39.11,39.02,39.08,1631250
2017-06-05 13:30:00,39.08,39.18,39.08,39.14,1755143
2017-06-05 13:45:00,39.13,39.21,39.13,39.21,1817880
2017-06-05 14:00:00,39.2,39.25,39.12,39.12,2209956
2017-06-05 14:15:00,39.12,39.18,38.84,38.88,2511681
2017-06-05 14:30:00,38.875,38.89,38.72,38.73,3357698
2017-06-05 14:45:00,38.73,38.78,38.72,38.73,3710211
2017-06-05 15:00:00,38.725,38.73,38.55,38.59,3794986
2017-06-05 15:15:00,38.59,38.595,38.51,38.52,3903192
2017-06-05 15:30:00,38.52,38.54,38.46,38.46,4048446
2017-06-05 15:45:00,38.46,38.67,38.46,38.6,4518483
2017-06-05 16:00:00,38.585,38.585,38.52,38.54,4900856
2017-06-06 09:45:00,38.45,38.5,38.27,38.36,111871
2017-06-06 10:00:00,38.36,38.5201,38.35,38.495,182256
2017-06-06 10:15:00,38.4961,38.63,38.32,38.58,590239
2017-06-06 10:30:00,38.59,38.65,38.52,38.54,663865
2017-06-06 10:45:00,38.53,38.535,38.46,38.46,786182
2017-06-06 11:00:00,38.46,38.53,38.46,38.47,998569
2017-06-06 11:15:00,38.47,38.47,38.43,38.455,1050529
2017-06-06 11:30:00,38.46,38.51,38.44,38.49,1102635
2017-06-06 11:45:00,38.5,38.63,38.4801,38.61,1207336
2017-06-06 12:00:00,38.62,38.765,38.615,38.7425,1386674
2017-06-06 12:15:00,38.74,38.77,38.69,38.74,1589320
2017-06-06 12:30:00,38.74,38.76,38.7,38.7399,1659985
2017-06-06 12:45:00,38.73,38.7753,38.7,38.75,1776654
2017-06-06 13:00:00,38.76,38.77,38.72,38.7547,1850105
2017-06-06 13:15:00,38.75,38.765,38.72,38.75,1893209
2017-06-06 13:30:00,38.76,38.77,38.74,38.75,1949437
2017-06-06 13:45:00,38.76,38.76,38.72,38.74,2018979
2017-06-06 14:00:00,38.74,38.78,38.74,38.74,2128802
2017-06-06 14:15:00,38.745,38.76,38.73,38.73,2248413
2017-06-06 14:30:00,38.735,38.74,38.7,38.72,2312733
2017-06-06 14:45:00,38.72,38.79,38.72,38.76,2374766
2017-06-06 15:00:00,38.765,38.89,38.72,38.725,2529178
2017-06-06 15:15:00,38.73,38.75,38.71,38.73,2587638
2017-06-06 15:30:00,38.73,38.739,38.71,38.73,2644304
2017-06-06 15:45:00,38.7201,38.73,38.68,38.685,2787340
2017-06-06 16:00:00,38.68,38.715,38.66,38.71,3205675
2017-06-07 09:45:00,38.7,38.735,38.62,38.68,125792
2017-06-07 10:00:00,38.68,38.68,38.51,38.51,245120
2017-06-07 10:15:00,38.52,38.59,38.41,38.525,344556
2017-06-07 10:30:00,38.52,38.59,38.44,38.45,543092
2017-06-07 10:45:00,38.45,38.5,38.3625,38.41,821066
2017-06-07 11:00:00,38.41,38.45,38.38,38.405,920438
2017-06-07 11:15:00,38.4025,38.49,38.34,38.44,1035255
2017-06-07 11:30:00,38.43,38.43,38.37,38.38,1092389
2017-06-07 11:45:00,38.385,38.465,38.385,38.41,1163738
2017-06-07 12:00:00,38.42,38.44,38.32,38.32,1252254
2017-06-07 12:15:00,38.32,38.3885,38.29,38.38,1321382
2017-06-07 12:30:00,38.38,38.495,38.38,38.4825,1469281
2017-06-07 12:45:00,38.48,38.5,38.45,38.485,1545030
2017-06-07 13:00:00,38.485,38.51,38.435,38.5,1635423
2017-06-07 13:15:00,38.495,38.52,38.48,38.495,1722919
2017-06-07 13:30:00,38.49,38.51,38.47,38.49,1813364
2017-06-07 13:45:00,38.49,38.5,38.45,38.455,1889906
2017-06-07 14:00:00,38.46,38.475,38.38,38.39,2032388
2017-06-07 14:15:00,38.38,38.46,38.34,38.435,2237502
2017-06-07 14:30:00,38.44,38.51,38.4,38.4143,2303296
2017-06-07 14:45:00,38.41,38.42,38.16,38.165,2410695
2017-06-07 15:00:00,38.17,38.17,38.06,38.06,2539593
2017-06-07 15:15:00,38.06,38.07,37.93,37.935,2681752
2017-06-07 15:30:00,37.94,38.01,37.85,37.99,2870226
2017-06-07 15:45:00,38.0,38.01,37.86,37.875,3177311
2017-06-07 16:00:00,37.87,37.91,37.83,37.86,3749316
2017-06-08 09:45:00,37.81,37.82,37.42,37.65,330019
2017-06-08 10:00:00,37.65,37.69,37.435,37.67,499329
2017-06-08 10:15:00,37.67,37.71,37.49,37.51,642148
2017-06-08 10:30:00,37.51,37.58,37.26,37.34,889124
2017-06-08 10:45:00,37.335,37.39,37.26,37.33,1125884
2017-06-08 11:00:00,37.335,37.59,37.32,37.57,1341445
2017-06-08 11:15:00,37.58,37.7,37.47,37.52,1663239
2017-06-08 11:30:00,37.515,37.55,37.43,37.495,1786393
2017-06-08 11:45:00,37.49,37.61,37.49,37.53,1981503
2017-06-08 12:00:00,37.53,37.5799,37.37,37.38,2235733
2017-06-08 12:15:00,37.38,37.46,37.36,37.455,2358686
2017-06-08 12:30:00,37.445,37.51,37.44,37.47,2475874
2017-06-08 12:45:00,37.47,37.58,37.47,37.51,2623557
2017-06-08 13:00:00,37.51,37.54,37.5,37.535,2716401
2017-06-08 13:15:00,37.53,37.54,37.39,37.39,2821870
2017-06-08 13:30:00,37.4,37.41,37.34,37.375,2945368
2017-06-08 13:45:00,37.38,37.54,37.35,37.52,3075923
2017-06-08 14:00:00,37.52,37.58,37.48,37.54,3174735
2017-06-08 14:15:00,37.54,37.54,37.36,37.36,3332765
2017-06-08 14:30:00,37.365,37.37,37.27,37.285,3504571
2017-06-08 14:45:00,37.285,37.285,37.17,37.17,3718184
2017-06-08 15:00:00,37.17,37.18,36.99,37.07,4408070
2017-06-08 15:15:00,37.07,37.19,37.05,37.18,4616521
2017-06-08 15:30:00,37.18,37.23,37.09,37.185,4946752
2017-06-08 15:45:00,37.18,37.23,37.09,37.2,5390481
2017-06-08 16:00:00,37.2,37.22,37.11,37.21,6360946
2017-06-09 09:45:00,37.21,37.31,37.07,37.25,103129
2017-06-09 10:00:00,37.25,37.54,37.24,37.45,259114
2017-06-09 10:15:00,37.45,37.45,37.26,37.28,349303
2017-06-09 10:30:00,37.27,37.53,37.255,37.43,718034
2017-06-09 10:45:00,37.43,37.43,37.3,37.3,823792
2017-06-09 11:00:00,37.3,37.58,37.28,37.5,1192207
2017-06-09 11:15:00,37.5,37.52,37.46,37.49,1266443
2017-06-09 11:30:00,37.49,37.56,37.48,37.51,1333772
2017-06-09 11:45:00,37.51,37.7,37.505,37.68,1443384
2017-06-09 12:00:00,37.68,37.68,37.625,37.63,1544801
2017-06-09 12:15:00,37.63,37.68,37.625,37.68,1663114
2017-06-09 12:30:00,37.6792,37.69,37.645,37.67,1731071
2017-06-09 12:45:00,37.66,37.665,37.6,37.61,1798358
2017-06-09 13:00:00,37.61,37.61,37.51,37.52,1860968
2017-06-09 13:15:00,37.515,37.59,37.51,37.59,1967115
2017-06-09 13:30:00,37.59,37.63,37.5794,37.625,2030493
2017-06-09 13:45:00,37.63,37.64,37.545,37.56,2084492
2017-06-09 14:00:00,37.56,37.6,37.53,37.58,2124010
2017-06-09 14:15:00,37.58,37.605,37.535,37.575,2182946
2017-06-09 14:30:00,37.57,37.665,37.565,37.66,2278712
2017-06-09 14:45:00,37.66,37.7,37.615,37.65,2429874
2017-06-09 15:00:00,37.65,37.67,37.6,37.6,2705671
2017-06-09 15:15:00,37.595,37.6601,37.595,37.65,2826286
2017-06-09 15:30:00,37.645,37.675,37.59,37.67,2929825
2017-06-09 15:45:00,37.67,37.67,37.55,37.58,3107871
2017-06-09 16:00:00,37.58,37.71,37.57,37.67,3467451
2017-06-12 09:45:00,37.61,37.98,37.51,37.935,103946
2017-06-12 10:00:00,37.93,38.0,37.74,37.81,236543
2017-06-12 10:15:00,37.83,38.12,37.75,38.08,435302
2017-06-12 10:30:00,38.08,38.1399,37.99,37.99,570550
2017-06-12 10:45:00,37.98,38.05,37.89,37.89,627890
2017-06-12 11:00:00,37.9,37.949,37.9,37.93,651599
2017-06-12 11:15:00,37.94,37.945,37.71,37.75,712293
2017-06-12 11:30:00,37.75,37.905,37.75,37.89,869020
2017-06-12 11:45:00,37.9,38.04,37.89,38.04,953538
2017-06-12 12:00:00,38.03,38.06,37.95,37.98,1032012
2017-06-12 12:15:00,37.98,38.005,37.92,37.935,1087628
2017-06-12 12:30:00,37.935,38.17,37.93,38.16,1286279
2017-06-12 12:45:00,38.17,38.29,38.16,38.24,1419034
2017-06-12 13:00:00,38.25,38.34,38.15,38.19,1647178
2017-06-12 13:15:00,38.195,38.22,38.075,38.085,1717096
2017-06-12 13:30:00,38.09,38.15,38.05,38.1,1856199
2017-06-12 13:45:00,38.1,38.24,38.095,38.2,2080228
2017-06-12 14:00:00,38.1964,38.21,38.075,38.08,2251130
2017-06-12 14:15:00,38.08,38.21,38.05,38.185,2380710
2017-06-12 14:30:00,38.185,38.21,38.145,38.2,2463093
2017-06-12 14:45:00,38.195,38.2,38.08,38.19,2646879
2017-06-12 15:00:00,38.19,38.19,38.075,38.11,2784391
2017-06-12 15:15:00,38.11,38.11,37.96,37.99,2927487
2017-06-12 15:30:00,37.99,38.05,37.9,37.92,3169222
2017-06-12 15:45:00,37.93,38.0499,37.925,38.0,3331138
2017-06-12 16:00:00,37.99,38.25,37.97,38.23,4152933
2017-06-13 09:45:00,38.34,38.51,38.19,38.33,46173
2017-06-13 10:00:00,38.34,38.48,38.2625,38.48,304284
2017-06-13 10:15:00,38.48,38.71,38.4625,38.695,452901
2017-06-13 10:30:00,38.69,38.69,38.54,38.586,521650
2017-06-13 10:45:00,38.59,38.66,38.59,38.64,598035
2017-06-13 11:00:00,38.639,38.91,38.585,38.87,847683
2017-06-13 11:15:00,38.875,38.88,38.71,38.79,959668
2017-06-13 11:30:00,38.79,38.84,38.76,38.84,1051053
2017-06-13 11:45:00,38.84,38.925,38.835,38.885,1139207
2017-06-13 12:00:00,38.885,38.9,38.75,38.77,1203070
2017-06-13 12:15:00,38.765,38.77,38.7,38.765,1258091
2017-06-13 12:30:00,38.76,38.83,38.76,38.82,1301430
2017-06-13 12:45:00,38.82,38.9,38.82,38.885,1352058
2017-06-13 13:00:00,38.885,38.89,38.84,38.85,1399877
2017-06-13 13:15:00,38.84,38.89,38.83,38.885,1443375
2017-06-13 13:30:00,38.88,38.885,38.71,38.73,1502699
2017-06-13 13:45:00,38.72,38.73,38.675,38.715,1549061
2017-06-13 14:00:00,38.72,38.73,38.695,38.71,1610190
2017-06-13 14:15:00,38.72,38.88,38.71,38.865,1696049
2017-06-13 14:30:00,38.86,38.92,38.85,38.92,1765100
2017-06-13 14:45:00,38.92,38.95,38.84,38.86,1880657
2017-06-13 15:00:00,38.855,38.89,38.81,38.85,1971164
2017-06-13 15:15:00,38.855,38.88,38.82,38.84,2035134
2017-06-13 15:30:00,38.84,38.9,38.83,38.9,2123679
2017-06-13 15:45:00,38.89,38.9,38.83,38.855,2276023
2017-06-13 16:00:00,38.855,38.92,38.79,38.85,2747012
2017-06-14 09:45:00,39.05,39.19,38.691,38.73,46608
2017-06-14 10:00:00,38.77,38.84,38.69,38.69,81046
2017-06-14 10:15:00,38.7,38.87,38.67,38.87,139601
2017-06-14 10:30:00,38.88,38.91,38.82,38.85,160866
2017-06-14 10:45:00,38.8525,38.8525,38.66,38.68,200594
2017-06-14 11:00:00,38.69,38.73,38.62,38.72,241180
2017-06-14 11:15:00,38.71,38.77,38.7,38.73,271993
2017-06-14 11:30:00,38.73,38.74,38.69,38.7,316945
2017-06-14 11:45:00,38.71,38.72,38.625,38.63,374744
2017-06-14 12:00:00,38.63,38.65,38.49,38.61,587114
2017-06-14 12:15:00,38.63,38.63,38.565,38.62,658213
2017-06-14 12:30:00,38.62,38.69,38.605,38.685,820135
2017-06-14 12:45:00,38.69,38.73,38.68,38.715,849464
2017-06-14 13:00:00,38.71,38.755,38.7,38.75,880020
2017-06-14 13:15:00,38.75,38.77,38.69,38.69,902199
2017-06-14 13:30:00,38.7,38.7,38.63,38.64,933219
2017-06-14 13:45:00,38.63,38.7,38.62,38.69,961487
2017-06-14 14:00:00,38.69,38.72,38.65,38.66,999319
2017-06-14 14:15:00,38.64,38.75,38.63,38.71,1042812
2017-06-14 14:30:00,38.7,38.7,38.615,38.65,1074457
2017-06-14 14:45:00,38.64,38.695,38.56,38.57,1128370
2017-06-14 15:00:00,38.58,38.63,38.535,38.615,1178082
2017-06-14 15:15:00,38.605,38.67,38.6,38.64,1237825
2017-06-14 15:30:00,38.65,38.71,38.63,38.66,1300717
2017-06-14 15:45:00,38.66,38.68,38.62,38.655,1393555
2017-06-14 16:00:00,38.655,38.72,38.615,38.67,1773021
2017-06-15 09:45:00,38.39,38.39,38.12,38.345,91301
2017-06-15 10:00:00,38.34,38.49,38.3,38.49,171761
2017-06-15 10:15:00,38.495,38.55,38.43,38.54,215642
2017-06-15 10:30:00,38.53,38.54,38.31,38.4,257354
2017-06-15 10:45:00,38.4,38.455,38.395,38.445,289910
2017-06-15 11:00:00,38.45,38.495,38.405,38.47,329860
2017-06-15 11:15:00,38.46,38.46,38.36,38.36,377843
2017-06-15 11:30:00,38.365,38.38,38.3,38.37,427210
2017-06-15 11:45:00,38.377,38.4,38.35,38.38,493319
2017-06-15 12:00:00,38.375,38.385,38.34,38.34,518621
2017-06-15 12:15:00,38.341,38.36,38.3,38.31,542019
2017-06-15 12:30:00,38.3,38.33,38.24,38.245,574968
2017-06-15 12:45:00,38.24,38.29,38.215,38.29,601576
2017-06-15 13:00:00,38.3,38.37,38.295,38.37,623271
2017-06-15 13:15:00,38.365,38.365,38.32,38.35,647023
2017-06-15 13:30:00,38.35,38.35,38.28,38.29,689110
2017-06-15 13:45:00,38.285,38.36,38.285,38.3599,714321
2017-06-15 14:00:00,38.3546,38.38,38.33,38.35,755896
2017-06-15 14:15:00,38.34,38.36,38.31,38.325,797650
2017-06-15 14:30:00,38.325,38.395,38.325,38.37,843636
2017-06-15 14:45:00,38.365,38.4,38.355,38.39,900920
2017-06-15 15:00:00,38.395,38.405,38.36,38.375,1009555
2017-06-15 15:15:00,38.38,38.395,38.365,38.37,1105952
2017-06-15 15:30:00,38.38,38.42,38.34,38.345,1263647
2017-06-15 15:45:00,38.345,38.48,38.345,38.455,1355025
2017-06-15 16:00:00,38.45,38.49,38.43,38.46,1596885
2017-06-16 09:45:00,38.34,38.42,38.23,38.255,284563
2017-06-16 10:00:00,38.24,38.48,38.2,38.41,339369
2017-06-16 10:15:00,38.4,38.47,38.35,38.44,395363
2017-06-16 10:30:00,38.45,38.5,38.44,38.455,442038
2017-06-16 10:45:00,38.455,38.455,38.385,38.39,486520
2017-06-16 11:00:00,38.39,38.4,38.24,38.245,557056
2017-06-16 11:15:00,38.24,38.25,38.19,38.22,606532
2017-06-16 11:30:00,38.21,38.23,38.13,38.15,658780
2017-06-16 11:45:00,38.155,38.2,38.11,38.11,739462
2017-06-16 12:00:00,38.105,38.135,38.09,38.11,802637
2017-06-16 12:15:00,38.115,38.3,38.1,38.3,862080
2017-06-16 12:30:00,38.31,38.36,38.29,38.33,891387
2017-06-16 12:45:00,38.335,38.34,38.26,38.27,908834
2017-06-16 13:00:00,38.27,38.28,38.22,38.2275,932464
2017-06-16 13:15:00,38.23,38.27,38.23,38.24,950028
2017-06-16 13:30:00,38.25,38.28,38.24,38.27,966251
2017-06-16 13:45:00,38.27,38.315,38.27,38.3,983356
2017-06-16 14:00:00,38.3044,38.32,38.28,38.315,1009969
2017-06-16 14:15:00,38.315,38.32,38.3,38.32,1051642
2017-06-16 14:30:00,38.32,38.32,38.3,38.31,1094124
2017-06-16 14:45:00,38.31,38.32,38.29,38.295,1130709
2017-06-16 15:00:00,38.295,38.39,38.29,38.375,1176525
2017-06-16 15:15:00,38.38,38.38,38.3,38.31,1237463
2017-06-16 15:30:00,38.305,38.34,38.29,38.34,1330635
2017-06-16 15:45:00,38.335,38.34,38.295,38.31,1468063
2017-06-16 16:00:00,38.3,38.35,38.25,38.34,1794073
2017-06-19 09:45:00,38.51,38.69,38.45,38.5,40264
2017-06-19 10:00:00,38.471,38.63,38.4661,38.63,113023
2017-06-19 10:15:00,38.63,38.69,38.63,38.69,164803
2017-06-19 10:30:00,38.69,38.86,38.69,38.84,215305
2017-06-19 10:45:00,38.85,38.9,38.82,38.835,255910
2017-06-19 11:00:00,38.84,38.84,38.775,38.82,320654
2017-06-19 11:15:00,38.81,38.82,38.73,38.73,373010
2017-06-19 11:30:00,38.74,38.76,38.72,38.74,411697
2017-06-19 11:45:00,38.74,38.87,38.74,38.84,444941
2017-06-19 12:00:00,38.84,38.86,38.83,38.83,489984
2017-06-19 12:15:00,38.83,38.85,38.81,38.81,513416
2017-06-19 12:30:00,38.819,38.83,38.8,38.82,533439
2017-06-19 12:45:00,38.82,38.825,38.7545,38.79,581967
2017-06-19 13:00:00,38.79,38.8,38.75,38.76,628964
2017-06-19 13:15:00,38.76,38.78,38.74,38.75,655865
2017-06-19 13:30:00,38.74,38.76,38.71,38.72,684366
2017-06-19 13:45:00,38.71,38.76,38.68,38.69,735271
2017-06-19 14:00:00,38.69,38.71,38.65,38.66,773738
2017-06-19 14:15:00,38.66,38.72,38.66,38.6896,805712
2017-06-19 14:30:00,38.69,38.74,38.64,38.74,877786
2017-06-19 14:45:00,38.74,38.76,38.72,38.748,924705
2017-06-19 15:00:00,38.745,38.785,38.74,38.76,1021735
2017-06-19 15:15:00,38.76,38.76,38.71,38.71,1051059
2017-06-19 15:30:00,38.72,38.77,38.715,38.74,1089598
2017-06-19 15:45:00,38.75,38.76,38.71,38.75,1141714
2017-06-19 16:00:00,38.74,38.78,38.73,38.76,1300958
2017-06-20 09:45:00,38.5,38.55,38.36,38.44,33982
2017-06-20 10:00:00,38.43,38.47,38.38,38.4,56636
2017-06-20 10:15:00,38.38,38.44,38.37,38.43,81477
2017-06-20 10:30:00,38.43,38.44,38.385,38.4,110812
2017-06-20 10:45:00,38.395,38.46,38.395,38.42,183638
2017-06-20 11:00:00,38.405,38.44,38.38,38.432,198991
2017-06-20 11:15:00,38.435,38.48,38.42,38.47,213391
2017-06-20 11:30:00,38.4601,38.52,38.43,38.52,239089
2017-06-20 11:45:00,38.52,38.52,38.45,38.48,260376
2017-06-20 12:00:00,38.47,38.47,38.37,38.375,286912
2017-06-20 12:15:00,38.37,38.4,38.37,38.375,327517
2017-06-20 12:30:00,38.37,38.41,38.315,38.33,348739
2017-06-20 12:45:00,38.33,38.35,38.31,38.32,371705
2017-06-20 13:00:00,38.32,38.39,38.3101,38.39,391892
2017-06-20 13:15:00,38.38,38.39,38.295,38.305,407144
2017-06-20 13:30:00,38.305,38.31,38.245,38.27,430042
2017-06-20 13:45:00,38.27,38.28,38.23,38.23,446864
2017-06-20 14:00:00,38.235,38.25,38.18,38.18,481877
2017-06-20 14:15:00,38.19,38.22,38.1801,38.2,515865
2017-06-20 14:30:00,38.205,38.22,38.18,38.195,554323
2017-06-20 14:45:00,38.19,38.21,38.155,38.18,605831
2017-06-20 15:00:00,38.18,38.24,38.18,38.24,634426
2017-06-20 15:15:00,38.235,38.28,38.23,38.28,668773
2017-06-20 15:30:00,38.28,38.29,38.25,38.285,712231
2017-06-20 15:45:00,38.29,38.29,38.2,38.2,779353
2017-06-20 16:00:00,38.19,38.21,38.14,38.15,977264
2017-06-21 09:45:00,38.25,38.31,38.11,38.25,36697
2017-06-21 10:00:00,38.24,38.33,38.22,38.28,68241
2017-06-21 10:15:00,38.27,38.28,38.05,38.07,110749
2017-06-21 10:30:00,38.06,38.12,38.02,38.05,173884
2017-06-21 10:45:00,38.05,38.06,37.795,37.82,402655
2017-06-21 11:00:00,37.81,37.82,37.57,37.59,627447
2017-06-21 11:15:00,37.58,37.66,37.41,37.595,1013276
2017-06-21 11:30:00,37.595,37.6,37.45,37.485,1154301
2017-06-21 11:45:00,37.49,37.56,37.395,37.535,1262687
2017-06-21 12:00:00,37.535,37.55,37.42,37.42,1360750
2017-06-21 12:15:00,37.425,37.4275,37.29,37.29,1475589
2017-06-21 12:30:00,37.28,37.3,37.25,37.28,1582854
2017-06-21 12:45:00,37.28,37.46,37.255,37.26,1739831
2017-06-21 13:00:00,37.2546,37.27,37.16,37.24,1829512
2017-06-21 13:15:00,37.23,37.25,37.185,37.24,1899882
2017-06-21 13:30:00,37.235,37.42,37.23,37.41,2006654
2017-06-21 13:45:00,37.41,37.43,37.4,37.405,2200051
2017-06-21 14:00:00,37.405,37.41,37.21,37.22,2462467
2017-06-21 14:15:00,37.21,37.27,37.13,37.26,2567772
2017-06-21 14:30:00,37.26,37.265,37.15,37.15,2636363
2017-06-21 14:45:00,37.16,37.285,37.155,37.25,2784081
2017-06-21 15:00:00,37.24,37.295,37.23,37.26,2837458
2017-06-21 15:15:00,37.25,37.255,37.185,37.195,2921369
2017-06-21 15:30:00,37.1978,37.21,37.17,37.19,3007305
2017-06-21 15:45:00,37.19,37.2,37.11,37.15,3174098
2017-06-21 16:00:00,37.15,37.23,37.14,37.2254,3594807
2017-06-22 09:45:00,37.25,37.34,37.07,37.08,33495
2017-06-22 10:00:00,37.075,37.34,37.05,37.155,130144
2017-06-22 10:15:00,37.15,37.195,37.05,37.08,259127
2017-06-22 10:30:00,37.085,37.13,37.02,37.05,514597
2017-06-22 10:45:00,37.055,37.1,37.035,37.07,609380
2017-06-22 11:00:00,37.08,37.09,37.05,37.065,669787
2017-06-22 11:15:00,37.06,37.11,37.045,37.05,810628
2017-06-22 11:30:00,37.055,37.075,36.96,37.05,1033155
2017-06-22 11:45:00,37.055,37.07,36.99,37.07,1093902
2017-06-22 12:00:00,37.07,37.105,37.065,37.075,1146061
2017-06-22 12:15:00,37.08,37.17,37.08,37.14,1290557
2017-06-22 12:30:00,37.14,37.185,37.11,37.155,1344159
2017-06-22 12:45:00,37.16,37.18,37.09,37.1,1393662
2017-06-22 13:00:00,37.11,37.24,37.11,37.24,1425278
2017-06-22 13:15:00,37.25,37.31,37.24,37.3,1489059
2017-06-22 13:30:00,37.3,37.37,37.28,37.37,1527748
2017-06-22 13:45:00,37.365,37.365,37.345,37.355,1550729
2017-06-22 14:00:00,37.36,37.45,37.35,37.45,1600564
2017-06-22 14:15:00,37.44,37.45,37.37,37.37,1635658
2017-06-22 14:30:00,37.37,37.375,37.32,37.37,1696196
2017-06-22 14:45:00,37.365,37.43,37.34,37.43,1738213
2017-06-22 15:00:00,37.43,37.44,37.36,37.38,1809150
2017-06-22 15:15:00,37.38,37.38,37.3,37.32,1868000
2017-06-22 15:30:00,37.31,37.32,37.21,37.22,1947650
2017-06-22 15:45:00,37.215,37.26,37.195,37.21,2060250
2017-06-22 16:00:00,37.21,37.21,37.14,37.15,2328644
2017-06-23 09:45:00,37.15,37.34,37.06,37.115,75311
2017-06-23 10:00:00,37.11,37.14,37.04,37.13,166598
2017-06-23 10:15:00,37.13,37.16,37.01,37.02,275340
2017-06-23 10:30:00,37.02,37.06,37.0,37.03,342921
2017-06-23 10:45:00,37.03,37.11,37.03,37.11,432522
2017-06-23 11:00:00,37.12,37.285,37.115,37.27,483690
2017-06-23 11:15:00,37.275,37.33,37.22,37.22,545845
2017-06-23 11:30:00,37.22,37.24,37.16,37.21,640155
2017-06-23 11:45:00,37.22,37.22,37.14,37.21,690887
2017-06-23 12:00:00,37.215,37.27,37.21,37.24,719014
2017-06-23 12:15:00,37.24,37.29,37.23,37.29,746922
2017-06-23 12:30:00,37.29,37.29,37.18,37.19,792797
2017-06-23 12:45:00,37.19,37.24,37.18,37.24,828534
2017-06-23 13:00:00,37.2475,37.26,37.175,37.2,869288
2017-06-23 13:15:00,37.2,37.22,37.19,37.19,885988
2017-06-23 13:30:00,37.19,37.245,37.19,37.21,916947
2017-06-23 13:45:00,37.21,37.21,37.13,37.165,954509
2017-06-23 14:00:00,37.16,37.22,37.16,37.2,977479
2017-06-23 14:15:00,37.195,37.22,37.18,37.2,1003956
2017-06-23 14:30:00,37.19,37.195,37.13,37.14,1031757
2017-06-23 14:45:00,37.13,37.155,37.11,37.1162,1062729
2017-06-23 15:00:00,37.115,37.165,37.11,37.14,1102350
2017-06-23 15:15:00,37.14,37.17,37.12,37.165,1149468
2017-06-23 15:30:00,37.16,37.2,37.15,37.2,1208808
2017-06-23 15:45:00,37.19,37.35,37.19,37.34,1325693
2017-06-23 16:00:00,37.345,37.485,37.345,37.46,1829395
2017-06-26 09:45:00,37.63,37.7,37.33,37.55,122137
2017-06-26 10:00:00,37.55,37.63,37.42,37.62,280530
2017-06-26 10:15:00,37.62,37.75,37.56,37.72,395549
2017-06-26 10:30:00,37.72,37.91,37.7,37.86,763062
2017-06-26 10:45:00,37.84,37.86,37.72,37.845,814947
2017-06-26 11:00:00,37.84,37.91,37.83,37.855,891516
2017-06-26 11:15:00,37.87,38.17,37.86,38.17,1169297
2017-06-26 11:30:00,38.17,38.37,38.13,38.35,1353818
2017-06-26 11:45:00,38.35,38.47,38.33,38.43,1441188
2017-06-26 12:00:00,38.42,38.57,38.36,38.56,1528157
2017-06-26 12:15:00,38.56,38.72,38.56,38.72,1795555
2017-06-26 12:30:00,38.72,38.77,38.599,38.65,1917966
2017-06-26 12:45:00,38.65,38.77,38.6,38.745,2047453
2017-06-26 13:00:00,38.75,38.86,38.73,38.81,2173465
2017-06-26 13:15:00,38.805,38.98,38.805,38.905,2389900
2017-06-26 13:30:00,38.91,38.92,38.78,38.78,2583952
2017-06-26 13:45:00,38.785,38.8099,38.64,38.675,2859335
2017-06-26 14:00:00,38.675,38.695,38.535,38.69,2979171
2017-06-26 14:15:00,38.68,38.71,38.56,38.6,3075442
2017-06-26 14:30:00,38.595,38.61,38.49,38.57,3203743
2017-06-26 14:45:00,38.57,38.73,38.57,38.7,3292123
2017-06-26 15:00:00,38.7,38.7165,38.59,38.62,3395504
2017-06-26 15:15:00,38.62,38.7,38.51,38.6846,3560703
2017-06-26 15:30:00,38.68,38.75,38.62,38.65,3722996
2017-06-26 15:45:00,38.65,38.76,38.65,38.755,3898832
2017-06-26 16:00:00,38.755,38.77,38.7,38.75,4513587
2017-06-27 09:45:00,38.64,38.7199,38.47,38.6,103038
2017-06-27 10:00:00,38.6,38.86,38.56,38.63,652660
2017-06-27 10:15:00,38.62,38.74,38.6089,38.74,703978
2017-06-27 10:30:00,38.74,38.76,38.65,38.7,751955
2017-06-27 10:45:00,38.69,38.73,38.63,38.635,849246
2017-06-27 11:00:00,38.63,38.75,38.62,38.75,886742
2017-06-27 11:15:00,38.74,38.755,38.69,38.72,939330
2017-06-27 11:30:00,38.72,38.79,38.7,38.77,992787
2017-06-27 11:45:00,38.76,38.8,38.73,38.745,1064606
2017-06-27 12:00:00,38.745,38.86,38.725,38.81,1135499
2017-06-27 12:15:00,38.81,38.86,38.78,38.83,1185867
2017-06-27 12:30:00,38.83,38.95,38.81,38.94,1264241
2017-06-27 12:45:00,38.935,38.935,38.78,38.79,1319262
2017-06-27 13:00:00,38.79,38.84,38.78,38.801,1358040
2017-06-27 13:15:00,38.8,38.84,38.79,38.825,1388935
2017-06-27 13:30:00,38.83,38.96,38.82,38.91,1459081
2017-06-27 13:45:00,38.91,38.95,38.73,38.74,1522691
2017-06-27 14:00:00,38.75,38.86,38.74,38.85,1602002
2017-06-27 14:15:00,38.8442,38.85,38.79,38.825,1661051
2017-06-27 14:30:00,38.82,38.92,38.82,38.9,1712214
2017-06-27 14:45:00,38.91,38.91,38.85,38.9,1768456
2017-06-27 15:00:00,38.8975,39.06,38.88,39.03,1878121
2017-06-27 15:15:00,39.035,39.07,38.98,38.985,1990305
2017-06-27 15:30:00,38.99,39.05,38.95,39.035,2087928
2017-06-27 15:45:00,39.035,39.06,38.95,38.96,2276956
2017-06-27 16:00:00,38.96,38.961,38.86,38.93,2800172
2017-06-28 09:45:00,39.21,39.45,38.79,39.23,100013
2017-06-28 10:00:00,39.23,39.24,39.05,39.11,173922
2017-06-28 10:15:00,39.12,39.13,39.045,39.11,212308
2017-06-28 10:30:00,39.11,39.33,39.1,39.32,341884
2017-06-28 10:45:00,39.32,39.33,39.09,39.12,404116
2017-06-28 11:00:00,39.13,39.13,39.03,39.11,447279
2017-06-28 11:15:00,39.12,39.255,39.12,39.25,490310
2017-06-28 11:30:00,39.25,39.25,39.15,39.15,522875
2017-06-28 11:45:00,39.16,39.18,39.0401,39.06,591152
2017-06-28 12:00:00,39.06,39.205,39.06,39.19,662627
2017-06-28 12:15:00,39.19,39.21,39.06,39.07,692377
2017-06-28 12:30:00,39.06,39.06,38.85,38.92,770521
2017-06-28 12:45:00,38.92,38.985,38.92,38.945,796420
2017-06-28 13:00:00,38.96,39.005,38.94,39.0,822707
2017-06-28 13:15:00,38.99,39.08,38.99,39.08,860993
2017-06-28 13:30:00,39.08,39.12,39.06,39.11,878040
2017-06-28 13:45:00,39.1,39.1175,39.05,39.07,913635
2017-06-28 14:00:00,39.075,39.13,39.05,39.105,949811
2017-06-28 14:15:00,39.1,39.13,39.055,39.06,974282
2017-06-28 14:30:00,39.065,39.09,39.0,39.0101,1068616
2017-06-28 14:45:00,39.015,39.08,39.005,39.03,1152360
2017-06-28 15:00:00,39.03,39.115,39.02,39.09,1208507
2017-06-28 15:15:00,39.1,39.145,39.06,39.08,1290354
2017-06-28 15:30:00,39.08,39.1,39.02,39.035,1394007
2017-06-28 15:45:00,39.04,39.06,38.945,38.945,1489175
2017-06-28 16:00:00,38.94,39.03,38.94,38.99,1823810
2017-06-29 09:45:00,38.98,39.04,38.72,38.73,61439
2017-06-29 10:00:00,38.74,38.81,38.57,38.57,120427
2017-06-29 10:15:00,38.5898,38.5898,38.31,38.37,282546
2017-06-29 10:30:00,38.39,38.61,38.38,38.6,325896
2017-06-29 10:45:00,38.63,38.65,38.6,38.61,350036
2017-06-29 11:00:00,38.64,38.75,38.6,38.73,395938
2017-06-29 11:15:00,38.73,38.745,38.66,38.68,428211
2017-06-29 11:30:00,38.67,38.705,38.62,38.65,454825
2017-06-29 11:45:00,38.645,38.645,38.53,38.59,498656
2017-06-29 12:00:00,38.59,38.615,38.54,38.54,555267
2017-06-29 12:15:00,38.535,38.645,38.495,38.61,593633
2017-06-29 12:30:00,38.6099,38.62,38.59,38.605,631163
2017-06-29 12:45:00,38.6,38.625,38.59,38.61,666578
2017-06-29 13:00:00,38.61,38.63,38.555,38.57,702681
2017-06-29 13:15:00,38.56,38.59,38.445,38.45,738221
2017-06-29 13:30:00,38.45,38.48,38.39,38.4015,790848
2017-06-29 13:45:00,38.41,38.56,38.41,38.5,837765
2017-06-29 14:00:00,38.5,38.59,38.48,38.55,871571
2017-06-29 14:15:00,38.55,38.64,38.53,38.63,904714
2017-06-29 14:30:00,38.63,38.635,38.55,38.625,928694
2017-06-29 14:45:00,38.62,38.645,38.6,38.62,962907
2017-06-29 15:00:00,38.61,38.645,38.6,38.63,996672
2017-06-29 15:15:00,38.645,38.69,38.62,38.62,1036058
2017-06-29 15:30:00,38.625,38.695,38.6,38.64,1078248
2017-06-29 15:45:00,38.64,38.67,38.6,38.6,1170223
2017-06-29 16:00:00,38.6,38.61,38.555,38.57,1476703
2017-06-30 09:45:00,38.73,38.82,38.58,38.7,49029
2017-06-30 10:00:00,38.705,38.78,38.67,38.7,84853
2017-06-30 10:15:00,38.7,38.785,38.62,38.645,139679
2017-06-30 10:30:00,38.645,38.66,38.59,38.61,166406
2017-06-30 10:45:00,38.62,38.64,38.55,38.615,213704
2017-06-30 11:00:00,38.615,38.625,38.51,38.6,277080
2017-06-30 11:15:00,38.6,38.62,38.57,38.605,317706
2017-06-30 11:30:00,38.61,38.61,38.47,38.49,359981
2017-06-30 11:45:00,38.49,38.53,38.47,38.49,397511
2017-06-30 12:00:00,38.49,38.51,38.47,38.5,416117
2017-06-30 12:15:00,38.505,38.68,38.5,38.68,460473
2017-06-30 12:30:00,38.69,38.705,38.64,38.645,479527
2017-06-30 12:45:00,38.645,38.66,38.6,38.61,507363
2017-06-30 13:00:00,38.6,38.63,38.59,38.63,548024
2017-06-30 13:15:00,38.63,38.7,38.63,38.6975,570433
2017-06-30 13:30:00,38.695,38.7,38.62,38.63,594008
2017-06-30 13:45:00,38.62,38.675,38.585,38.67,652146
2017-06-30 14:00:00,38.67,38.67,38.59,38.62,701009
2017-06-30 14:15:00,38.62,38.67,38.56,38.665,745751
2017-06-30 14:30:00,38.67,38.71,38.63,38.69,784493
2017-06-30 14:45:00,38.7,38.74,38.65,38.73,816735
2017-06-30 15:00:00,38.7353,38.74,38.7,38.715,836013
2017-06-30 15:15:00,38.72,38.725,38.69,38.695,861858
2017-06-30 15:30:00,38.69,38.745,38.68,38.735,913531
2017-06-30 15:45:00,38.73,38.73,38.65,38.685,957246
2017-06-30 16:00:00,38.69,38.73,38.65,38.65,1264844
2017-07-03 09:45:00,38.68,38.9,38.66,38.84,108550
2017-07-03 10:00:00,38.83,38.86,38.73,38.8,148095
2017-07-03 10:15:00,38.81,38.83,38.69,38.69,193103
2017-07-03 10:30:00,38.685,38.745,38.53,38.53,245341
2017-07-03 10:45:00,38.53,38.62,38.53,38.55,312195
2017-07-03 11:00:00,38.55,38.565,38.48,38.55,358750
2017-07-03 11:15:00,38.545,38.62,38.49,38.585,427358
2017-07-03 11:30:00,38.6065,38.62,38.49,38.52,474448
2017-07-03 11:45:00,38.515,38.52,38.48,38.485,519674
2017-07-03 12:00:00,38.485,38.51,38.415,38.44,589568
2017-07-03 12:15:00,38.435,38.49,38.36,38.49,659116
2017-07-03 12:30:00,38.48,38.5,38.385,38.39,721674
2017-07-03 12:45:00,38.395,38.51,38.37,38.505,784763
2017-07-03 13:00:00,38.51,38.53,38.42,38.43,1054665
2017-07-03 13:15:00,38.43,38.5636,38.43,38.45,1151777
2017-07-03 13:45:00,38.45,38.45,38.45,38.45,1172792
2017-07-05 09:45:00,38.37,38.6,38.34,38.34,58584
2017-07-05 10:00:00,38.33,38.44,38.15,38.43,141182
2017-07-05 10:15:00,38.46,38.51,38.25,38.26,178273
2017-07-05 10:30:00,38.26,38.45,38.26,38.4,224741
2017-07-05 10:45:00,38.38,38.38,38.175,38.3,324518
2017-07-05 11:00:00,38.3,38.3,38.12,38.19,368890
2017-07-05 11:15:00,38.2,38.27,38.1975,38.23,428380
2017-07-05 11:30:00,38.23,38.25,38.08,38.1,489374
2017-07-05 11:45:00,38.1,38.1,37.98,37.98,557667
2017-07-05 12:00:00,37.98,38.03,37.955,37.96,596454
2017-07-05 12:15:00,37.95,38.0099,37.91,37.94,656682
2017-07-05 12:30:00,37.95,38.0,37.91,37.935,722140
2017-07-05 12:45:00,37.935,38.165,37.91,38.15,783134
2017-07-05 13:00:00,38.15,38.16,38.06,38.09,843195
2017-07-05 13:15:00,38.095,38.185,38.09,38.125,911576
2017-07-05 13:30:00,38.12,38.29,38.06,38.27,1083548
2017-07-05 13:45:00,38.275,38.28,38.09,38.09,1174708
2017-07-05 14:00:00,38.09,38.1643,38.09,38.11,1199389
2017-07-05 14:15:00,38.12,38.195,38.04,38.1,1245538
2017-07-05 14:30:00,38.1013,38.11,38.05,38.06,1280269
2017-07-05 14:45:00,38.06,38.09,38.05,38.055,1334843
2017-07-05 15:00:00,38.055,38.06,37.97,37.985,1383508
2017-07-05 15:15:00,37.99,38.0266,37.985,37.99,1426535
2017-07-05 15:30:00,37.99,38.0,37.9,37.96,1507192
2017-07-05 15:45:00,37.955,38.03,37.94,38.02,1639779
2017-07-05 16:00:00,38.01,38.02,37.92,37.96,1993676
2017-07-06 09:45:00,37.85,37.93,37.65,37.785,51343
2017-07-06 10:00:00,37.78,37.81,37.68,37.79,135507
2017-07-06 10:15:00,37.79,37.79,37.615,37.71,184691
2017-07-06 10:30:00,37.7,37.71,37.63,37.69,222840
2017-07-06 10:45:00,37.685,37.81,37.66,37.8,378537
2017-07-06 11:00:00,37.79,37.82,37.73,37.76,427141
2017-07-06 11:15:00,37.77,37.81,37.7,37.71,770992
2017-07-06 11:30:00,37.7,37.75,37.64,37.66,801867
2017-07-06 11:45:00,37.66,37.74,37.65,37.7378,873802
2017-07-06 12:00:00,37.74,37.75,37.67,37.72,1043555
2017-07-06 12:15:00,37.73,37.78,37.71,37.71,1073753
2017-07-06 12:30:00,37.7148,37.73,37.62,37.625,1107237
2017-07-06 12:45:00,37.62,37.65,37.57,37.58,1133857
2017-07-06 13:00:00,37.59,37.63,37.555,37.63,1173917
2017-07-06 13:15:00,37.625,37.63,37.58,37.58,1204852
2017-07-06 13:30:00,37.59,37.65,37.58,37.595,1232435
2017-07-06 13:45:00,37.59,37.66,37.56,37.65,1296916
2017-07-06 14:00:00,37.65,37.67,37.58,37.59,1398209
2017-07-06 14:15:00,37.595,37.595,37.48,37.52,1439206
2017-07-06 14:30:00,37.51,37.57,37.49,37.57,1496216
2017-07-06 14:45:00,37.56,37.62,37.55,37.61,1540673
2017-07-06 15:00:00,37.605,37.635,37.555,37.61,1590287
2017-07-06 15:15:00,37.61,37.645,37.57,37.585,1679190
2017-07-06 15:30:00,37.58,37.59,37.51,37.51,1749782
2017-07-06 15:45:00,37.51,37.525,37.44,37.445,1895766
2017-07-06 16:00:00,37.44,37.5,37.44,37.485,2113819
2017-07-07 09:45:00,37.6,37.67,37.48,37.48,29681
2017-07-07 10:00:00,37.48,37.55,37.39,37.46,59671
2017-07-07 10:15:00,37.46,37.48,37.37,37.37,125372
2017-07-07 10:30:00,37.375,37.395,37.31,37.38,164344
2017-07-07 10:45:00,37.39,37.42,37.315,37.32,214940
2017-07-07 11:00:00,37.31,37.395,37.305,37.34,260293
2017-07-07 11:15:00,37.33,37.42,37.32,37.39,335199
2017-07-07 11:30:00,37.39,37.41,37.34,37.39,378220
2017-07-07 11:45:00,37.385,37.46,37.24,37.245,548778
2017-07-07 12:00:00,37.25,37.27,37.18,37.19,593801
2017-07-07 12:15:00,37.18,37.24,37.145,37.23,687154
2017-07-07 12:30:00,37.24,37.26,37.2,37.225,742230
2017-07-07 12:45:00,37.22,37.23,37.19,37.19,758138
2017-07-07 13:00:00,37.195,37.2,37.13,37.15,806498
2017-07-07 13:15:00,37.15,37.26,37.15,37.24,886132
2017-07-07 13:30:00,37.245,37.26,37.17,37.25,957542
2017-07-07 13:45:00,37.25,37.41,37.21,37.4,1034168
2017-07-07 14:00:00,37.4,37.42,37.32,37.42,1219815
2017-07-07 14:15:00,37.42,37.44,37.37,37.415,1286649
2017-07-07 14:30:00,37.42,37.535,37.42,37.47,1318579
2017-07-07 14:45:00,37.47,37.47,37.41,37.415,1363803
2017-07-07 15:00:00,37.42,37.42,37.36,37.37,1394685
2017-07-07 15:15:00,37.365,37.515,37.35,37.5,1557232
2017-07-07 15:30:00,37.51,37.58,37.51,37.52,1627094
2017-07-07 15:45:00,37.515,37.53,37.49,37.52,1705341
2017-07-07 16:00:00,37.52,37.54,37.47,37.48,1925129
2017-07-10 09:45:00,37.5,37.54,37.345,37.53,41391
2017-07-10 10:00:00,37.54,37.54,37.43,37.44,71573
2017-07-10 10:15:00,37.44,37.46,37.32,37.36,110335
2017-07-10 10:30:00,37.36,37.365,37.27,37.28,166534
2017-07-10 10:45:00,37.275,37.35,37.275,37.32,246365
2017-07-10 11:00:00,37.32,37.44,37.31,37.44,284612
2017-07-10 11:15:00,37.44,37.63,37.44,37.58,388246
2017-07-10 11:30:00,37.57,37.59,37.48,37.545,497513
2017-07-10 11:45:00,37.545,37.545,37.44,37.45,532337
2017-07-10 12:00:00,37.445,37.52,37.43,37.5,578923
2017-07-10 12:15:00,37.495,37.53,37.48,37.5,641356
2017-07-10 12:30:00,37.505,37.505,37.415,37.43,686877
2017-07-10 12:45:00,37.42,37.43,37.41,37.4126,702965
2017-07-10 13:00:00,37.415,37.535,37.41,37.48,746970
2017-07-10 13:15:00,37.48,37.5,37.47,37.49,778231
2017-07-10 13:30:00,37.5,37.515,37.485,37.495,825735
2017-07-10 13:45:00,37.495,37.65,37.49,37.64,896546
2017-07-10 14:00:00,37.635,37.65,37.585,37.62,959024
2017-07-10 14:15:00,37.61,37.62,37.525,37.56,1003636
2017-07-10 14:30:00,37.555,37.57,37.5,37.5,1037021
2017-07-10 14:45:00,37.5,37.55,37.48,37.55,1077034
2017-07-10 15:00:00,37.545,37.56,37.48,37.48,1137702
2017-07-10 15:15:00,37.48,37.52,37.43,37.445,1208140
2017-07-10 15:30:00,37.445,37.56,37.42,37.49,1257909
2017-07-10 15:45:00,37.49,37.54,37.46,37.505,1331487
2017-07-10 16:00:00,37.5,37.53,37.46,37.5,1691178
2017-07-11 09:45:00,37.45,37.66,37.45,37.595,38147
2017-07-11 10:00:00,37.58,37.6,37.5,37.55,74180
2017-07-11 10:15:00,37.55,37.66,37.55,37.65,103736
2017-07-11 10:30:00,37.655,37.73,37.63,37.67,146090
2017-07-11 10:45:00,37.67,37.685,37.52,37.545,209659
2017-07-11 11:00:00,37.545,37.5467,37.37,37.4825,281737
2017-07-11 11:15:00,37.48,37.505,37.35,37.36,332961
2017-07-11 11:30:00,37.36,37.37,37.15,37.22,381238
2017-07-11 11:45:00,37.2,37.3,37.1,37.13,489502
2017-07-11 12:00:00,37.135,37.1825,37.09,37.14,637404
2017-07-11 12:15:00,37.155,37.185,37.15,37.155,691462
2017-07-11 12:30:00,37.15,37.155,37.05,37.1,733943
2017-07-11 12:45:00,37.105,37.145,37.1,37.13,768298
2017-07-11 13:00:00,37.13,37.155,37.11,37.14,814302
2017-07-11 13:15:00,37.14,37.15,37.09,37.09,842631
2017-07-11 13:30:00,37.085,37.11,37.0,37.015,961254
2017-07-11 13:45:00,37.015,37.13,36.98,37.13,1037015
2017-07-11 14:00:00,37.13,37.28,37.11,37.27,1130404
2017-07-11 14:15:00,37.28,37.325,37.22,37.29,1172357
2017-07-11 14:30:00,37.29,37.29,37.22,37.25,1194371
2017-07-11 14:45:00,37.245,37.27,37.22,37.255,1237988
2017-07-11 15:00:00,37.25,37.265,37.22,37.23,1286058
2017-07-11 15:15:00,37.23,37.235,37.165,37.18,1398262
2017-07-11 15:30:00,37.18,37.2,37.14,37.165,1515386
2017-07-11 15:45:00,37.17,37.23,37.165,37.23,1607986
2017-07-11 16:00:00,37.23,37.23,37.15,37.16,1794111
2017-07-12 09:45:00,37.49,37.72,37.38,37.69,41186
2017-07-12 10:00:00,37.66,37.66,37.54,37.59,79314
2017-07-12 10:15:00,37.6,37.64,37.59,37.63,111482
2017-07-12 10:30:00,37.63,37.785,37.63,37.74,302463
2017-07-12 10:45:00,37.75,37.88,37.73,37.745,349467
2017-07-12 11:00:00,37.74,37.775,37.675,37.74,407085
2017-07-12 11:15:00,37.74,37.825,37.665,37.81,466926
2017-07-12 11:30:00,37.81,37.865,37.785,37.8,529307
2017-07-12 11:45:00,37.8,37.805,37.735,37.7701,619656
2017-07-12 12:00:00,37.775,37.785,37.73,37.76,644806
2017-07-12 12:15:00,37.765,37.805,37.7,37.7,782565
2017-07-12 12:30:00,37.7,37.805,37.68,37.76,836179
2017-07-12 12:45:00,37.755,37.865,37.75,37.86,967313
2017-07-12 13:00:00,37.86,37.9198,37.8,37.89,1344954
2017-07-12 13:15:00,37.89,37.89,37.83,37.84,1416379
2017-07-12 13:30:00,37.83,37.875,37.8,37.87,1445355
2017-07-12 13:45:00,37.87,37.88,37.845,37.88,1487757
2017-07-12 14:00:00,37.88,37.89,37.85,37.87,1530326
2017-07-12 14:15:00,37.87,37.87,37.85,37.86,1569694
2017-07-12 14:30:00,37.86,37.875,37.85,37.8558,1596663
2017-07-12 14:45:00,37.86,37.87,37.82,37.82,1627325
2017-07-12 15:00:00,37.82,37.875,37.785,37.85,1675021
2017-07-12 15:15:00,37.85,37.86,37.845,37.86,1764942
2017-07-12 15:30:00,37.85,37.855,37.73,37.76,1850695
2017-07-12 15:45:00,37.76,37.84,37.755,37.81,1978246
2017-07-12 16:00:00,37.81,37.87,37.8,37.86,2637518
2017-07-13 09:45:00,37.85,38.05,37.74,38.02,347268
2017-07-13 10:00:00,38.05,38.05,37.89,37.95,369040
2017-07-13 10:15:00,37.94,38.05,37.93,38.03,399292
2017-07-13 10:30:00,38.03,38.08,38.02,38.05,424024
2017-07-13 10:45:00,38.04,38.05,37.91,37.98,464791
2017-07-13 11:00:00,37.965,38.02,37.92,38.01,518953
2017-07-13 11:15:00,38.0,38.075,38.0,38.04,576188
2017-07-13 11:30:00,38.05,38.125,38.05,38.08,608412
2017-07-13 11:45:00,38.075,38.08,38.02,38.04,636389
2017-07-13 12:00:00,38.04,38.07,38.02,38.05,670844
2017-07-13 12:15:00,38.04,38.06,38.02,38.051,695357
2017-07-13 12:30:00,38.05,38.08,38.05,38.07,730077
2017-07-13 12:45:00,38.0654,38.15,38.06,38.14,1027430
2017-07-13 13:00:00,38.14,38.235,38.09,38.19,1105046
2017-07-13 13:15:00,38.18,38.215,38.18,38.2,1137196
2017-07-13 13:30:00,38.2,38.2,38.16,38.19,1149049
2017-07-13 13:45:00,38.19,38.2,38.15,38.15,1183471
2017-07-13 14:00:00,38.15,38.28,38.13,38.28,1283232
2017-07-13 14:15:00,38.27,38.34,38.16,38.2,1346447
2017-07-13 14:30:00,38.2,38.25,38.2,38.22,1432298
2017-07-13 14:45:00,38.215,38.27,38.2,38.26,1701577
2017-07-13 15:00:00,38.26,38.27,38.24,38.265,1725284
2017-07-13 15:15:00,38.265,38.33,38.26,38.325,1782622
2017-07-13 15:30:00,38.325,38.33,38.22,38.235,1819904
2017-07-13 15:45:00,38.235,38.33,38.2334,38.305,1884095
2017-07-13 16:00:00,38.3,38.33,38.28,38.29,2061637
2017-07-14 09:45:00,38.29,38.54,38.18,38.49,46599
2017-07-14 10:00:00,38.495,38.57,38.46,38.51,75980
2017-07-14 10:15:00,38.5199,38.585,38.41,38.41,115994
2017-07-14 10:30:00,38.41,38.46,38.41,38.42,131386
2017-07-14 10:45:00,38.41,38.59,38.41,38.59,163988
2017-07-14 11:00:00,38.585,38.65,38.56,38.61,213427
2017-07-14 11:15:00,38.61,38.65,38.58,38.6,299040
2017-07-14 11:30:00,38.6,38.63,38.5625,38.57,361118
2017-07-14 11:45:00,38.57,38.62,38.57,38.595,438502
2017-07-14 12:00:00,38.59,38.66,38.59,38.66,475342
2017-07-14 12:15:00,38.66,38.71,38.65,38.685,542884
2017-07-14 12:30:00,38.69,38.75,38.68,38.705,593444
2017-07-14 12:45:00,38.705,38.74,38.69,38.7,617673
2017-07-14 13:00:00,38.7,38.7725,38.69,38.765,647090
2017-07-14 13:15:00,38.765,38.81,38.75,38.805,669812
2017-07-14 13:30:00,38.81,38.86,38.7824,38.86,705700
2017-07-14 13:45:00,38.855,38.88,38.85,38.88,743103
2017-07-14 14:00:00,38.875,38.92,38.86,38.92,796670
2017-07-14 14:15:00,38.915,38.915,38.81,38.825,850684
2017-07-14 14:30:00,38.83,38.9,38.78,38.78,937644
2017-07-14 14:45:00,38.78,38.785,38.7,38.735,984891
2017-07-14 15:00:00,38.735,38.78,38.73,38.77,1025037
2017-07-14 15:15:00,38.76,38.765,38.66,38.68,1065494
2017-07-14 15:30:00,38.68,38.7,38.65,38.67,1131695
2017-07-14 15:45:00,38.6625,38.72,38.62,38.64,1224729
2017-07-14 16:00:00,38.64,38.66,38.59,38.63,1442432
2017-07-17 09:45:00,38.59,38.71,38.54,38.67,22818
2017-07-17 10:00:00,38.675,38.815,38.655,38.78,65620
2017-07-17 10:15:00,38.79,38.97,38.7625,38.97,123931
2017-07-17 10:30:00,38.965,39.15,38.92,39.095,216175
2017-07-17 10:45:00,39.09,39.095,38.98,39.04,272275
2017-07-17 11:00:00,39.05,39.07,38.99,39.03,386249
2017-07-17 11:15:00,39.0399,39.09,38.99,39.065,422779
2017-07-17 11:30:00,39.06,39.065,38.99,39.04,468225
2017-07-17 11:45:00,39.04,39.055,39.0,39.01,529072
2017-07-17 12:00:00,39.01,39.17,39.0,39.085,619372
2017-07-17 12:15:00,39.0899,39.0999,39.01,39.05,689909
2017-07-17 12:30:00,39.05,39.07,39.04,39.06,762649
2017-07-17 12:45:00,39.07,39.07,39.04,39.05,814822
2017-07-17 13:00:00,39.06,39.06,38.99,39.0101,898127
2017-07-17 13:15:00,39.02,39.04,39.0,39.03,926418
2017-07-17 13:30:00,39.02,39.02,38.99,39.005,961707
2017-07-17 13:45:00,39.01,39.06,39.0,39.02,988617
2017-07-17 14:00:00,39.02,39.06,39.015,39.06,1025545
2017-07-17 14:15:00,39.06,39.07,38.97,38.98,1056778
2017-07-17 14:30:00,38.98,39.04,38.97,39.03,1102963
2017-07-17 14:45:00,39.03,39.04,38.99,38.99,1142712
2017-07-17 15:00:00,38.99,39.04,38.96,38.975,1200587
2017-07-17 15:15:00,38.98,39.03,38.93,39.02,1257566
2017-07-17 15:30:00,39.02,39.03,38.92,38.94,1415563
2017-07-17 15:45:00,38.94,39.03,38.94,39.01,1581751
2017-07-17 16:00:00,39.01,39.03,38.995,39.01,1842130
2017-07-18 09:45:00,39.07,39.07,38.775,38.78,98232
2017-07-18 10:00:00,38.79,38.99,38.74,38.97,189980
2017-07-18 10:15:00,38.97,39.09,38.95,39.09,236352
2017-07-18 10:30:00,39.085,39.085,38.98,39.04,411077
2017-07-18 10:45:00,39.05,39.07,38.99,39.01,460029
2017-07-18 11:00:00,39.0,39.01,38.95,39.0,568183
2017-07-18 11:15:00,38.99,39.065,38.97,39.065,628672
2017-07-18 11:30:00,39.06,39.12,39.035,39.12,681359
2017-07-18 11:45:00,39.125,39.19,39.03,39.05,751681
2017-07-18 12:00:00,39.05,39.07,39.02,39.04,787823
2017-07-18 12:15:00,39.0399,39.08,39.02,39.03,839500
2017-07-18 12:30:00,39.0256,39.09,39.015,39.03,957542
2017-07-18 12:45:00,39.02,39.05,38.99,39.0,1009951
2017-07-18 13:00:00,39.0054,39.0454,38.995,39.01,1036193
2017-07-18 13:15:00,39.01,39.04,38.98,39.02,1106217
2017-07-18 13:30:00,39.02,39.03,38.97,38.99,1136604
2017-07-18 13:45:00,38.99,39.03,38.975,39.02,1181258
2017-07-18 14:00:00,39.025,39.04,39.0,39.03,1214129
2017-07-18 14:15:00,39.03,39.04,39.01,39.02,1266257
2017-07-18 14:30:00,39.02,39.05,39.0,39.0142,1391674
2017-07-18 14:45:00,39.02,39.05,39.0,39.02,1431903
2017-07-18 15:00:00,39.015,39.04,39.0,39.02,1466212
2017-07-18 15:15:00,39.03,39.03,39.0,39.025,1497069
2017-07-18 15:30:00,39.025,39.08,39.01,39.06,1568402
2017-07-18 15:45:00,39.06,39.07,39.02,39.05,1718888
2017-07-18 16:00:00,39.045,39.045,38.96,38.99,1973115
2017-07-19 09:45:00,38.95,39.02,38.61,38.89,153432
2017-07-19 10:00:00,38.88,38.9,38.68,38.745,343045
2017-07-19 10:15:00,38.77,39.04,38.74,38.92,574470
2017-07-19 10:30:00,38.92,38.985,38.9,38.94,645373
2017-07-19 10:45:00,38.94,39.0,38.9,38.91,682945
2017-07-19 11:00:00,38.92,38.95,38.85,38.89,879442
2017-07-19 11:15:00,38.89,38.91,38.85,38.87,1080266
2017-07-19 11:30:00,38.87,38.92,38.84,38.85,1115877
2017-07-19 11:45:00,38.85,38.9,38.81,38.9,1144128
2017-07-19 12:00:00,38.91,38.915,38.86,38.88,1168905
2017-07-19 12:15:00,38.89,38.97,38.88,38.965,1191462
2017-07-19 12:30:00,38.96,38.99,38.95,38.97,1221478
2017-07-19 12:45:00,38.97,39.0,38.9,38.9,1267844
2017-07-19 13:00:00,38.9062,38.915,38.845,38.88,1347393
2017-07-19 13:15:00,38.89,38.99,38.8861,38.945,1383623
2017-07-19 13:30:00,38.945,38.945,38.855,38.865,1421713
2017-07-19 13:45:00,38.87,38.94,38.87,38.93,1447937
2017-07-19 14:00:00,38.93,38.95,38.86,38.86,1565353
2017-07-19 14:15:00,38.855,38.905,38.835,38.8657,1611763
2017-07-19 14:30:00,38.87,38.875,38.84,38.85,1668198
2017-07-19 14:45:00,38.835,38.865,38.82,38.855,1727146
2017-07-19 15:00:00,38.85,38.85,38.735,38.75,1818096
2017-07-19 15:15:00,38.76,38.85,38.71,38.74,2019139
2017-07-19 15:30:00,38.74,38.8,38.68,38.745,2168445
2017-07-19 15:45:00,38.75,38.775,38.69,38.7,2426532
2017-07-19 16:00:00,38.69,38.7,38.58,38.59,2942856
2017-07-20 09:45:00,38.52,38.59,38.36,38.57,96791
2017-07-20 10:00:00,38.575,38.58,38.44,38.5,312415
2017-07-20 10:15:00,38.5,38.73,38.495,38.66,554867
2017-07-20 10:30:00,38.7,38.72,38.57,38.63,661500
2017-07-20 10:45:00,38.63,38.66,38.58,38.655,717671
2017-07-20 11:00:00,38.65,38.92,38.64,38.885,846837
2017-07-20 11:15:00,38.88,38.88,38.76,38.78,891793
2017-07-20 11:30:00,38.78,38.9,38.78,38.89,926684
2017-07-20 11:45:00,38.88,38.92,38.84,38.88,995748
2017-07-20 12:00:00,38.89,38.98,38.88,38.9015,1031967
2017-07-20 12:15:00,38.89,38.985,38.87,38.945,1062082
2017-07-20 12:30:00,38.94,38.94,38.87,38.925,1081763
2017-07-20 12:45:00,38.925,38.97,38.89,38.89,1117625
2017-07-20 13:00:00,38.89,39.0,38.89,39.0,1143930
2017-07-20 13:15:00,39.0,39.01,38.9493,38.99,1175668
2017-07-20 13:30:00,39.0,39.03,38.98,39.025,1208931
2017-07-20 13:45:00,39.02,39.07,38.985,39.02,1267018
2017-07-20 14:00:00,39.025,39.1,39.02,39.09,1302224
2017-07-20 14:15:00,39.09,39.12,38.975,39.0,1344796
2017-07-20 14:30:00,39.01,39.01,38.94,38.975,1396372
2017-07-20 14:45:00,38.9716,38.99,38.92,38.98,1453735
2017-07-20 15:00:00,38.97,38.97,38.92,38.935,1515816
2017-07-20 15:15:00,38.94,38.97,38.86,38.8974,1637192
2017-07-20 15:30:00,38.895,38.91,38.88,38.905,1736682
2017-07-20 15:45:00,38.9,38.96,38.87,38.93,1930874
2017-07-20 16:00:00,38.94,38.94,38.91,38.92,2239956
2017-07-21 09:45:00,38.87,39.02,38.825,38.99,124899
2017-07-21 10:00:00,39.0,39.02,38.88,38.89,193820
2017-07-21 10:15:00,38.89,38.97,38.88,38.95,243733
2017-07-21 10:30:00,38.95,38.97,38.91,38.97,275461
2017-07-21 10:45:00,38.97,38.97,38.91,38.92,300409
2017-07-21 11:00:00,38.92,38.99,38.91,38.96,329500
2017-07-21 11:15:00,38.955,38.99,38.93,38.94,353452
2017-07-21 11:30:00,38.94,38.94,38.91,38.94,371215
2017-07-21 11:45:00,38.95,38.96,38.925,38.94,395028
2017-07-21 12:00:00,38.9325,38.98,38.905,38.98,418174
2017-07-21 12:15:00,38.99,39.03,38.96,39.02,449549
2017-07-21 12:30:00,39.03,39.065,39.005,39.06,505237
2017-07-21 12:45:00,39.07,39.21,39.065,39.21,658871
2017-07-21 13:00:00,39.21,39.24,39.17,39.21,674998
2017-07-21 13:15:00,39.2,39.261,39.185,39.195,784287
2017-07-21 13:30:00,39.195,39.23,39.17,39.17,815499
2017-07-21 13:45:00,39.1699,39.18,39.145,39.18,835895
2017-07-21 14:00:00,39.175,39.22,39.16,39.22,864339
2017-07-21 14:15:00,39.2275,39.26,39.195,39.24,924826
2017-07-21 14:30:00,39.255,39.29,39.23,39.275,950143
2017-07-21 14:45:00,39.27,39.285,39.23,39.265,973544
2017-07-21 15:00:00,39.27,39.34,39.265,39.33,1017608
2017-07-21 15:15:00,39.335,39.38,39.32,39.37,1054531
2017-07-21 15:30:00,39.37,39.38,39.28,39.295,1108138
2017-07-21 15:45:00,39.295,39.36,39.285,39.35,1182779
2017-07-21 16:00:00,39.34,39.49,39.325,39.43,1605564
2017-07-24 09:45:00,39.39,39.49,39.1,39.14,35351
2017-07-24 10:00:00,39.15,39.2722,39.13,39.265,81813
2017-07-24 10:15:00,39.26,39.28,39.17,39.2,120432
2017-07-24 10:30:00,39.2,39.42,39.19,39.35,194152
2017-07-24 10:45:00,39.35,39.505,39.33,39.47,252327
2017-07-24 11:00:00,39.47,39.54,39.46,39.54,296134
2017-07-24 11:15:00,39.535,39.72,39.53,39.69,500505
2017-07-24 11:30:00,39.69,39.801,39.69,39.77,615230
2017-07-24 11:45:00,39.7783,39.86,39.77,39.7944,688952
2017-07-24 12:00:00,39.7983,39.855,39.7757,39.84,752404
2017-07-24 12:15:00,39.84,39.849,39.75,39.765,847020
2017-07-24 12:30:00,39.77,39.87,39.76,39.83,927593
2017-07-24 12:45:00,39.835,39.86,39.8,39.8,990759
2017-07-24 13:00:00,39.809,39.82,39.7525,39.77,1043298
2017-07-24 13:15:00,39.77,39.96,39.76,39.81,1165390
2017-07-24 13:30:00,39.8,39.805,39.65,39.72,1232316
2017-07-24 13:45:00,39.72,39.88,39.719,39.78,1408834
2017-07-24 14:00:00,39.78,39.83,39.77,39.805,1486508
2017-07-24 14:15:00,39.8,39.82,39.77,39.79,1531994
2017-07-24 14:30:00,39.795,39.81,39.78,39.79,1571864
2017-07-24 14:45:00,39.79,39.8,39.75,39.8,1619217
2017-07-24 15:00:00,39.8,39.83,39.775,39.7942,1705309
2017-07-24 15:15:00,39.8,39.83,39.78,39.825,1805720
2017-07-24 15:30:00,39.83,39.85,39.8,39.835,1848971
2017-07-24 15:45:00,39.84,39.87,39.81,39.86,2028302
2017-07-24 16:00:00,39.87,39.91,39.81,39.85,2493851
2017-07-25 09:45:00,39.86,39.88,39.28,39.42,309238
2017-07-25 10:00:00,39.41,39.52,39.25,39.365,438611
2017-07-25 10:15:00,39.36,39.39,39.09,39.1225,777399
2017-07-25 10:30:00,39.12,39.22,39.08,39.2,873939
2017-07-25 10:45:00,39.205,39.38,39.2,39.32,959367
2017-07-25 11:00:00,39.32,39.335,39.12,39.12,1123151
2017-07-25 11:15:00,39.12,39.21,39.11,39.18,1449315
2017-07-25 11:30:00,39.17,39.2556,39.11,39.21,1535641
2017-07-25 11:45:00,39.22,39.29,39.195,39.23,1687870
2017-07-25 12:00:00,39.23,39.24,39.1,39.135,1801015
2017-07-25 12:15:00,39.135,39.17,39.13,39.14,1858445
2017-07-25 12:30:00,39.135,39.14,38.99,39.0,1932383
2017-07-25 12:45:00,38.99,38.995,38.81,38.81,2042896
2017-07-25 13:00:00,38.81,38.84,38.73,38.83,2154602
2017-07-25 13:15:00,38.83,38.85,38.79,38.79,2245427
2017-07-25 13:30:00,38.79,38.835,38.79,38.82,2292630
2017-07-25 13:45:00,38.82,38.84,38.78,38.78,2347930
2017-07-25 14:00:00,38.785,38.88,38.785,38.8,2486600
2017-07-25 14:15:00,38.8,38.82,38.69,38.71,2597402
2017-07-25 14:30:00,38.72,38.8,38.69,38.79,2664521
2017-07-25 14:45:00,38.785,38.81,38.71,38.81,2885851
2017-07-25 15:00:00,38.805,38.815,38.71,38.75,2998376
2017-07-25 15:15:00,38.75,38.79,38.725,38.73,3126920
2017-07-25 15:30:00,38.73,38.74,38.61,38.7,3254926
2017-07-25 15:45:00,38.705,38.72,38.615,38.64,3545312
2017-07-25 16:00:00,38.64,38.65,38.54,38.62,3944962
2017-07-26 09:45:00,38.8,38.99,38.71,38.935,107707
2017-07-26 10:00:00,38.93,39.04,38.84,38.8772,306664
2017-07-26 10:15:00,38.88,39.005,38.79,38.99,374929
2017-07-26 10:30:00,38.99,39.0,38.815,38.845,442935
2017-07-26 10:45:00,38.85,39.01,38.85,38.97,562741
2017-07-26 11:00:00,38.98,39.24,38.975,39.14,727543
2017-07-26 11:15:00,39.14,39.215,39.085,39.215,933334
2017-07-26 11:30:00,39.215,39.27,39.18,39.27,1100363
2017-07-26 11:45:00,39.27,39.62,39.26,39.57,1244483
2017-07-26 12:00:00,39.57,39.58,39.5,39.55,1355848
2017-07-26 12:15:00,39.54,39.63,39.54,39.6,1479660
2017-07-26 12:30:00,39.6,39.93,39.6,39.76,1724831
2017-07-26 12:45:00,39.755,39.97,39.74,39.925,1862063
2017-07-26 13:00:00,39.925,40.115,39.92,40.045,2094232
2017-07-26 13:15:00,40.04,40.21,39.8,39.94,2289162
2017-07-26 13:30:00,39.94,40.07,39.89,40.025,2392180
2017-07-26 13:45:00,40.02,40.025,39.91,39.91,2614767
2017-07-26 14:00:00,39.91,40.02,39.8,39.97,2777200
2017-07-26 14:15:00,39.9701,40.091,39.94,40.055,2960329
2017-07-26 14:30:00,40.05,40.08,39.89,39.99,3070962
2017-07-26 14:45:00,39.99,40.05,39.93,39.935,3206595
2017-07-26 15:00:00,39.9399,40.03,39.88,39.88,3465720
2017-07-26 15:15:00,39.88,40.0,39.87,39.94,3593459
2017-07-26 15:30:00,39.94,40.0,39.84,39.97,3877436
2017-07-26 15:45:00,39.975,40.1,39.94,39.975,4295995
2017-07-26 16:00:00,39.98,39.99,39.76,39.86,4939980
2017-07-27 09:45:00,39.39,40.61,39.34,40.51,779298
2017-07-27 10:00:00,40.53,41.02,40.25,40.98,1317447
2017-07-27 10:15:00,40.99,41.0,40.53,40.71,1822595
2017-07-27 10:30:00,40.705,40.75,40.46,40.66,2136911
2017-07-27 10:45:00,40.65,40.69,40.5,40.54,2326659
2017-07-27 11:00:00,40.531,40.73,40.5,40.615,2404658
2017-07-27 11:15:00,40.63,40.91,40.62,40.89,2654716
2017-07-27 11:30:00,40.89,40.98,40.86,40.88,2748332
2017-07-27 11:45:00,40.89,41.0,40.79,40.99,2888009
2017-07-27 12:00:00,40.99,41.14,40.9,40.92,2990937
2017-07-27 12:15:00,40.93,41.05,40.92,41.02,3056991
2017-07-27 12:30:00,41.01,41.22,41.0,41.22,3134522
2017-07-27 12:45:00,41.225,41.24,41.04,41.15,3211409
2017-07-27 13:00:00,41.15,41.2,41.03,41.1,3285697
2017-07-27 13:15:00,41.09,41.1,40.945,41.03,3384876
2017-07-27 13:30:00,41.03,41.05,40.94,40.955,3494915
2017-07-27 13:45:00,40.95,40.96,40.78,40.78,3724121
2017-07-27 14:00:00,40.8,40.89,40.635,40.86,3944558
2017-07-27 14:15:00,40.86,40.93,40.75,40.85,4059719
2017-07-27 14:30:00,40.855,40.96,40.85,40.92,4192997
2017-07-27 14:45:00,40.93,40.93,40.895,40.9,4335069
2017-07-27 15:00:00,40.905,40.98,40.855,40.905,4552853
2017-07-27 15:15:00,40.9,40.97,40.9,40.965,4703102
2017-07-27 15:30:00,40.97,41.13,40.94,41.13,4983790
2017-07-27 15:45:00,41.13,41.13,41.06,41.075,5190037
2017-07-27 16:00:00,41.08,41.275,41.08,41.23,6053399
2017-07-28 09:45:00,41.28,41.53,41.19,41.44,179862
2017-07-28 10:00:00,41.46,41.965,41.46,41.86,501687
2017-07-28 10:15:00,41.89,41.89,41.46,41.54,850198
2017-07-28 10:30:00,41.53,41.54,41.2,41.205,1081345
2017-07-28 10:45:00,41.2,41.26,41.01,41.01,1159669
2017-07-28 11:00:00,41.01,41.15,40.97,41.12,1225611
2017-07-28 11:15:00,41.125,41.125,40.9,40.945,1354387
2017-07-28 11:30:00,40.95,41.02,40.9,40.96,1488509
2017-07-28 11:45:00,40.96,41.115,40.96,40.995,1611514
2017-07-28 12:00:00,40.995,41.13,40.965,41.015,1773224
2017-07-28 12:15:00,41.015,41.02,40.9,40.995,1935189
2017-07-28 12:30:00,40.995,41.08,40.9,40.905,2058947
2017-07-28 12:45:00,40.9,40.98,40.89,40.9,2175707
2017-07-28 13:00:00,40.91,41.04,40.91,40.97,2281672
2017-07-28 13:15:00,40.975,41.125,40.92,41.07,2441427
2017-07-28 13:30:00,41.06,41.19,41.03,41.15,2714629
2017-07-28 13:45:00,41.15,41.27,41.14,41.17,2890748
2017-07-28 14:00:00,41.165,41.28,41.16,41.25,2980975
2017-07-28 14:15:00,41.25,41.295,41.2,41.21,3096993
2017-07-28 14:30:00,41.2,41.315,41.195,41.31,3197442
2017-07-28 14:45:00,41.31,41.37,41.25,41.33,3322323
2017-07-28 15:00:00,41.33,41.48,41.33,41.385,3447747
2017-07-28 15:15:00,41.385,41.52,41.37,41.52,3684532
2017-07-28 15:30:00,41.52,41.66,41.47,41.57,3911408
2017-07-28 15:45:00,41.57,41.77,41.545,41.64,4502205
2017-07-28 16:00:00,41.635,41.835,41.61,41.8,5449547
2017-07-31 09:45:00,41.97,42.14,41.91,41.965,115635
2017-07-31 10:00:00,41.98,42.44,41.98,42.27,307842
2017-07-31 10:15:00,42.26,42.46,42.26,42.34,419320
2017-07-31 10:30:00,42.345,42.545,42.29,42.34,584249
2017-07-31 10:45:00,42.345,42.48,42.28,42.48,799976
2017-07-31 11:00:00,42.46,42.65,42.39,42.65,968680
2017-07-31 11:15:00,42.65,42.73,42.47,42.61,1235504
2017-07-31 11:30:00,42.6,42.7,42.52,42.69,1365730
2017-07-31 11:45:00,42.69,42.765,42.64,42.71,1553320
2017-07-31 12:00:00,42.72,42.89,42.66,42.66,1742757
2017-07-31 12:15:00,42.655,42.77,42.63,42.645,1899587
2017-07-31 12:30:00,42.645,42.805,42.59,42.8,2129655
2017-07-31 12:45:00,42.795,42.95,42.77,42.9,2337293
2017-07-31 13:00:00,42.9,43.13,42.9,43.075,2613936
2017-07-31 13:15:00,43.075,43.075,42.98,43.025,2775670
2017-07-31 13:30:00,43.02,43.02,42.89,42.97,2934996
2017-07-31 13:45:00,42.97,43.1,42.95,43.04,3064446
2017-07-31 14:00:00,43.04,43.24,43.035,43.12,3244961
2017-07-31 14:15:00,43.125,43.305,43.12,43.14,3421128
2017-07-31 14:30:00,43.13,43.18,42.99,43.0425,3536610
2017-07-31 14:45:00,43.045,43.08,42.9,42.9625,3713207
2017-07-31 15:00:00,42.97,42.97,42.895,42.96,3820097
2017-07-31 15:15:00,42.96,42.97,42.87,42.93,3958762
2017-07-31 15:30:00,42.94,43.02,42.86,43.02,4087552
2017-07-31 15:45:00,43.015,43.035,42.93,43.015,4346329
2017-07-31 16:00:00,43.02,43.08,42.98,43.0,4986599
2017-08-01 09:45:00,43.22,43.31,43.08,43.21,217780
2017-08-01 10:00:00,43.22,43.485,43.14,43.24,505679
2017-08-01 10:15:00,43.24,43.36,43.17,43.36,688001
2017-08-01 10:30:00,43.36,43.51,43.32,43.485,866873
2017-08-01 10:45:00,43.48,43.51,43.4,43.4999,994852
2017-08-01 11:00:00,43.5,43.61,43.38,43.43,1359343
2017-08-01 11:15:00,43.42,43.465,43.3,43.4,1511105
2017-08-01 11:30:00,43.39,43.4,43.21,43.31,1611821
2017-08-01 11:45:00,43.3,43.41,43.27,43.38,1713151
2017-08-01 12:00:00,43.38,43.41,43.33,43.38,1808341
2017-08-01 12:15:00,43.37,43.41,43.3,43.36,1899273
2017-08-01 12:30:00,43.36,43.41,43.35,43.36,1955644
2017-08-01 12:45:00,43.37,43.39,43.25,43.29,2088105
2017-08-01 13:00:00,43.31,43.37,43.24,43.24,2153212
2017-08-01 13:15:00,43.24,43.32,43.21,43.32,2303619
2017-08-01 13:30:00,43.32,43.32,43.28,43.295,2355560
2017-08-01 13:45:00,43.29,43.295,43.27,43.275,2401996
2017-08-01 14:00:00,43.275,43.28,43.12,43.16,2506635
2017-08-01 14:15:00,43.16,43.21,43.14,43.2,2629170
2017-08-01 14:30:00,43.1957,43.255,43.19,43.2,2804761
2017-08-01 14:45:00,43.2,43.2075,43.145,43.16,2925268
2017-08-01 15:00:00,43.16,43.2,43.08,43.185,3021279
2017-08-01 15:15:00,43.19,43.2,43.1,43.11,3249224
2017-08-01 15:30:00,43.1,43.11,42.96,42.99,3521845
2017-08-01 15:45:00,42.98,43.06,42.95,42.96,3798901
2017-08-01 16:00:00,42.97,43.03,42.89,42.94,4519063
2017-08-02 09:45:00,42.91,43.18,42.71,42.84,66282
2017-08-02 10:00:00,42.83,43.26,42.8,43.21,243918
2017-08-02 10:15:00,43.19,43.19,42.955,42.99,356373
2017-08-02 10:30:00,43.0,43.0,42.8,42.8,474744
2017-08-02 10:45:00,42.8,42.89,42.72,42.77,566180
2017-08-02 11:00:00,42.78,42.9,42.78,42.85,638272
2017-08-02 11:15:00,42.8401,42.97,42.765,42.95,820058
2017-08-02 11:30:00,42.94,42.98,42.845,42.85,908945
2017-08-02 11:45:00,42.85,42.94,42.79,42.8,1105194
2017-08-02 12:00:00,42.8,42.83,42.75,42.815,1198821
2017-08-02 12:15:00,42.81,42.85,42.7,42.75,1311328
2017-08-02 12:30:00,42.755,42.755,42.66,42.73,1446548
2017-08-02 12:45:00,42.73,42.76,42.685,42.715,1553871
2017-08-02 13:00:00,42.725,42.865,42.71,42.81,1620196
2017-08-02 13:15:00,42.815,42.89,42.81,42.835,1672321
2017-08-02 13:30:00,42.84,42.9,42.79,42.89,1756672
2017-08-02 13:45:00,42.89,42.895,42.84,42.88,1836019
2017-08-02 14:00:00,42.875,42.895,42.83,42.85,2001206
2017-08-02 14:15:00,42.86,42.885,42.825,42.85,2094374
2017-08-02 14:30:00,42.85,42.945,42.83,42.92,2213920
2017-08-02 14:45:00,42.91,42.94,42.88,42.915,2303693
2017-08-02 15:00:00,42.91,43.06,42.9,43.06,2403810
2017-08-02 15:15:00,43.06,43.21,43.01,43.15,2508156
2017-08-02 15:30:00,43.15,43.15,42.98,43.0,2684025
2017-08-02 15:45:00,43.0,43.08,42.995,43.055,2805687
2017-08-02 16:00:00,43.055,43.27,43.055,43.24,3261692
2017-08-03 09:45:00,43.27,43.375,43.15,43.33,50953
2017-08-03 10:00:00,43.33,43.36,43.19,43.34,105604
2017-08-03 10:15:00,43.32,43.37,43.26,43.37,151129
2017-08-03 10:30:00,43.37,43.43,43.25,43.31,197373
2017-08-03 10:45:00,43.3,43.38,43.25,43.28,266180
2017-08-03 11:00:00,43.28,43.32,43.175,43.21,308892
2017-08-03 11:15:00,43.21,43.25,43.08,43.15,355427
2017-08-03 11:30:00,43.145,43.25,43.125,43.22,409694
2017-08-03 11:45:00,43.23,43.36,43.22,43.2799,493374
2017-08-03 12:00:00,43.27,43.32,43.18,43.18,517550
2017-08-03 12:15:00,43.18,43.26,43.17,43.2,600848
2017-08-03 12:30:00,43.21,43.21,43.08,43.1,715837
2017-08-03 12:45:00,43.1,43.11,42.975,43.01,788379
2017-08-03 13:00:00,43.0,43.02,42.885,42.93,895215
2017-08-03 13:15:00,42.94,43.03,42.93,42.98,974732
2017-08-03 13:30:00,42.97,43.03,42.955,42.99,1032095
2017-08-03 13:45:00,42.99,43.0,42.95,42.95,1087307
2017-08-03 14:00:00,42.95,43.0,42.92,42.96,1175277
2017-08-03 14:15:00,42.96,43.0,42.9,43.0,1281838
2017-08-03 14:30:00,42.99,43.0,42.935,42.99,1335874
2017-08-03 14:45:00,42.98,43.0,42.955,42.98,1367237
2017-08-03 15:00:00,42.975,43.0,42.95,42.965,1432276
2017-08-03 15:15:00,42.97,42.98,42.91,42.9499,1502294
2017-08-03 15:30:00,42.95,43.03,42.935,43.025,1579829
2017-08-03 15:45:00,43.03,43.04,42.96,42.99,1713654
2017-08-03 16:00:00,43.0,43.02,42.98,42.99,1932838
2017-08-04 09:45:00,43.13,43.3,43.02,43.13,41100
2017-08-04 10:00:00,43.12,43.13,42.96,43.07,94681
2017-08-04 10:15:00,43.06,43.07,42.88,42.97,149363
2017-08-04 10:30:00,42.98,43.04,42.93,43.03,245247
2017-08-04 10:45:00,43.03,43.03,42.77,42.82,426236
2017-08-04 11:00:00,42.82,42.89,42.73,42.75,481731
2017-08-04 11:15:00,42.75,42.77,42.695,42.695,528637
2017-08-04 11:30:00,42.69,42.71,42.64,42.67,568986
2017-08-04 11:45:00,42.67,42.7,42.51,42.51,690514
2017-08-04 12:00:00,42.51,42.54,42.45,42.475,836079
2017-08-04 12:15:00,42.475,42.56,42.46,42.53,890063
2017-08-04 12:30:00,42.53,42.55,42.47,42.48,979457
2017-08-04 12:45:00,42.49,42.5,42.42,42.43,1079642
2017-08-04 13:00:00,42.42,42.43,42.33,42.34,1186229
2017-08-04 13:15:00,42.35,42.36,42.33,42.345,1242921
2017-08-04 13:30:00,42.35,42.39,42.295,42.35,1360007
2017-08-04 13:45:00,42.35,42.44,42.335,42.4303,1535694
2017-08-04 14:00:00,42.43,42.58,42.4,42.58,1730435
2017-08-04 14:15:00,42.58,42.58,42.46,42.47,1780768
2017-08-04 14:30:00,42.465,42.48,42.38,42.4,1826951
2017-08-04 14:45:00,42.41,42.51,42.405,42.48,1985781
2017-08-04 15:00:00,42.475,42.52,42.4499,42.45,2065995
2017-08-04 15:15:00,42.4555,42.48,42.44,42.45,2162999
2017-08-04 15:30:00,42.45,42.46,42.31,42.365,2257490
2017-08-04 15:45:00,42.365,42.38,42.31,42.31,2353739
2017-08-04 16:00:00,42.315,42.4,42.315,42.35,2748125
2017-08-07 09:45:00,42.5,42.63,42.33,42.38,37202
2017-08-07 10:00:00,42.36,42.4,42.29,42.35,76887
2017-08-07 10:15:00,42.36,42.52,42.35,42.45,124350
2017-08-07 10:30:00,42.46,42.47,42.26,42.26,163115
2017-08-07 10:45:00,42.26,42.28,42.18,42.199,198602
2017-08-07 11:00:00,42.199,42.26,42.085,42.09,266761
2017-08-07 11:15:00,42.09,42.1,41.92,41.925,332304
2017-08-07 11:30:00,41.93,41.94,41.83,41.91,408859
2017-08-07 11:45:00,41.91,42.1,41.91,42.05,443339
2017-08-07 12:00:00,42.055,42.11,42.0,42.08,503487
2017-08-07 12:15:00,42.075,42.2,42.075,42.185,570851
2017-08-07 12:30:00,42.19,42.37,42.18,42.36,668632
2017-08-07 12:45:00,42.36,42.475,42.36,42.365,781637
2017-08-07 13:00:00,42.365,42.39,42.335,42.365,841531
2017-08-07 13:15:00,42.365,42.405,42.35,42.365,888213
2017-08-07 13:30:00,42.36,42.41,42.35,42.4,918555
2017-08-07 13:45:00,42.39,42.46,42.39,42.455,959202
2017-08-07 14:00:00,42.45,42.45,42.43,42.43,981626
2017-08-07 14:15:00,42.43,42.725,42.43,42.705,1078972
2017-08-07 14:30:00,42.705,42.92,42.7,42.885,1281059
2017-08-07 14:45:00,42.88,42.93,42.82,42.875,1433923
2017-08-07 15:00:00,42.875,42.93,42.865,42.93,1567669
2017-08-07 15:15:00,42.925,43.025,42.915,43.015,1741792
2017-08-07 15:30:00,43.015,43.14,43.0,43.14,2000089
2017-08-07 15:45:00,43.13,43.145,43.02,43.02,2272257
2017-08-07 16:00:00,43.0253,43.1,43.01,43.08,2695294
2017-08-08 09:45:00,43.08,43.14,42.93,43.01,92736
2017-08-08 10:00:00,43.0,43.0,42.81,42.89,153997
2017-08-08 10:15:00,42.88,42.98,42.85,42.94,210001
2017-08-08 10:30:00,42.94,42.97,42.91,42.965,269848
2017-08-08 10:45:00,42.96,43.0,42.79,42.81,350417
2017-08-08 11:00:00,42.81,42.81,42.67,42.69,431758
2017-08-08 11:15:00,42.69,42.72,42.615,42.63,501182
2017-08-08 11:30:00,42.63,42.64,42.52,42.525,598816
2017-08-08 11:45:00,42.52,42.53,42.395,42.41,714697
2017-08-08 12:00:00,42.415,42.49,42.31,42.49,856094
2017-08-08 12:15:00,42.49,42.57,42.48,42.515,917761
2017-08-08 12:30:00,42.51,42.6,42.5,42.57,976951
2017-08-08 12:45:00,42.57,42.57,42.5,42.5,1013168
2017-08-08 13:00:00,42.5,42.5,42.38,42.4,1069239
2017-08-08 13:15:00,42.4,42.48,42.39,42.44,1109723
2017-08-08 13:30:00,42.44,42.46,42.35,42.36,1156915
2017-08-08 13:45:00,42.37,42.45,42.33,42.44,1210620
2017-08-08 14:00:00,42.43,42.43,42.38,42.41,1309338
2017-08-08 14:15:00,42.41,42.42,42.35,42.36,1345235
2017-08-08 14:30:00,42.36,42.465,42.36,42.44,1404554
2017-08-08 14:45:00,42.44,42.45,42.29,42.29,1471585
2017-08-08 15:00:00,42.29,42.29,42.185,42.2,1559447
2017-08-08 15:15:00,42.21,42.21,42.09,42.11,1651595
2017-08-08 15:30:00,42.1,42.11,41.84,41.88,1852602
2017-08-08 15:45:00,41.88,41.92,41.83,41.86,2065887
2017-08-08 16:00:00,41.865,41.98,41.865,41.94,2430956
2017-08-09 09:45:00,41.86,42.08,41.85,41.85,88437
2017-08-09 10:00:00,41.84,42.18,41.8,42.13,301627
2017-08-09 10:15:00,42.13,42.13,41.935,41.95,354088
2017-08-09 10:30:00,41.95,41.98,41.91,41.91,417424
2017-08-09 10:45:00,41.91,42.09,41.91,42.0,479364
2017-08-09 11:00:00,42.005,42.13,41.99,42.1,551970
2017-08-09 11:15:00,42.11,42.12,42.005,42.02,597589
2017-08-09 11:30:00,42.025,42.03,41.93,41.95,650547
2017-08-09 11:45:00,41.95,42.01,41.95,41.98,695919
2017-08-09 12:00:00,41.98,42.06,41.97,42.045,769072
2017-08-09 12:15:00,42.045,42.045,41.935,41.99,843163
2017-08-09 12:30:00,41.99,42.04,41.98,42.0,887630
2017-08-09 12:45:00,42.005,42.04,41.99,42.015,920058
2017-08-09 13:00:00,42.015,42.11,42.01,42.09,967158
2017-08-09 13:15:00,42.09,42.14,42.08,42.115,1022859
2017-08-09 13:30:00,42.11,42.3,42.1,42.29,1082490
2017-08-09 13:45:00,42.28,42.35,42.26,42.28,1144766
2017-08-09 14:00:00,42.28,42.28,42.18,42.2,1171691
2017-08-09 14:15:00,42.2,42.205,42.155,42.155,1208761
2017-08-09 14:30:00,42.15,42.19,42.13,42.165,1244868
2017-08-09 14:45:00,42.17,42.18,42.075,42.075,1283640
2017-08-09 15:00:00,42.085,42.15,42.075,42.09,1329245
2017-08-09 15:15:00,42.09,42.16,42.07,42.16,1376767
2017-08-09 15:30:00,42.155,42.23,42.15,42.21,1460817
2017-08-09 15:45:00,42.22,42.34,42.215,42.34,1599144
2017-08-09 16:00:00,42.34,42.39,42.33,42.38,2004636
2017-08-10 09:45:00,42.31,42.49,42.11,42.11,49228
2017-08-10 10:00:00,42.14,42.37,42.14,42.37,97010
2017-08-10 10:15:00,42.36,42.36,42.145,42.19,156575
2017-08-10 10:30:00,42.19,42.2,42.03,42.12,212236
2017-08-10 10:45:00,42.12,42.125,42.02,42.06,288027
2017-08-10 11:00:00,42.07,42.08,41.78,41.79,572770
2017-08-10 11:15:00,41.78,41.8,41.695,41.73,621298
2017-08-10 11:30:00,41.73,41.73,41.635,41.705,662271
2017-08-10 11:45:00,41.7,41.71,41.655,41.66,700297
2017-08-10 12:00:00,41.65,41.655,41.52,41.54,781265
2017-08-10 12:15:00,41.54,41.54,41.47,41.53,839717
2017-08-10 12:30:00,41.53,41.53,41.38,41.5,940078
2017-08-10 12:45:00,41.5,41.6,41.49,41.53,1022840
2017-08-10 13:00:00,41.53,41.55,41.485,41.5,1093378
2017-08-10 13:15:00,41.495,41.56,41.475,41.49,1184161
2017-08-10 13:30:00,41.48,41.485,41.41,41.43,1218172
2017-08-10 13:45:00,41.43,41.445,41.4,41.415,1261948
2017-08-10 14:00:00,41.415,41.47,41.41,41.47,1298301
2017-08-10 14:15:00,41.46,41.52,41.46,41.52,1351797
2017-08-10 14:30:00,41.52,41.54,41.47,41.47,1435921
2017-08-10 14:45:00,41.48,41.5,41.425,41.48,1500149
2017-08-10 15:00:00,41.48,41.49,41.41,41.415,1596884
2017-08-10 15:15:00,41.41,41.455,41.36,41.375,1665300
2017-08-10 15:30:00,41.37,41.385,41.28,41.29,1760054
2017-08-10 15:45:00,41.3,41.31,41.22,41.22,1930050
2017-08-10 16:00:00,41.22,41.23,41.15,41.17,2252251
2017-08-11 09:45:00,41.12,41.33,40.98,41.17,89262
2017-08-11 10:00:00,41.18,41.26,41.14,41.155,117378
2017-08-11 10:15:00,41.18,41.24,41.16,41.17,139748
2017-08-11 10:30:00,41.18,41.22,41.14,41.15,172190
2017-08-11 10:45:00,41.15,41.23,41.13,41.14,209077
2017-08-11 11:00:00,41.14,41.18,41.06,41.1,242453
2017-08-11 11:15:00,41.1,41.135,41.09,41.11,290003
2017-08-11 11:30:00,41.11,41.12,40.9,40.92,346014
2017-08-11 11:45:00,40.92,40.94,40.895,40.94,373339
2017-08-11 12:00:00,40.935,41.0,40.93,40.945,415540
2017-08-11 12:15:00,40.95,41.01,40.945,40.9799,454928
2017-08-11 12:30:00,40.975,41.02,40.9,40.92,494738
2017-08-11 12:45:00,40.92,40.925,40.88,40.91,514338
2017-08-11 13:00:00,40.9,40.92,40.86,40.87,542918
2017-08-11 13:15:00,40.88,40.9,40.87,40.87,558653
2017-08-11 13:30:00,40.88,40.91,40.87,40.87,579920
2017-08-11 13:45:00,40.875,40.88,40.83,40.86,610520
2017-08-11 14:00:00,40.85,40.86,40.775,40.79,648932
2017-08-11 14:15:00,40.79,40.88,40.785,40.88,677068
2017-08-11 14:30:00,40.88,40.92,40.82,40.835,714965
2017-08-11 14:45:00,40.83,40.83,40.76,40.78,751979
2017-08-11 15:00:00,40.79,40.82,40.74,40.77,786628
2017-08-11 15:15:00,40.77,40.86,40.77,40.8,830729
2017-08-11 15:30:00,40.805,40.825,40.77,40.81,889861
2017-08-11 15:45:00,40.805,40.83,40.77,40.77,1038401
2017-08-11 16:00:00,40.775,40.95,40.7703,40.8,1465564
2017-08-14 09:45:00,40.94,41.1,40.83,41.03,31245
2017-08-14 10:00:00,41.025,41.1,40.98,41.025,67168
2017-08-14 10:15:00,41.03,41.11,41.025,41.07,102865
2017-08-14 10:30:00,41.07,41.09,40.905,40.93,250338
2017-08-14 10:45:00,40.93,41.04,40.9,41.03,439943
2017-08-14 11:00:00,41.0356,41.19,41.0302,41.16,504609
2017-08-14 11:15:00,41.16,41.21,41.115,41.2,535312
2017-08-14 11:30:00,41.19,41.195,41.1,41.12,583707
2017-08-14 11:45:00,41.12,41.18,41.12,41.12,632053
2017-08-14 12:00:00,41.13,41.13,40.98,40.98,688247
2017-08-14 12:15:00,40.98,41.0425,40.935,41.0,901877
2017-08-14 12:30:00,41.01,41.03,40.97,40.98,935450
2017-08-14 12:45:00,40.9739,41.035,40.96,41.015,967925
2017-08-14 13:00:00,41.015,41.035,40.935,41.0,1102638
2017-08-14 13:15:00,41.0,41.0,40.97,40.99,1126240
2017-08-14 13:30:00,40.99,41.01,40.95,41.0,1153278
2017-08-14 13:45:00,41.0,41.0,40.96,40.97,1175190
2017-08-14 14:00:00,40.96,40.965,40.9,40.95,1318507
2017-08-14 14:15:00,40.96,40.98,40.89,40.905,1374824
2017-08-14 14:30:00,40.905,40.905,40.845,40.85,1406185
2017-08-14 14:45:00,40.845,40.87,40.84,40.85,1435033
2017-08-14 15:00:00,40.84,40.86,40.79,40.81,1469596
2017-08-14 15:15:00,40.81,40.88,40.79,40.875,1525590
2017-08-14 15:30:00,40.88,40.91,40.88,40.9,1584788
2017-08-14 15:45:00,40.895,40.915,40.84,40.87,1674337
2017-08-14 16:00:00,40.87,40.91,40.87,40.9,1931667
2017-08-15 09:45:00,40.79,40.79,40.61,40.75,60138
2017-08-15 10:00:00,40.75,40.78,40.68,40.76,95382
2017-08-15 10:15:00,40.76,40.8,40.69,40.75,159041
2017-08-15 10:30:00,40.75,40.76,40.7,40.73,206390
2017-08-15 10:45:00,40.73,40.78,40.66,40.75,247515
2017-08-15 11:00:00,40.74,40.82,40.72,40.81,277286
2017-08-15 11:15:00,40.8,40.99,40.8,40.98,314558
2017-08-15 11:30:00,40.98,41.01,40.96,40.995,371178
2017-08-15 11:45:00,40.99,41.04,40.985,40.99,428402
2017-08-15 12:00:00,40.99,41.02,40.97,41.0,464983
2017-08-15 12:15:00,41.0,41.02,40.99,41.02,494331
2017-08-15 12:30:00,41.02,41.06,41.005,41.06,531680
2017-08-15 12:45:00,41.07,41.07,40.93,40.97,558342
2017-08-15 13:00:00,40.98,40.98,40.95,40.97,572660
2017-08-15 13:15:00,40.96,40.96,40.91,40.95,603930
2017-08-15 13:30:00,40.95,40.98,40.91,40.93,623962
2017-08-15 13:45:00,40.92,40.96,40.88,40.89,646284
2017-08-15 14:00:00,40.88,40.92,40.875,40.9,665858
2017-08-15 14:15:00,40.9,40.9561,40.9,40.94,690613
2017-08-15 14:30:00,40.95,40.98,40.93,40.98,713946
2017-08-15 14:45:00,40.98,40.99,40.94,40.94,744796
2017-08-15 15:00:00,40.9401,40.97,40.91,40.95,768494
2017-08-15 15:15:00,40.95,40.98,40.935,40.965,807762
2017-08-15 15:30:00,40.9699,41.02,40.96,41.0,854219
2017-08-15 15:45:00,40.995,41.02,40.99,41.02,921262
2017-08-15 16:00:00,41.02,41.02,40.94,40.95,1112050
2017-08-16 09:45:00,40.94,41.07,40.74,40.74,64440
2017-08-16 10:00:00,40.745,40.81,40.605,40.77,134890
2017-08-16 10:15:00,40.785,40.84,40.47,40.585,324759
2017-08-16 10:30:00,40.585,40.655,40.56,40.62,406221
2017-08-16 10:45:00,40.62,40.7,40.615,40.675,562145
2017-08-16 11:00:00,40.675,40.7,40.57,40.64,622770
2017-08-16 11:15:00,40.635,40.67,40.59,40.62,659332
2017-08-16 11:30:00,40.61,40.67,40.57,40.59,701475
2017-08-16 11:45:00,40.59,40.6,40.5,40.5,747698
2017-08-16 12:00:00,40.51,40.55,40.459,40.535,785386
2017-08-16 12:15:00,40.535,40.535,40.48,40.51,811319
2017-08-16 12:30:00,40.5,40.51,40.47,40.48,830194
2017-08-16 12:45:00,40.49,40.51,40.45,40.46,877319
2017-08-16 13:00:00,40.46,40.47,40.35,40.38,914895
2017-08-16 13:15:00,40.38,40.43,40.35,40.37,951772
2017-08-16 13:30:00,40.38,40.42,40.37,40.41,989409
2017-08-16 13:45:00,40.415,40.42,40.37,40.38,1023668
2017-08-16 14:00:00,40.38,40.4,40.315,40.36,1090752
2017-08-16 14:15:00,40.36,40.48,40.36,40.48,1216273
2017-08-16 14:30:00,40.48,40.51,40.42,40.51,1271638
2017-08-16 14:45:00,40.5,40.505,40.455,40.4918,1314778
2017-08-16 15:00:00,40.495,40.55,40.475,40.485,1464084
2017-08-16 15:15:00,40.49,40.49,40.41,40.435,1584164
2017-08-16 15:30:00,40.435,40.47,40.41,40.45,1670674
2017-08-16 15:45:00,40.445,40.48,40.44,40.45,1802433
2017-08-16 16:00:00,40.45,40.47,40.38,40.46,2158535
2017-08-17 09:45:00,40.59,40.59,40.19,40.35,55245
2017-08-17 10:00:00,40.36,40.46,40.1,40.18,230761
2017-08-17 10:15:00,40.16,40.2,39.98,40.075,513516
2017-08-17 10:30:00,40.07,40.12,39.94,40.1,659171
2017-08-17 10:45:00,40.12,40.21,40.05,40.11,868872
2017-08-17 11:00:00,40.13,40.18,40.1,40.14,915927
2017-08-17 11:15:00,40.135,40.35,40.1,40.11,987137
2017-08-17 11:30:00,40.11,40.27,40.03,40.1,1083354
2017-08-17 11:45:00,40.105,40.1299,40.0,40.06,1181878
2017-08-17 12:00:00,40.07,40.15,40.035,40.125,1241452
2017-08-17 12:15:00,40.125,40.195,40.05,40.08,1277473
2017-08-17 12:30:00,40.07,40.13,40.02,40.13,1322348
2017-08-17 12:45:00,40.13,40.1425,40.04,40.07,1363545
2017-08-17 13:00:00,40.065,40.13,40.055,40.08,1431455
2017-08-17 13:15:00,40.09,40.11,40.02,40.03,1495330
2017-08-17 13:30:00,40.04,40.09,40.02,40.04,1553492
2017-08-17 13:45:00,40.04,40.12,40.02,40.08,1623599
2017-08-17 14:00:00,40.08,40.1,40.045,40.06,1703159
2017-08-17 14:15:00,40.06,40.08,40.01,40.055,1833304
2017-08-17 14:30:00,40.055,40.16,40.04,40.155,1928904
2017-08-17 14:45:00,40.15,40.21,40.1,40.1,2000707
2017-08-17 15:00:00,40.11,40.14,40.05,40.05,2058360
2017-08-17 15:15:00,40.05,40.19,40.0,40.19,2249877
2017-08-17 15:30:00,40.18,40.18,40.055,40.12,2378138
2017-08-17 15:45:00,40.11,40.13,40.04,40.05,2541227
2017-08-17 16:00:00,40.055,40.16,39.99,40.03,3013721
2017-08-18 09:45:00,39.9,40.02,39.76,39.81,116916
2017-08-18 10:00:00,39.82,39.92,39.78,39.88,201290
2017-08-18 10:15:00,39.89,39.94,39.67,39.71,252353
2017-08-18 10:30:00,39.7,39.76,39.63,39.64,312522
2017-08-18 10:45:00,39.64,39.7,39.54,39.565,361485
2017-08-18 11:00:00,39.56,39.57,39.5,39.565,398472
2017-08-18 11:15:00,39.58,39.58,39.45,39.49,443673
2017-08-18 11:30:00,39.49,39.62,39.49,39.59,496604
2017-08-18 11:45:00,39.59,39.74,39.59,39.73,601141
2017-08-18 12:00:00,39.74,39.895,39.725,39.83,671978
2017-08-18 12:15:00,39.835,39.835,39.715,39.765,751287
2017-08-18 12:30:00,39.77,39.82,39.725,39.75,794792
2017-08-18 12:45:00,39.74,39.9,39.735,39.83,835340
2017-08-18 13:00:00,39.84,39.89,39.77,39.77,876164
2017-08-18 13:15:00,39.77,39.78,39.7175,39.75,909604
2017-08-18 13:30:00,39.75,39.75,39.65,39.68,938934
2017-08-18 13:45:00,39.68,39.72,39.65,39.7,987069
2017-08-18 14:00:00,39.69,39.71,39.63,39.64,1033623
2017-08-18 14:15:00,39.64,39.7,39.64,39.68,1073909
2017-08-18 14:30:00,39.67,39.77,39.67,39.75,1123720
2017-08-18 14:45:00,39.75,39.75,39.7,39.71,1160179
2017-08-18 15:00:00,39.72,39.72,39.66,39.69,1218165
2017-08-18 15:15:00,39.685,39.72,39.675,39.7,1260448
2017-08-18 15:30:00,39.69,39.7,39.655,39.685,1323078
2017-08-18 15:45:00,39.69,39.75,39.68,39.69,1424290
2017-08-18 16:00:00,39.685,39.72,39.64,39.65,1663641
2017-08-21 09:45:00,39.66,39.66,39.42,39.52,56808
2017-08-21 10:00:00,39.52,39.63,39.51,39.61,141195
2017-08-21 10:15:00,39.61,39.62,39.49,39.5175,197611
2017-08-21 10:30:00,39.51,39.54,39.43,39.46,260730
2017-08-21 10:45:00,39.46,39.49,39.41,39.42,302956
2017-08-21 11:00:00,39.42,39.57,39.42,39.52,357227
2017-08-21 11:15:00,39.53,39.5354,39.41,39.47,409129
2017-08-21 11:30:00,39.46,39.48,39.34,39.355,468708
2017-08-21 11:45:00,39.36,39.38,39.29,39.359,516166
2017-08-21 12:00:00,39.36,39.45,39.33,39.43,549068
2017-08-21 12:15:00,39.42,39.49,39.4,39.4,583670
2017-08-21 12:30:00,39.39,39.48,39.38,39.455,629725
2017-08-21 12:45:00,39.4541,39.455,39.385,39.39,651307
2017-08-21 13:00:00,39.39,39.395,39.35,39.375,673159
2017-08-21 13:15:00,39.375,39.42,39.37,39.38,712364
2017-08-21 13:30:00,39.38,39.41,39.375,39.38,735600
2017-08-21 13:45:00,39.38,39.38,39.28,39.3,770379
2017-08-21 14:00:00,39.3,39.305,39.22,39.23,806933
2017-08-21 14:15:00,39.235,39.28,39.21,39.255,851645
2017-08-21 14:30:00,39.26,39.27,39.1875,39.23,901791
2017-08-21 14:45:00,39.225,39.33,39.205,39.31,942585
2017-08-21 15:00:00,39.3,39.34,39.265,39.29,976441
2017-08-21 15:15:00,39.285,39.285,39.245,39.275,1052427
2017-08-21 15:30:00,39.275,39.42,39.27,39.355,1133140
2017-08-21 15:45:00,39.35,39.4,39.34,39.36,1242044
2017-08-21 16:00:00,39.365,39.38,39.33,39.35,1450341
2017-08-22 09:45:00,39.11,39.37,39.11,39.33,54302
2017-08-22 10:00:00,39.34,39.43,39.22,39.37,99911
2017-08-22 10:15:00,39.37,39.42,39.275,39.38,142230
2017-08-22 10:30:00,39.38,39.38,39.25,39.28,170800
2017-08-22 10:45:00,39.28,39.33,39.23,39.33,197772
2017-08-22 11:00:00,39.33,39.47,39.33,39.47,240349
2017-08-22 11:15:00,39.475,39.475,39.265,39.305,323243
2017-08-22 11:30:00,39.305,39.36,39.295,39.33,358278
2017-08-22 11:45:00,39.335,39.515,39.23,39.44,705294
2017-08-22 12:00:00,39.43,39.44,39.365,39.39,746035
2017-08-22 12:15:00,39.39,39.47,39.35,39.455,793825
2017-08-22 12:30:00,39.46,39.58,39.455,39.555,865932
2017-08-22 12:45:00,39.55,39.6,39.525,39.6,916141
2017-08-22 13:00:00,39.595,39.63,39.565,39.62,946618
2017-08-22 13:15:00,39.63,39.65,39.525,39.575,988653
2017-08-22 13:30:00,39.575,39.595,39.53,39.57,1018910
2017-08-22 13:45:00,39.565,39.62,39.545,39.59,1049455
2017-08-22 14:00:00,39.59,39.63,39.565,39.57,1091383
2017-08-22 14:15:00,39.58,39.58,39.5,39.545,1134776
2017-08-22 14:30:00,39.54,39.6299,39.535,39.545,1207773
2017-08-22 14:45:00,39.56,39.61,39.5,39.55,1357578
2017-08-22 15:00:00,39.55,39.6,39.47,39.57,1563399
2017-08-22 15:15:00,39.57,39.7,39.53,39.65,1653008
2017-08-22 15:30:00,39.65,39.695,39.635,39.67,1693742
2017-08-22 15:45:00,39.665,39.71,39.64,39.7099,1770404
2017-08-22 16:00:00,39.71,39.75,39.68,39.69,1942226
2017-08-23 09:45:00,39.28,39.45,39.04,39.07,107529
2017-08-23 10:00:00,39.08,39.21,38.98,39.14,209801
2017-08-23 10:15:00,39.145,39.2,39.045,39.16,308948
2017-08-23 10:30:00,39.15,39.21,39.11,39.21,390203
2017-08-23 10:45:00,39.21,39.31,39.135,39.21,458488
2017-08-23 11:00:00,39.205,39.23,39.04,39.05,544621
2017-08-23 11:15:00,39.055,39.095,38.76,38.835,1254016
2017-08-23 11:30:00,38.835,38.835,38.64,38.665,1445910
2017-08-23 11:45:00,38.665,38.88,38.665,38.865,1549101
2017-08-23 12:00:00,38.865,38.88,38.8,38.86,1719744
2017-08-23 12:15:00,38.86,38.86,38.805,38.84,1804857
2017-08-23 12:30:00,38.845,39.015,38.84,38.995,1936983
2017-08-23 12:45:00,38.995,39.0156,38.92,38.94,1980820
2017-08-23 13:00:00,38.93,39.02,38.93,38.995,2048579
2017-08-23 13:15:00,38.995,39.1,38.99,39.07,2109977
2017-08-23 13:30:00,39.06,39.09,39.03,39.07,2164785
2017-08-23 13:45:00,39.075,39.12,39.04,39.09,2216826
2017-08-23 14:00:00,39.09,39.16,39.07,39.105,2276109
2017-08-23 14:15:00,39.105,39.11,39.04,39.06,2340431
2017-08-23 14:30:00,39.06,39.08,39.01,39.04,2428495
2017-08-23 14:45:00,39.04,39.08,39.04,39.07,2479911
2017-08-23 15:00:00,39.065,39.15,39.06,39.115,2817439
2017-08-23 15:15:00,39.11,39.13,39.05,39.065,2889013
2017-08-23 15:30:00,39.06,39.07,39.03,39.05,2987841
2017-08-23 15:45:00,39.05,39.08,39.04,39.04,3104527
2017-08-23 16:00:00,39.04,39.09,39.0,39.05,3461638
2017-08-24 09:45:00,39.08,39.21,39.0,39.16,44750
2017-08-24 10:00:00,39.17,39.275,39.17,39.26,117203
2017-08-24 10:15:00,39.26,39.265,39.19,39.23,214245
2017-08-24 10:30:00,39.23,39.275,39.195,39.24,267352
2017-08-24 10:45:00,39.25,39.3,39.19,39.26,353998
2017-08-24 11:00:00,39.2557,39.2557,39.2,39.2,383582
2017-08-24 11:15:00,39.2052,39.245,39.19,39.215,434136
2017-08-24 11:30:00,39.21,39.23,39.19,39.21,498313
2017-08-24 11:45:00,39.21,39.21,39.11,39.13,614058
2017-08-24 12:00:00,39.14,39.18,39.09,39.17,693666
2017-08-24 12:15:00,39.17,39.22,39.145,39.185,750203
2017-08-24 12:30:00,39.18,39.215,39.17,39.2,792865
2017-08-24 12:45:00,39.21,39.24,39.19,39.24,821601
2017-08-24 13:00:00,39.235,39.25,39.2,39.215,848820
2017-08-24 13:15:00,39.21,39.355,39.195,39.355,883016
2017-08-24 13:30:00,39.36,39.4,39.3,39.31,910119
2017-08-24 13:45:00,39.29,39.31,39.24,39.28,941892
2017-08-24 14:00:00,39.29,39.35,39.285,39.33,982654
2017-08-24 14:15:00,39.33,39.34,39.21,39.2171,1035103
2017-08-24 14:30:00,39.22,39.3,39.22,39.285,1106806
2017-08-24 14:45:00,39.285,39.315,39.215,39.224,1161606
2017-08-24 15:00:00,39.225,39.24,39.135,39.215,1231071
2017-08-24 15:15:00,39.22,39.23,39.18,39.225,1294569
2017-08-24 15:30:00,39.23,39.25,39.205,39.21,1373198
2017-08-24 15:45:00,39.215,39.27,39.2,39.23,1487540
2017-08-24 16:00:00,39.24,39.29,39.22,39.26,1810147
2017-08-25 09:45:00,39.39,39.45,39.33,39.385,39588
2017-08-25 10:00:00,39.39,39.49,39.36,39.37,135226
2017-08-25 10:15:00,39.35,39.435,39.345,39.375,166836
2017-08-25 10:30:00,39.38,39.42,39.38,39.41,202246
2017-08-25 10:45:00,39.42,39.44,39.39,39.41,233517
2017-08-25 11:00:00,39.42,39.43,39.32,39.34,255906
2017-08-25 11:15:00,39.34,39.395,39.335,39.35,326145
2017-08-25 11:30:00,39.35,39.38,39.345,39.35,464141
2017-08-25 11:45:00,39.35,39.42,39.34,39.395,511874
2017-08-25 12:00:00,39.39,39.44,39.375,39.38,577683
2017-08-25 12:15:00,39.38,39.575,39.38,39.56,608835
2017-08-25 12:30:00,39.55,39.64,39.52,39.61,646661
2017-08-25 12:45:00,39.6,39.61,39.53,39.53,681499
2017-08-25 13:00:00,39.52,39.57,39.5,39.54,726127
2017-08-25 13:15:00,39.5343,39.56,39.5343,39.555,735875
2017-08-25 13:30:00,39.555,39.575,39.54,39.565,791853
2017-08-25 13:45:00,39.56,39.57,39.53,39.545,832732
2017-08-25 14:00:00,39.545,39.55,39.5,39.51,873661
2017-08-25 14:15:00,39.515,39.52,39.49,39.5068,911261
2017-08-25 14:30:00,39.5,39.515,39.47,39.515,943168
2017-08-25 14:45:00,39.51,39.52,39.5,39.5,960074
2017-08-25 15:00:00,39.505,39.585,39.5,39.57,1012475
2017-08-25 15:15:00,39.565,39.585,39.525,39.545,1074198
2017-08-25 15:30:00,39.55,39.56,39.53,39.54,1110836
2017-08-25 15:45:00,39.54,39.54,39.48,39.49,1194445
2017-08-25 16:00:00,39.49,39.5,39.47,39.485,1395758
2017-08-28 09:45:00,39.59,39.59,39.36,39.49,46749
2017-08-28 10:00:00,39.5,39.51,39.35,39.355,79729
2017-08-28 10:15:00,39.36,39.43,39.24,39.25,104106
2017-08-28 10:30:00,39.265,39.37,39.18,39.24,191101
2017-08-28 10:45:00,39.235,39.25,39.14,39.14,235576
2017-08-28 11:00:00,39.14,39.27,39.13,39.27,297255
2017-08-28 11:15:00,39.27,39.3,39.23,39.23,368858
2017-08-28 11:30:00,39.23,39.31,39.175,39.31,453992
2017-08-28 11:45:00,39.32,39.36,39.3,39.33,485125
2017-08-28 12:00:00,39.33,39.37,39.31,39.355,515049
2017-08-28 12:15:00,39.36,39.365,39.315,39.33,547024
2017-08-28 12:30:00,39.33,39.365,39.31,39.365,583681
2017-08-28 12:45:00,39.36,39.38,39.315,39.33,611126
2017-08-28 13:00:00,39.33,39.37,39.33,39.365,639987
2017-08-28 13:15:00,39.36,39.375,39.34,39.34,657593
2017-08-28 13:30:00,39.34,39.35,39.25,39.2746,767375
2017-08-28 13:45:00,39.275,39.29,39.22,39.26,808958
2017-08-28 14:00:00,39.27,39.3,39.21,39.24,849826
2017-08-28 14:15:00,39.24,39.27,39.225,39.235,901648
2017-08-28 14:30:00,39.235,39.27,39.21,39.23,940395
2017-08-28 14:45:00,39.23,39.245,39.2,39.245,987370
2017-08-28 15:00:00,39.24,39.25,39.2,39.205,1029945
2017-08-28 15:15:00,39.205,39.235,39.19,39.215,1098842
2017-08-28 15:30:00,39.22,39.305,39.215,39.3,1137877
2017-08-28 15:45:00,39.31,39.365,39.3,39.36,1202313
2017-08-28 16:00:00,39.36,39.37,39.315,39.35,1353863
2017-08-29 09:45:00,39.19,39.27,39.09,39.16,46471
2017-08-29 10:00:00,39.165,39.19,39.09,39.14,78208
2017-08-29 10:15:00,39.15,39.21,39.05,39.09,118857
2017-08-29 10:30:00,39.09,39.18,39.065,39.15,160571
2017-08-29 10:45:00,39.16,39.27,39.15,39.22,213061
2017-08-29 11:00:00,39.22,39.22,39.13,39.17,245730
2017-08-29 11:15:00,39.16,39.17,39.07,39.075,281313
2017-08-29 11:30:00,39.075,39.08,39.04,39.06,323360
2017-08-29 11:45:00,39.06,39.17,39.0,39.01,391309
2017-08-29 12:00:00,39.01,39.11,39.0,39.055,438766
2017-08-29 12:15:00,39.06,39.1,39.055,39.065,457102
2017-08-29 12:30:00,39.065,39.09,39.04,39.04,496209
2017-08-29 12:45:00,39.045,39.08,39.045,39.075,517966
2017-08-29 13:00:00,39.07,39.12,39.0,39.1,656016
2017-08-29 13:15:00,39.09,39.12,39.07,39.07,676045
2017-08-29 13:30:00,39.08,39.1001,39.05,39.08,720145
2017-08-29 13:45:00,39.08,39.115,39.05,39.05,796755
2017-08-29 14:00:00,39.05,39.09,39.03,39.06,853724
2017-08-29 14:15:00,39.06,39.09,39.06,39.065,905119
2017-08-29 14:30:00,39.0753,39.115,39.06,39.09,968967
2017-08-29 14:45:00,39.08,39.085,39.06,39.075,1011069
2017-08-29 15:00:00,39.075,39.085,38.97,39.03,1636303
2017-08-29 15:15:00,39.04,39.1,38.935,39.09,1783038
2017-08-29 15:30:00,39.085,39.095,39.05,39.05,1878954
2017-08-29 15:45:00,39.05,39.09,39.045,39.07,1937208
2017-08-29 16:00:00,39.07,39.08,39.05,39.065,2134953
2017-08-30 09:45:00,39.09,39.14,38.92,38.93,124020
2017-08-30 10:00:00,38.925,38.95,38.67,38.82,290021
2017-08-30 10:15:00,38.82,38.84,38.53,38.66,478247
2017-08-30 10:30:00,38.67,38.69,38.53,38.62,548160
2017-08-30 10:45:00,38.62,38.66,38.56,38.64,610194
2017-08-30 11:00:00,38.64,38.7,38.57,38.635,698400
2017-08-30 11:15:00,38.645,38.685,38.61,38.62,747332
2017-08-30 11:30:00,38.61,38.62,38.43,38.48,826987
2017-08-30 11:45:00,38.5,38.57,38.495,38.53,872144
2017-08-30 12:00:00,38.54,38.56,38.51,38.535,907864
2017-08-30 12:15:00,38.535,38.7356,38.535,38.665,1082898
2017-08-30 12:30:00,38.665,38.77,38.64,38.75,1282594
2017-08-30 12:45:00,38.74,38.98,38.74,38.95,1458167
2017-08-30 13:00:00,38.95,38.95,38.77,38.83,1680695
2017-08-30 13:15:00,38.83,38.85,38.8,38.83,1756032
2017-08-30 13:30:00,38.825,38.87,38.81,38.851,1796582
2017-08-30 13:45:00,38.85,38.85,38.81,38.83,1830695
2017-08-30 14:00:00,38.83,38.96,38.82,38.93,1896813
2017-08-30 14:15:00,38.93,39.01,38.9,38.9,2249200
2017-08-30 14:30:00,38.89,38.979,38.87,38.96,2317727
2017-08-30 14:45:00,38.95,38.958,38.86,38.86,2378021
2017-08-30 15:00:00,38.865,38.89,38.805,38.87,2436679
2017-08-30 15:15:00,38.865,38.865,38.77,38.79,2519478
2017-08-30 15:30:00,38.7962,38.81,38.75,38.8,2613296
2017-08-30 15:45:00,38.795,38.88,38.79,38.87,2874252
2017-08-30 16:00:00,38.88,38.91,38.83,38.885,3215733
2017-08-31 09:45:00,38.91,39.09,38.83,39.09,133798
2017-08-31 10:00:00,39.11,39.14,38.98,38.98,185079
2017-08-31 10:15:00,38.97,39.02,38.93,38.98,233252
2017-08-31 10:30:00,38.97,38.975,38.815,38.87,362030
2017-08-31 10:45:00,38.865,39.01,38.81,39.005,435413
2017-08-31 11:00:00,39.01,39.11,38.985,39.04,486118
2017-08-31 11:15:00,39.03,39.17,39.03,39.07,579018
2017-08-31 11:30:00,39.06,39.09,39.005,39.09,755056
2017-08-31 11:45:00,39.09,39.2,39.03,39.2,817289
2017-08-31 12:00:00,39.195,39.23,39.16,39.16,883257
2017-08-31 12:15:00,39.16,39.16,39.08,39.09,923711
2017-08-31 12:30:00,39.09,39.12,39.07,39.09,957456
2017-08-31 12:45:00,39.1,39.15,39.08,39.13,985857
2017-08-31 13:00:00,39.13,39.13,39.08,39.105,1020574
2017-08-31 13:15:00,39.105,39.105,38.96,39.025,1111145
2017-08-31 13:30:00,39.03,39.045,38.88,38.88,1175813
2017-08-31 13:45:00,38.89,38.95,38.88,38.95,1237405
2017-08-31 14:00:00,38.95,38.95,38.9,38.9,1289826
2017-08-31 14:15:00,38.9,38.92,38.87,38.915,1349810
2017-08-31 14:30:00,38.915,38.95,38.915,38.94,1404099
2017-08-31 14:45:00,38.945,38.97,38.94,38.965,1447002
2017-08-31 15:00:00,38.965,38.97,38.895,38.92,1550242
2017-08-31 15:15:00,38.92,38.93,38.82,38.85,1676040
2017-08-31 15:30:00,38.85,38.92,38.85,38.875,1815602
2017-08-31 15:45:00,38.875,38.88,38.85,38.85,2032425
2017-08-31 16:00:00,38.85,38.88,38.785,38.85,2675264
2017-09-01 09:45:00,38.92,39.02,38.81,38.97,83317
2017-09-01 10:00:00,38.96,39.1,38.9,39.05,182324
2017-09-01 10:15:00,39.04,39.135,39.0,39.08,230727
2017-09-01 10:30:00,39.08,39.21,39.02,39.21,295660
2017-09-01 10:45:00,39.23,39.305,39.135,39.19,377016
2017-09-01 11:00:00,39.195,39.29,39.185,39.28,461456
2017-09-01 11:15:00,39.28,39.32,39.23,39.255,516341
2017-09-01 11:30:00,39.255,39.33,39.25,39.265,552352
2017-09-01 11:45:00,39.27,39.35,39.26,39.33,605855
2017-09-01 12:00:00,39.34,39.44,39.33,39.4,675902
2017-09-01 12:15:00,39.4,39.4,39.29,39.29,712118
2017-09-01 12:30:00,39.29,39.38,39.28,39.33,758868
2017-09-01 12:45:00,39.34,39.36,39.32,39.35,796460
2017-09-01 13:00:00,39.35,39.45,39.35,39.405,850608
2017-09-01 13:15:00,39.41,39.4599,39.39,39.42,924286
2017-09-01 13:30:00,39.425,39.43,39.39,39.4,980168
2017-09-01 13:45:00,39.4099,39.43,39.36,39.41,1064884
2017-09-01 14:00:00,39.41,39.48,39.41,39.435,1163106
2017-09-01 14:15:00,39.44,39.485,39.35,39.35,1217512
2017-09-01 14:30:00,39.355,39.44,39.355,39.4399,1283632
2017-09-01 14:45:00,39.4399,39.44,39.35,39.355,1363959
2017-09-01 15:00:00,39.35,39.42,39.35,39.37,1469939
2017-09-01 15:15:00,39.37,39.43,39.365,39.425,1521738
2017-09-01 15:30:00,39.425,39.43,39.39,39.395,1593010
2017-09-01 15:45:00,39.395,39.45,39.38,39.45,1694585
2017-09-01 16:00:00,39.445,39.52,39.41,39.51,2154229
2017-09-05 09:45:00,39.45,39.7,39.24,39.36,70243
2017-09-05 10:00:00,39.33,39.33,39.15,39.25,113868
2017-09-05 10:15:00,39.25,39.27,39.08,39.15,168856
2017-09-05 10:30:00,39.16,39.25,39.125,39.14,191885
2017-09-05 10:45:00,39.13,39.24,39.12,39.15,207558
2017-09-05 11:00:00,39.16,39.24,39.14,39.17,227860
2017-09-05 11:15:00,39.16,39.23,39.13,39.19,258486
2017-09-05 11:30:00,39.19,39.27,39.135,39.15,285993
2017-09-05 11:45:00,39.14,39.15,39.1,39.1,316568
2017-09-05 12:00:00,39.09,39.09,39.0,39.01,360983
2017-09-05 12:15:00,39.01,39.125,39.01,39.1,416482
2017-09-05 12:30:00,39.1,39.11,38.96,38.96,464259
2017-09-05 12:45:00,38.95,38.96,38.83,38.83,498381
2017-09-05 13:00:00,38.82,38.83,38.79,38.8,524036
2017-09-05 13:15:00,38.8,38.805,38.75,38.76,558677
2017-09-05 13:30:00,38.76,38.825,38.75,38.77,586157
2017-09-05 13:45:00,38.765,38.83,38.75,38.79,624026
2017-09-05 14:00:00,38.78,38.8,38.76,38.785,652426
2017-09-05 14:15:00,38.79,38.84,38.79,38.83,683962
2017-09-05 14:30:00,38.82,38.83,38.78,38.81,731881
2017-09-05 14:45:00,38.82,38.85,38.77,38.78,768570
2017-09-05 15:00:00,38.78,38.82,38.77,38.82,815561
2017-09-05 15:15:00,38.82,38.83,38.76,38.81,870549
2017-09-05 15:30:00,38.81,38.83,38.76,38.8,939063
2017-09-05 15:45:00,38.795,38.83,38.77,38.79,1015308
2017-09-05 16:00:00,38.78,38.84,38.78,38.83,1220963
2017-09-06 09:45:00,38.98,39.01,38.89,38.905,39039
2017-09-06 10:00:00,38.91,39.02,38.88,38.91,66313
2017-09-06 10:15:00,38.93,39.12,38.93,39.0,101548
2017-09-06 10:30:00,39.005,39.02,38.97,38.99,157972
2017-09-06 10:45:00,39.0,39.12,38.97,39.09,202420
2017-09-06 11:00:00,39.09,39.185,39.04,39.16,242624
2017-09-06 11:15:00,39.16,39.235,39.04,39.08,296874
2017-09-06 11:30:00,39.08,39.15,39.07,39.15,320262
2017-09-06 11:45:00,39.16,39.17,39.08,39.08,345205
2017-09-06 12:00:00,39.08,39.18,39.07,39.17,384192
2017-09-06 12:15:00,39.16,39.16,39.08,39.11,404734
2017-09-06 12:30:00,39.11,39.11,39.06,39.095,430582
2017-09-06 12:45:00,39.095,39.15,39.069,39.15,450223
2017-09-06 13:00:00,39.15,39.17,39.11,39.12,472952
2017-09-06 13:15:00,39.13,39.14,39.07,39.07,496338
2017-09-06 13:30:00,39.0799,39.08,39.03,39.075,525411
2017-09-06 13:45:00,39.07,39.12,39.07,39.11,549629
2017-09-06 14:00:00,39.11,39.13,39.09,39.095,564666
2017-09-06 14:15:00,39.095,39.14,39.095,39.11,586868
2017-09-06 14:30:00,39.105,39.13,39.09,39.1,608201
2017-09-06 14:45:00,39.1,39.12,39.09,39.09,626434
2017-09-06 15:00:00,39.08,39.105,39.06,39.065,660412
2017-09-06 15:15:00,39.06,39.06,39.0,39.045,686828
2017-09-06 15:30:00,39.04,39.07,39.035,39.045,716718
2017-09-06 15:45:00,39.04,39.045,38.98,39.0,792463
2017-09-06 16:00:00,39.0,39.005,38.945,38.99,926534
2017-09-07 09:45:00,38.69,39.08,38.69,38.98,99162
2017-09-07 10:00:00,38.98,38.99,38.85,38.92,130846
2017-09-07 10:15:00,38.9299,38.9375,38.86,38.93,156864
2017-09-07 10:30:00,38.92,38.985,38.79,38.81,195641
2017-09-07 10:45:00,38.795,38.835,38.775,38.82,242942
2017-09-07 11:00:00,38.82,38.9,38.79,38.89,306543
2017-09-07 11:15:00,38.89,38.9,38.83,38.8933,331803
2017-09-07 11:30:00,38.89,38.9,38.74,38.76,356732
2017-09-07 11:45:00,38.76,38.765,38.71,38.74,376492
2017-09-07 12:00:00,38.74,38.78,38.695,38.76,429158
2017-09-07 12:15:00,38.765,38.765,38.695,38.735,476550
2017-09-07 12:30:00,38.74,38.75,38.73,38.7499,506270
2017-09-07 12:45:00,38.75,38.75,38.695,38.7,551563
2017-09-07 13:00:00,38.71,38.74,38.7,38.72,564559
2017-09-07 13:15:00,38.73,38.79,38.73,38.79,590319
2017-09-07 13:30:00,38.79,38.79,38.695,38.76,641308
2017-09-07 13:45:00,38.76,38.765,38.7,38.71,662122
2017-09-07 14:00:00,38.72,38.735,38.7,38.72,715235
2017-09-07 14:15:00,38.715,38.73,38.7,38.725,741417
2017-09-07 14:30:00,38.72,38.73,38.7,38.71,776240
2017-09-07 14:45:00,38.71,38.76,38.69,38.725,872963
2017-09-07 15:00:00,38.725,38.73,38.7,38.715,947267
2017-09-07 15:15:00,38.71,38.72,38.69,38.71,1020885
2017-09-07 15:30:00,38.72,38.73,38.69,38.7,1172510
2017-09-07 15:45:00,38.7,38.71,38.55,38.575,1495838
2017-09-07 16:00:00,38.57,38.605,38.52,38.56,1725740
2017-09-08 09:45:00,38.36,38.37,38.07,38.27,80126
2017-09-08 10:00:00,38.29,38.35,38.19,38.32,147017
2017-09-08 10:15:00,38.32,38.36,38.22,38.3425,211245
2017-09-08 10:30:00,38.34,38.38,38.27,38.34,259559
2017-09-08 10:45:00,38.33,38.435,38.32,38.42,298144
2017-09-08 11:00:00,38.415,38.46,38.385,38.46,338507
2017-09-08 11:15:00,38.465,38.53,38.445,38.515,371947
2017-09-08 11:30:00,38.51,38.57,38.48,38.5694,389161
2017-09-08 11:45:00,38.565,38.59,38.55,38.55,414739
2017-09-08 12:00:00,38.56,38.56,38.521,38.53,429490
2017-09-08 12:15:00,38.53,38.53,38.445,38.49,448609
2017-09-08 12:30:00,38.5,38.54,38.5,38.54,461971
2017-09-08 12:45:00,38.54,38.54,38.49,38.49,475824
2017-09-08 13:00:00,38.5,38.515,38.47,38.505,490431
2017-09-08 13:15:00,38.505,38.51,38.48,38.49,521013
2017-09-08 13:30:00,38.485,38.49,38.45,38.45,542047
2017-09-08 13:45:00,38.45,38.47,38.42,38.47,568236
2017-09-08 14:00:00,38.47,38.5099,38.46,38.505,584077
2017-09-08 14:15:00,38.5,38.51,38.465,38.4725,613554
2017-09-08 14:30:00,38.47,38.52,38.47,38.5,647230
2017-09-08 14:45:00,38.5,38.52,38.485,38.4933,707284
2017-09-08 15:00:00,38.49,38.5,38.465,38.495,731322
2017-09-08 15:15:00,38.49,38.515,38.475,38.48,776610
2017-09-08 15:30:00,38.4825,38.51,38.435,38.5,840270
2017-09-08 15:45:00,38.49,38.5,38.455,38.5,910155
2017-09-08 16:00:00,38.495,38.51,38.445,38.475,1209987
2017-09-11 09:45:00,38.75,38.75,38.5,38.73,32883
2017-09-11 10:00:00,38.72,38.755,38.68,38.7025,68026
2017-09-11 10:15:00,38.7,38.81,38.68,38.77,113334
2017-09-11 10:30:00,38.77,38.78,38.695,38.71,172264
2017-09-11 10:45:00,38.71,38.81,38.71,38.81,245654
2017-09-11 11:00:00,38.81,38.9,38.8,38.895,286651
2017-09-11 11:15:00,38.9,38.91,38.85,38.88,356722
2017-09-11 11:30:00,38.885,38.915,38.84,38.87,414392
2017-09-11 11:45:00,38.875,38.9,38.86,38.8759,444821
2017-09-11 12:00:00,38.88,38.93,38.88,38.895,470913
2017-09-11 12:15:00,38.89,38.91,38.84,38.901,512087
2017-09-11 12:30:00,38.9,39.01,38.9,38.99,615235
2017-09-11 12:45:00,38.985,39.01,38.95,38.985,639356
2017-09-11 13:00:00,38.99,39.01,38.975,39.0,669514
2017-09-11 13:15:00,39.0,39.04,39.0,39.0,696415
2017-09-11 13:30:00,39.0,39.0,38.96,38.975,725254
2017-09-11 13:45:00,38.9725,39.01,38.965,39.0,760802
2017-09-11 14:00:00,38.99,39.01,38.99,38.995,791547
2017-09-11 14:15:00,39.0,39.01,38.99,39.0,830286
2017-09-11 14:30:00,39.0,39.02,38.99,39.0,863080
2017-09-11 14:45:00,39.0,39.04,38.99,39.005,901723
2017-09-11 15:00:00,39.005,39.01,38.955,38.955,943292
2017-09-11 15:15:00,38.955,38.96,38.94,38.96,987599
2017-09-11 15:30:00,38.96,38.98,38.95,38.975,1035467
2017-09-11 15:45:00,38.975,39.0,38.95,38.96,1125458
2017-09-11 16:00:00,38.97,39.01,38.96,38.99,1307980
2017-09-12 09:45:00,39.1,39.275,39.02,39.24,40357
2017-09-12 10:00:00,39.25,39.33,39.25,39.305,68530
2017-09-12 10:15:00,39.305,39.555,39.305,39.54,106845
2017-09-12 10:30:00,39.53,39.65,39.53,39.6,156706
2017-09-12 10:45:00,39.61,39.63,39.56,39.59,191312
2017-09-12 11:00:00,39.59,39.6,39.39,39.4,234134
2017-09-12 11:15:00,39.395,39.395,39.33,39.33,255914
2017-09-12 11:30:00,39.33,39.33,39.27,39.285,280651
2017-09-12 11:45:00,39.285,39.29,39.26,39.285,308887
2017-09-12 12:00:00,39.295,39.37,39.265,39.36,333077
2017-09-12 12:15:00,39.37,39.43,39.36,39.39,360550
2017-09-12 12:30:00,39.3932,39.44,39.39,39.41,384289
2017-09-12 12:45:00,39.42,39.43,39.4,39.4,398353
2017-09-12 13:00:00,39.39,39.4,39.37,39.375,416089
2017-09-12 13:15:00,39.3775,39.38,39.331,39.3675,436178
2017-09-12 13:30:00,39.37,39.38,39.35,39.37,455959
2017-09-12 13:45:00,39.36,39.5,39.36,39.49,506327
2017-09-12 14:00:00,39.48,39.5,39.48,39.485,525472
2017-09-12 14:15:00,39.49,39.51,39.49,39.51,543776
2017-09-12 14:30:00,39.5,39.52,39.475,39.48,571170
2017-09-12 14:45:00,39.49,39.51,39.48,39.5,590632
2017-09-12 15:00:00,39.5,39.53,39.45,39.5,621110
2017-09-12 15:15:00,39.495,39.5,39.46,39.47,645594
2017-09-12 15:30:00,39.475,39.49,39.45,39.475,688275
2017-09-12 15:45:00,39.47,39.49,39.46,39.47,740344
2017-09-12 16:00:00,39.47,39.56,39.46,39.52,927162
2017-09-13 09:45:00,39.44,39.6,39.375,39.5,39653
2017-09-13 10:00:00,39.495,39.495,39.41,39.47,64724
2017-09-13 10:15:00,39.47,39.47,39.38,39.385,86714
2017-09-13 10:30:00,39.38,39.38,39.1,39.12,149866
2017-09-13 10:45:00,39.115,39.12,39.041,39.055,194451
2017-09-13 11:00:00,39.055,39.06,38.99,39.015,257605
2017-09-13 11:15:00,39.01,39.0112,38.87,38.955,411404
2017-09-13 11:30:00,38.97,39.03,38.965,39.0,440550
2017-09-13 11:45:00,39.0,39.05,38.94,39.0,496470
2017-09-13 12:00:00,39.01,39.01,38.97,38.99,532265
2017-09-13 12:15:00,38.99,38.991,38.85,38.925,603116
2017-09-13 12:30:00,38.93,38.995,38.93,38.99,630948
2017-09-13 12:45:00,38.995,39.01,38.94,39.01,658588
2017-09-13 13:00:00,39.02,39.04,39.01,39.02,677297
2017-09-13 13:15:00,39.01,39.02,38.99,39.0,690064
2017-09-13 13:30:00,39.0,39.0,38.93,38.95,706319
2017-09-13 13:45:00,38.9567,39.04,38.94,39.03,743987
2017-09-13 14:00:00,39.03,39.04,39.005,39.04,759107
2017-09-13 14:15:00,39.03,39.11,39.01,39.05,788931
2017-09-13 14:30:00,39.05,39.07,39.01,39.01,809115
2017-09-13 14:45:00,39.015,39.1,38.99,39.09,876782
2017-09-13 15:00:00,39.0925,39.1,39.04,39.07,936936
2017-09-13 15:15:00,39.065,39.095,39.055,39.095,1021321
2017-09-13 15:30:00,39.095,39.105,39.04,39.075,1173711
2017-09-13 15:45:00,39.07,39.115,38.99,38.99,1311819
2017-09-13 16:00:00,38.995,39.05,38.9816,39.04,1550882
2017-09-14 09:45:00,38.97,39.15,38.49,38.59,93362
2017-09-14 10:00:00,38.59,38.64,38.53,38.55,111019
2017-09-14 10:15:00,38.55,38.69,38.55,38.68,185510
2017-09-14 10:30:00,38.685,38.925,38.685,38.8592,226224
2017-09-14 10:45:00,38.85,38.85,38.78,38.795,244358
2017-09-14 11:00:00,38.8,39.02,38.79,38.87,299590
2017-09-14 11:15:00,38.86,38.86,38.68,38.73,339955
2017-09-14 11:30:00,38.74,38.84,38.73,38.81,361542
2017-09-14 11:45:00,38.8,38.865,38.7668,38.81,381621
2017-09-14 12:00:00,38.81,38.82,38.76,38.79,416583
2017-09-14 12:15:00,38.8,38.81,38.735,38.76,438949
2017-09-14 12:30:00,38.76,38.93,38.7599,38.92,589649
2017-09-14 12:45:00,38.92,38.955,38.86,38.92,652070
2017-09-14 13:00:00,38.91,39.19,38.87,39.17,973503
2017-09-14 13:15:00,39.155,39.27,38.89,38.98,1350325
2017-09-14 13:30:00,38.99,39.09,38.98,39.08,1494129
2017-09-14 13:45:00,39.07,39.07,39.01,39.01,1532332
2017-09-14 14:00:00,39.01,39.0375,39.0,39.01,1571207
2017-09-14 14:15:00,39.0068,39.025,39.0,39.01,1589390
2017-09-14 14:30:00,39.02,39.04,39.0,39.02,1681306
2017-09-14 14:45:00,39.015,39.125,39.01,39.12,1739137
2017-09-14 15:00:00,39.125,39.13,39.08,39.12,1761784
2017-09-14 15:15:00,39.12,39.225,39.11,39.205,1802709
2017-09-14 15:30:00,39.2,39.24,39.1646,39.185,1852076
2017-09-14 15:45:00,39.18,39.39,39.18,39.33,1999314
2017-09-14 16:00:00,39.32,39.38,39.28,39.37,2523079
2017-09-15 09:45:00,39.26,39.53,39.09,39.52,528123
2017-09-15 10:00:00,39.52,39.55,39.39,39.4,610074
2017-09-15 10:15:00,39.4,39.44,39.32,39.44,740297
2017-09-15 10:30:00,39.44,39.5405,39.42,39.42,796961
2017-09-15 10:45:00,39.425,39.45,39.355,39.425,876799
2017-09-15 11:00:00,39.425,39.6,39.42,39.52,966459
2017-09-15 11:15:00,39.51,39.51,39.38,39.395,1072193
2017-09-15 11:30:00,39.395,39.52,39.395,39.4425,1128307
2017-09-15 11:45:00,39.44,39.495,39.325,39.34,1256578
2017-09-15 12:00:00,39.33,39.54,39.33,39.5,1341623
2017-09-15 12:15:00,39.5,39.61,39.47,39.59,1385589
2017-09-15 12:30:00,39.58,39.59,39.495,39.55,1402998
2017-09-15 12:45:00,39.545,39.55,39.495,39.5,1414637
2017-09-15 13:00:00,39.5,39.52,39.49,39.49,1431794
2017-09-15 13:15:00,39.495,39.58,39.49,39.54,1468576
2017-09-15 13:30:00,39.54,39.54,39.495,39.51,1492066
2017-09-15 13:45:00,39.51,39.65,39.51,39.64,1574700
2017-09-15 14:00:00,39.6363,39.66,39.62,39.62,1599370
2017-09-15 14:15:00,39.63,39.655,39.62,39.645,1644344
2017-09-15 14:30:00,39.65,39.67,39.61,39.66,1686745
2017-09-15 14:45:00,39.65,39.71,39.65,39.69,1750954
2017-09-15 15:00:00,39.69,39.84,39.665,39.78,2707430
2017-09-15 15:15:00,39.77,39.83,39.74,39.78,2784597
2017-09-15 15:30:00,39.775,39.865,39.76,39.86,2858471
2017-09-15 15:45:00,39.855,39.95,39.85,39.92,3040594
2017-09-15 16:00:00,39.925,39.96,39.84,39.85,3506389
2017-09-18 09:45:00,39.93,40.09,39.72,40.01,47864
2017-09-18 10:00:00,40.01,40.02,39.86,39.95,85225
2017-09-18 10:15:00,39.94,40.065,39.94,40.01,124956
2017-09-18 10:30:00,40.01,40.13,40.0,40.0,168774
2017-09-18 10:45:00,40.0,40.1,40.0,40.08,206511
2017-09-18 11:00:00,40.09,40.12,39.9901,39.9901,241337
2017-09-18 11:15:00,39.99,40.02,39.94,39.975,278513
2017-09-18 11:30:00,39.99,40.09,39.98,40.09,311675
2017-09-18 11:45:00,40.09,40.11,40.01,40.1,348376
2017-09-18 12:00:00,40.1,40.11,39.98,40.0,387442
2017-09-18 12:15:00,40.0,40.005,39.96,39.96,422880
2017-09-18 12:30:00,39.97,39.98,39.94,39.95,454177
2017-09-18 12:45:00,39.96,40.02,39.94,39.94,475952
2017-09-18 13:00:00,39.94,39.97,39.9,39.9287,500771
2017-09-18 13:15:00,39.92,39.93,39.89,39.93,529518
2017-09-18 13:30:00,39.93,39.95,39.9,39.9,547056
2017-09-18 13:45:00,39.905,39.94,39.89,39.905,579178
2017-09-18 14:00:00,39.91,39.93,39.87,39.87,604309
2017-09-18 14:15:00,39.865,39.92,39.83,39.91,651475
2017-09-18 14:30:00,39.92,40.04,39.87,40.03,708897
2017-09-18 14:45:00,40.02,40.08,40.01,40.07,746685
2017-09-18 15:00:00,40.065,40.125,40.05,40.095,784368
2017-09-18 15:15:00,40.09,40.18,40.085,40.16,823976
2017-09-18 15:30:00,40.16,40.26,40.16,40.215,896118
2017-09-18 15:45:00,40.215,40.23,40.18,40.21,978334
2017-09-18 16:00:00,40.21,40.28,40.19,40.26,1223980
2017-09-19 09:45:00,40.21,40.48,40.18,40.23,71812
2017-09-19 10:00:00,40.22,40.23,40.03,40.17,120621
2017-09-19 10:15:00,40.2,40.32,40.15,40.32,202252
2017-09-19 10:30:00,40.315,40.395,40.29,40.36,322134
2017-09-19 10:45:00,40.365,40.43,40.28,40.28,383470
2017-09-19 11:00:00,40.285,40.365,40.26,40.35,458493
2017-09-19 11:15:00,40.34,40.34,40.29,40.34,516728
2017-09-19 11:30:00,40.34,40.375,40.325,40.33,601198
2017-09-19 11:45:00,40.33,40.335,40.27,40.27,638104
2017-09-19 12:00:00,40.27,40.37,40.27,40.36,683179
2017-09-19 12:15:00,40.37,40.38,40.36,40.38,734162
2017-09-19 12:30:00,40.38,40.51,40.38,40.5,783936
2017-09-19 12:45:00,40.505,40.535,40.48,40.52,824896
2017-09-19 13:00:00,40.525,40.55,40.45,40.45,866895
2017-09-19 13:15:00,40.44,40.475,40.39,40.3925,898854
2017-09-19 13:30:00,40.39,40.415,40.38,40.405,941583
2017-09-19 13:45:00,40.41,40.48,40.41,40.48,983968
2017-09-19 14:00:00,40.47,40.49,40.45,40.46,1020654
2017-09-19 14:15:00,40.46,40.47,40.33,40.33,1072811
2017-09-19 14:30:00,40.33,40.34,40.18,40.2,1166859
2017-09-19 14:45:00,40.18,40.2,40.12,40.14,1266925
2017-09-19 15:00:00,40.15,40.21,40.12,40.13,1342736
2017-09-19 15:15:00,40.13,40.215,40.12,40.165,1434103
2017-09-19 15:30:00,40.165,40.185,40.15,40.15,1480945
2017-09-19 15:45:00,40.15,40.22,40.15,40.215,1569176
2017-09-19 16:00:00,40.21,40.24,40.15,40.18,1813157
2017-09-20 09:45:00,40.13,40.28,40.06,40.26,58614
2017-09-20 10:00:00,40.26,40.31,40.17,40.29,79023
2017-09-20 10:15:00,40.31,40.44,40.28,40.44,103100
2017-09-20 10:30:00,40.44,40.48,40.395,40.46,133955
2017-09-20 10:45:00,40.47,40.49,40.415,40.475,167421
2017-09-20 11:00:00,40.48,40.59,40.47,40.57,209333
2017-09-20 11:15:00,40.58,40.76,40.58,40.705,300339
2017-09-20 11:30:00,40.71,40.71,40.5901,40.62,349827
2017-09-20 11:45:00,40.62,40.65,40.535,40.54,385398
2017-09-20 12:00:00,40.54,40.57,40.51,40.57,419023
2017-09-20 12:15:00,40.57,40.57,40.52,40.56,442344
2017-09-20 12:30:00,40.57,40.61,40.56,40.61,466547
2017-09-20 12:45:00,40.61,40.61,40.54,40.54,490248
2017-09-20 13:00:00,40.55,40.56,40.54,40.549,510729
2017-09-20 13:15:00,40.55,40.555,40.49,40.5,572858
2017-09-20 13:30:00,40.5,40.511,40.47,40.475,616110
2017-09-20 13:45:00,40.475,40.5,40.47,40.49,646603
2017-09-20 14:00:00,40.485,40.49,40.43,40.45,701780
2017-09-20 14:15:00,40.46,40.46,40.36,40.445,784994
2017-09-20 14:30:00,40.445,40.46,40.3,40.39,871360
2017-09-20 14:45:00,40.38,40.4,40.32,40.34,981133
2017-09-20 15:00:00,40.35,40.41,40.335,40.35,1027128
2017-09-20 15:15:00,40.34,40.36,40.32,40.32,1048132
2017-09-20 15:30:00,40.33,40.365,40.33,40.365,1075978
2017-09-20 15:45:00,40.37,40.39,40.34,40.36,1125867
2017-09-20 16:00:00,40.36,40.42,40.36,40.42,1228615
2017-09-21 09:45:00,40.36,40.48,40.29,40.36,54563
2017-09-21 10:00:00,40.36,40.5134,40.3,40.5039,86293
2017-09-21 10:15:00,40.505,40.53,40.39,40.45,126314
2017-09-21 10:30:00,40.45,40.58,40.44,40.57,179381
2017-09-21 10:45:00,40.58,40.61,40.5162,40.6,207673
2017-09-21 11:00:00,40.61,40.695,40.57,40.69,257174
2017-09-21 11:15:00,40.7,40.7,40.6125,40.6125,291525
2017-09-21 11:30:00,40.62,40.64,40.5825,40.5925,319091
2017-09-21 11:45:00,40.6,40.61,40.54,40.585,385117
2017-09-21 12:00:00,40.58,40.62,40.495,40.5178,449459
2017-09-21 12:15:00,40.515,40.56,40.49,40.56,469350
2017-09-21 12:30:00,40.56,40.6,40.53,40.57,504915
2017-09-21 12:45:00,40.56,40.58,40.49,40.52,535930
2017-09-21 13:00:00,40.52,40.55,40.49,40.52,582385
2017-09-21 13:15:00,40.515,40.52,40.485,40.505,613109
2017-09-21 13:30:00,40.505,40.52,40.48,40.51,679978
2017-09-21 13:45:00,40.5,40.51,40.43,40.43,722251
2017-09-21 14:00:00,40.43,40.435,40.4,40.43,752240
2017-09-21 14:15:00,40.4399,40.49,40.43,40.485,821039
2017-09-21 14:30:00,40.49,40.51,40.46,40.485,943780
2017-09-21 14:45:00,40.48,40.51,40.46,40.47,1055492
2017-09-21 15:00:00,40.47,40.475,40.395,40.44,1094046
2017-09-21 15:15:00,40.43,40.49,40.43,40.49,1149530
2017-09-21 15:30:00,40.49,40.665,40.485,40.62,1411945
2017-09-21 15:45:00,40.62,40.65,40.57,40.5814,1507363
2017-09-21 16:00:00,40.58,40.61,40.52,40.53,1681165
2017-09-22 09:45:00,40.51,40.67,40.49,40.63,47895
2017-09-22 10:00:00,40.63,40.78,40.62,40.75,85791
2017-09-22 10:15:00,40.75,40.92,40.75,40.89,122331
2017-09-22 10:30:00,40.88,41.05,40.855,41.01,185209
2017-09-22 10:45:00,41.01,41.08,40.94,41.06,279400
2017-09-22 11:00:00,41.06,41.1,40.995,41.01,360410
2017-09-22 11:15:00,41.0,41.0,40.88,40.9135,401911
2017-09-22 11:30:00,40.92,40.99,40.78,40.86,467804
2017-09-22 11:45:00,40.87,40.92,40.86,40.92,507804
2017-09-22 12:00:00,40.92,40.92,40.79,40.8,586107
2017-09-22 12:15:00,40.81,40.875,40.8,40.83,625073
2017-09-22 12:30:00,40.83,40.88,40.83,40.88,642808
2017-09-22 12:45:00,40.88,40.89,40.87,40.88,661295
2017-09-22 13:00:00,40.88,40.9,40.87,40.89,676855
2017-09-22 13:15:00,40.89,40.9,40.86,40.87,693986
2017-09-22 13:30:00,40.8805,40.885,40.87,40.8761,706612
2017-09-22 13:45:00,40.88,40.97,40.87,40.96,737313
2017-09-22 14:00:00,40.96,40.96,40.9,40.92,759877
2017-09-22 14:15:00,40.915,40.915,40.86,40.86,780257
2017-09-22 14:30:00,40.8657,40.88,40.86,40.8615,904867
2017-09-22 14:45:00,40.865,40.945,40.86,40.91,944758
2017-09-22 15:00:00,40.905,40.91,40.9,40.91,962221
2017-09-22 15:15:00,40.9039,40.92,40.89,40.9045,995505
2017-09-22 15:30:00,40.91,40.94,40.9,40.935,1042505
2017-09-22 15:45:00,40.93,40.93,40.86,40.86,1137585
2017-09-22 16:00:00,40.87,40.93,40.84,40.88,1396574
2017-09-25 09:45:00,40.92,41.08,40.91,40.97,31305
2017-09-25 10:00:00,40.96,41.14,40.91,41.11,144485
2017-09-25 10:15:00,41.12,41.12,40.955,41.04,179529
2017-09-25 10:30:00,41.06,41.08,41.015,41.06,307943
2017-09-25 10:45:00,41.06,41.17,41.06,41.16,345311
2017-09-25 11:00:00,41.18,41.18,41.125,41.14,373754
2017-09-25 11:15:00,41.11,41.12,41.05,41.12,461679
2017-09-25 11:30:00,41.125,41.28,41.1,41.25,500204
2017-09-25 11:45:00,41.25,41.33,41.24,41.27,523014
2017-09-25 12:00:00,41.27,41.27,41.185,41.205,557793
2017-09-25 12:15:00,41.2044,41.28,41.185,41.22,614139
2017-09-25 12:30:00,41.215,41.28,41.21,41.28,643245
2017-09-25 12:45:00,41.28,41.32,41.275,41.32,697961
2017-09-25 13:00:00,41.315,41.37,41.31,41.335,726833
2017-09-25 13:15:00,41.33,41.38,41.33,41.36,764539
2017-09-25 13:30:00,41.36,41.375,41.215,41.22,789831
2017-09-25 13:45:00,41.23,41.23,41.12,41.16,827062
2017-09-25 14:00:00,41.16,41.1699,41.1232,41.1232,859636
2017-09-25 14:15:00,41.12,41.15,41.03,41.045,907672
2017-09-25 14:30:00,41.045,41.06,41.015,41.03,981075
2017-09-25 14:45:00,41.03,41.17,41.015,41.13,1021522
2017-09-25 15:00:00,41.134,41.139,41.08,41.095,1060650
2017-09-25 15:15:00,41.095,41.145,41.07,41.1,1127758
2017-09-25 15:30:00,41.1,41.115,41.09,41.09,1173728
2017-09-25 15:45:00,41.09,41.13,41.09,41.12,1222995
2017-09-25 16:00:00,41.12,41.19,41.12,41.14,1411179
2017-09-26 09:45:00,41.05,41.29,41.05,41.29,66599
2017-09-26 10:00:00,41.32,41.47,41.31,41.37,90769
2017-09-26 10:15:00,41.39,41.39,41.24,41.265,113903
2017-09-26 10:30:00,41.27,41.29,41.26,41.29,127936
2017-09-26 10:45:00,41.29,41.39,41.26,41.31,155337
2017-09-26 11:00:00,41.28,41.28,41.22,41.28,195777
2017-09-26 11:15:00,41.28,41.325,41.28,41.32,218900
2017-09-26 11:30:00,41.325,41.33,41.23,41.23,245939
2017-09-26 11:45:00,41.23,41.255,41.205,41.21,266616
2017-09-26 12:00:00,41.22,41.26,41.165,41.26,337766
2017-09-26 12:15:00,41.26,41.26,41.2,41.2,350338
2017-09-26 12:30:00,41.21,41.245,41.11,41.11,416663
2017-09-26 12:45:00,41.12,41.12,41.015,41.02,449363
2017-09-26 13:00:00,41.02,41.0256,40.97,40.975,478377
2017-09-26 13:15:00,40.98,40.98,40.91,40.925,547829
2017-09-26 13:30:00,40.92,40.94,40.86,40.88,600460
2017-09-26 13:45:00,40.88,41.02,40.88,41.015,621431
2017-09-26 14:00:00,41.01,41.02,40.95,41.015,642027
2017-09-26 14:15:00,41.02,41.05,41.01,41.04,671114
2017-09-26 14:30:00,41.035,41.04,41.01,41.015,691273
2017-09-26 14:45:00,41.015,41.02,40.99,41.005,719429
2017-09-26 15:00:00,41.01,41.025,41.0,41.01,762709
2017-09-26 15:15:00,41.01,41.08,41.01,41.07,792835
2017-09-26 15:30:00,41.07,41.135,41.07,41.13,829235
2017-09-26 15:45:00,41.13,41.135,41.06,41.07,895352
2017-09-26 16:00:00,41.07,41.13,41.07,41.1,1043615
2017-09-27 09:45:00,41.01,41.22,40.87,40.92,108353
2017-09-27 10:00:00,40.92,41.27,40.845,41.24,207797
2017-09-27 10:15:00,41.25,41.25,41.12,41.2,277689
2017-09-27 10:30:00,41.2,41.21,41.07,41.12,358742
2017-09-27 10:45:00,41.12,41.125,40.88,40.91,614763
2017-09-27 11:00:00,40.9,40.9,40.76,40.88,668516
2017-09-27 11:15:00,40.89,40.96,40.83,40.96,724979
2017-09-27 11:30:00,40.965,41.065,40.96,41.03,903816
2017-09-27 11:45:00,41.03,41.05,40.92,40.99,956862
2017-09-27 12:00:00,40.95,40.98,40.91,40.93,1038284
2017-09-27 12:15:00,40.93,40.945,40.89,40.915,1057727
2017-09-27 12:30:00,40.92,40.94,40.87,40.88,1115346
2017-09-27 12:45:00,40.87,40.89,40.86,40.86,1148797
2017-09-27 13:00:00,40.88,40.89,40.855,40.89,1174442
2017-09-27 13:15:00,40.88,40.92,40.88,40.92,1194918
2017-09-27 13:30:00,40.92,40.92,40.88,40.9,1237999
2017-09-27 13:45:00,40.9,40.94,40.895,40.935,1270748
2017-09-27 14:00:00,40.94,41.02,40.93,41.02,1304377
2017-09-27 14:15:00,41.01,41.06,41.0,41.0,1357697
2017-09-27 14:30:00,41.01,41.07,41.005,41.035,1395021
2017-09-27 14:45:00,41.04,41.05,41.0,41.0,1478073
2017-09-27 15:00:00,41.01,41.09,41.0,41.09,1505009
2017-09-27 15:15:00,41.08,41.14,41.08,41.0952,1549019
2017-09-27 15:30:00,41.098,41.1,41.08,41.085,1596544
2017-09-27 15:45:00,41.09,41.09,41.0,41.015,1711773
2017-09-27 16:00:00,41.01,41.01,40.955,40.99,2072002
2017-09-28 09:45:00,40.89,41.29,40.861,41.23,54127
2017-09-28 10:00:00,41.26,41.265,41.17,41.22,153270
2017-09-28 10:15:00,41.22,41.37,41.22,41.34,224034
2017-09-28 10:30:00,41.35,41.36,41.3,41.33,252772
2017-09-28 10:45:00,41.32,41.38,41.295,41.3,280605
2017-09-28 11:00:00,41.305,41.345,41.265,41.3,318741
2017-09-28 11:15:00,41.3,41.325,41.29,41.29,352771
2017-09-28 11:30:00,41.285,41.3,41.125,41.14,542654
2017-09-28 11:45:00,41.13,41.17,41.11,41.11,577528
2017-09-28 12:00:00,41.1,41.1,40.925,40.95,616490
2017-09-28 12:15:00,40.95,41.04,40.94,41.035,651748
2017-09-28 12:30:00,41.04,41.1,41.025,41.1,682664
2017-09-28 12:45:00,41.1,41.11,41.05,41.08,718820
2017-09-28 13:00:00,41.08,41.18,41.08,41.15,745458
2017-09-28 13:15:00,41.1522,41.1924,41.13,41.1924,774464
2017-09-28 13:30:00,41.18,41.24,41.18,41.22,792457
2017-09-28 13:45:00,41.22,41.25,41.2,41.25,814572
2017-09-28 14:00:00,41.25,41.25,41.22,41.24,843522
2017-09-28 14:15:00,41.24,41.24,41.18,41.21,881411
2017-09-28 14:30:00,41.21,41.25,41.19,41.25,930642
2017-09-28 14:45:00,41.25,41.255,41.215,41.245,997760
2017-09-28 15:00:00,41.25,41.255,41.21,41.23,1069099
2017-09-28 15:15:00,41.23,41.28,41.21,41.28,1120382
2017-09-28 15:30:00,41.29,41.3,41.25,41.295,1171481
2017-09-28 15:45:00,41.295,41.33,41.27,41.33,1251448
2017-09-28 16:00:00,41.32,41.36,41.27,41.28,1476863
2017-09-29 09:45:00,41.42,41.42,41.19,41.335,123854
2017-09-29 10:00:00,41.335,41.58,41.3,41.56,206645
2017-09-29 10:15:00,41.54,41.56,41.4,41.465,296619
2017-09-29 10:30:00,41.47,41.59,41.45,41.53,356110
2017-09-29 10:45:00,41.53,41.55,41.5,41.51,395679
2017-09-29 11:00:00,41.505,41.53,41.47,41.47,421923
2017-09-29 11:15:00,41.475,41.53,41.45,41.455,467921
2017-09-29 11:30:00,41.45,41.54,41.435,41.51,535343
2017-09-29 11:45:00,41.5,41.535,41.45,41.45,569977
2017-09-29 12:00:00,41.455,41.46,41.43,41.455,605469
2017-09-29 12:15:00,41.455,41.51,41.455,41.48,638651
2017-09-29 12:30:00,41.48,41.48,41.44,41.46,705400
2017-09-29 12:45:00,41.46,41.53,41.46,41.5267,731407
2017-09-29 13:00:00,41.5233,41.59,41.5233,41.59,766203
2017-09-29 13:15:00,41.58,41.59,41.56,41.585,793384
2017-09-29 13:30:00,41.59,41.59,41.55,41.58,815237
2017-09-29 13:45:00,41.58,41.61,41.57,41.58,844369
2017-09-29 14:00:00,41.58,41.58,41.51,41.52,875802
2017-09-29 14:15:00,41.52,41.52,41.5,41.505,897060
2017-09-29 14:30:00,41.505,41.51,41.47,41.475,939771
2017-09-29 14:45:00,41.475,41.51,41.46,41.46,1004652
2017-09-29 15:00:00,41.47,41.475,41.44,41.45,1082875
2017-09-29 15:15:00,41.4501,41.47,41.44,41.455,1163976
2017-09-29 15:30:00,41.45,41.46,41.39,41.45,1311073
2017-09-29 15:45:00,41.455,41.48,41.425,41.45,1434613
2017-09-29 16:00:00,41.46,41.46,41.39,41.44,1735185
2017-10-02 09:45:00,41.45,41.53,41.45,41.5,52757
2017-10-02 10:00:00,41.5,41.51,41.46,41.5,97247
2017-10-02 10:15:00,41.5,41.84,41.495,41.84,143413
2017-10-02 10:30:00,41.84,41.91,41.83,41.88,187268
2017-10-02 10:45:00,41.875,41.9,41.79,41.82,220097
2017-10-02 11:00:00,41.825,41.83,41.745,41.775,242145
2017-10-02 11:15:00,41.78,41.79,41.705,41.745,274199
2017-10-02 11:30:00,41.74,41.74,41.605,41.67,301997
2017-10-02 11:45:00,41.67,41.75,41.66,41.7,339517
2017-10-02 12:00:00,41.715,41.72,41.49,41.5,381566
2017-10-02 12:15:00,41.52,41.5722,41.47,41.48,434066
2017-10-02 12:30:00,41.48,41.51,41.47,41.5,462693
2017-10-02 12:45:00,41.51,41.55,41.48,41.5,496625
2017-10-02 13:00:00,41.5,41.51,41.48,41.5053,536501
2017-10-02 13:15:00,41.5,41.53,41.48,41.49,564078
2017-10-02 13:30:00,41.495,41.51,41.44,41.495,656348
2017-10-02 13:45:00,41.49,41.52,41.45,41.45,696104
2017-10-02 14:00:00,41.46,41.52,41.425,41.47,865532
2017-10-02 14:15:00,41.47,41.48,41.38,41.39,919270
2017-10-02 14:30:00,41.39,41.43,41.39,41.43,961627
2017-10-02 14:45:00,41.43,41.445,41.4,41.43,995136
2017-10-02 15:00:00,41.43,41.44,41.38,41.395,1048032
2017-10-02 15:15:00,41.395,41.44,41.39,41.415,1139950
2017-10-02 15:30:00,41.415,41.42,41.3,41.3,1238381
2017-10-02 15:45:00,41.305,41.44,41.26,41.4,1363176
2017-10-02 16:00:00,41.4,41.47,41.39,41.45,1596241
2017-10-03 09:45:00,41.52,41.53,41.17,41.19,102143
2017-10-03 10:00:00,41.19,41.24,41.09,41.21,152093
2017-10-03 10:15:00,41.24,41.24,41.12,41.18,175468
2017-10-03 10:30:00,41.185,41.21,41.095,41.165,232193
2017-10-03 10:45:00,41.16,41.16,40.96,40.96,402162
2017-10-03 11:00:00,40.965,41.0,40.83,40.87,650654
2017-10-03 11:15:00,40.865,40.91,40.77,40.815,742810
2017-10-03 11:30:00,40.82,40.86,40.725,40.86,828068
2017-10-03 11:45:00,40.86,40.91,40.8,40.81,1022871
2017-10-03 12:00:00,40.81,40.91,40.81,40.88,1081768
2017-10-03 12:15:00,40.87,40.9,40.81,40.86,1232946
2017-10-03 12:30:00,40.86,41.02,40.855,41.0156,1301355
2017-10-03 12:45:00,41.01,41.25,40.94,41.21,1423437
2017-10-03 13:00:00,41.21,41.39,41.19,41.35,1620096
2017-10-03 13:15:00,41.36,41.36,41.24,41.29,1702863
2017-10-03 13:30:00,41.285,41.38,41.28,41.365,1758216
2017-10-03 13:45:00,41.365,41.42,41.34,41.355,1797545
2017-10-03 14:00:00,41.355,41.37,41.285,41.3,1841391
2017-10-03 14:15:00,41.29,41.37,41.29,41.35,1915247
2017-10-03 14:30:00,41.35,41.35,41.255,41.27,1967394
2017-10-03 14:45:00,41.28,41.28,41.21,41.215,2044313
2017-10-03 15:00:00,41.22,41.26,41.205,41.23,2152715
2017-10-03 15:15:00,41.23,41.265,41.22,41.24,2238975
2017-10-03 15:30:00,41.24,41.38,41.21,41.36,2332194
2017-10-03 15:45:00,41.37,41.38,41.3,41.31,2440500
2017-10-03 16:00:00,41.305,41.33,41.24,41.33,2677877
2017-10-04 09:45:00,41.41,41.41,41.17,41.23,26723
2017-10-04 10:00:00,41.23,41.34,41.23,41.34,76053
2017-10-04 10:15:00,41.34,41.34,41.27,41.29,84736
2017-10-04 10:30:00,41.28,41.37,41.28,41.35,117664
2017-10-04 10:45:00,41.33,41.42,41.29,41.38,144520
2017-10-04 11:00:00,41.365,41.365,41.26,41.26,176042
2017-10-04 11:15:00,41.27,41.3,41.25,41.27,193109
2017-10-04 11:30:00,41.27,41.38,41.27,41.345,240379
2017-10-04 11:45:00,41.34,41.34,41.26,41.32,290497
2017-10-04 12:00:00,41.32,41.6,41.32,41.59,347413
2017-10-04 12:15:00,41.61,41.61,41.451,41.455,383322
2017-10-04 12:30:00,41.455,41.47,41.405,41.405,404935
2017-10-04 12:45:00,41.4,41.425,41.3,41.33,514736
2017-10-04 13:00:00,41.325,41.36,41.2882,41.3,548833
2017-10-04 13:15:00,41.3,41.33,41.23,41.33,614090
2017-10-04 13:30:00,41.32,41.415,41.3,41.41,634535
2017-10-04 13:45:00,41.4125,41.4125,41.33,41.34,662027
2017-10-04 14:00:00,41.34,41.38,41.325,41.35,715672
2017-10-04 14:15:00,41.3454,41.39,41.34,41.36,767415
2017-10-04 14:30:00,41.36,41.37,41.35,41.35,783704
2017-10-04 14:45:00,41.355,41.43,41.35,41.38,831824
2017-10-04 15:00:00,41.39,41.41,41.365,41.39,901239
2017-10-04 15:15:00,41.4,41.405,41.385,41.3999,935877
2017-10-04 15:30:00,41.4,41.51,41.39,41.495,1182738
2017-10-04 15:45:00,41.5,41.5,41.44,41.465,1261535
2017-10-04 16:00:00,41.47,41.51,41.43,41.5,1478548
2017-10-05 09:45:00,41.41,41.4798,41.17,41.41,56826
2017-10-05 10:00:00,41.42,41.46,41.29,41.29,128680
2017-10-05 10:15:00,41.29,41.39,41.27,41.38,184426
2017-10-05 10:30:00,41.3725,41.3725,41.29,41.32,219175
2017-10-05 10:45:00,41.32,41.34,41.28,41.285,243316
2017-10-05 11:00:00,41.285,41.3,41.21,41.26,566316
2017-10-05 11:15:00,41.255,41.3,41.17,41.18,662579
2017-10-05 11:30:00,41.17,41.25,41.17,41.18,693827
2017-10-05 11:45:00,41.19,41.27,41.16,41.24,733397
2017-10-05 12:00:00,41.24,41.28,41.24,41.25,769600
2017-10-05 12:15:00,41.246,41.25,41.18,41.22,805904
2017-10-05 12:30:00,41.215,41.23,41.19,41.19,826458
2017-10-05 12:45:00,41.19,41.23,41.19,41.225,843257
2017-10-05 13:00:00,41.225,41.24,41.16,41.1775,865883
2017-10-05 13:15:00,41.17,41.2,41.16,41.1699,881871
2017-10-05 13:30:00,41.165,41.1675,41.125,41.1499,914799
2017-10-05 13:45:00,41.14,41.15,41.1,41.1,948823
2017-10-05 14:00:00,41.1,41.1,41.07,41.07,972606
2017-10-05 14:15:00,41.07,41.09,41.05,41.085,996668
2017-10-05 14:30:00,41.08,41.09,41.05,41.06,1020618
2017-10-05 14:45:00,41.055,41.07,41.02,41.035,1053190
2017-10-05 15:00:00,41.04,41.04,41.0,41.03,1091110
2017-10-05 15:15:00,41.03,41.09,41.025,41.08,1115361
2017-10-05 15:30:00,41.075,41.1,41.06,41.08,1155207
2017-10-05 15:45:00,41.085,41.1,41.045,41.05,1241876
2017-10-05 16:00:00,41.055,41.06,41.01,41.02,1459498
2017-10-06 09:45:00,40.95,40.96,40.87,40.9,37336
2017-10-06 10:00:00,40.87,40.97,40.85,40.96,60311
2017-10-06 10:15:00,40.95,40.97,40.87,40.92,96746
2017-10-06 10:30:00,40.915,40.98,40.915,40.98,126451
2017-10-06 10:45:00,40.98,41.0,40.955,41.0,154973
2017-10-06 11:00:00,41.0,41.0,40.935,40.95,207580
2017-10-06 11:15:00,40.96,40.97,40.9425,40.945,224014
2017-10-06 11:30:00,40.945,40.99,40.94,40.97,243920
2017-10-06 11:45:00,40.96,40.971,40.945,40.971,274884
2017-10-06 12:00:00,40.97,41.0,40.96,40.97,295531
2017-10-06 12:15:00,40.965,40.98,40.94,40.975,311627
2017-10-06 12:30:00,40.97,40.97,40.945,40.96,335736
2017-10-06 12:45:00,40.955,40.96,40.9,40.93,383476
2017-10-06 13:00:00,40.93,40.99,40.915,40.9675,415782
2017-10-06 13:15:00,40.965,41.0,40.94,40.995,433366
2017-10-06 13:30:00,40.99,40.9954,40.95,40.955,448537
2017-10-06 13:45:00,40.955,40.98,40.945,40.96,495406
2017-10-06 14:00:00,40.965,40.99,40.9538,40.965,515578
2017-10-06 14:15:00,40.965,41.0,40.96,40.995,532625
2017-10-06 14:30:00,40.995,41.0762,40.99,41.07,574771
2017-10-06 14:45:00,41.07,41.105,41.06,41.065,604694
2017-10-06 15:00:00,41.065,41.085,41.025,41.03,637519
2017-10-06 15:15:00,41.035,41.06,41.02,41.04,670682
2017-10-06 15:30:00,41.03,41.11,41.03,41.085,717537
2017-10-06 15:45:00,41.09,41.095,41.07,41.075,754267
2017-10-06 16:00:00,41.07,41.16,41.065,41.15,918742
2017-10-09 09:45:00,41.15,41.21,41.01,41.01,20943
2017-10-09 10:00:00,41.0,41.01,40.98,40.98,67944
2017-10-09 10:15:00,40.985,41.0,40.89,40.89,93362
2017-10-09 10:30:00,40.89,41.01,40.89,40.995,111444
2017-10-09 10:45:00,41.0,41.02,40.95,40.96,127220
2017-10-09 11:00:00,40.95,40.955,40.81,40.84,146897
2017-10-09 11:15:00,40.84,40.87,40.77,40.77,164912
2017-10-09 11:30:00,40.77,40.77,40.7,40.7,183432
2017-10-09 11:45:00,40.7,40.74,40.7,40.73,210153
2017-10-09 12:00:00,40.73,40.73,40.65,40.66,236272
2017-10-09 12:15:00,40.67,40.7,40.65,40.68,260331
2017-10-09 12:30:00,40.685,40.73,40.54,40.56,368280
2017-10-09 12:45:00,40.57,40.61,40.51,40.53,422391
2017-10-09 13:00:00,40.54,40.57,40.48,40.5,460679
2017-10-09 13:15:00,40.49,40.55,40.49,40.53,486912
2017-10-09 13:30:00,40.52,40.54,40.48,40.54,509737
2017-10-09 13:45:00,40.54,40.54,40.5,40.535,535316
2017-10-09 14:00:00,40.535,40.59,40.53,40.57,558569
2017-10-09 14:15:00,40.58,40.59,40.54,40.59,587061
2017-10-09 14:30:00,40.58,40.6,40.475,40.49,625007
2017-10-09 14:45:00,40.5,40.5,40.46,40.48,662850
2017-10-09 15:00:00,40.47,40.52,40.435,40.445,722212
2017-10-09 15:15:00,40.45,40.46,40.4,40.41,768389
2017-10-09 15:30:00,40.41,40.485,40.41,40.44,817131
2017-10-09 15:45:00,40.45,40.45,40.365,40.365,906772
2017-10-09 16:00:00,40.37,40.405,40.33,40.39,1148978
2017-10-10 09:45:00,40.62,40.89,40.6,40.815,75289
2017-10-10 10:00:00,40.82,40.86,40.6359,40.69,116472
2017-10-10 10:15:00,40.7,40.74,40.67,40.7,198747
2017-10-10 10:30:00,40.7,40.735,40.65,40.735,251521
2017-10-10 10:45:00,40.74,40.74,40.54,40.58,553486
2017-10-10 11:00:00,40.58,40.605,40.5,40.52,596823
2017-10-10 11:15:00,40.52,40.56,40.38,40.42,673921
2017-10-10 11:30:00,40.425,40.525,40.425,40.51,745551
2017-10-10 11:45:00,40.51,40.52,40.39,40.41,848568
2017-10-10 12:00:00,40.42,40.435,40.3,40.35,903008
2017-10-10 12:15:00,40.355,40.41,40.355,40.395,943216
2017-10-10 12:30:00,40.395,40.4,40.28,40.28,987001
2017-10-10 12:45:00,40.29,40.301,40.28,40.28,1029166
2017-10-10 13:00:00,40.285,40.3,40.26,40.29,1057514
2017-10-10 13:15:00,40.29,40.3,40.22,40.23,1092910
2017-10-10 13:30:00,40.24,40.28,40.23,40.255,1115069
2017-10-10 13:45:00,40.25,40.3,40.245,40.28,1150409
2017-10-10 14:00:00,40.28,40.31,40.24,40.265,1191364
2017-10-10 14:15:00,40.2617,40.275,40.24,40.26,1220812
2017-10-10 14:30:00,40.25,40.305,40.25,40.305,1245622
2017-10-10 14:45:00,40.305,40.305,40.27,40.275,1268081
2017-10-10 15:00:00,40.275,40.3,40.25,40.265,1298855
2017-10-10 15:15:00,40.265,40.28,40.21,40.21,1402112
2017-10-10 15:30:00,40.215,40.215,40.13,40.19,1476734
2017-10-10 15:45:00,40.185,40.24,40.17,40.175,1576143
2017-10-10 16:00:00,40.18,40.2,40.14,40.19,1947589
2017-10-11 09:45:00,40.35,40.45,40.31,40.39,346739
2017-10-11 10:00:00,40.4,40.44,40.29,40.345,566882
2017-10-11 10:15:00,40.34,40.41,40.34,40.41,693516
2017-10-11 10:30:00,40.405,40.501,40.39,40.45,957384
2017-10-11 10:45:00,40.44,40.44,40.01,40.08,1015463
2017-10-11 11:00:00,40.085,40.1,39.86,39.86,1097080
2017-10-11 11:15:00,39.865,40.01,39.85,39.97,1162748
2017-10-11 11:30:00,39.97,39.97,39.85,39.85,1213786
2017-10-11 11:45:00,39.85,39.94,39.81,39.885,1306982
2017-10-11 12:00:00,39.885,39.895,39.84,39.865,1356861
2017-10-11 12:15:00,39.865,39.91,39.79,39.79,1393043
2017-10-11 12:30:00,39.79,39.805,39.69,39.755,1514990
2017-10-11 12:45:00,39.76,39.85,39.73,39.84,1575127
2017-10-11 13:00:00,39.84,39.85,39.76,39.76,1619864
2017-10-11 13:15:00,39.77,39.77,39.67,39.7,1686123
2017-10-11 13:30:00,39.695,39.7025,39.64,39.65,1733044
2017-10-11 13:45:00,39.66,39.675,39.6,39.65,1778285
2017-10-11 14:00:00,39.66,39.75,39.62,39.74,1860227
2017-10-11 14:15:00,39.735,39.75,39.71,39.72,1914123
2017-10-11 14:30:00,39.72,39.75,39.64,39.675,2090987
2017-10-11 14:45:00,39.675,39.725,39.645,39.655,2141624
2017-10-11 15:00:00,39.655,39.665,39.61,39.61,2184733
2017-10-11 15:15:00,39.615,39.81,39.615,39.77,2285368
2017-10-11 15:30:00,39.765,39.78,39.68,39.68,2358993
2017-10-11 15:45:00,39.685,39.716,39.65,39.695,2465483
2017-10-11 16:00:00,39.7,39.76,39.69,39.72,2791190
2017-10-12 09:45:00,39.58,39.63,39.43,39.54,89448
2017-10-12 10:00:00,39.54,39.6,39.48,39.58,120367
2017-10-12 10:15:00,39.56,39.6701,39.56,39.66,151121
2017-10-12 10:30:00,39.67,39.73,39.65,39.68,173772
2017-10-12 10:45:00,39.685,39.86,39.68,39.86,532148
2017-10-12 11:00:00,39.87,39.95,39.77,39.84,594417
2017-10-12 11:15:00,39.85,39.92,39.82,39.84,634627
2017-10-12 11:30:00,39.82,39.82,39.729,39.73,663757
2017-10-12 11:45:00,39.73,39.73,39.655,39.715,698784
2017-10-12 12:00:00,39.71,39.725,39.67,39.67,724089
2017-10-12 12:15:00,39.6701,39.68,39.66,39.67,735327
2017-10-12 12:30:00,39.675,39.71,39.65,39.655,759613
2017-10-12 12:45:00,39.6501,39.655,39.59,39.59,770798
2017-10-12 13:00:00,39.5905,39.675,39.555,39.67,800528
2017-10-12 13:15:00,39.67,39.7,39.65,39.69,815017
2017-10-12 13:30:00,39.7,39.735,39.66,39.73,839235
2017-10-12 13:45:00,39.74,39.77,39.7,39.77,958940
2017-10-12 14:00:00,39.77,39.77,39.72,39.72,977995
2017-10-12 14:15:00,39.73,39.78,39.7101,39.76,1016319
2017-10-12 14:30:00,39.76,39.78,39.745,39.77,1064504
2017-10-12 14:45:00,39.77,39.78,39.72,39.735,1120158
2017-10-12 15:00:00,39.735,39.8,39.71,39.8,1194434
2017-10-12 15:15:00,39.8,39.9,39.8,39.89,1296841
2017-10-12 15:30:00,39.8901,39.94,39.86,39.895,1348600
2017-10-12 15:45:00,39.895,39.9,39.825,39.855,1484843
2017-10-12 16:00:00,39.85,39.92,39.83,39.88,2258272
2017-10-13 09:45:00,40.12,40.15,39.9,39.91,107805
2017-10-13 10:00:00,39.92,39.95,39.83,39.91,153037
2017-10-13 10:15:00,39.92,39.98,39.88,39.9799,272377
2017-10-13 10:30:00,39.98,39.98,39.89,39.91,316020
2017-10-13 10:45:00,39.91,39.92,39.85,39.86,370993
2017-10-13 11:00:00,39.87,39.93,39.85,39.87,415302
2017-10-13 11:15:00,39.86,40.0,39.86,39.98,449287
2017-10-13 11:30:00,39.98,40.045,39.96,40.045,636612
2017-10-13 11:45:00,40.05,40.12,39.97,40.01,755008
2017-10-13 12:00:00,40.02,40.05,40.01,40.01,790144
2017-10-13 12:15:00,40.01,40.08,40.0,40.03,843718
2017-10-13 12:30:00,40.04,40.08,39.98,40.07,980944
2017-10-13 12:45:00,40.07,40.07,40.015,40.05,1002678
2017-10-13 13:00:00,40.06,40.07,40.02,40.03,1025438
2017-10-13 13:15:00,40.03,40.05,40.0075,40.05,1047617
2017-10-13 13:30:00,40.05,40.13,40.05,40.12,1083174
2017-10-13 13:45:00,40.11,40.13,40.04,40.09,1134487
2017-10-13 14:00:00,40.09,40.1,40.06,40.07,1161929
2017-10-13 14:15:00,40.08,40.0975,40.05,40.05,1196659
2017-10-13 14:30:00,40.05,40.05,39.92,39.92,1232842
2017-10-13 14:45:00,39.92,39.93,39.83,39.85,1290507
2017-10-13 15:00:00,39.85,39.85,39.75,39.82,1326975
2017-10-13 15:15:00,39.82,39.82,39.77,39.79,1364339
2017-10-13 15:30:00,39.79,39.795,39.74,39.75,1400359
2017-10-13 15:45:00,39.74,39.75,39.7,39.7,1463255
2017-10-13 16:00:00,39.705,39.71,39.67,39.7,1762796
2017-10-16 09:45:00,39.63,39.755,39.55,39.57,37002
2017-10-16 10:00:00,39.59,39.63,39.49,39.49,57705
2017-10-16 10:15:00,39.48,39.5175,39.45,39.5,99508
2017-10-16 10:30:00,39.495,39.5,39.43,39.5,125737
2017-10-16 10:45:00,39.5,39.52,39.48,39.48,155865
2017-10-16 11:00:00,39.4875,39.55,39.48,39.5175,185835
2017-10-16 11:15:00,39.5101,39.54,39.48,39.5,225056
2017-10-16 11:30:00,39.49,39.5,39.46,39.47,241839
2017-10-16 11:45:00,39.48,39.5,39.46,39.46,265725
2017-10-16 12:00:00,39.465,39.5,39.465,39.49,315866
2017-10-16 12:15:00,39.49,39.52,39.49,39.51,340890
2017-10-16 12:30:00,39.51,39.52,39.45,39.51,410974
2017-10-16 12:45:00,39.5,39.5,39.48,39.485,430549
2017-10-16 13:00:00,39.485,39.495,39.48,39.48,443068
2017-10-16 13:15:00,39.48,39.48,39.4,39.4,477705
2017-10-16 13:30:00,39.41,39.43,39.39,39.41,499151
2017-10-16 13:45:00,39.4,39.49,39.4,39.49,543984
2017-10-16 14:00:00,39.48,39.5,39.39,39.39,568331
2017-10-16 14:15:00,39.39,39.47,39.39,39.45,583893
2017-10-16 14:30:00,39.44,39.46,39.42,39.445,606027
2017-10-16 14:45:00,39.44,39.44,39.4,39.425,637072
2017-10-16 15:00:00,39.43,39.45,39.42,39.43,653723
2017-10-16 15:15:00,39.425,39.48,39.42,39.47,681964
2017-10-16 15:30:00,39.47,39.5,39.46,39.49,715286
2017-10-16 15:45:00,39.495,39.51,39.47,39.505,789783
2017-10-16 16:00:00,39.51,39.64,39.505,39.615,1086294
2017-10-17 09:45:00,39.58,39.79,39.48,39.565,36570
2017-10-17 10:00:00,39.56,39.68,39.56,39.635,89719
2017-10-17 10:15:00,39.635,39.82,39.635,39.81,222672
2017-10-17 10:30:00,39.81,39.84,39.765,39.84,335747
2017-10-17 10:45:00,39.85,39.88,39.79,39.88,482661
2017-10-17 11:00:00,39.88,39.97,39.81,39.955,650329
2017-10-17 11:15:00,39.95,39.95,39.88,39.905,705449
2017-10-17 11:30:00,39.91,39.95,39.885,39.93,776161
2017-10-17 11:45:00,39.935,39.94,39.885,39.89,804489
2017-10-17 12:00:00,39.88,39.88,39.81,39.825,840836
2017-10-17 12:15:00,39.82,39.85,39.8,39.82,864802
2017-10-17 12:30:00,39.82,39.84,39.78,39.79,884946
2017-10-17 12:45:00,39.79,39.8,39.76,39.785,926986
2017-10-17 13:00:00,39.785,39.86,39.77,39.84,962783
2017-10-17 13:15:00,39.8399,39.85,39.8,39.8,988979
2017-10-17 13:30:00,39.8,39.8,39.77,39.78,1012886
2017-10-17 13:45:00,39.78,39.8,39.76,39.8,1039089
2017-10-17 14:00:00,39.79,39.8,39.78,39.8,1078774
2017-10-17 14:15:00,39.8,39.85,39.795,39.82,1123952
2017-10-17 14:30:00,39.82,39.88,39.79,39.87,1181780
2017-10-17 14:45:00,39.875,39.91,39.84,39.9,1253522
2017-10-17 15:00:00,39.9,39.91,39.89,39.9,1279079
2017-10-17 15:15:00,39.9,39.94,39.88,39.9128,1338236
2017-10-17 15:30:00,39.915,39.97,39.9,39.935,1436479
2017-10-17 15:45:00,39.94,40.005,39.92,40.0,1531214
2017-10-17 16:00:00,39.99,40.03,39.96,40.0,1763956
2017-10-18 09:45:00,40.03,40.57,40.03,40.53,196331
2017-10-18 10:00:00,40.525,40.53,40.36,40.41,324017
2017-10-18 10:15:00,40.42,40.6,40.41,40.54,466519
2017-10-18 10:30:00,40.53,40.65,40.495,40.65,539895
2017-10-18 10:45:00,40.6599,40.79,40.65,40.755,656033
2017-10-18 11:00:00,40.755,40.8,40.75,40.8,730432
2017-10-18 11:15:00,40.795,40.865,40.78,40.8575,794486
2017-10-18 11:30:00,40.85,41.03,40.83,41.03,975935
2017-10-18 11:45:00,41.02,41.03,40.94,41.01,1121089
2017-10-18 12:00:00,41.01,41.04,40.95,41.01,1331455
2017-10-18 12:15:00,41.0,41.19,41.0,41.17,1539840
2017-10-18 12:30:00,41.18,41.18,41.03,41.045,1595907
2017-10-18 12:45:00,41.05,41.315,41.05,41.255,1740967
2017-10-18 13:00:00,41.26,41.35,41.24,41.27,1791693
2017-10-18 13:15:00,41.265,41.32,41.24,41.31,1848350
2017-10-18 13:30:00,41.32,41.44,41.32,41.44,1908742
2017-10-18 13:45:00,41.44,41.67,41.44,41.64,2020104
2017-10-18 14:00:00,41.64,41.77,41.6,41.73,2121387
2017-10-18 14:15:00,41.73,41.73,41.61,41.655,2379989
2017-10-18 14:30:00,41.655,41.78,41.65,41.755,2553330
2017-10-18 14:45:00,41.75,41.87,41.56,41.71,2812128
2017-10-18 15:00:00,41.71,41.815,41.69,41.78,3043045
2017-10-18 15:15:00,41.78,41.81,41.64,41.77,3334269
2017-10-18 15:30:00,41.76,41.77,41.71,41.755,3513143
2017-10-18 15:45:00,41.75,41.79,41.71,41.785,3818280
2017-10-18 16:00:00,41.78,41.79,41.68,41.69,4552768
2017-10-19 09:45:00,41.5,41.645,41.31,41.61,235853
2017-10-19 10:00:00,41.6,41.78,41.54,41.6,309713
2017-10-19 10:15:00,41.58,41.581,41.378,41.49,412526
2017-10-19 10:30:00,41.49,41.49,41.34,41.41,722686
2017-10-19 10:45:00,41.41,41.515,41.4,41.515,789652
2017-10-19 11:00:00,41.51,41.51,41.4,41.46,835807
2017-10-19 11:15:00,41.45,41.56,41.44,41.545,898137
2017-10-19 11:30:00,41.53,41.54,41.4214,41.45,947823
2017-10-19 11:45:00,41.45,41.45,41.395,41.4,988956
2017-10-19 12:00:00,41.4,41.44,41.39,41.42,1023288
2017-10-19 12:15:00,41.42,41.5,41.42,41.5,1055950
2017-10-19 12:30:00,41.5,41.52,41.48,41.49,1070472
2017-10-19 12:45:00,41.4876,41.53,41.4876,41.53,1087103
2017-10-19 13:00:00,41.53,41.55,41.52,41.525,1099484
2017-10-19 13:15:00,41.52,41.52,41.48,41.5,1142588
2017-10-19 13:30:00,41.5,41.5,41.39,41.39,1184053
2017-10-19 13:45:00,41.39,41.41,41.27,41.33,1246269
2017-10-19 14:00:00,41.34,41.45,41.33,41.45,1269816
2017-10-19 14:15:00,41.44,41.455,41.395,41.4,1361051
2017-10-19 14:30:00,41.39,41.42,41.37,41.41,1400420
2017-10-19 14:45:00,41.4057,41.505,41.395,41.5,1435492
2017-10-19 15:00:00,41.51,41.51,41.435,41.495,1615351
2017-10-19 15:15:00,41.49,41.52,41.4,41.4099,1696362
2017-10-19 15:30:00,41.405,41.43,41.38,41.41,1758095
2017-10-19 15:45:00,41.41,41.41,41.325,41.33,1852103
2017-10-19 16:00:00,41.33,41.34,41.27,41.31,2278169
2017-10-20 09:45:00,41.37,41.72,41.35,41.56,119073
2017-10-20 10:00:00,41.56,41.605,41.47,41.5,212640
2017-10-20 10:15:00,41.49,41.61,41.48,41.51,396895
2017-10-20 10:30:00,41.51,41.69,41.48,41.52,638238
2017-10-20 10:45:00,41.53,41.555,41.46,41.505,744178
2017-10-20 11:00:00,41.505,41.57,41.5,41.51,912795
2017-10-20 11:15:00,41.51,41.575,41.5,41.545,1004919
2017-10-20 11:30:00,41.54,41.56,41.53,41.5325,1112340
2017-10-20 11:45:00,41.535,41.56,41.52,41.525,1176354
2017-10-20 12:00:00,41.52,41.55,41.5,41.505,1215328
2017-10-20 12:15:00,41.505,41.56,41.5,41.55,1273964
2017-10-20 12:30:00,41.55,41.56,41.5,41.55,1348782
2017-10-20 12:45:00,41.555,41.74,41.55,41.74,1456554
2017-10-20 13:00:00,41.74,41.81,41.67,41.685,1516954
2017-10-20 13:15:00,41.68,41.88,41.67,41.84,1591505
2017-10-20 13:30:00,41.83,41.985,41.8,41.97,1659314
2017-10-20 13:45:00,41.95,42.07,41.94,42.06,1722738
2017-10-20 14:00:00,42.06,42.155,42.0238,42.025,1821643
2017-10-20 14:15:00,42.03,42.03,41.87,41.96,1917956
2017-10-20 14:30:00,41.955,41.99,41.9,41.98,1990491
2017-10-20 14:45:00,41.98,41.98,41.76,41.815,2122931
2017-10-20 15:00:00,41.82,41.9,41.78,41.82,2262356
2017-10-20 15:15:00,41.825,41.83,41.75,41.805,2399658
2017-10-20 15:30:00,41.81,41.82,41.74,41.805,2507344
2017-10-20 15:45:00,41.81,41.85,41.8,41.81,2716186
2017-10-20 16:00:00,41.8,41.82,41.73,41.77,3151802
2017-10-23 09:45:00,41.75,41.99,41.65,41.99,86774
2017-10-23 10:00:00,41.99,41.99,41.88,41.91,211337
2017-10-23 10:15:00,41.91,41.91,41.77,41.86,344960
2017-10-23 10:30:00,41.85,41.9,41.79,41.82,480232
2017-10-23 10:45:00,41.82,41.85,41.73,41.75,547837
2017-10-23 11:00:00,41.75,41.795,41.75,41.755,612028
2017-10-23 11:15:00,41.755,41.765,41.56,41.56,695741
2017-10-23 11:30:00,41.56,41.66,41.56,41.59,760314
2017-10-23 11:45:00,41.59,41.655,41.58,41.61,795015
2017-10-23 12:00:00,41.605,41.615,41.51,41.51,828482
2017-10-23 12:15:00,41.515,41.525,41.42,41.43,903161
2017-10-23 12:30:00,41.429,41.445,41.39,41.41,934477
2017-10-23 12:45:00,41.42,41.455,41.3992,41.455,961232
2017-10-23 13:00:00,41.46,41.6,41.45,41.6,1004599
2017-10-23 13:15:00,41.59,41.595,41.535,41.545,1040974
2017-10-23 13:30:00,41.5453,41.57,41.51,41.55,1065661
2017-10-23 13:45:00,41.55,41.55,41.47,41.51,1094378
2017-10-23 14:00:00,41.51,41.55,41.49,41.52,1131922
2017-10-23 14:15:00,41.515,41.58,41.51,41.56,1197539
2017-10-23 14:30:00,41.57,41.57,41.475,41.5,1253622
2017-10-23 14:45:00,41.505,41.5075,41.38,41.41,1378480
2017-10-23 15:00:00,41.405,41.425,41.37,41.385,1427469
2017-10-23 15:15:00,41.38,41.39,41.35,41.35,1488029
2017-10-23 15:30:00,41.35,41.465,41.35,41.435,1642912
2017-10-23 15:45:00,41.435,41.445,41.34,41.34,1776742
2017-10-23 16:00:00,41.35,41.45,41.34,41.39,2136603
2017-10-24 09:45:00,41.32,41.38,41.27,41.29,135602
2017-10-24 10:00:00,41.29,41.295,41.04,41.04,544088
2017-10-24 10:15:00,41.045,41.08,40.58,40.73,699579
2017-10-24 10:30:00,40.75,40.86,40.73,40.85,787436
2017-10-24 10:45:00,40.85,41.105,40.85,41.05,872208
2017-10-24 11:00:00,41.05,41.22,41.04,41.15,1012966
2017-10-24 11:15:00,41.15,41.205,41.05,41.05,1072989
2017-10-24 11:30:00,41.06,41.1,40.97,40.98,1146757
2017-10-24 11:45:00,40.975,41.06,40.94,40.95,1219051
2017-10-24 12:00:00,40.945,40.99,40.92,40.98,1312515
2017-10-24 12:15:00,40.985,41.11,40.98,41.1,1364192
2017-10-24 12:30:00,41.1,41.12,41.04,41.055,1513001
2017-10-24 12:45:00,41.055,41.06,41.03,41.045,1545267
2017-10-24 13:00:00,41.05,41.13,41.04,41.13,1586583
2017-10-24 13:15:00,41.12,41.17,41.11,41.15,1623641
2017-10-24 13:30:00,41.1481,41.18,41.13,41.14,1704619
2017-10-24 13:45:00,41.1425,41.155,41.065,41.07,1756474
2017-10-24 14:00:00,41.08,41.08,40.88,40.98,1885190
2017-10-24 14:15:00,40.99,41.08,40.85,41.07,1960740
2017-10-24 14:30:00,41.0624,41.2,40.99,41.1802,2107011
2017-10-24 14:45:00,41.2,41.22,41.1,41.11,2300349
2017-10-24 15:00:00,41.11,41.17,40.75,40.82,2554743
2017-10-24 15:15:00,40.85,41.025,40.85,40.99,2737878
2017-10-24 15:30:00,40.985,41.09,40.985,41.02,2848248
2017-10-24 15:45:00,41.03,41.11,40.97,41.07,3040684
2017-10-24 16:00:00,41.07,41.18,41.03,41.135,3505043
2017-10-25 09:45:00,37.07,39.58,37.0,39.22,1082491
2017-10-25 10:00:00,39.11,39.52,38.76,39.47,1875220
2017-10-25 10:15:00,39.46,39.46,38.55,38.9,2314597
2017-10-25 10:30:00,38.91,39.02,38.79,38.98,2559282
2017-10-25 10:45:00,38.97,39.02,38.475,38.575,2822329
2017-10-25 11:00:00,38.59,38.94,38.52,38.84,3075318
2017-10-25 11:15:00,38.86,39.01,38.65,38.88,3449395
2017-10-25 11:30:00,38.8789,39.109,38.83,39.02,3782055
2017-10-25 11:45:00,39.015,39.15,38.85,38.97,4020728
2017-10-25 12:00:00,38.98,39.005,38.5,38.52,4190910
2017-10-25 12:15:00,38.52,38.57,38.33,38.49,4502650
2017-10-25 12:30:00,38.48,38.57,38.4,38.42,4629453
2017-10-25 12:45:00,38.42,38.51,38.39,38.49,4772406
2017-10-25 13:00:00,38.5,38.5,38.4,38.465,4928051
2017-10-25 13:15:00,38.465,38.47,38.13,38.15,5178018
2017-10-25 13:30:00,38.13,38.22,38.0,38.205,5745738
2017-10-25 13:45:00,38.21,38.47,38.2,38.47,6003418
2017-10-25 14:00:00,38.475,38.715,38.39,38.605,6318757
2017-10-25 14:15:00,38.605,38.7,38.59,38.59,6464327
2017-10-25 14:30:00,38.59,38.61,38.38,38.55,6640345
2017-10-25 14:45:00,38.545,38.7,38.46,38.7,6775921
2017-10-25 15:00:00,38.7,38.76,38.6,38.695,7026373
2017-10-25 15:15:00,38.695,38.7325,38.59,38.71,7193551
2017-10-25 15:30:00,38.715,38.83,38.67,38.82,7454506
2017-10-25 15:45:00,38.815,38.82,38.74,38.74,7852328
2017-10-25 16:00:00,38.74,38.75,38.52,38.57,8596974
2017-10-26 09:45:00,38.85,39.23,38.71,39.1,288446
2017-10-26 10:00:00,39.1,39.2,39.04,39.1,469768
2017-10-26 10:15:00,39.11,39.14,38.93,39.115,622650
2017-10-26 10:30:00,39.11,39.12,38.98,38.995,793288
2017-10-26 10:45:00,38.99,39.2,38.99,39.15,1013040
2017-10-26 11:00:00,39.155,39.46,39.14,39.39,1250868
2017-10-26 11:15:00,39.375,39.44,39.18,39.26,1354247
2017-10-26 11:30:00,39.27,39.31,39.19,39.215,1480833
2017-10-26 11:45:00,39.22,39.365,39.215,39.325,1563967
2017-10-26 12:00:00,39.335,39.36,39.3,39.305,1643625
2017-10-26 12:15:00,39.3,39.52,39.29,39.515,1766702
2017-10-26 12:30:00,39.515,39.53,39.44,39.51,1917101
2017-10-26 12:45:00,39.515,39.52,39.32,39.34,2077253
2017-10-26 13:00:00,39.335,39.4999,39.33,39.46,2179450
2017-10-26 13:15:00,39.455,39.455,39.2,39.235,2394157
2017-10-26 13:30:00,39.25,39.26,39.17,39.2,2486723
2017-10-26 13:45:00,39.2,39.3,39.18,39.26,2574547
2017-10-26 14:00:00,39.27,39.27,39.195,39.22,2675507
2017-10-26 14:15:00,39.22,39.29,39.19,39.22,2823669
2017-10-26 14:30:00,39.22,39.29,39.21,39.29,2987726
2017-10-26 14:45:00,39.285,39.33,39.24,39.315,3127109
2017-10-26 15:00:00,39.315,39.3692,39.25,39.265,3367377
2017-10-26 15:15:00,39.27,39.34,39.265,39.325,3541919
2017-10-26 15:30:00,39.325,39.34,39.29,39.325,3785732
2017-10-26 15:45:00,39.325,39.35,39.26,39.29,4055121
2017-10-26 16:00:00,39.29,39.35,39.28,39.28,4623506
2017-10-27 09:45:00,39.4,39.6449,39.33,39.38,147980
2017-10-27 10:00:00,39.39,39.54,39.23,39.49,262238
2017-10-27 10:15:00,39.49,39.61,39.39,39.39,483186
2017-10-27 10:30:00,39.39,39.5,39.39,39.485,645807
2017-10-27 10:45:00,39.49,39.5,39.23,39.245,842413
2017-10-27 11:00:00,39.24,39.33,39.23,39.32,1014758
2017-10-27 11:15:00,39.31,39.405,39.3,39.39,1119343
2017-10-27 11:30:00,39.38,39.4,39.255,39.26,1252327
2017-10-27 11:45:00,39.26,39.3,39.15,39.15,1350161
2017-10-27 12:00:00,39.14,39.18,39.0,39.06,1468062
2017-10-27 12:15:00,39.055,39.08,39.03,39.04,1619352
2017-10-27 12:30:00,39.04,39.065,38.79,38.82,1782354
2017-10-27 12:45:00,38.83,38.855,38.69,38.81,2001694
2017-10-27 13:00:00,38.82,38.85,38.7,38.78,2169802
2017-10-27 13:15:00,38.775,38.82,38.65,38.65,2346982
2017-10-27 13:30:00,38.66,38.75,38.62,38.75,2462313
2017-10-27 13:45:00,38.745,38.75,38.62,38.72,2550652
2017-10-27 14:00:00,38.73,38.92,38.73,38.91,2746780
2017-10-27 14:15:00,38.91,38.93,38.73,38.92,2905940
2017-10-27 14:30:00,38.93,39.03,38.89,38.995,3063633
2017-10-27 14:45:00,39.0,39.01,38.81,38.93,3233161
2017-10-27 15:00:00,38.935,38.94,38.7,38.74,3516770
2017-10-27 15:15:00,38.75,38.75,38.61,38.62,3713850
2017-10-27 15:30:00,38.62,38.69,38.59,38.67,3919805
2017-10-27 15:45:00,38.66,38.69,38.47,38.475,4172982
2017-10-27 16:00:00,38.47,38.6,38.47,38.58,4830540
2017-10-30 09:45:00,38.5,38.5,37.66,38.2,239087
2017-10-30 10:00:00,38.2,38.41,38.15,38.2,394617
2017-10-30 10:15:00,38.2,38.22,38.04,38.08,583495
2017-10-30 10:30:00,38.07,38.17,38.05,38.13,701937
2017-10-30 10:45:00,38.13,38.13,38.0175,38.0601,849662
2017-10-30 11:00:00,38.06,38.11,38.0501,38.1,1004299
2017-10-30 11:15:00,38.1,38.11,37.97,37.9901,1179248
2017-10-30 11:30:00,37.995,38.02,37.75,37.86,1337916
2017-10-30 11:45:00,37.865,37.88,37.695,37.72,1481467
2017-10-30 12:00:00,37.73,37.84,37.695,37.8,1600093
2017-10-30 12:15:00,37.8,37.8,37.715,37.77,1724611
2017-10-30 12:30:00,37.77,37.83,37.715,37.79,1852389
2017-10-30 12:45:00,37.8,37.9,37.77,37.85,2008638
2017-10-30 13:00:00,37.855,37.885,37.8,37.83,2142731
2017-10-30 13:15:00,37.83,37.92,37.76,37.92,2256173
2017-10-30 13:30:00,37.918,37.97,37.9,37.95,2346309
2017-10-30 13:45:00,37.95,37.95,37.86,37.875,2458004
2017-10-30 14:00:00,37.87,37.88,37.815,37.8472,2576741
2017-10-30 14:15:00,37.85,37.92,37.79,37.91,2693683
2017-10-30 14:30:00,37.91,37.97,37.89,37.97,2800877
2017-10-30 14:45:00,37.965,37.97,37.82,37.87,2991368
2017-10-30 15:00:00,37.865,37.9,37.78,37.79,3371097
2017-10-30 15:15:00,37.79,37.795,37.6125,37.64,3602475
2017-10-30 15:30:00,37.64,37.73,37.58,37.65,3880490
2017-10-30 15:45:00,37.64,37.68,37.55,37.635,4266200
2017-10-30 16:00:00,37.64,37.71,37.58,37.66,4977180
2017-10-31 09:45:00,38.495,38.495,37.69,38.0231,85801
2017-10-31 10:00:00,38.04,38.06,37.74,37.74,134025
2017-10-31 10:15:00,37.71,37.73,37.51,37.53,184293
2017-10-31 10:30:00,37.54,37.58,37.47,37.51,247411
2017-10-31 10:45:00,37.51,37.61,37.47,37.56,309300
2017-10-31 11:00:00,37.57,37.63,37.46,37.5,367887
2017-10-31 11:15:00,37.5,37.65,37.49,37.64,464173
2017-10-31 11:30:00,37.64,37.65,37.465,37.5,509290
2017-10-31 11:45:00,37.51,37.51,37.42,37.425,541193
2017-10-31 12:00:00,37.425,37.47,37.42,37.45,601630
2017-10-31 12:15:00,37.44,37.49,37.25,37.26,682673
2017-10-31 12:30:00,37.26,37.28,37.2,37.22,727335
2017-10-31 12:45:00,37.22,37.23,37.19,37.2,767150
2017-10-31 13:00:00,37.2,37.21,37.065,37.07,816978
2017-10-31 13:15:00,37.065,37.11,37.065,37.08,848396
2017-10-31 13:30:00,37.075,37.09,37.05,37.06,961929
2017-10-31 13:45:00,37.055,37.15,37.05,37.1,1064500
2017-10-31 14:00:00,37.1,37.2,37.1,37.15,1134747
2017-10-31 14:15:00,37.155,37.2225,37.15,37.17,1207916
2017-10-31 14:30:00,37.175,37.18,37.095,37.115,1336167
2017-10-31 14:45:00,37.115,37.12,36.99,36.995,1451577
2017-10-31 15:00:00,36.995,37.08,36.97,37.055,1597047
2017-10-31 15:15:00,37.055,37.06,37.01,37.03,1778743
2017-10-31 15:30:00,37.03,37.07,36.98,37.055,1947776
2017-10-31 15:45:00,37.06,37.095,37.02,37.055,2183117
2017-10-31 16:00:00,37.05,37.1,37.04,37.07,2729586
2017-11-01 09:45:00,37.18,37.225,36.14,36.85,235739
2017-11-01 10:00:00,36.85,37.01,36.75,36.8,461086
2017-11-01 10:15:00,36.8,36.81,36.66,36.73,586276
2017-11-01 10:30:00,36.73,36.78,36.59,36.59,664621
2017-11-01 10:45:00,36.58,36.58,36.44,36.53,784964
2017-11-01 11:00:00,36.53,36.5511,36.425,36.43,888088
2017-11-01 11:15:00,36.43,36.55,36.37,36.535,1009444
2017-11-01 11:30:00,36.53,36.54,36.45,36.45,1077768
2017-11-01 11:45:00,36.45,36.55,36.44,36.53,1135927
2017-11-01 12:00:00,36.53,36.55,36.47,36.5,1186524
2017-11-01 12:15:00,36.51,36.51,36.41,36.41,1228791
2017-11-01 12:30:00,36.41,36.44,36.32,36.34,1344562
2017-11-01 12:45:00,36.35,36.42,36.34,36.365,1415243
2017-11-01 13:00:00,36.36,36.41,36.335,36.39,1464607
2017-11-01 13:15:00,36.395,36.44,36.33,36.44,1522904
2017-11-01 13:30:00,36.44,36.57,36.4,36.405,1595362
2017-11-01 13:45:00,36.405,36.45,36.31,36.44,1729860
2017-11-01 14:00:00,36.44,36.475,36.37,36.385,1781479
2017-11-01 14:15:00,36.39,36.45,36.34,36.39,1888567
2017-11-01 14:30:00,36.38,36.39,36.31,36.345,2011958
2017-11-01 14:45:00,36.345,36.38,36.22,36.305,2129895
2017-11-01 15:00:00,36.31,36.45,36.3,36.32,2237225
2017-11-01 15:15:00,36.315,36.32,36.23,36.23,2358510
2017-11-01 15:30:00,36.23,36.235,36.07,36.12,2560699
2017-11-01 15:45:00,36.1101,36.13,36.07,36.07,2774843
2017-11-01 16:00:00,36.075,36.16,36.065,36.15,3271442
2017-11-02 09:45:00,36.19,36.34,35.95,36.01,155874
2017-11-02 10:00:00,36.01,36.21,36.0,36.13,299700
2017-11-02 10:15:00,36.12,36.14,35.84,35.89,406748
2017-11-02 10:30:00,35.9,36.06,35.9,36.04,515702
2017-11-02 10:45:00,36.05,36.13,35.97,36.03,630493
2017-11-02 11:00:00,36.035,36.375,36.02,36.35,822145
2017-11-02 11:15:00,36.36,36.5,36.35,36.49,993200
2017-11-02 11:30:00,36.49,36.62,36.45,36.53,1130924
2017-11-02 11:45:00,36.5258,36.62,36.45,36.49,1287193
2017-11-02 12:00:00,36.48,36.61,36.48,36.55,1462951
2017-11-02 12:15:00,36.56,36.77,36.53,36.725,1659869
2017-11-02 12:30:00,36.72,36.765,36.585,36.585,1778275
2017-11-02 12:45:00,36.58,36.65,36.575,36.625,1892630
2017-11-02 13:00:00,36.625,36.66,36.61,36.65,2062387
2017-11-02 13:15:00,36.655,36.71,36.535,36.59,2225071
2017-11-02 13:30:00,36.57,36.65,36.57,36.58,2311598
2017-11-02 13:45:00,36.58,36.73,36.57,36.68,2438495
2017-11-02 14:00:00,36.675,36.81,36.675,36.775,2589571
2017-11-02 14:15:00,36.775,36.78,36.66,36.72,2731130
2017-11-02 14:30:00,36.71,36.81,36.7,36.81,2914021
2017-11-02 14:45:00,36.82,36.85,36.625,36.685,3091085
2017-11-02 15:00:00,36.685,36.735,36.68,36.71,3234341
2017-11-02 15:15:00,36.715,36.745,36.65,36.69,3453804
2017-11-02 15:30:00,36.7,36.7,36.55,36.65,3998478
2017-11-02 15:45:00,36.65,36.805,36.65,36.8,4196639
2017-11-02 16:00:00,36.79,36.82,36.75,36.81,4660406
2017-11-03 09:45:00,36.8,36.8,36.555,36.575,54873
2017-11-03 10:00:00,36.56,36.575,36.44,36.49,96802
2017-11-03 10:15:00,36.5,36.71,36.49,36.71,170512
2017-11-03 10:30:00,36.71,36.77,36.71,36.75,287552
2017-11-03 10:45:00,36.745,36.76,36.6,36.72,386600
2017-11-03 11:00:00,36.72,36.82,36.71,36.76,544010
2017-11-03 11:15:00,36.76,36.82,36.74,36.77,583083
2017-11-03 11:30:00,36.7799,36.91,36.76,36.91,653941
2017-11-03 11:45:00,36.9,36.9,36.86,36.87,680732
2017-11-03 12:00:00,36.87,36.91,36.8,36.84,748012
2017-11-03 12:15:00,36.83,36.86,36.77,36.8,794379
2017-11-03 12:30:00,36.8,36.83,36.79,36.81,840722
2017-11-03 12:45:00,36.8,36.82,36.78,36.8,880310
2017-11-03 13:00:00,36.8,36.82,36.79,36.8,919828
2017-11-03 13:15:00,36.795,36.81,36.75,36.775,1010951
2017-11-03 13:30:00,36.77,36.79,36.765,36.79,1052849
2017-11-03 13:45:00,36.78,36.81,36.775,36.8,1100905
2017-11-03 14:00:00,36.8,36.81,36.785,36.8,1136448
2017-11-03 14:15:00,36.8,36.805,36.77,36.8,1185761
2017-11-03 14:30:00,36.8,36.83,36.79,36.8,1239551
2017-11-03 14:45:00,36.795,36.82,36.78,36.81,1300429
2017-11-03 15:00:00,36.81,36.84,36.79,36.8,1366156
2017-11-03 15:15:00,36.8,36.84,36.79,36.82,1446112
2017-11-03 15:30:00,36.8,36.87,36.79,36.8101,1526266
2017-11-03 15:45:00,36.815,36.86,36.78,36.8,1662385
2017-11-03 16:00:00,36.79,36.855,36.79,36.84,2091704
2017-11-06 09:45:00,36.75,36.87,36.69,36.79,44677
2017-11-06 10:00:00,36.79,36.85,36.77,36.82,91979
2017-11-06 10:15:00,36.825,36.85,36.785,36.83,152938
2017-11-06 10:30:00,36.83,36.91,36.83,36.87,181508
2017-11-06 10:45:00,36.87,36.96,36.8231,36.85,229589
2017-11-06 11:00:00,36.86,36.93,36.845,36.91,287669
2017-11-06 11:15:00,36.92,37.0151,36.92,36.99,349371
2017-11-06 11:30:00,36.99,37.02,36.97,37.0,401226
2017-11-06 11:45:00,37.0,37.02,36.97,36.99,447122
2017-11-06 12:00:00,36.99,37.09,36.97,37.03,528438
2017-11-06 12:15:00,37.03,37.05,37.01,37.04,553769
2017-11-06 12:30:00,37.045,37.19,37.03,37.115,630888
2017-11-06 12:45:00,37.12,37.19,37.09,37.17,682557
2017-11-06 13:00:00,37.17,37.29,37.17,37.22,792340
2017-11-06 13:15:00,37.22,37.3,37.21,37.25,850836
2017-11-06 13:30:00,37.26,37.29,37.23,37.27,924897
2017-11-06 13:45:00,37.27,37.41,37.27,37.35,1021537
2017-11-06 14:00:00,37.36,37.41,37.34,37.38,1091154
2017-11-06 14:15:00,37.375,37.42,37.37,37.415,1161451
2017-11-06 14:30:00,37.4101,37.46,37.41,37.45,1243550
2017-11-06 14:45:00,37.455,37.48,37.43,37.46,1334834
2017-11-06 15:00:00,37.455,37.47,37.415,37.422,1406998
2017-11-06 15:15:00,37.425,37.43,37.41,37.41,1488980
2017-11-06 15:30:00,37.415,37.46,37.33,37.39,1705061
2017-11-06 15:45:00,37.3899,37.43,37.3899,37.415,1850554
2017-11-06 16:00:00,37.42,37.45,37.39,37.4,2221837
2017-11-07 09:45:00,37.42,37.61,37.39,37.55,73383
2017-11-07 10:00:00,37.57,37.83,37.54,37.77,179777
2017-11-07 10:15:00,37.76,37.81,37.6725,37.69,281441
2017-11-07 10:30:00,37.69,37.7,37.58,37.65,513614
2017-11-07 10:45:00,37.645,37.68,37.52,37.59,714021
2017-11-07 11:00:00,37.59,37.75,37.59,37.75,826330
2017-11-07 11:15:00,37.76,37.79,37.69,37.78,926047
2017-11-07 11:30:00,37.78,37.85,37.75,37.81,991385
2017-11-07 11:45:00,37.81,37.87,37.76,37.835,1056200
2017-11-07 12:00:00,37.8362,37.905,37.8,37.87,1143554
2017-11-07 12:15:00,37.87,37.92,37.8425,37.92,1395830
2017-11-07 12:30:00,37.92,38.04,37.915,37.98,1521666
2017-11-07 12:45:00,37.985,38.01,37.95,37.98,1601960
2017-11-07 13:00:00,37.98,37.995,37.93,37.95,1677794
2017-11-07 13:15:00,37.95,38.02,37.92,38.01,1793490
2017-11-07 13:30:00,38.01,38.02,37.99,38.0,1834134
2017-11-07 13:45:00,38.0,38.01,37.96,37.97,1888294
2017-11-07 14:00:00,37.975,37.98,37.91,37.97,1947043
2017-11-07 14:15:00,37.96,37.965,37.88,37.885,2049268
2017-11-07 14:30:00,37.88,37.95,37.88,37.915,2468038
2017-11-07 14:45:00,37.91,37.92,37.77,37.8375,2719310
2017-11-07 15:00:00,37.835,37.87,37.81,37.85,2817200
2017-11-07 15:15:00,37.855,37.92,37.83,37.885,2932885
2017-11-07 15:30:00,37.88,37.94,37.84,37.925,3091264
2017-11-07 15:45:00,37.93,38.015,37.92,38.01,3367672
2017-11-07 16:00:00,38.01,38.02,37.98,38.0,3776787
2017-11-08 09:45:00,37.87,38.11,37.82,37.89,165658
2017-11-08 10:00:00,37.885,38.04,37.82,38.0,394557
2017-11-08 10:15:00,38.0,38.11,37.95,38.07,521114
2017-11-08 10:30:00,38.07,38.2,38.055,38.1,619579
2017-11-08 10:45:00,38.11,38.1199,37.995,38.05,757213
2017-11-08 11:00:00,38.05,38.15,37.99,38.105,879688
2017-11-08 11:15:00,38.105,38.24,38.0699,38.22,1022624
2017-11-08 11:30:00,38.21,38.24,38.13,38.205,1138016
2017-11-08 11:45:00,38.21,38.285,38.14,38.24,1243809
2017-11-08 12:00:00,38.23,38.235,38.1599,38.195,1352038
2017-11-08 12:15:00,38.1925,38.21,38.09,38.105,1465948
2017-11-08 12:30:00,38.11,38.11,38.06,38.08,1810708
2017-11-08 12:45:00,38.09,38.14,38.08,38.095,1922237
2017-11-08 13:00:00,38.095,38.15,38.07,38.09,2024408
2017-11-08 13:15:00,38.095,38.16,38.09,38.15,2155836
2017-11-08 13:30:00,38.145,38.25,38.14,38.25,2281011
2017-11-08 13:45:00,38.245,38.35,38.095,38.14,2439157
2017-11-08 14:00:00,38.135,38.1525,38.09,38.105,2533459
2017-11-08 14:15:00,38.1,38.11,38.01,38.05,2729711
2017-11-08 14:30:00,38.05,38.1,38.05,38.085,2876923
2017-11-08 14:45:00,38.08,38.0999,37.97,37.97,3238048
2017-11-08 15:00:00,37.97,38.1,37.925,38.04,3449791
2017-11-08 15:15:00,38.035,38.05,37.885,37.885,3691678
2017-11-08 15:30:00,37.88,37.88,37.84,37.865,3874897
2017-11-08 15:45:00,37.865,37.88,37.69,37.72,4274489
2017-11-08 16:00:00,37.725,37.725,37.495,37.54,4922415
2017-11-09 09:45:00,35.76,36.16,34.22,35.75,958952
2017-11-09 10:00:00,35.75,35.87,35.42,35.78,2061568
2017-11-09 10:15:00,35.8,35.85,35.57,35.67,2514278
2017-11-09 10:30:00,35.67,35.79,35.54,35.745,2908678
2017-11-09 10:45:00,35.74,35.96,35.74,35.84,3344888
2017-11-09 11:00:00,35.84,35.95,35.75,35.87,3604894
2017-11-09 11:15:00,35.88,36.09,35.875,36.055,3916950
2017-11-09 11:30:00,36.06,36.19,35.96,36.145,4184637
2017-11-09 11:45:00,36.145,36.35,36.05,36.13,4467814
2017-11-09 12:00:00,36.125,36.29,36.06,36.08,4711470
2017-11-09 12:15:00,36.07,36.12,36.02,36.05,4898375
2017-11-09 12:30:00,36.05,36.11,36.0,36.04,5178164
2017-11-09 12:45:00,36.03,36.115,36.0,36.09,5349152
2017-11-09 13:00:00,36.1,36.52,36.09,36.51,5540223
2017-11-09 13:15:00,36.5,36.88,36.5,36.87,5745967
2017-11-09 13:30:00,36.865,36.875,36.61,36.74,5931822
2017-11-09 13:45:00,36.75,36.87,36.71,36.87,6089995
2017-11-09 14:00:00,36.87,37.0,36.73,36.785,6216844
2017-11-09 14:15:00,36.79,37.1,36.79,37.03,6355233
2017-11-09 14:30:00,37.035,37.1875,37.0,37.15,6474056
2017-11-09 14:45:00,37.14,37.26,37.095,37.15,6624963
2017-11-09 15:00:00,37.15,37.379,37.15,37.28,6752275
2017-11-09 15:15:00,37.27,37.43,37.18,37.19,6996150
2017-11-09 15:30:00,37.19,37.2,37.02,37.1043,7290676
2017-11-09 15:45:00,37.105,37.15,37.0,37.03,7561857
2017-11-09 16:00:00,37.03,37.14,37.0,37.11,8401017
2017-11-10 09:45:00,36.76,37.05,36.7033,36.96,93272
2017-11-10 10:00:00,36.96,37.03,36.71,36.76,206807
2017-11-10 10:15:00,36.7525,36.76,36.53,36.63,573714
2017-11-10 10:30:00,36.62,36.69,36.46,36.68,718475
2017-11-10 10:45:00,36.68,36.76,36.59,36.64,762404
2017-11-10 11:00:00,36.65,36.7,36.54,36.54,830388
2017-11-10 11:15:00,36.56,36.66,36.5,36.64,911514
2017-11-10 11:30:00,36.64,36.66,36.56,36.59,1702659
2017-11-10 11:45:00,36.595,36.595,36.3,36.305,1780828
2017-11-10 12:00:00,36.3,36.34,36.165,36.33,1931251
2017-11-10 12:15:00,36.34,36.48,36.32,36.39,2050867
2017-11-10 12:30:00,36.39,36.43,36.33,36.34,2115135
2017-11-10 12:45:00,36.345,36.4,36.32,36.335,2171630
2017-11-10 13:00:00,36.335,36.34,36.2,36.2,2242294
2017-11-10 13:15:00,36.21,36.24,36.13,36.18,2373125
2017-11-10 13:30:00,36.175,36.19,36.13,36.16,2425422
2017-11-10 13:45:00,36.155,36.22,36.15,36.185,2527513
2017-11-10 14:00:00,36.1899,36.3,36.18,36.3,2578001
2017-11-10 14:15:00,36.3,36.61,36.3,36.54,2686626
2017-11-10 14:30:00,36.53,36.66,36.53,36.62,2796632
2017-11-10 14:45:00,36.615,36.64,36.57,36.615,2890474
2017-11-10 15:00:00,36.62,36.645,36.51,36.57,2972362
2017-11-10 15:15:00,36.57,36.63,36.55,36.56,3055012
2017-11-10 15:30:00,36.56,36.6,36.545,36.6,3143589
2017-11-10 15:45:00,36.595,36.69,36.595,36.63,3295892
2017-11-10 16:00:00,36.62,36.69,36.62,36.63,3612042
2017-11-13 09:45:00,36.29,36.5,36.28,36.45,67662
2017-11-13 10:00:00,36.45,36.56,36.37,36.555,106234
2017-11-13 10:15:00,36.55,36.65,36.495,36.61,166164
2017-11-13 10:30:00,36.58,36.6,36.47,36.55,231789
2017-11-13 10:45:00,36.55,36.56,36.5,36.5032,273549
2017-11-13 11:00:00,36.505,36.52,36.44,36.51,335483
2017-11-13 11:15:00,36.52,36.57,36.47,36.52,387578
2017-11-13 11:30:00,36.5147,36.63,36.49,36.62,486467
2017-11-13 11:45:00,36.625,36.655,36.52,36.5687,622467
2017-11-13 12:00:00,36.56,36.651,36.52,36.645,793164
2017-11-13 12:15:00,36.65,36.7,36.46,36.46,1048046
2017-11-13 12:30:00,36.46,36.47,36.2,36.22,1405697
2017-11-13 12:45:00,36.23,36.32,36.13,36.305,1752014
2017-11-13 13:00:00,36.305,36.31,36.22,36.28,1869954
2017-11-13 13:15:00,36.29,36.35,36.25,36.31,1965429
2017-11-13 13:30:00,36.31,36.32,36.27,36.3,2016862
2017-11-13 13:45:00,36.31,36.35,36.22,36.23,2064419
2017-11-13 14:00:00,36.24,36.24,36.16,36.17,2124383
2017-11-13 14:15:00,36.16,36.22,36.15,36.22,2195288
2017-11-13 14:30:00,36.22,36.25,36.2,36.2,2265962
2017-11-13 14:45:00,36.2,36.23,36.2,36.2,2324887
2017-11-13 15:00:00,36.2033,36.205,36.19,36.2,2369536
2017-11-13 15:15:00,36.195,36.2,36.185,36.195,2462289
2017-11-13 15:30:00,36.195,36.21,36.12,36.16,2647928
2017-11-13 15:45:00,36.16,36.19,36.12,36.12,2813254
2017-11-13 16:00:00,36.12,36.19,36.08,36.17,3193827
2017-11-14 09:45:00,35.96,36.04,35.81,35.91,152686
2017-11-14 10:00:00,35.92,35.95,35.61,35.62,270560
2017-11-14 10:15:00,35.63,35.76,35.41,35.74,511436
2017-11-14 10:30:00,35.735,35.79,35.65,35.755,739791
2017-11-14 10:45:00,35.755,36.035,35.75,36.035,991081
2017-11-14 11:00:00,36.035,36.11,35.99,36.03,1130968
2017-11-14 11:15:00,36.0182,36.0182,35.91,35.91,1208265
2017-11-14 11:30:00,35.91,36.005,35.87,35.89,1315903
2017-11-14 11:45:00,35.88,36.0075,35.86,36.0,1496618
2017-11-14 12:00:00,36.0,36.02,35.9184,35.96,1562366
2017-11-14 12:15:00,35.96,36.005,35.87,35.935,1618907
2017-11-14 12:30:00,35.935,35.94,35.8,35.88,1806257
2017-11-14 12:45:00,35.87,35.97,35.83,35.965,1876498
2017-11-14 13:00:00,35.965,35.965,35.79,35.835,1945495
2017-11-14 13:15:00,35.85,35.885,35.79,35.8061,2004141
2017-11-14 13:30:00,35.81,35.87,35.74,35.865,2075560
2017-11-14 13:45:00,35.86,35.885,35.84,35.85,2147445
2017-11-14 14:00:00,35.855,35.96,35.85,35.905,2311915
2017-11-14 14:15:00,35.905,36.01,35.86,35.92,2409260
2017-11-14 14:30:00,35.925,35.97,35.9,35.92,2501178
2017-11-14 14:45:00,35.93,35.93,35.865,35.895,2567917
2017-11-14 15:00:00,35.895,35.97,35.87,35.89,2729023
2017-11-14 15:15:00,35.89,35.965,35.83,35.96,3022610
2017-11-14 15:30:00,35.965,36.085,35.96,36.08,3221684
2017-11-14 15:45:00,36.08,36.12,36.01,36.03,3425401
2017-11-14 16:00:00,36.03,36.03,35.96,35.97,3952095
2017-11-15 09:45:00,35.81,35.87,35.55,35.58,119366
2017-11-15 10:00:00,35.57,35.69,35.42,35.54,185081
2017-11-15 10:15:00,35.54,35.63,35.52,35.605,272459
2017-11-15 10:30:00,35.605,35.61,35.46,35.46,416455
2017-11-15 10:45:00,35.45,35.69,35.3201,35.67,731200
2017-11-15 11:00:00,35.66,35.68,35.57,35.68,800207
2017-11-15 11:15:00,35.69,35.75,35.68,35.6935,835605
2017-11-15 11:30:00,35.7,35.85,35.7,35.84,890918
2017-11-15 11:45:00,35.835,35.98,35.82,35.98,995797
2017-11-15 12:00:00,36.0,36.0725,35.99,36.05,1060608
2017-11-15 12:15:00,36.045,36.055,35.96,36.01,1247902
2017-11-15 12:30:00,36.01,36.09,36.0,36.07,1355438
2017-11-15 12:45:00,36.07,36.1,36.03,36.05,1412245
2017-11-15 13:00:00,36.05,36.0548,36.0,36.025,1472987
2017-11-15 13:15:00,36.03,36.085,36.0238,36.05,1512424
2017-11-15 13:30:00,36.05,36.0701,36.045,36.07,1554468
2017-11-15 13:45:00,36.07,36.09,36.0,36.04,1635788
2017-11-15 14:00:00,36.035,36.05,36.01,36.03,1676164
2017-11-15 14:15:00,36.04,36.06,36.02,36.05,1756641
2017-11-15 14:30:00,36.05,36.1,36.03,36.06,1829397
2017-11-15 14:45:00,36.05,36.07,35.99,36.03,2025766
2017-11-15 15:00:00,36.02,36.035,36.0,36.035,2108980
2017-11-15 15:15:00,36.03,36.1,36.03,36.09,2180270
2017-11-15 15:30:00,36.1,36.125,36.08,36.09,2253554
2017-11-15 15:45:00,36.085,36.085,36.01,36.025,2370811
2017-11-15 16:00:00,36.02,36.07,36.01,36.06,2782307
2017-11-16 09:45:00,36.18,36.34,35.87,35.98,176703
2017-11-16 10:00:00,35.985,35.985,35.79,35.9,404647
2017-11-16 10:15:00,35.9,36.02,35.9,35.955,509725
2017-11-16 10:30:00,35.955,36.09,35.85,36.0275,680678
2017-11-16 10:45:00,36.03,36.03,35.91,36.005,741697
2017-11-16 11:00:00,36.01,36.01,35.87,36.005,810954
2017-11-16 11:15:00,36.0,36.09,35.98,36.0625,917571
2017-11-16 11:30:00,36.06,36.265,36.05,36.18,1087575
2017-11-16 11:45:00,36.18,36.33,36.16,36.28,1137190
2017-11-16 12:00:00,36.275,36.37,36.27,36.34,1279928
2017-11-16 12:15:00,36.34,36.35,36.17,36.205,1441762
2017-11-16 12:30:00,36.2,36.205,35.98,36.12,1537239
2017-11-16 12:45:00,36.12,36.13,35.91,36.0,1609784
2017-11-16 13:00:00,36.0,36.01,35.98,36.0,1658360
2017-11-16 13:15:00,35.99,36.1,35.93,35.94,1768342
2017-11-16 13:30:00,35.95,36.0,35.85,35.89,1955781
2017-11-16 13:45:00,35.9,36.06,35.84,36.0531,2038332
2017-11-16 14:00:00,36.05,36.115,36.02,36.04,2092033
2017-11-16 14:15:00,36.04,36.05,35.98,36.0,2207597
2017-11-16 14:30:00,35.99,35.995,35.89,35.8901,2280474
2017-11-16 14:45:00,35.89,35.91,35.795,35.89,2379062
2017-11-16 15:00:00,35.89,35.93,35.86,35.925,2461916
2017-11-16 15:15:00,35.93,35.97,35.91,35.95,2621589
2017-11-16 15:30:00,35.95,36.0,35.87,35.885,2835738
2017-11-16 15:45:00,35.88,35.89,35.81,35.81,2994440
2017-11-16 16:00:00,35.81,35.815,35.63,35.665,3700308
2017-11-17 09:45:00,35.73,36.07,35.66,36.04,497749
2017-11-17 10:00:00,36.05,36.09,35.92,36.015,657524
2017-11-17 10:15:00,36.02,36.25,36.015,36.2,946617
2017-11-17 10:30:00,36.195,36.46,36.195,36.38,1215630
2017-11-17 10:45:00,36.37,36.385,36.12,36.165,1369339
2017-11-17 11:00:00,36.17,36.27,36.12,36.21,1520123
2017-11-17 11:15:00,36.2,36.29,36.14,36.27,1658323
2017-11-17 11:30:00,36.27,36.36,36.21,36.345,1785256
2017-11-17 11:45:00,36.34,36.375,36.29,36.32,1946710
2017-11-17 12:00:00,36.32,36.52,36.315,36.52,2135689
2017-11-17 12:15:00,36.52,36.68,36.5175,36.555,2234075
2017-11-17 12:30:00,36.555,36.555,36.41,36.48,2315146
2017-11-17 12:45:00,36.47,36.54,36.4576,36.5,2385367
2017-11-17 13:00:00,36.5,36.53,36.43,36.435,2481779
2017-11-17 13:15:00,36.435,36.435,36.34,36.43,2697323
2017-11-17 13:30:00,36.44,36.53,36.4,36.52,2862554
2017-11-17 13:45:00,36.53,36.56,36.51,36.525,2980923
2017-11-17 14:00:00,36.52,36.525,36.48,36.5,3055472
2017-11-17 14:15:00,36.5,36.52,36.45,36.46,3137400
2017-11-17 14:30:00,36.47,36.505,36.46,36.485,3208768
2017-11-17 14:45:00,36.49,36.49,36.44,36.45,3382460
2017-11-17 15:00:00,36.445,36.445,36.37,36.38,3478726
2017-11-17 15:15:00,36.38,36.39,36.37,36.39,3602536
2017-11-17 15:30:00,36.39,36.42,36.335,36.36,3733036
2017-11-17 15:45:00,36.355,36.36,36.27,36.355,3905919
2017-11-17 16:00:00,36.36,36.39,36.34,36.37,4264028
2017-11-20 09:45:00,36.08,36.18,35.65,36.05,101144
2017-11-20 10:00:00,36.02,36.17,35.955,36.12,233534
2017-11-20 10:15:00,36.11,36.15,36.0,36.09,455280
2017-11-20 10:30:00,36.09,36.15,36.06,36.09,675878
2017-11-20 10:45:00,36.099,36.11,35.92,35.92,808997
2017-11-20 11:00:00,35.92,35.95,35.86,35.91,879940
2017-11-20 11:15:00,35.905,35.91,35.76,35.855,955715
2017-11-20 11:30:00,35.85,35.905,35.8,35.87,1040657
2017-11-20 11:45:00,35.875,36.01,35.855,36.01,1117713
2017-11-20 12:00:00,36.005,36.06,35.99,36.05,1161198
2017-11-20 12:15:00,36.045,36.07,36.04,36.04,1182132
2017-11-20 12:30:00,36.045,36.045,35.97,35.99,1219801
2017-11-20 12:45:00,35.995,36.05,35.995,36.03,1247033
2017-11-20 13:00:00,36.03,36.04,36.02,36.04,1259597
2017-11-20 13:15:00,36.03,36.03,35.89,35.96,1331458
2017-11-20 13:30:00,35.955,35.995,35.955,35.995,1361257
2017-11-20 13:45:00,35.9958,36.0,35.955,35.975,1389115
2017-11-20 14:00:00,35.975,36.0,35.97,36.0,1417680
2017-11-20 14:15:00,36.01,36.03,35.99,36.0065,1448175
2017-11-20 14:30:00,36.0,36.0225,35.91,35.92,1533816
2017-11-20 14:45:00,35.925,36.0,35.92,35.995,1596438
2017-11-20 15:00:00,35.995,36.005,35.94,35.945,1668559
2017-11-20 15:15:00,35.945,35.965,35.9,35.9,1773448
2017-11-20 15:30:00,35.9,35.93,35.84,35.88,1902204
2017-11-20 15:45:00,35.885,35.89,35.79,35.86,2049405
2017-11-20 16:00:00,35.87,35.88,35.84,35.86,2339859
2017-11-21 09:45:00,36.2,36.23,35.99,36.195,66354
2017-11-21 10:00:00,36.19,36.33,36.14,36.28,126300
2017-11-21 10:15:00,36.28,36.37,36.22,36.36,155944
2017-11-21 10:30:00,36.36,36.46,36.36,36.41,198477
2017-11-21 10:45:00,36.41,36.5398,36.41,36.51,271359
2017-11-21 11:00:00,36.52,36.54,36.4333,36.51,366321
2017-11-21 11:15:00,36.51,36.56,36.48,36.48,783951
2017-11-21 11:30:00,36.48,36.48,36.3846,36.4,818721
2017-11-21 11:45:00,36.395,36.48,36.38,36.47,863682
2017-11-21 12:00:00,36.465,36.52,36.44,36.515,899227
2017-11-21 12:15:00,36.51,36.515,36.26,36.26,946591
2017-11-21 12:30:00,36.26,36.26,36.19,36.2,1026161
2017-11-21 12:45:00,36.21,36.23,36.17,36.215,1047020
2017-11-21 13:00:00,36.21,36.225,36.21,36.21,1074596
2017-11-21 13:15:00,36.21,36.26,36.21,36.24,1116499
2017-11-21 13:30:00,36.245,36.26,36.18,36.2585,1163285
2017-11-21 13:45:00,36.26,36.2701,36.245,36.25,1191626
2017-11-21 14:00:00,36.25,36.27,36.24,36.25,1241941
2017-11-21 14:15:00,36.25,36.261,36.25,36.25,1289861
2017-11-21 14:30:00,36.25,36.26,36.12,36.12,1425155
2017-11-21 14:45:00,36.125,36.16,36.095,36.105,1461734
2017-11-21 15:00:00,36.105,36.1925,36.06,36.19,1541559
2017-11-21 15:15:00,36.18,36.21,36.145,36.15,1616109
2017-11-21 15:30:00,36.15,36.165,36.08,36.085,1680715
2017-11-21 15:45:00,36.085,36.09,35.97,36.005,1841803
2017-11-21 16:00:00,36.0,36.025,35.98,36.0,2212106
2017-11-22 09:45:00,36.08,36.58,36.08,36.56,99730
2017-11-22 10:00:00,36.58,36.93,36.56,36.835,211295
2017-11-22 10:15:00,36.835,36.845,36.68,36.8,358893
2017-11-22 10:30:00,36.8,36.925,36.79,36.86,450885
2017-11-22 10:45:00,36.83,36.84,36.7,36.82,536175
2017-11-22 11:00:00,36.82,36.89,36.71,36.81,692278
2017-11-22 11:15:00,36.81,36.941,36.7925,36.82,756052
2017-11-22 11:30:00,36.82,36.84,36.75,36.76,798870
2017-11-22 11:45:00,36.76,36.78,36.62,36.62,868353
2017-11-22 12:00:00,36.63,36.63,36.56,36.57,902257
2017-11-22 12:15:00,36.57,36.58,36.47,36.57,945010
2017-11-22 12:30:00,36.57,36.635,36.56,36.63,970514
2017-11-22 12:45:00,36.63,36.7,36.62,36.69,1008040
2017-11-22 13:00:00,36.685,36.7,36.575,36.58,1040431
2017-11-22 13:15:00,36.58,36.655,36.57,36.64,1072227
2017-11-22 13:30:00,36.64,36.7,36.605,36.68,1111360
2017-11-22 13:45:00,36.6763,36.68,36.64,36.68,1135635
2017-11-22 14:00:00,36.67,36.67,36.64,36.65,1162565
2017-11-22 14:15:00,36.65,36.67,36.64,36.67,1194728
2017-11-22 14:30:00,36.67,36.69,36.53,36.55,1252593
2017-11-22 14:45:00,36.555,36.6525,36.555,36.65,1297472
2017-11-22 15:00:00,36.65,36.65,36.57,36.61,1324634
2017-11-22 15:15:00,36.605,36.65,36.605,36.64,1376550
2017-11-22 15:30:00,36.64,36.67,36.61,36.635,1422755
2017-11-22 15:45:00,36.6348,36.69,36.61,36.645,1496537
2017-11-22 16:00:00,36.645,36.655,36.585,36.6,1666443
2017-11-24 09:45:00,36.67,36.7,36.3068,36.3068,54852
2017-11-24 10:00:00,36.32,36.41,36.27,36.37,98203
2017-11-24 10:15:00,36.36,36.36,36.23,36.28,117885
2017-11-24 10:30:00,36.2856,36.33,36.26,36.28,141420
2017-11-24 10:45:00,36.27,36.36,36.27,36.32,167285
2017-11-24 11:00:00,36.3225,36.445,36.315,36.42,185363
2017-11-24 11:15:00,36.425,36.51,36.42,36.51,204972
2017-11-24 11:30:00,36.5199,36.54,36.495,36.51,235367
2017-11-24 11:45:00,36.51,36.52,36.5,36.505,274073
2017-11-24 12:00:00,36.5,36.515,36.46,36.5,321568
2017-11-24 12:15:00,36.51,36.55,36.5,36.515,353926
2017-11-24 12:30:00,36.52,36.525,36.495,36.515,406778
2017-11-24 12:45:00,36.51,36.54,36.5,36.51,441781
2017-11-24 13:00:00,36.515,36.56,36.5,36.53,536332
2017-11-24 13:15:00,36.51,36.51,36.51,36.51,585488
2017-11-27 09:45:00,36.54,36.64,36.19,36.45,103067
2017-11-27 10:00:00,36.42,36.48,36.38,36.435,150836
2017-11-27 10:15:00,36.44,36.64,36.41,36.615,255223
2017-11-27 10:30:00,36.61,36.66,36.57,36.57,299740
2017-11-27 10:45:00,36.58,36.58,36.5,36.5,395456
2017-11-27 11:00:00,36.505,36.53,36.5,36.53,428931
2017-11-27 11:15:00,36.53,36.53,36.46,36.525,466500
2017-11-27 11:30:00,36.53,36.56,36.51,36.52,528053
2017-11-27 11:45:00,36.53,36.6,36.51,36.59,581570
2017-11-27 12:00:00,36.595,36.65,36.59,36.63,614081
2017-11-27 12:15:00,36.63,36.64,36.53,36.535,648961
2017-11-27 12:30:00,36.53,36.64,36.53,36.62,710411
2017-11-27 12:45:00,36.61,36.61,36.59,36.605,753292
2017-11-27 13:00:00,36.6032,36.61,36.56,36.6001,776182
2017-11-27 13:15:00,36.605,36.64,36.595,36.6,821499
2017-11-27 13:30:00,36.605,36.62,36.5925,36.5925,874533
2017-11-27 13:45:00,36.6,36.61,36.57,36.57,991152
2017-11-27 14:00:00,36.56,36.59,36.525,36.59,1032148
2017-11-27 14:15:00,36.6,36.63,36.59,36.625,1145853
2017-11-27 14:30:00,36.62,36.64,36.56,36.585,1229138
2017-11-27 14:45:00,36.59,36.64,36.58,36.615,1302637
2017-11-27 15:00:00,36.615,36.62,36.59,36.595,1387845
2017-11-27 15:15:00,36.595,36.63,36.585,36.625,1456865
2017-11-27 15:30:00,36.625,36.65,36.6,36.64,1596985
2017-11-27 15:45:00,36.645,36.65,36.575,36.6048,1778017
2017-11-27 16:00:00,36.6,36.61,36.55,36.59,2018049
2017-11-28 09:45:00,36.73,36.735,36.41,36.6,111041
2017-11-28 10:00:00,36.6,36.61,36.48,36.56,236943
2017-11-28 10:15:00,36.56,36.68,36.56,36.64,288038
2017-11-28 10:30:00,36.65,36.73,36.56,36.7,723661
2017-11-28 10:45:00,36.7,36.99,36.665,36.85,810715
2017-11-28 11:00:00,36.84,36.94,36.81,36.915,1044315
2017-11-28 11:15:00,36.91,36.93,36.83,36.925,1117253
2017-11-28 11:30:00,36.925,36.955,36.89,36.955,1156468
2017-11-28 11:45:00,36.96,37.21,36.96,37.115,1295466
2017-11-28 12:00:00,37.115,37.12,37.02,37.07,1356749
2017-11-28 12:15:00,37.07,37.09,37.01,37.09,1414139
2017-11-28 12:30:00,37.095,37.2,37.085,37.18,1473313
2017-11-28 12:45:00,37.18,37.21,37.04,37.075,1523785
2017-11-28 13:00:00,37.0707,37.12,36.96,36.99,1623985
2017-11-28 13:15:00,37.02,37.07,37.02,37.03,1667399
2017-11-28 13:30:00,37.02,37.11,37.02,37.085,1708202
2017-11-28 13:45:00,37.08,37.13,37.03,37.045,1753205
2017-11-28 14:00:00,37.05,37.07,37.0,37.07,1818975
2017-11-28 14:15:00,37.07,37.1,37.03,37.09,1865463
2017-11-28 14:30:00,37.08,37.11,37.05,37.08,1908959
2017-11-28 14:45:00,37.08,37.17,37.08,37.17,1962306
2017-11-28 15:00:00,37.17,37.25,37.135,37.2425,2034240
2017-11-28 15:15:00,37.24,37.31,37.21,37.31,2098659
2017-11-28 15:30:00,37.31,37.34,37.26,37.295,2187305
2017-11-28 15:45:00,37.3,37.4,37.25,37.4,2357480
2017-11-28 16:00:00,37.4,37.47,37.39,37.45,2712040
2017-11-29 09:45:00,37.0,37.23,36.37,37.07,637755
2017-11-29 10:00:00,37.07,37.23,36.98,37.14,1041881
2017-11-29 10:15:00,37.145,37.31,37.03,37.15,1350166
2017-11-29 10:30:00,37.16,37.19,37.01,37.05,1506142
2017-11-29 10:45:00,37.05,37.05,36.61,36.71,1649774
2017-11-29 11:00:00,36.7174,36.8,36.56,36.7932,1812230
2017-11-29 11:15:00,36.8,36.95,36.79,36.86,1898764
2017-11-29 11:30:00,36.875,36.89,36.79,36.835,2008931
2017-11-29 11:45:00,36.83,36.95,36.81,36.91,2112262
2017-11-29 12:00:00,36.905,36.92,36.85,36.9,2243260
2017-11-29 12:15:00,36.905,36.925,36.86,36.91,2325256
2017-11-29 12:30:00,36.92,37.0,36.88,36.9,2374609
2017-11-29 12:45:00,36.8975,36.9,36.81,36.855,2431450
2017-11-29 13:00:00,36.86,36.9,36.83,36.86,2524268
2017-11-29 13:15:00,36.86,36.86,36.75,36.78,2683788
2017-11-29 13:30:00,36.77,36.79,36.69,36.71,2793850
2017-11-29 13:45:00,36.71,36.71,36.575,36.64,2883133
2017-11-29 14:00:00,36.63,36.73,36.61,36.72,2919084
2017-11-29 14:15:00,36.721,36.73,36.68,36.69,2986779
2017-11-29 14:30:00,36.69,36.73,36.68,36.71,3050855
2017-11-29 14:45:00,36.72,36.72,36.66,36.67,3123531
2017-11-29 15:00:00,36.675,36.68,36.64,36.655,3190774
2017-11-29 15:15:00,36.66,36.66,36.62,36.635,3267151
2017-11-29 15:30:00,36.64,36.64,36.56,36.565,3335803
2017-11-29 15:45:00,36.56,36.575,36.38,36.385,3715266
2017-11-29 16:00:00,36.4,36.41,36.29,36.32,4316719
2017-11-30 09:45:00,36.55,36.65,36.39,36.6,182629
2017-11-30 10:00:00,36.57,36.89,36.45,36.8732,502893
2017-11-30 10:15:00,36.86,36.94,36.73,36.84,625319
2017-11-30 10:30:00,36.84,36.84,36.735,36.76,716311
2017-11-30 10:45:00,36.76,36.79,36.715,36.76,835891
2017-11-30 11:00:00,36.77,36.875,36.73,36.85,962559
2017-11-30 11:15:00,36.85,36.88,36.81,36.8575,1097222
2017-11-30 11:30:00,36.86,36.94,36.835,36.92,1185837
2017-11-30 11:45:00,36.925,36.99,36.9,36.99,1256115
2017-11-30 12:00:00,36.99,37.05,36.96,36.96,1326215
2017-11-30 12:15:00,36.97,37.01,36.89,36.95,1412737
2017-11-30 12:30:00,36.955,36.99,36.94,36.95,1479819
2017-11-30 12:45:00,36.95,37.03,36.94,37.03,1571858
2017-11-30 13:00:00,37.03,37.03,36.8399,36.84,1675240
2017-11-30 13:15:00,36.83,36.94,36.83,36.935,1742046
2017-11-30 13:30:00,36.94,37.0,36.84,37.0,1900823
2017-11-30 13:45:00,36.99,36.99,36.92,36.925,1953799
2017-11-30 14:00:00,36.93,36.93,36.8,36.92,2054783
2017-11-30 14:15:00,36.91,36.93,36.88,36.9,2130769
2017-11-30 14:30:00,36.9,36.92,36.88,36.9175,2180177
2017-11-30 14:45:00,36.92,36.93,36.85,36.85,2269969
2017-11-30 15:00:00,36.86,36.875,36.74,36.77,2345107
2017-11-30 15:15:00,36.775,36.775,36.685,36.72,2410144
2017-11-30 15:30:00,36.72,36.74,36.69,36.691,2511830
2017-11-30 15:45:00,36.7,36.71,36.63,36.63,2674291
2017-11-30 16:00:00,36.64,36.77,36.635,36.72,3256755
2017-12-01 09:45:00,36.75,37.01,36.71,36.72,87494
2017-12-01 10:00:00,36.68,36.79,36.68,36.74,153039
2017-12-01 10:15:00,36.735,36.84,36.68,36.835,284700
2017-12-01 10:30:00,36.83,36.91,36.81,36.85,376582
2017-12-01 10:45:00,36.87,36.93,36.655,36.655,498013
2017-12-01 11:00:00,36.66,36.66,36.51,36.61,575615
2017-12-01 11:15:00,36.62,36.65,36.03,36.19,714230
2017-12-01 11:30:00,36.19,36.28,35.8,35.825,844203
2017-12-01 11:45:00,35.81,35.97,35.61,35.97,1078966
2017-12-01 12:00:00,35.98,36.17,35.79,36.17,1182266
2017-12-01 12:15:00,36.15,36.21,36.04,36.15,1245653
2017-12-01 12:30:00,36.15,36.28,36.075,36.12,1317396
2017-12-01 12:45:00,36.13,36.195,36.1,36.195,1404366
2017-12-01 13:00:00,36.18,36.26,36.1563,36.18,1452451
2017-12-01 13:15:00,36.19,36.32,36.18,36.291,1507798
2017-12-01 13:30:00,36.29,36.34,36.28,36.34,1544285
2017-12-01 13:45:00,36.3435,36.45,36.325,36.38,1598110
2017-12-01 14:00:00,36.375,36.3875,36.3,36.38,1705813
2017-12-01 14:15:00,36.38,36.41,36.35,36.39,1769851
2017-12-01 14:30:00,36.38,36.39,36.31,36.345,1897587
2017-12-01 14:45:00,36.34,36.34,36.3,36.3,1960157
2017-12-01 15:00:00,36.29,36.31,36.27,36.27,2043521
2017-12-01 15:15:00,36.27,36.4,36.26,36.37,2096017
2017-12-01 15:30:00,36.3766,36.38,36.3,36.305,2193453
2017-12-01 15:45:00,36.305,36.36,36.26,36.3,2435082
2017-12-01 16:00:00,36.3,36.3,36.2,36.22,2858583
2017-12-04 09:45:00,36.76,37.61,36.72,37.46,217318
2017-12-04 10:00:00,37.47,37.54,37.18,37.43,470500
2017-12-04 10:15:00,37.44,37.5,37.22,37.32,681201
2017-12-04 10:30:00,37.34,37.8,37.29,37.79,929153
2017-12-04 10:45:00,37.82,38.15,37.75,38.06,1062073
2017-12-04 11:00:00,38.04,38.22,37.85,38.22,1204501
2017-12-04 11:15:00,38.23,38.336,38.13,38.29,1356728
2017-12-04 11:30:00,38.29,38.35,38.16,38.2,1532502
2017-12-04 11:45:00,38.21,38.26,37.98,37.99,1709362
2017-12-04 12:00:00,37.99,38.095,37.97,38.04,1772877
2017-12-04 12:15:00,38.05,38.05,37.95,37.99,1858584
2017-12-04 12:30:00,37.99,38.01,37.94,37.96,1921671
2017-12-04 12:45:00,37.97,37.99,37.82,37.82,1995032
2017-12-04 13:00:00,37.8175,37.85,37.66,37.715,2080941
2017-12-04 13:15:00,37.715,37.78,37.66,37.73,2170086
2017-12-04 13:30:00,37.73,37.765,37.675,37.69,2261292
2017-12-04 13:45:00,37.69,37.82,37.68,37.82,2599825
2017-12-04 14:00:00,37.82,37.86,37.74,37.77,2662716
2017-12-04 14:15:00,37.77,37.78,37.635,37.67,2749237
2017-12-04 14:30:00,37.67,37.69,37.585,37.65,2859318
2017-12-04 14:45:00,37.66,37.68,37.53,37.6532,2982816
2017-12-04 15:00:00,37.66,37.68,37.59,37.64,3082208
2017-12-04 15:15:00,37.64,37.7,37.61,37.7,3180550
2017-12-04 15:30:00,37.695,37.78,37.66,37.77,3287408
2017-12-04 15:45:00,37.765,37.765,37.6,37.635,3527801
2017-12-04 16:00:00,37.64,37.67,37.59,37.61,4118981
2017-12-05 09:45:00,37.63,37.79,37.23,37.31,70294
2017-12-05 10:00:00,37.35,37.48,37.21,37.35,128013
2017-12-05 10:15:00,37.36,37.45,37.29,37.45,216873
2017-12-05 10:30:00,37.45,37.56,37.39,37.51,315123
2017-12-05 10:45:00,37.5,37.58,37.46,37.51,410391
2017-12-05 11:00:00,37.51,37.6,37.48,37.545,491377
2017-12-05 11:15:00,37.545,37.61,37.545,37.565,713658
2017-12-05 11:30:00,37.56,37.65,37.56,37.64,808564
2017-12-05 11:45:00,37.645,37.73,37.64,37.72,924284
2017-12-05 12:00:00,37.72,37.81,37.715,37.79,1027813
2017-12-05 12:15:00,37.78,37.785,37.53,37.6,1086311
2017-12-05 12:30:00,37.6,37.63,37.58,37.62,1116843
2017-12-05 12:45:00,37.625,37.65,37.61,37.61,1147532
2017-12-05 13:00:00,37.605,37.66,37.6,37.63,1181605
2017-12-05 13:15:00,37.63,37.72,37.61,37.71,1219024
2017-12-05 13:30:00,37.71,37.765,37.7,37.765,1275229
2017-12-05 13:45:00,37.751,37.78,37.75,37.755,1305657
2017-12-05 14:00:00,37.7507,37.765,37.71,37.75,1357803
2017-12-05 14:15:00,37.75,37.78,37.74,37.77,1413726
2017-12-05 14:30:00,37.77,37.775,37.62,37.7,1521111
2017-12-05 14:45:00,37.7,37.71,37.63,37.685,1571318
2017-12-05 15:00:00,37.685,37.76,37.6669,37.73,1646903
2017-12-05 15:15:00,37.735,37.81,37.73,37.775,1762962
2017-12-05 15:30:00,37.77,37.91,37.74,37.89,1982754
2017-12-05 15:45:00,37.895,37.9,37.76,37.78,2191203
2017-12-05 16:00:00,37.78,37.89,37.73,37.825,2707676
2017-12-06 09:45:00,37.79,37.89,37.61,37.735,182968
2017-12-06 10:00:00,37.72,37.81,37.68,37.76,273394
2017-12-06 10:15:00,37.78,37.79,37.71,37.75,335228
2017-12-06 10:30:00,37.73,37.76,37.54,37.58,496808
2017-12-06 10:45:00,37.59,37.69,37.565,37.6,533326
2017-12-06 11:00:00,37.605,37.67,37.585,37.66,576064
2017-12-06 11:15:00,37.65,37.69,37.62,37.65,618542
2017-12-06 11:30:00,37.65,37.67,37.56,37.58,693170
2017-12-06 11:45:00,37.59,37.695,37.53,37.595,754178
2017-12-06 12:00:00,37.6,37.715,37.6,37.715,842055
2017-12-06 12:15:00,37.715,37.77,37.66,37.7,909143
2017-12-06 12:30:00,37.695,37.7,37.59,37.68,963852
2017-12-06 12:45:00,37.6799,37.72,37.65,37.68,1003258
2017-12-06 13:00:00,37.685,37.71,37.6,37.7,1175210
2017-12-06 13:15:00,37.7,37.755,37.68,37.745,1254910
2017-12-06 13:30:00,37.735,37.82,37.735,37.82,1297081
2017-12-06 13:45:00,37.815,37.9,37.805,37.87,1355882
2017-12-06 14:00:00,37.875,37.875,37.82,37.835,1401182
2017-12-06 14:15:00,37.835,37.85,37.72,37.76,1528188
2017-12-06 14:30:00,37.75,37.84,37.75,37.775,1593417
2017-12-06 14:45:00,37.775,37.87,37.775,37.87,1673463
2017-12-06 15:00:00,37.865,37.93,37.85,37.885,1766276
2017-12-06 15:15:00,37.885,37.95,37.87,37.88,1876126
2017-12-06 15:30:00,37.88,37.96,37.87,37.96,1975369
2017-12-06 15:45:00,37.95,38.005,37.92,37.975,2200669
2017-12-06 16:00:00,37.97,38.01,37.93,37.96,2547500
2017-12-07 09:45:00,37.95,38.02,37.78,37.92,131627
2017-12-07 10:00:00,37.92,37.93,37.74,37.9,286191
2017-12-07 10:15:00,37.91,37.91,37.745,37.855,379687
2017-12-07 10:30:00,37.85,37.94,37.82,37.91,472257
2017-12-07 10:45:00,37.91,38.0673,37.88,37.955,770082
2017-12-07 11:00:00,37.95,38.23,37.88,38.21,1562173
2017-12-07 11:15:00,38.21,38.22,38.05,38.13,1651492
2017-12-07 11:30:00,38.13,38.16,38.07,38.15,1695352
2017-12-07 11:45:00,38.16,38.175,38.11,38.13,1846608
2017-12-07 12:00:00,38.13,38.14,38.09,38.11,1895171
2017-12-07 12:15:00,38.11,38.26,38.11,38.2026,1960731
2017-12-07 12:30:00,38.205,38.26,38.15,38.181,2026168
2017-12-07 12:45:00,38.2,38.205,38.15,38.2,2069101
2017-12-07 13:00:00,38.19,38.25,38.18,38.23,2101641
2017-12-07 13:15:00,38.2299,38.255,38.2,38.21,2151334
2017-12-07 13:30:00,38.215,38.26,38.2,38.255,2206898
2017-12-07 13:45:00,38.255,38.295,38.23,38.2632,2263144
2017-12-07 14:00:00,38.265,38.275,38.21,38.215,2329041
2017-12-07 14:15:00,38.215,38.28,38.21,38.265,2414975
2017-12-07 14:30:00,38.265,38.27,38.22,38.225,2500540
2017-12-07 14:45:00,38.22,38.225,38.09,38.1,2609245
2017-12-07 15:00:00,38.1,38.17,38.1,38.13,2708860
2017-12-07 15:15:00,38.13,38.165,38.06,38.06,2818813
2017-12-07 15:30:00,38.06,38.07,37.9975,38.055,2919977
2017-12-07 15:45:00,38.055,38.155,38.05,38.1,3115360
2017-12-07 16:00:00,38.1,38.12,38.07,38.11,3418247
2017-12-08 09:45:00,38.05,38.15,37.94,38.075,162483
2017-12-08 10:00:00,38.07,38.09,37.92,37.97,625184
2017-12-08 10:15:00,37.96,38.015,37.9,37.98,822093
2017-12-08 10:30:00,37.98,38.02,37.91,37.915,948584
2017-12-08 10:45:00,37.92,37.98,37.91,37.95,1013274
2017-12-08 11:00:00,37.955,38.01,37.94,38.01,1075736
2017-12-08 11:15:00,38.0,38.04,37.975,37.98,1134662
2017-12-08 11:30:00,37.9701,38.07,37.97,38.0,1298604
2017-12-08 11:45:00,38.0,38.01,37.89,37.9,1441493
2017-12-08 12:00:00,37.905,37.96,37.81,37.895,1834497
2017-12-08 12:15:00,37.895,37.95,37.88,37.9,1966235
2017-12-08 12:30:00,37.9,37.995,37.88,37.97,2049219
2017-12-08 12:45:00,37.97,38.02,37.9,37.905,2132224
2017-12-08 13:00:00,37.91,37.96,37.905,37.93,2174168
2017-12-08 13:15:00,37.925,38.01,37.925,37.93,2338290
2017-12-08 13:30:00,37.925,37.99,37.92,37.97,2383889
2017-12-08 13:45:00,37.98,38.02,37.94,38.0,2490572
2017-12-08 14:00:00,37.99,37.99,37.9,37.93,2581849
2017-12-08 14:15:00,37.93,37.995,37.92,37.97,2654317
2017-12-08 14:30:00,37.97,38.01,37.94,37.98,2796538
2017-12-08 14:45:00,37.97,38.0,37.92,37.95,2942919
2017-12-08 15:00:00,37.95,37.97,37.915,37.96,3024716
2017-12-08 15:15:00,37.96,38.04,37.95,37.995,3164283
2017-12-08 15:30:00,38.0,38.01,37.95,37.975,3297915
2017-12-08 15:45:00,37.975,38.06,37.92,37.92,3608548
2017-12-08 16:00:00,37.92,37.96,37.79,37.96,4680703
2017-12-11 09:45:00,37.98,38.05,37.8,37.92,82589
2017-12-11 10:00:00,37.92,38.07,37.86,37.97,161412
2017-12-11 10:15:00,37.96,38.06,37.9301,38.0,278913
2017-12-11 10:30:00,38.0,38.0926,37.99,38.04,361823
2017-12-11 10:45:00,38.05,38.08,38.0,38.02,462296
2017-12-11 11:00:00,38.03,38.04,37.99,38.02,575714
2017-12-11 11:15:00,38.02,38.04,38.0,38.015,656125
2017-12-11 11:30:00,38.02,38.06,38.01,38.02,786303
2017-12-11 11:45:00,38.02,38.06,37.985,37.99,920668
2017-12-11 12:00:00,37.9967,38.04,37.99,38.04,994429
2017-12-11 12:15:00,38.04,38.055,38.0125,38.015,1034272
2017-12-11 12:30:00,38.015,38.04,37.965,37.9877,1093690
2017-12-11 12:45:00,37.99,38.03,37.965,37.99,1148175
2017-12-11 13:00:00,37.9853,38.03,37.96,38.01,1206528
2017-12-11 13:15:00,38.015,38.04,37.975,38.02,1289540
2017-12-11 13:30:00,38.015,38.02,37.975,37.9939,1338730
2017-12-11 13:45:00,38.0,38.02,37.9775,38.0,1410488
2017-12-11 14:00:00,38.0032,38.015,37.95,37.955,1474655
2017-12-11 14:15:00,37.96,37.96,37.89,37.925,1541894
2017-12-11 14:30:00,37.925,37.96,37.9,37.9,1601632
2017-12-11 14:45:00,37.89,37.93,37.8475,37.905,1693577
2017-12-11 15:00:00,37.89,37.89,37.77,37.8,1818237
2017-12-11 15:15:00,37.795,37.85,37.75,37.79,1909240
2017-12-11 15:30:00,37.79,37.79,37.72,37.735,2014871
2017-12-11 15:45:00,37.735,37.87,37.73,37.84,2173539
2017-12-11 16:00:00,37.84,37.91,37.83,37.88,2482262
2017-12-12 09:45:00,37.93,38.07,37.74,37.765,97545
2017-12-12 10:00:00,37.7699,37.7699,37.64,37.74,174905
2017-12-12 10:15:00,37.73,37.79,37.69,37.72,244290
2017-12-12 10:30:00,37.715,37.82,37.7,37.73,328065
2017-12-12 10:45:00,37.735,37.81,37.72,37.78,397784
2017-12-12 11:00:00,37.79,37.84,37.78,37.8,458078
2017-12-12 11:15:00,37.8,37.86,37.78,37.86,509862
2017-12-12 11:30:00,37.855,37.97,37.83,37.9025,630500
2017-12-12 11:45:00,37.91,38.0,37.9,38.0,691602
2017-12-12 12:00:00,38.0,38.08,38.0,38.04,750363
2017-12-12 12:15:00,38.04,38.05,37.96,37.995,893540
2017-12-12 12:30:00,37.99,38.18,37.955,38.07,1030039
2017-12-12 12:45:00,38.06,38.09,38.02,38.05,1074672
2017-12-12 13:00:00,38.06,38.2,38.055,38.16,1120936
2017-12-12 13:15:00,38.165,38.215,38.0726,38.1,1233297
2017-12-12 13:30:00,38.1,38.14,38.08,38.125,1268260
2017-12-12 13:45:00,38.13,38.14,38.09,38.12,1312136
2017-12-12 14:00:00,38.12,38.16,38.1,38.13,1370954
2017-12-12 14:15:00,38.14,38.14,38.06,38.08,1435747
2017-12-12 14:30:00,38.075,38.075,38.0,38.01,1492739
2017-12-12 14:45:00,38.02,38.06,37.985,38.05,1558290
2017-12-12 15:00:00,38.04,38.08,38.03,38.05,1613188
2017-12-12 15:15:00,38.05,38.06,38.0,38.0127,1696604
2017-12-12 15:30:00,38.02,38.055,38.005,38.02,1776730
2017-12-12 15:45:00,38.02,38.03,37.95,37.975,1916459
2017-12-12 16:00:00,37.98,37.99,37.92,37.93,2170096
2017-12-13 09:45:00,37.83,37.98,37.75,37.89,45129
2017-12-13 10:00:00,37.86,37.9,37.6,37.6,88165
2017-12-13 10:15:00,37.6,37.64,37.22,37.25,224106
2017-12-13 10:30:00,37.23,37.31,37.14,37.17,323917
2017-12-13 10:45:00,37.19,37.382,37.17,37.37,439671
2017-12-13 11:00:00,37.36,37.37,37.16,37.1615,512766
2017-12-13 11:15:00,37.165,37.33,37.13,37.315,588188
2017-12-13 11:30:00,37.3137,37.3791,37.22,37.245,734772
2017-12-13 11:45:00,37.25,37.26,37.09,37.15,840899
2017-12-13 12:00:00,37.15,37.19,37.0432,37.1062,944068
2017-12-13 12:15:00,37.1,37.12,37.0,37.07,1049203
2017-12-13 12:30:00,37.07,37.11,36.99,37.01,1113571
2017-12-13 12:45:00,37.0,37.01,36.88,36.9,1183215
2017-12-13 13:00:00,36.91,37.0,36.81,36.83,1294000
2017-12-13 13:15:00,36.83,36.86,36.77,36.8,1427213
2017-12-13 13:30:00,36.8,36.96,36.795,36.93,1518408
2017-12-13 13:45:00,36.93,37.02,36.89,36.97,1568030
2017-12-13 14:00:00,36.96,37.07,36.96,37.01,1630039
2017-12-13 14:15:00,37.01,37.15,36.97,37.01,1725105
2017-12-13 14:30:00,37.01,37.07,36.9,36.9439,1817251
2017-12-13 14:45:00,36.95,37.03,36.94,36.99,1890773
2017-12-13 15:00:00,36.995,37.2,36.99,37.17,1995388
2017-12-13 15:15:00,37.16,37.18,37.08,37.16,2068207
2017-12-13 15:30:00,37.15,37.155,37.075,37.11,2138676
2017-12-13 15:45:00,37.11,37.12,37.03,37.03,2251142
2017-12-13 16:00:00,37.03,37.04,36.94,36.96,2560069
2017-12-14 09:45:00,36.3,36.69,36.24,36.42,329919
2017-12-14 10:00:00,36.3978,36.61,36.3,36.59,522821
2017-12-14 10:15:00,36.6,36.73,36.49,36.72,680705
2017-12-14 10:30:00,36.72,36.81,36.55,36.8,909536
2017-12-14 10:45:00,36.8,36.92,36.68,36.85,1013435
2017-12-14 11:00:00,36.85,36.87,36.8,36.81,1076613
2017-12-14 11:15:00,36.81,36.82,36.74,36.79,1134427
2017-12-14 11:30:00,36.79,36.79,36.695,36.74,1192792
2017-12-14 11:45:00,36.745,36.82,36.7225,36.77,1256959
2017-12-14 12:00:00,36.765,36.765,36.72,36.74,1299766
2017-12-14 12:15:00,36.75,36.8,36.71,36.775,1512379
2017-12-14 12:30:00,36.78,36.78,36.7352,36.75,1554217
2017-12-14 12:45:00,36.7439,36.745,36.72,36.74,1615126
2017-12-14 13:00:00,36.74,36.905,36.73,36.905,1735329
2017-12-14 13:15:00,36.905,36.92,36.885,36.895,1813967
2017-12-14 13:30:00,36.89,36.95,36.89,36.905,1877526
2017-12-14 13:45:00,36.901,36.91,36.82,36.84,1925166
2017-12-14 14:00:00,36.84,36.88,36.83,36.86,1989115
2017-12-14 14:15:00,36.86,36.9,36.75,36.78,3682013
2017-12-14 14:30:00,36.78,36.865,36.72,36.725,3804135
2017-12-14 14:45:00,36.72,36.82,36.72,36.79,3885153
2017-12-14 15:00:00,36.8,36.83,36.79,36.8,3991662
2017-12-14 15:15:00,36.805,36.81,36.68,36.74,4091154
2017-12-14 15:30:00,36.75,36.79,36.7223,36.77,4181223
2017-12-14 15:45:00,36.77,36.775,36.63,36.645,4388756
2017-12-14 16:00:00,36.64,36.64,36.55,36.61,4936595
2017-12-15 09:45:00,36.8,36.89,36.73,36.8,629255
2017-12-15 10:00:00,36.8,36.86,36.75,36.8,2130718
2017-12-15 10:15:00,36.795,37.1,36.77,36.9,2597031
2017-12-15 10:30:00,36.9,37.39,36.9,37.38,2804818
2017-12-15 10:45:00,37.37,37.43,37.34,37.39,2954112
2017-12-15 11:00:00,37.39,37.49,37.35,37.4,3032527
2017-12-15 11:15:00,37.395,37.57,37.35,37.495,3152465
2017-12-15 11:30:00,37.495,37.71,37.46,37.6192,3343417
2017-12-15 11:45:00,37.615,37.7,37.5,37.51,3501449
2017-12-15 12:00:00,37.52,37.5298,37.41,37.465,3643429
2017-12-15 12:15:00,37.465,37.465,37.22,37.275,3797425
2017-12-15 12:30:00,37.275,37.295,37.13,37.14,3936575
2017-12-15 12:45:00,37.14,37.5,37.14,37.445,4183691
2017-12-15 13:00:00,37.45,37.45,37.32,37.365,4283753
2017-12-15 13:15:00,37.365,37.42,37.32,37.41,4429492
2017-12-15 13:30:00,37.41,37.53,37.41,37.49,4563863
2017-12-15 13:45:00,37.49,37.63,37.475,37.59,4659127
2017-12-15 14:00:00,37.59,37.67,37.585,37.645,4796220
2017-12-15 14:15:00,37.64,37.74,37.62,37.68,4981503
2017-12-15 14:30:00,37.675,37.75,37.53,37.59,5225794
2017-12-15 14:45:00,37.6,37.85,37.595,37.81,5488453
2017-12-15 15:00:00,37.805,37.85,37.735,37.765,5676473
2017-12-15 15:15:00,37.765,37.84,37.6699,37.69,5847589
2017-12-15 15:30:00,37.7,37.7,37.485,37.56,6060554
2017-12-15 15:45:00,37.56,37.56,37.22,37.29,6354868
2017-12-15 16:00:00,37.26,37.29,37.08,37.2,7237420
2017-12-18 09:45:00,37.55,37.78,37.51,37.62,79801
2017-12-18 10:00:00,37.62,37.63,37.46,37.5,178609
2017-12-18 10:15:00,37.51,37.515,37.33,37.46,249662
2017-12-18 10:30:00,37.44,37.4438,37.31,37.4,337022
2017-12-18 10:45:00,37.395,37.451,37.3,37.38,735297
2017-12-18 11:00:00,37.385,37.44,37.31,37.4388,822122
2017-12-18 11:15:00,37.44,37.515,37.42,37.49,877067
2017-12-18 11:30:00,37.495,37.51,37.36,37.39,994412
2017-12-18 11:45:00,37.39,37.4,37.29,37.35,1187904
2017-12-18 12:00:00,37.35,37.38,37.31,37.35,1355318
2017-12-18 12:15:00,37.345,37.36,37.27,37.345,1502373
2017-12-18 12:30:00,37.345,37.39,37.34,37.3633,1579641
2017-12-18 12:45:00,37.36,37.365,37.29,37.35,1663284
2017-12-18 13:00:00,37.35,37.35,37.315,37.325,1730604
2017-12-18 13:15:00,37.325,37.4,37.32,37.38,1811354
2017-12-18 13:30:00,37.38,37.44,37.37,37.44,1871417
2017-12-18 13:45:00,37.44,37.45,37.42,37.44,1900572
2017-12-18 14:00:00,37.435,37.44,37.39,37.4399,1944000
2017-12-18 14:15:00,37.435,37.51,37.43,37.47,2007356
2017-12-18 14:30:00,37.475,37.51,37.46,37.51,2077981
2017-12-18 14:45:00,37.505,37.525,37.415,37.52,2205584
2017-12-18 15:00:00,37.52,37.61,37.5041,37.575,2312005
2017-12-18 15:15:00,37.575,37.65,37.51,37.645,2452725
2017-12-18 15:30:00,37.645,37.65,37.55,37.55,2555496
2017-12-18 15:45:00,37.55,37.6,37.51,37.57,2701466
2017-12-18 16:00:00,37.56,37.61,37.52,37.53,3172427
2017-12-19 09:45:00,37.52,37.53,37.2625,37.5,97827
2017-12-19 10:00:00,37.51,37.5175,37.375,37.375,224300
2017-12-19 10:15:00,37.375,37.49,37.375,37.47,273745
2017-12-19 10:30:00,37.46,37.58,37.44,37.475,326547
2017-12-19 10:45:00,37.475,37.52,37.44,37.47,378767
2017-12-19 11:00:00,37.47,37.51,37.415,37.485,525867
2017-12-19 11:15:00,37.48,37.48,37.43,37.46,556233
2017-12-19 11:30:00,37.46,37.48,37.43,37.45,591355
2017-12-19 11:45:00,37.45,37.49,37.44,37.47,637378
2017-12-19 12:00:00,37.47,37.51,37.41,37.42,727108
2017-12-19 12:15:00,37.425,37.45,37.4,37.42,896613
2017-12-19 12:30:00,37.42,37.43,37.34,37.37,958413
2017-12-19 12:45:00,37.37,37.43,37.355,37.375,1026740
2017-12-19 13:00:00,37.37,37.42,37.35,37.4,1077394
2017-12-19 13:15:00,37.4,37.44,37.39,37.425,1115309
2017-12-19 13:30:00,37.4225,37.465,37.39,37.4,1147185
2017-12-19 13:45:00,37.405,37.44,37.34,37.345,1227304
2017-12-19 14:00:00,37.35,37.405,37.345,37.375,1306111
2017-12-19 14:15:00,37.375,37.45,37.37,37.45,1383888
2017-12-19 14:30:00,37.45,37.47,37.39,37.395,1437313
2017-12-19 14:45:00,37.395,37.415,37.34,37.39,1519467
2017-12-19 15:00:00,37.39,37.46,37.36,37.4,1606076
2017-12-19 15:15:00,37.4,37.41,37.35,37.3825,1680198
2017-12-19 15:30:00,37.3806,37.49,37.38,37.49,1766415
2017-12-19 15:45:00,37.495,37.53,37.48,37.53,1916518
2017-12-19 16:00:00,37.52,37.55,37.49,37.49,2294242
2017-12-20 09:45:00,37.59,37.65,37.11,37.13,77997
2017-12-20 10:00:00,37.13,37.17,36.9,36.91,220671
2017-12-20 10:15:00,36.92,36.96,36.67,36.72,476291
2017-12-20 10:30:00,36.73,36.7925,36.705,36.725,560846
2017-12-20 10:45:00,36.725,36.74,36.46,36.5333,783109
2017-12-20 11:00:00,36.53,36.76,36.53,36.76,874802
2017-12-20 11:15:00,36.76,36.76,36.66,36.7388,979879
2017-12-20 11:30:00,36.75,36.755,36.65,36.65,1050080
2017-12-20 11:45:00,36.65,36.72,36.645,36.645,1149769
2017-12-20 12:00:00,36.645,36.68,36.59,36.62,1225940
2017-12-20 12:15:00,36.64,36.72,36.63,36.695,1281817
2017-12-20 12:30:00,36.695,36.79,36.69,36.72,1337745
2017-12-20 12:45:00,36.72,36.7531,36.69,36.725,1380579
2017-12-20 13:00:00,36.72,36.76,36.69,36.73,1430072
2017-12-20 13:15:00,36.73,36.81,36.693,36.78,1462907
2017-12-20 13:30:00,36.78,36.8,36.73,36.73,1492687
2017-12-20 13:45:00,36.73,36.74,36.58,36.595,1689294
2017-12-20 14:00:00,36.595,36.595,36.19,36.31,2125000
2017-12-20 14:15:00,36.32,36.34,36.2,36.21,2384532
2017-12-20 14:30:00,36.22,36.31,36.04,36.27,2965747
2017-12-20 14:45:00,36.27,36.28,36.11,36.135,3528206
2017-12-20 15:00:00,36.14,36.23,36.09,36.21,3831526
2017-12-20 15:15:00,36.21,36.25,36.105,36.22,4106865
2017-12-20 15:30:00,36.225,36.23,36.19,36.2,4294485
2017-12-20 15:45:00,36.2,36.47,36.19,36.25,4754432
2017-12-20 16:00:00,36.26,36.295,36.19,36.215,5180886
2017-12-21 09:45:00,36.31,36.41,36.1,36.322,148191
2017-12-21 10:00:00,36.33,36.34,36.2,36.23,260126
2017-12-21 10:15:00,36.24,36.35,36.23,36.295,348373
2017-12-21 10:30:00,36.295,36.34,36.27,36.32,477367
2017-12-21 10:45:00,36.32,36.43,36.32,36.34,675171
2017-12-21 11:00:00,36.34,36.34,36.22,36.31,766477
2017-12-21 11:15:00,36.315,36.385,36.3,36.3,822530
2017-12-21 11:30:00,36.3,36.33,36.24,36.33,891025
2017-12-21 11:45:00,36.35,36.36,36.2928,36.315,991366
2017-12-21 12:00:00,36.32,36.41,36.3,36.41,1074947
2017-12-21 12:15:00,36.4,36.44,36.3,36.375,1205252
2017-12-21 12:30:00,36.38,36.41,36.315,36.315,1272294
2017-12-21 12:45:00,36.315,36.33,36.29,36.31,1363870
2017-12-21 13:00:00,36.305,36.315,36.295,36.31,1420082
2017-12-21 13:15:00,36.305,36.42,36.305,36.405,1512034
2017-12-21 13:30:00,36.4,36.525,36.35,36.5,1606098
2017-12-21 13:45:00,36.5,36.56,36.49,36.555,1657658
2017-12-21 14:00:00,36.555,36.57,36.53,36.565,1738566
2017-12-21 14:15:00,36.565,36.6,36.51,36.555,1812037
2017-12-21 14:30:00,36.55,36.64,36.53,36.59,1878024
2017-12-21 14:45:00,36.59,36.5966,36.52,36.525,1974097
2017-12-21 15:00:00,36.52,36.595,36.51,36.57,2142404
2017-12-21 15:15:00,36.5701,36.64,36.57,36.605,2228715
2017-12-21 15:30:00,36.61,36.65,36.5,36.535,2380087
2017-12-21 15:45:00,36.535,36.57,36.51,36.52,2506397
2017-12-21 16:00:00,36.52,36.55,36.4,36.46,2992275
2017-12-22 09:45:00,36.47,36.5238,36.31,36.4,32966
2017-12-22 10:00:00,36.42,36.43,36.34,36.416,71294
2017-12-22 10:15:00,36.4,36.5084,36.4,36.505,114698
2017-12-22 10:30:00,36.5,36.55,36.495,36.5175,134319
2017-12-22 10:45:00,36.5,36.61,36.48,36.55,174036
2017-12-22 11:00:00,36.543,36.665,36.535,36.61,220161
2017-12-22 11:15:00,36.6,36.62,36.555,36.555,257154
2017-12-22 11:30:00,36.56,36.6,36.53,36.54,293451
2017-12-22 11:45:00,36.53,36.56,36.49,36.53,336147
2017-12-22 12:00:00,36.53,36.56,36.52,36.555,373722
2017-12-22 12:15:00,36.55,36.61,36.53,36.5953,422324
2017-12-22 12:30:00,36.5901,36.67,36.55,36.65,459762
2017-12-22 12:45:00,36.65,36.68,36.645,36.67,494216
2017-12-22 13:00:00,36.67,36.68,36.64,36.68,543078
2017-12-22 13:15:00,36.67,36.73,36.67,36.72,577883
2017-12-22 13:30:00,36.72,36.76,36.7,36.7,614671
2017-12-22 13:45:00,36.705,36.715,36.68,36.7034,641569
2017-12-22 14:00:00,36.705,36.72,36.68,36.71,690153
2017-12-22 14:15:00,36.715,36.75,36.54,36.65,738799
2017-12-22 14:30:00,36.65,36.69,36.62,36.65,777017
2017-12-22 14:45:00,36.65,36.65,36.57,36.58,809635
2017-12-22 15:00:00,36.58,36.6,36.56,36.585,848562
2017-12-22 15:15:00,36.59,36.6,36.55,36.565,911782
2017-12-22 15:30:00,36.57,36.5999,36.55,36.56,968788
2017-12-22 15:45:00,36.57,36.57,36.52,36.52,1041864
2017-12-22 16:00:00,36.52,36.55,36.51,36.55,1191492
2017-12-26 09:45:00,36.64,36.88,36.64,36.85,39192
2017-12-26 10:00:00,36.84,36.84,36.7,36.73,75859
2017-12-26 10:15:00,36.73,36.76,36.7,36.71,184537
2017-12-26 10:30:00,36.715,36.73,36.64,36.67,294669
2017-12-26 10:45:00,36.68,36.74,36.6,36.6,374025
2017-12-26 11:00:00,36.6,36.6,36.49,36.52,393143
2017-12-26 11:15:00,36.53,36.535,36.49,36.51,473158
2017-12-26 11:30:00,36.51,36.52,36.4,36.435,501935
2017-12-26 11:45:00,36.43,36.45,36.39,36.4,583130
2017-12-26 12:00:00,36.395,36.45,36.37,36.4,823800
2017-12-26 12:15:00,36.4,36.49,36.38,36.4,892208
2017-12-26 12:30:00,36.41,36.44,36.38,36.43,919292
2017-12-26 12:45:00,36.42,36.43,36.34,36.35,949872
2017-12-26 13:00:00,36.36,36.36,36.275,36.33,987402
2017-12-26 13:15:00,36.33,36.36,36.31,36.36,1004018
2017-12-26 13:30:00,36.355,36.355,36.3,36.31,1018346
2017-12-26 13:45:00,36.315,36.39,36.315,36.335,1100735
2017-12-26 14:00:00,36.345,36.36,36.34,36.355,1114844
2017-12-26 14:15:00,36.36,36.4,36.35,36.4,1134666
2017-12-26 14:30:00,36.39,36.39,36.35,36.37,1157821
2017-12-26 14:45:00,36.37,36.3853,36.35,36.35,1195349
2017-12-26 15:00:00,36.3545,36.39,36.31,36.39,1248340
2017-12-26 15:15:00,36.39,36.44,36.39,36.41,1290280
2017-12-26 15:30:00,36.41,36.41,36.19,36.22,1420306
2017-12-26 15:45:00,36.215,36.25,36.16,36.19,1522497
2017-12-26 16:00:00,36.19,36.23,36.13,36.205,1725701
2017-12-27 09:45:00,36.31,36.31,36.08,36.16,57762
2017-12-27 10:00:00,36.15,36.22,36.125,36.13,113534
2017-12-27 10:15:00,36.13,36.23,36.115,36.17,176817
2017-12-27 10:30:00,36.17,36.2,36.17,36.2,216013
2017-12-27 10:45:00,36.2,36.3,36.1931,36.21,320870
2017-12-27 11:00:00,36.21,36.23,36.14,36.18,387485
2017-12-27 11:15:00,36.18,36.185,36.11,36.11,432222
2017-12-27 11:30:00,36.11,36.1553,36.055,36.115,495159
2017-12-27 11:45:00,36.1156,36.18,36.04,36.05,548489
2017-12-27 12:00:00,36.055,36.1,36.05,36.08,584102
2017-12-27 12:15:00,36.07,36.07,35.975,35.98,661842
2017-12-27 12:30:00,35.98,35.9852,35.91,35.91,697389
2017-12-27 12:45:00,35.9,35.94,35.88,35.9,741941
2017-12-27 13:00:00,35.91,35.99,35.9,35.98,805072
2017-12-27 13:15:00,35.98,36.005,35.94,35.995,840810
2017-12-27 13:30:00,35.995,36.09,35.99,36.01,915727
2017-12-27 13:45:00,36.01,36.01,35.93,35.97,942235
2017-12-27 14:00:00,35.965,35.98,35.93,35.95,988204
2017-12-27 14:15:00,35.95,35.99,35.93,35.935,1035577
2017-12-27 14:30:00,35.94,35.98,35.93,35.95,1151267
2017-12-27 14:45:00,35.95,35.96,35.895,35.91,1211052
2017-12-27 15:00:00,35.91,35.91,35.83,35.84,1311469
2017-12-27 15:15:00,35.845,35.87,35.815,35.8399,1401931
2017-12-27 15:30:00,35.835,35.9,35.835,35.9,1524547
2017-12-27 15:45:00,35.895,35.9,35.81,35.845,1623843
2017-12-27 16:00:00,35.85,35.9,35.83,35.855,1892681
2017-12-28 09:45:00,35.82,35.88,35.59,35.59,75683
2017-12-28 10:00:00,35.61,35.688,35.55,35.688,255158
2017-12-28 10:15:00,35.6844,35.71,35.62,35.635,313466
2017-12-28 10:30:00,35.635,35.66,35.62,35.625,369191
2017-12-28 10:45:00,35.62,35.66,35.62,35.65,468508
2017-12-28 11:00:00,35.6501,35.76,35.6501,35.72,571142
2017-12-28 11:15:00,35.72,35.76,35.72,35.725,605747
2017-12-28 11:30:00,35.72,35.7399,35.635,35.7,641637
2017-12-28 11:45:00,35.7,35.785,35.7,35.74,714898
2017-12-28 12:00:00,35.7441,35.76,35.69,35.7,759581
2017-12-28 12:15:00,35.7,35.705,35.6415,35.7,828494
2017-12-28 12:30:00,35.7,35.705,35.65,35.6585,866554
2017-12-28 12:45:00,35.655,35.68,35.62,35.66,895159
2017-12-28 13:00:00,35.67,35.69,35.655,35.685,919138
2017-12-28 13:15:00,35.69,35.74,35.675,35.73,1007512
2017-12-28 13:30:00,35.725,35.76,35.7,35.73,1089045
2017-12-28 13:45:00,35.7299,35.8,35.72,35.77,1182649
2017-12-28 14:00:00,35.78,35.8399,35.74,35.785,1236046
2017-12-28 14:15:00,35.785,35.81,35.765,35.81,1276651
2017-12-28 14:30:00,35.81,35.81,35.755,35.785,1322419
2017-12-28 14:45:00,35.7848,35.8,35.735,35.79,1376114
2017-12-28 15:00:00,35.79,35.87,35.78,35.865,1523503
2017-12-28 15:15:00,35.87,35.93,35.835,35.93,1636513
2017-12-28 15:30:00,35.93,35.945,35.88,35.89,1762771
2017-12-28 15:45:00,35.89,35.97,35.845,35.97,1902718
2017-12-28 16:00:00,35.97,36.03,35.86,36.0,2426806
2017-12-29 09:45:00,36.1,36.29,35.98,36.211,93401
2017-12-29 10:00:00,36.22,36.43,36.22,36.41,162666
2017-12-29 10:15:00,36.39,36.39,36.2125,36.22,283611
2017-12-29 10:30:00,36.22,36.35,36.195,36.315,361981
2017-12-29 10:45:00,36.32,36.35,36.22,36.29,466221
2017-12-29 11:00:00,36.29,36.31,36.24,36.3,518037
2017-12-29 11:15:00,36.29,36.29,36.255,36.28,563630
2017-12-29 11:30:00,36.27,36.32,36.26,36.295,636216
2017-12-29 11:45:00,36.3,36.31,36.28,36.3,698026
2017-12-29 12:00:00,36.3,36.33,36.25,36.28,837714
2017-12-29 12:15:00,36.275,36.61,36.24,36.42,993163
2017-12-29 12:30:00,36.43,36.43,36.3,36.32,1026798
2017-12-29 12:45:00,36.32,36.41,36.32,36.3913,1069585
2017-12-29 13:00:00,36.3901,36.3901,36.32,36.33,1095052
2017-12-29 13:15:00,36.33,36.35,36.325,36.335,1128609
2017-12-29 13:30:00,36.335,36.3733,36.325,36.36,1165921
2017-12-29 13:45:00,36.36,36.37,36.295,36.315,1201879
2017-12-29 14:00:00,36.31,36.32,36.295,36.31,1237428
2017-12-29 14:15:00,36.31,36.32,36.12,36.17,1283109
2017-12-29 14:30:00,36.18,36.28,36.17,36.21,1345834
2017-12-29 14:45:00,36.215,36.245,36.2,36.24,1401296
2017-12-29 15:00:00,36.24,36.495,36.225,36.375,1525282
2017-12-29 15:15:00,36.375,36.375,36.29,36.35,1602944
2017-12-29 15:30:00,36.35,36.47,36.305,36.46,1712398
2017-12-29 15:45:00,36.47,36.55,36.43,36.535,1922300
2017-12-29 16:00:00,36.53,36.58,36.4,36.4,2675216
2018-01-02 09:45:00,36.4,36.61,36.115,36.165,182822
2018-01-02 10:00:00,36.15,36.28,35.95,36.27,317370
2018-01-02 10:15:00,36.27,36.49,36.27,36.35,400716
2018-01-02 10:30:00,36.37,36.45,36.3,36.37,472158
2018-01-02 10:45:00,36.4,36.48,36.33,36.37,592135
2018-01-02 11:00:00,36.38,36.64,36.38,36.54,809224
2018-01-02 11:15:00,36.53,36.6,36.48,36.55,877719
2018-01-02 11:30:00,36.54,36.61,36.48,36.56,971951
2018-01-02 11:45:00,36.55,36.61,36.51,36.55,1053942
2018-01-02 12:00:00,36.55,36.615,36.52,36.61,1190835
2018-01-02 12:15:00,36.61,36.82,36.6,36.77,1308693
2018-01-02 12:30:00,36.775,36.81,36.73,36.77,1357323
2018-01-02 12:45:00,36.76,36.8,36.64,36.67,1589157
2018-01-02 13:00:00,36.67,36.76,36.67,36.74,1665092
2018-01-02 13:15:00,36.74,36.8,36.72,36.72,1701162
2018-01-02 13:30:00,36.72,36.72,36.62,36.68,1750072
2018-01-02 13:45:00,36.67,36.77,36.66,36.745,1822839
2018-01-02 14:00:00,36.74,36.75,36.635,36.65,1917556
2018-01-02 14:15:00,36.65,36.68,36.55,36.565,2046347
2018-01-02 14:30:00,36.57,36.59,36.43,36.496,2274950
2018-01-02 14:45:00,36.5,36.65,36.495,36.57,2609031
2018-01-02 15:00:00,36.57,36.73,36.57,36.625,2723935
2018-01-02 15:15:00,36.62,36.67,36.6,36.67,2790645
2018-01-02 15:30:00,36.661,36.795,36.66,36.745,2930548
2018-01-02 15:45:00,36.74,36.74,36.65,36.72,3132001
2018-01-02 16:00:00,36.715,36.76,36.65,36.66,3635807
2018-01-03 09:45:00,36.62,36.78,36.4,36.65,155407
2018-01-03 10:00:00,36.65,36.7,36.56,36.61,316939
2018-01-03 10:15:00,36.62,36.785,36.61,36.73,417039
2018-01-03 10:30:00,36.73,36.85,36.73,36.765,512073
2018-01-03 10:45:00,36.76,36.765,36.63,36.675,568390
2018-01-03 11:00:00,36.68,36.68,36.44,36.48,649429
2018-01-03 11:15:00,36.47,36.47,36.31,36.35,714971
2018-01-03 11:30:00,36.36,36.38,36.04,36.0655,861446
2018-01-03 11:45:00,36.07,36.25,36.035,36.195,987818
2018-01-03 12:00:00,36.2,36.35,36.2,36.32,1057485
2018-01-03 12:15:00,36.32,36.3259,36.26,36.29,1080618
2018-01-03 12:30:00,36.289,36.4,36.27,36.39,1227472
2018-01-03 12:45:00,36.38,36.4,36.36,36.365,1252526
2018-01-03 13:00:00,36.37,36.4,36.31,36.32,1277219
2018-01-03 13:15:00,36.32,36.32,36.25,36.26,1322906
2018-01-03 13:30:00,36.26,36.27,36.23,36.24,1391093
2018-01-03 13:45:00,36.24,36.25,36.155,36.17,1435337
2018-01-03 14:00:00,36.16,36.17,35.97,36.0,1659397
2018-01-03 14:15:00,36.0,36.0775,35.985,36.065,1780174
2018-01-03 14:30:00,36.065,36.07,36.0,36.015,1923076
2018-01-03 14:45:00,36.015,36.055,35.975,36.01,2002343
2018-01-03 15:00:00,36.01,36.06,35.99,36.035,2160558
2018-01-03 15:15:00,36.04,36.04,35.9843,36.0175,2217943
2018-01-03 15:30:00,36.02,36.03,36.0,36.015,2277380
2018-01-03 15:45:00,36.01,36.03,36.0,36.005,2403889
2018-01-03 16:00:00,36.01,36.015,35.97,35.98,2675489
2018-01-04 09:45:00,36.15,36.15,35.79,35.82,62354
2018-01-04 10:00:00,35.84,35.945,35.8225,35.9212,108536
2018-01-04 10:15:00,35.91,35.99,35.81,35.95,254631
2018-01-04 10:30:00,35.95,35.98,35.895,35.97,401860
2018-01-04 10:45:00,35.965,36.04,35.84,35.845,807151
2018-01-04 11:00:00,35.845,35.94,35.74,35.875,919045
2018-01-04 11:15:00,35.88,35.88,35.79,35.84,989019
2018-01-04 11:30:00,35.83,35.94,35.82,35.93,1062396
2018-01-04 11:45:00,35.9382,35.95,35.8,35.82,1126273
2018-01-04 12:00:00,35.83,35.86,35.795,35.85,1174426
2018-01-04 12:15:00,35.85,35.93,35.84,35.885,1236958
2018-01-04 12:30:00,35.89,35.91,35.8,35.8638,1450337
2018-01-04 12:45:00,35.865,35.87,35.75,35.775,1571504
2018-01-04 13:00:00,35.77,35.84,35.68,35.84,1796594
2018-01-04 13:15:00,35.85,35.86,35.71,35.77,1891572
2018-01-04 13:30:00,35.78,35.87,35.73,35.8262,1944411
2018-01-04 13:45:00,35.8122,35.86,35.79,35.82,2016925
2018-01-04 14:00:00,35.82,35.88,35.8112,35.87,2065900
2018-01-04 14:15:00,35.87,35.93,35.825,35.845,2276104
2018-01-04 14:30:00,35.845,35.88,35.83,35.8462,2390780
2018-01-04 14:45:00,35.85,35.855,35.82,35.84,2465437
2018-01-04 15:00:00,35.84,35.85,35.82,35.835,2511466
2018-01-04 15:15:00,35.835,35.835,35.79,35.805,2572630
2018-01-04 15:30:00,35.805,35.86,35.8,35.845,2663796
2018-01-04 15:45:00,35.845,35.845,35.8,35.8,2777238
2018-01-04 16:00:00,35.81,35.85,35.79,35.79,3198699
2018-01-05 09:45:00,35.97,36.02,35.73,35.78,71188
2018-01-05 10:00:00,35.785,35.88,35.695,35.87,189333
2018-01-05 10:15:00,35.87,35.955,35.83,35.93,294985
2018-01-05 10:30:00,35.94,36.05,35.92,36.045,372637
2018-01-05 10:45:00,36.0401,36.105,35.97,36.05,564262
2018-01-05 11:00:00,36.06,36.07,35.92,36.01,827135
2018-01-05 11:15:00,36.02,36.05,35.975,36.005,1002938
2018-01-05 11:30:00,36.005,36.01,35.935,35.945,1089557
2018-01-05 11:45:00,35.945,35.945,35.82,35.9,1285380
2018-01-05 12:00:00,35.9,35.92,35.815,35.88,1370859
2018-01-05 12:15:00,35.88,35.92,35.84,35.87,1443893
2018-01-05 12:30:00,35.87,35.87,35.76,35.79,1514622
2018-01-05 12:45:00,35.79,35.8,35.71,35.76,1589861
2018-01-05 13:00:00,35.76,35.77,35.73,35.74,1618655
2018-01-05 13:15:00,35.74,35.85,35.74,35.845,1695279
2018-01-05 13:30:00,35.84,35.84,35.79,35.8,1741000
2018-01-05 13:45:00,35.795,35.8702,35.76,35.865,1780979
2018-01-05 14:00:00,35.86,35.875,35.825,35.865,1814610
2018-01-05 14:15:00,35.865,35.8868,35.83,35.87,1936325
2018-01-05 14:30:00,35.86,35.96,35.84,35.94,2903604
2018-01-05 14:45:00,35.94,36.06,35.9365,36.03,2975923
2018-01-05 15:00:00,36.03,36.04,35.99,36.0,3059795
2018-01-05 15:15:00,36.005,36.025,35.99,36.015,3131201
2018-01-05 15:30:00,36.015,36.08,35.995,36.08,3291379
2018-01-05 15:45:00,36.08,36.09,36.03,36.04,3386605
2018-01-05 16:00:00,36.05,36.1,35.99,36.02,4067833
2018-01-08 09:45:00,36.81,37.0,36.21,36.24,266949
2018-01-08 10:00:00,36.22,36.24,36.03,36.19,420746
2018-01-08 10:15:00,36.19,36.26,36.155,36.18,516184
2018-01-08 10:30:00,36.18,36.21,36.11,36.18,587814
2018-01-08 10:45:00,36.18,36.41,36.18,36.3,941305
2018-01-08 11:00:00,36.3,36.3525,36.205,36.33,1057239
2018-01-08 11:15:00,36.33,36.38,36.28,36.36,1192150
2018-01-08 11:30:00,36.36,36.42,36.325,36.37,1335938
2018-01-08 11:45:00,36.37,36.415,36.28,36.295,1513960
2018-01-08 12:00:00,36.3,36.35,36.24,36.3,1671295
2018-01-08 12:15:00,36.3,36.43,36.295,36.38,1841132
2018-01-08 12:30:00,36.38,36.5,36.36,36.39,2361930
2018-01-08 12:45:00,36.39,36.4,36.27,36.35,2617174
2018-01-08 13:00:00,36.35,36.45,36.33,36.45,2813010
2018-01-08 13:15:00,36.45,36.49,36.36,36.4,3277954
2018-01-08 13:30:00,36.4,36.49,36.36,36.39,3475427
2018-01-08 13:45:00,36.39,36.42,36.33,36.39,3645314
2018-01-08 14:00:00,36.39,36.41,36.36,36.4,3772801
2018-01-08 14:15:00,36.4,36.46,36.36,36.46,3898632
2018-01-08 14:30:00,36.46,36.5,36.44,36.465,4007659
2018-01-08 14:45:00,36.47,36.47,36.33,36.335,4415916
2018-01-08 15:00:00,36.335,36.355,36.26,36.295,4631984
2018-01-08 15:15:00,36.3,36.3,36.245,36.3,4749999
2018-01-08 15:30:00,36.295,36.3,36.2,36.205,4898490
2018-01-08 15:45:00,36.205,36.22,36.17,36.21,5151940
2018-01-08 16:00:00,36.21,36.21,36.13,36.15,5662193
2018-01-09 09:45:00,36.07,36.32,36.04,36.3,109064
2018-01-09 10:00:00,36.305,36.355,36.1925,36.335,209192
2018-01-09 10:15:00,36.33,36.335,36.18,36.215,293704
2018-01-09 10:30:00,36.22,36.29,36.2,36.29,375415
2018-01-09 10:45:00,36.29,36.31,36.15,36.27,481275
2018-01-09 11:00:00,36.26,36.34,36.18,36.34,540222
2018-01-09 11:15:00,36.34,36.365,36.27,36.315,889508
2018-01-09 11:30:00,36.315,36.34,36.3,36.33,1334690
2018-01-09 11:45:00,36.33,36.34,36.27,36.33,1496345
2018-01-09 12:00:00,36.33,36.43,36.32,36.37,1687706
2018-01-09 12:15:00,36.37,36.41,36.34,36.37,1769739
2018-01-09 12:30:00,36.37,36.37,36.29,36.315,1835695
2018-01-09 12:45:00,36.315,36.33,36.295,36.315,1902447
2018-01-09 13:00:00,36.32,36.4,36.3,36.36,2038985
2018-01-09 13:15:00,36.36,36.43,36.31,36.36,2190786
2018-01-09 13:30:00,36.38,36.41,36.34,36.36,2515358
2018-01-09 13:45:00,36.355,36.37,36.34,36.36,2586653
2018-01-09 14:00:00,36.37,36.39,36.33,36.35,2769775
2018-01-09 14:15:00,36.35,36.395,36.34,36.35,2851781
2018-01-09 14:30:00,36.35,36.355,36.3,36.33,2936398
2018-01-09 14:45:00,36.335,36.34,36.31,36.31,3017863
2018-01-09 15:00:00,36.31,36.345,36.29,36.325,3099003
2018-01-09 15:15:00,36.33,36.34,36.28,36.3,3226542
2018-01-09 15:30:00,36.3,36.3325,36.27,36.28,3333511
2018-01-09 15:45:00,36.28,36.33,36.26,36.305,3508414
2018-01-09 16:00:00,36.305,36.355,36.26,36.33,4126968
2018-01-10 09:45:00,36.3,36.34,36.12,36.26,93640
2018-01-10 10:00:00,36.26,36.33,36.175,36.31,165202
2018-01-10 10:15:00,36.305,36.33,36.2,36.33,239913
2018-01-10 10:30:00,36.325,36.38,36.25,36.3,387727
2018-01-10 10:45:00,36.3,36.35,36.1,36.14,476050
2018-01-10 11:00:00,36.14,36.21,36.09,36.18,572432
2018-01-10 11:15:00,36.17,36.1966,36.1,36.13,694399
2018-01-10 11:30:00,36.13,36.15,36.09,36.105,723326
2018-01-10 11:45:00,36.1,36.11,36.07,36.08,764629
2018-01-10 12:00:00,36.08,36.2,36.06,36.18,807670
2018-01-10 12:15:00,36.18,36.31,36.18,36.305,908162
2018-01-10 12:30:00,36.31,36.34,36.27,36.27,1204987
2018-01-10 12:45:00,36.26,36.27,36.19,36.24,1231711
2018-01-10 13:00:00,36.24,36.33,36.23,36.32,1276377
2018-01-10 13:15:00,36.32,36.33,36.25,36.26,1393799
2018-01-10 13:30:00,36.26,36.27,36.25,36.269,1410306
2018-01-10 13:45:00,36.27,36.33,36.2675,36.31,1436254
2018-01-10 14:00:00,36.32,36.4,36.27,36.28,1688973
2018-01-10 14:15:00,36.28,36.31,36.2,36.24,1974869
2018-01-10 14:30:00,36.26,36.28,36.23,36.25,2035998
2018-01-10 14:45:00,36.255,36.29,36.2439,36.27,2071490
2018-01-10 15:00:00,36.28,36.3,36.25,36.28,2154876
2018-01-10 15:15:00,36.28,36.3,36.27,36.295,2242604
2018-01-10 15:30:00,36.29,36.31,36.27,36.3,2303445
2018-01-10 15:45:00,36.3,36.32,36.28,36.2952,2754590
2018-01-10 16:00:00,36.29,36.3,36.26,36.26,3030742
2018-01-11 09:45:00,36.41,36.47,36.27,36.34,128472
2018-01-11 10:00:00,36.34,36.35,36.27,36.2855,225482
2018-01-11 10:15:00,36.29,36.35,36.24,36.25,369273
2018-01-11 10:30:00,36.2567,36.31,36.24,36.255,486833
2018-01-11 10:45:00,36.26,36.26,36.2299,36.2575,876504
2018-01-11 11:00:00,36.255,36.26,36.2,36.245,963490
2018-01-11 11:15:00,36.245,36.26,36.2366,36.245,1027488
2018-01-11 11:30:00,36.25,36.26,36.2,36.2,1126856
2018-01-11 11:45:00,36.21,36.24,36.21,36.225,1175116
2018-01-11 12:00:00,36.225,36.26,36.225,36.245,1341653
2018-01-11 12:15:00,36.25,36.4,36.24,36.33,1824112
2018-01-11 12:30:00,36.33,36.51,36.32,36.49,1913379
2018-01-11 12:45:00,36.48,36.595,36.47,36.57,1969296
2018-01-11 13:00:00,36.56,36.6479,36.51,36.51,2036793
2018-01-11 13:15:00,36.51,36.51,36.46,36.48,2087611
2018-01-11 13:30:00,36.485,36.51,36.47,36.47,2136715
2018-01-11 13:45:00,36.48,36.485,36.43,36.4758,2313232
2018-01-11 14:00:00,36.48,36.51,36.4599,36.47,2367594
2018-01-11 14:15:00,36.46,36.48,36.35,36.35,2441844
2018-01-11 14:30:00,36.36,36.36,36.29,36.34,2551559
2018-01-11 14:45:00,36.335,36.34,36.29,36.31,2674537
2018-01-11 15:00:00,36.31,36.36,36.3,36.36,2763105
2018-01-11 15:15:00,36.36,36.4,36.33,36.345,2847582
2018-01-11 15:30:00,36.3401,36.345,36.28,36.29,2971543
2018-01-11 15:45:00,36.29,36.3,36.22,36.23,3161028
2018-01-11 16:00:00,36.23,36.3,36.21,36.295,3608925
2018-01-12 09:45:00,36.39,36.8,36.39,36.75,111981
2018-01-12 10:00:00,36.74,37.12,36.7,37.015,281253
2018-01-12 10:15:00,37.01,37.01,36.835,36.945,440878
2018-01-12 10:30:00,36.945,37.1,36.87,37.0513,573325
2018-01-12 10:45:00,37.04,37.18,37.04,37.12,694680
2018-01-12 11:00:00,37.14,37.18,37.07,37.17,777880
2018-01-12 11:15:00,37.17,37.24,37.11,37.12,847609
2018-01-12 11:30:00,37.12,37.16,37.1,37.13,970040
2018-01-12 11:45:00,37.13,37.28,37.13,37.26,1035963
2018-01-12 12:00:00,37.25,37.285,37.22,37.25,1084018
2018-01-12 12:15:00,37.25,37.26,37.15,37.19,1133755
2018-01-12 12:30:00,37.19,37.23,37.15,37.18,1178793
2018-01-12 12:45:00,37.18,37.2,37.15,37.165,1236230
2018-01-12 13:00:00,37.165,37.205,37.15,37.2,1274306
2018-01-12 13:15:00,37.2,37.24,37.19,37.23,1313593
2018-01-12 13:30:00,37.23,37.23,37.18,37.1818,1349132
2018-01-12 13:45:00,37.19,37.25,37.15,37.25,1410909
2018-01-12 14:00:00,37.25,37.2842,37.22,37.235,1493592
2018-01-12 14:15:00,37.24,37.35,37.22,37.33,1545911
2018-01-12 14:30:00,37.33,37.38,37.33,37.365,1608575
2018-01-12 14:45:00,37.37,37.48,37.36,37.475,1730789
2018-01-12 15:00:00,37.475,37.58,37.45,37.5475,1832294
2018-01-12 15:15:00,37.54,37.5468,37.445,37.485,1944871
2018-01-12 15:30:00,37.49,37.54,37.48,37.485,2089161
2018-01-12 15:45:00,37.485,37.52,37.45,37.46,2215317
2018-01-12 16:00:00,37.46,37.505,37.43,37.46,2557011
2018-01-16 09:45:00,37.61,37.71,37.43,37.58,84365
2018-01-16 10:00:00,37.55,37.65,37.52,37.53,147014
2018-01-16 10:15:00,37.52,37.58,37.41,37.49,217505
2018-01-16 10:30:00,37.48,37.51,37.31,37.32,281116
2018-01-16 10:45:00,37.32,37.61,37.24,37.54,440700
2018-01-16 11:00:00,37.54,37.54,37.41,37.45,514874
2018-01-16 11:15:00,37.45,37.53,37.4,37.47,587685
2018-01-16 11:30:00,37.47,37.58,37.44,37.48,668600
2018-01-16 11:45:00,37.49,37.55,37.46,37.46,723975
2018-01-16 12:00:00,37.465,37.47,37.385,37.44,800417
2018-01-16 12:15:00,37.4438,37.47,37.43,37.45,847477
2018-01-16 12:30:00,37.455,37.46,37.36,37.39,897882
2018-01-16 12:45:00,37.39,37.41,37.37,37.4,934154
2018-01-16 13:00:00,37.39,37.435,37.35,37.425,986744
2018-01-16 13:15:00,37.43,37.47,37.41,37.47,1033955
2018-01-16 13:30:00,37.47,37.5,37.45,37.47,1081898
2018-01-16 13:45:00,37.47,37.51,37.41,37.41,1167067
2018-01-16 14:00:00,37.42,37.45,37.4,37.4125,1276321
2018-01-16 14:15:00,37.41,37.52,37.39,37.509,1388718
2018-01-16 14:30:00,37.5099,37.51,37.38,37.385,1538884
2018-01-16 14:45:00,37.385,37.415,37.26,37.28,1685231
2018-01-16 15:00:00,37.28,37.28,37.21,37.23,1777019
2018-01-16 15:15:00,37.235,37.3401,37.225,37.225,1939892
2018-01-16 15:30:00,37.22,37.25,37.125,37.225,2160824
2018-01-16 15:45:00,37.225,37.225,37.13,37.19,2290728
2018-01-16 16:00:00,37.19,37.2,37.07,37.1,2573377
2018-01-17 09:45:00,37.29,37.29,37.04,37.1,42085
2018-01-17 10:00:00,37.11,37.11,36.88,36.9,95215
2018-01-17 10:15:00,36.9,36.97,36.87,36.925,146684
2018-01-17 10:30:00,36.92,36.92,36.81,36.83,183937
2018-01-17 10:45:00,36.835,36.95,36.825,36.89,232620
2018-01-17 11:00:00,36.89,36.915,36.775,36.79,300601
2018-01-17 11:15:00,36.79,36.855,36.775,36.83,360287
2018-01-17 11:30:00,36.83,36.84,36.72,36.72,396208
2018-01-17 11:45:00,36.73,36.73,36.65,36.68,493794
2018-01-17 12:00:00,36.68,36.68,36.63,36.66,528240
2018-01-17 12:15:00,36.65,36.65,36.51,36.52,597307
2018-01-17 12:30:00,36.52,36.555,36.47,36.51,652612
2018-01-17 12:45:00,36.515,36.595,36.5,36.56,841785
2018-01-17 13:00:00,36.56,36.59,36.48,36.52,944347
2018-01-17 13:15:00,36.515,36.53,36.46,36.465,1012933
2018-01-17 13:30:00,36.46,36.48,36.42,36.46,1325638
2018-01-17 13:45:00,36.46,36.49,36.42,36.43,1411193
2018-01-17 14:00:00,36.43,36.46,36.42,36.43,1464714
2018-01-17 14:15:00,36.42,36.4273,36.28,36.29,1601405
2018-01-17 14:30:00,36.2916,36.305,36.1101,36.255,1787568
2018-01-17 14:45:00,36.25,36.37,36.13,36.13,2196355
2018-01-17 15:00:00,36.14,36.145,36.03,36.085,2375679
2018-01-17 15:15:00,36.09,36.16,36.08,36.135,2568884
2018-01-17 15:30:00,36.13,36.14,36.06,36.085,2743542
2018-01-17 15:45:00,36.085,36.29,36.08,36.245,2924166
2018-01-17 16:00:00,36.25,36.29,36.2,36.29,3747426
2018-01-18 09:45:00,36.37,36.73,36.37,36.73,204804
2018-01-18 10:00:00,36.72,36.91,36.63,36.9,440209
2018-01-18 10:15:00,36.91,37.09,36.89,36.995,563390
2018-01-18 10:30:00,36.98,37.02,36.79,36.89,653378
2018-01-18 10:45:00,36.89,36.97,36.88,36.925,688347
2018-01-18 11:00:00,36.925,36.95,36.75,36.75,736644
2018-01-18 11:15:00,36.73,36.79,36.715,36.75,773004
2018-01-18 11:30:00,36.76,36.84,36.61,36.655,854995
2018-01-18 11:45:00,36.68,36.75,36.5601,36.5962,928212
2018-01-18 12:00:00,36.59,36.73,36.58,36.66,990557
2018-01-18 12:15:00,36.66,36.68,36.575,36.61,1030056
2018-01-18 12:30:00,36.62,36.64,36.54,36.54,1100956
2018-01-18 12:45:00,36.55,36.61,36.5301,36.6,1172184
2018-01-18 13:00:00,36.61,36.62,36.51,36.51,1248392
2018-01-18 13:15:00,36.515,36.53,36.47,36.49,1301962
2018-01-18 13:30:00,36.49,36.53,36.48,36.5,1335931
2018-01-18 13:45:00,36.505,36.51,36.4484,36.45,1392304
2018-01-18 14:00:00,36.45,36.52,36.445,36.51,1450541
2018-01-18 14:15:00,36.51,36.59,36.51,36.57,1536133
2018-01-18 14:30:00,36.57,36.62,36.565,36.62,1612019
2018-01-18 14:45:00,36.62,36.65,36.59,36.605,1679794
2018-01-18 15:00:00,36.6,36.6068,36.53,36.53,1762312
2018-01-18 15:15:00,36.53,36.56,36.5,36.5,1839707
2018-01-18 15:30:00,36.5,36.565,36.495,36.55,1924821
2018-01-18 15:45:00,36.55,36.61,36.515,36.535,2135824
2018-01-18 16:00:00,36.54,36.57,36.52,36.55,2386574
2018-01-19 09:45:00,36.68,36.73,36.45,36.5,223737
2018-01-19 10:00:00,36.5,36.675,36.49,36.605,303545
2018-01-19 10:15:00,36.59,36.59,36.405,36.51,405321
2018-01-19 10:30:00,36.51,36.62,36.51,36.62,462354
2018-01-19 10:45:00,36.63,36.67,36.6,36.6,501853
2018-01-19 11:00:00,36.6067,36.62,36.53,36.61,556028
2018-01-19 11:15:00,36.615,36.74,36.57,36.72,635581
2018-01-19 11:30:00,36.7238,36.785,36.69,36.7,707128
2018-01-19 11:45:00,36.7,36.73,36.69,36.71,782674
2018-01-19 12:00:00,36.715,36.73,36.66,36.66,833522
2018-01-19 12:15:00,36.66,36.69,36.635,36.645,862517
2018-01-19 12:30:00,36.64,36.65,36.5,36.5,913605
2018-01-19 12:45:00,36.51,36.64,36.5,36.64,952910
2018-01-19 13:00:00,36.64,36.66,36.605,36.62,984233
2018-01-19 13:15:00,36.63,36.63,36.58,36.62,1018287
2018-01-19 13:30:00,36.62,36.62,36.55,36.55,1075877
2018-01-19 13:45:00,36.55,36.57,36.54,36.57,1147711
2018-01-19 14:00:00,36.57,36.59,36.54,36.59,1230146
2018-01-19 14:15:00,36.585,36.68,36.58,36.68,1305302
2018-01-19 14:30:00,36.68,36.69,36.6,36.6001,1389937
2018-01-19 14:45:00,36.61,36.61,36.54,36.56,1463864
2018-01-19 15:00:00,36.56,36.59,36.52,36.55,1614554
2018-01-19 15:15:00,36.54,36.55,36.43,36.485,1847026
2018-01-19 15:30:00,36.49,36.65,36.48,36.65,2040061
2018-01-19 15:45:00,36.65,36.68,36.615,36.68,2254794
2018-01-19 16:00:00,36.68,36.71,36.68,36.71,2760180
2018-01-22 09:45:00,36.7,37.13,36.69,36.82,125725
2018-01-22 10:00:00,36.82,36.94,36.82,36.9397,186682
2018-01-22 10:15:00,36.93,37.01,36.82,36.92,365347
2018-01-22 10:30:00,36.9,36.96,36.85,36.91,474856
2018-01-22 10:45:00,36.91,36.93,36.81,36.82,535787
2018-01-22 11:00:00,36.83,36.85,36.74,36.77,581544
2018-01-22 11:15:00,36.772,36.97,36.75,36.96,712975
2018-01-22 11:30:00,36.95,37.0,36.92,36.93,907380
2018-01-22 11:45:00,36.9385,36.975,36.909,36.94,962173
2018-01-22 12:00:00,36.94,36.97,36.89,36.9385,1006669
2018-01-22 12:15:00,36.94,37.0052,36.85,36.85,1091608
2018-01-22 12:30:00,36.849,36.88,36.79,36.84,1139617
2018-01-22 12:45:00,36.83,36.839,36.75,36.839,1196486
2018-01-22 13:00:00,36.83,36.84,36.76,36.765,1237437
2018-01-22 13:15:00,36.76,36.9,36.73,36.9,1299321
2018-01-22 13:30:00,36.895,36.97,36.895,36.965,1378546
2018-01-22 13:45:00,36.965,37.035,36.96,36.98,1482699
2018-01-22 14:00:00,36.99,37.0672,36.985,37.06,1543405
2018-01-22 14:15:00,37.06,37.08,36.995,37.01,1589836
2018-01-22 14:30:00,37.005,37.04,37.0,37.025,1638354
2018-01-22 14:45:00,37.025,37.045,37.0,37.02,1693721
2018-01-22 15:00:00,37.015,37.08,37.015,37.07,1746903
2018-01-22 15:15:00,37.07,37.07,36.9,36.975,2452806
2018-01-22 15:30:00,36.98,37.07,36.96,37.07,2534758
2018-01-22 15:45:00,37.065,37.075,37.03,37.0613,2604478
2018-01-22 16:00:00,37.07,37.13,37.065,37.105,2809436
2018-01-23 09:45:00,37.07,37.09,36.91,37.09,68088
2018-01-23 10:00:00,37.1,37.14,36.82,36.88,111303
2018-01-23 10:15:00,36.86,36.97,36.83,36.935,156198
2018-01-23 10:30:00,36.94,36.955,36.8,36.9,232756
2018-01-23 10:45:00,36.9,36.99,36.81,36.98,291824
2018-01-23 11:00:00,36.98,37.19,36.98,37.17,358384
2018-01-23 11:15:00,37.17,37.18,37.01,37.015,398776
2018-01-23 11:30:00,37.01,37.07,37.0,37.03,434048
2018-01-23 11:45:00,37.03,37.05,36.97,36.975,466582
2018-01-23 12:00:00,36.98,37.19,36.98,37.16,518628
2018-01-23 12:15:00,37.16,37.22,37.12,37.17,595362
2018-01-23 12:30:00,37.1701,37.26,37.17,37.25,649302
2018-01-23 12:45:00,37.25,37.26,37.16,37.195,688158
2018-01-23 13:00:00,37.2,37.24,37.17,37.24,720477
2018-01-23 13:15:00,37.24,37.245,37.16,37.18,757217
2018-01-23 13:30:00,37.18,37.2262,37.17,37.21,793543
2018-01-23 13:45:00,37.22,37.25,37.21,37.23,820030
2018-01-23 14:00:00,37.23,37.27,37.22,37.22,1145881
2018-01-23 14:15:00,37.22,37.235,37.15,37.21,1203854
2018-01-23 14:30:00,37.205,37.21,37.18,37.185,1261755
2018-01-23 14:45:00,37.185,37.215,37.08,37.09,1337553
2018-01-23 15:00:00,37.09,37.2,37.09,37.16,1457824
2018-01-23 15:15:00,37.17,37.17,37.06,37.085,1786954
2018-01-23 15:30:00,37.085,37.17,37.08,37.09,2001385
2018-01-23 15:45:00,37.095,37.1,37.01,37.03,2147588
2018-01-23 16:00:00,37.03,37.11,37.03,37.09,2414363
2018-01-24 09:45:00,37.37,37.52,37.11,37.34,311757
2018-01-24 10:00:00,37.35,37.68,37.345,37.65,455695
2018-01-24 10:15:00,37.65,37.89,37.61,37.79,1123642
2018-01-24 10:30:00,37.79,37.85,37.7,37.7,1222339
2018-01-24 10:45:00,37.7,37.73,37.64,37.66,1307041
2018-01-24 11:00:00,37.66,37.77,37.66,37.72,1349376
2018-01-24 11:15:00,37.715,37.78,37.7,37.75,1427142
2018-01-24 11:30:00,37.75,37.79,37.71,37.71,1495602
2018-01-24 11:45:00,37.715,37.76,37.63,37.68,1584484
2018-01-24 12:00:00,37.69,37.7,37.64,37.65,1631115
2018-01-24 12:15:00,37.65,37.72,37.65,37.7,1664664
2018-01-24 12:30:00,37.7088,37.72,37.63,37.67,1729296
2018-01-24 12:45:00,37.67,37.69,37.56,37.575,1789451
2018-01-24 13:00:00,37.58,37.71,37.58,37.69,1830574
2018-01-24 13:15:00,37.68,37.71,37.61,37.6272,1946906
2018-01-24 13:30:00,37.62,37.71,37.609,37.71,2001295
2018-01-24 13:45:00,37.705,37.76,37.685,37.73,2062435
2018-01-24 14:00:00,37.73,37.77,37.7,37.72,2117344
2018-01-24 14:15:00,37.715,37.73,37.68,37.71,2172411
2018-01-24 14:30:00,37.71,37.81,37.69,37.79,2235627
2018-01-24 14:45:00,37.79,37.87,37.775,37.835,2290056
2018-01-24 15:00:00,37.835,37.845,37.72,37.73,2356469
2018-01-24 15:15:00,37.73,37.78,37.7133,37.75,2426137
2018-01-24 15:30:00,37.74,37.76,37.7,37.71,2540683
2018-01-24 15:45:00,37.71,37.73,37.61,37.625,2700449
2018-01-24 16:00:00,37.62,37.68,37.5,37.53,3164373
2018-01-25 09:45:00,37.7,37.73,37.5,37.55,135292
2018-01-25 10:00:00,37.53,37.625,37.45,37.49,213169
2018-01-25 10:15:00,37.47,37.66,37.44,37.58,311980
2018-01-25 10:30:00,37.6,37.64,37.53,37.54,379616
2018-01-25 10:45:00,37.56,37.64,37.48,37.52,450129
2018-01-25 11:00:00,37.51,37.53,37.35,37.45,585296
2018-01-25 11:15:00,37.43,37.455,37.22,37.24,711796
2018-01-25 11:30:00,37.24,37.38,37.195,37.35,774635
2018-01-25 11:45:00,37.34,37.36,37.26,37.2962,842436
2018-01-25 12:00:00,37.3,37.31,37.19,37.2,896851
2018-01-25 12:15:00,37.2091,37.32,37.2091,37.31,923956
2018-01-25 12:30:00,37.31,37.39,37.31,37.385,959196
2018-01-25 12:45:00,37.38,37.42,37.38,37.4,985140
2018-01-25 13:00:00,37.41,37.42,37.34,37.3899,1023400
2018-01-25 13:15:00,37.38,37.4,37.365,37.4,1060981
2018-01-25 13:30:00,37.4,37.4,37.34,37.34,1088050
2018-01-25 13:45:00,37.34,37.36,37.275,37.34,1119134
2018-01-25 14:00:00,37.35,37.395,37.31,37.39,1153031
2018-01-25 14:15:00,37.38,37.41,37.23,37.29,1209213
2018-01-25 14:30:00,37.305,37.36,37.28,37.335,1245858
2018-01-25 14:45:00,37.335,37.34,37.26,37.305,1288807
2018-01-25 15:00:00,37.31,37.32,37.25,37.28,1348813
2018-01-25 15:15:00,37.28,37.295,37.18,37.195,1516240
2018-01-25 15:30:00,37.2,37.25,37.175,37.205,1601164
2018-01-25 15:45:00,37.21,37.24,37.16,37.21,1741022
2018-01-25 16:00:00,37.2,37.23,37.17,37.2,2011471
2018-01-26 09:45:00,37.27,37.37,37.1,37.265,80764
2018-01-26 10:00:00,37.27,37.28,37.185,37.205,144011
2018-01-26 10:15:00,37.2,37.21,37.145,37.18,192617
2018-01-26 10:30:00,37.17,37.2,37.12,37.19,230795
2018-01-26 10:45:00,37.2,37.31,37.15,37.31,279696
2018-01-26 11:00:00,37.31,37.34,37.26,37.28,320400
2018-01-26 11:15:00,37.28,37.285,37.19,37.23,378452
2018-01-26 11:30:00,37.2183,37.29,37.2,37.24,434523
2018-01-26 11:45:00,37.24,37.32,37.24,37.3,482689
2018-01-26 12:00:00,37.3,37.31,37.1965,37.215,597931
2018-01-26 12:15:00,37.22,37.29,37.2,37.28,664087
2018-01-26 12:30:00,37.29,37.3,37.2,37.2,728847
2018-01-26 12:45:00,37.205,37.27,37.195,37.22,775894
2018-01-26 13:00:00,37.2327,37.38,37.23,37.33,836601
2018-01-26 13:15:00,37.3201,37.365,37.315,37.33,984916
2018-01-26 13:30:00,37.34,37.42,37.335,37.355,1044519
2018-01-26 13:45:00,37.35,37.37,37.34,37.37,1068622
2018-01-26 14:00:00,37.365,37.49,37.31,37.31,1167087
2018-01-26 14:15:00,37.32,37.34,37.3,37.34,1200345
2018-01-26 14:30:00,37.34,37.38,37.275,37.3,1254977
2018-01-26 14:45:00,37.29,37.33,37.28,37.32,1317788
2018-01-26 15:00:00,37.31,37.31,37.22,37.225,1364696
2018-01-26 15:15:00,37.22,37.22,37.16,37.2,1480099
2018-01-26 15:30:00,37.2,37.2,37.14,37.14,1608255
2018-01-26 15:45:00,37.15,37.15,37.1,37.145,1786524
2018-01-26 16:00:00,37.15,37.245,37.145,37.2,2241644
2018-01-29 09:45:00,37.03,37.23,37.03,37.18,70813
2018-01-29 10:00:00,37.17,37.23,37.15,37.1801,96981
2018-01-29 10:15:00,37.18,37.28,37.15,37.22,160070
2018-01-29 10:30:00,37.22,37.22,37.09,37.1,204044
2018-01-29 10:45:00,37.105,37.12,37.01,37.035,268659
2018-01-29 11:00:00,37.03,37.04,36.9,36.9,311744
2018-01-29 11:15:00,36.91,36.97,36.87,36.97,354734
2018-01-29 11:30:00,36.97,37.03,36.91,36.93,394920
2018-01-29 11:45:00,36.93,36.94,36.82,36.895,448511
2018-01-29 12:00:00,36.9,36.92,36.84,36.85,481935
2018-01-29 12:15:00,36.85,36.95,36.82,36.95,512005
2018-01-29 12:30:00,36.94,36.96,36.92,36.92,539813
2018-01-29 12:45:00,36.93,36.97,36.92,36.95,586560
2018-01-29 13:00:00,36.95,37.09,36.94,37.09,631441
2018-01-29 13:15:00,37.0899,37.13,37.055,37.09,658655
2018-01-29 13:30:00,37.09,37.1,37.08,37.085,704862
2018-01-29 13:45:00,37.0899,37.09,36.99,37.0,758146
2018-01-29 14:00:00,37.0,37.05,36.94,37.05,940763
2018-01-29 14:15:00,37.05,37.11,37.05,37.09,1021957
2018-01-29 14:30:00,37.1,37.14,37.1,37.13,1109903
2018-01-29 14:45:00,37.12,37.13,37.06,37.125,1200498
2018-01-29 15:00:00,37.125,37.16,37.1,37.14,1328240
2018-01-29 15:15:00,37.15,37.15,37.1,37.115,1422610
2018-01-29 15:30:00,37.1167,37.13,37.03,37.05,1610200
2018-01-29 15:45:00,37.05,37.1,37.02,37.05,1817097
2018-01-29 16:00:00,37.05,37.07,37.01,37.02,2178214
2018-01-30 09:45:00,36.91,37.18,36.8,36.97,135429
2018-01-30 10:00:00,36.96,37.12,36.95,37.1,503980
2018-01-30 10:15:00,37.1,37.1,36.72,36.74,844289
2018-01-30 10:30:00,36.74,36.78,36.58,36.76,909793
2018-01-30 10:45:00,36.77,36.84,36.59,36.61,946079
2018-01-30 11:00:00,36.62,36.79,36.59,36.75,981172
2018-01-30 11:15:00,36.755,36.82,36.68,36.755,1025549
2018-01-30 11:30:00,36.76,36.78,36.65,36.68,1066513
2018-01-30 11:45:00,36.67,36.67,36.52,36.58,1123361
2018-01-30 12:00:00,36.59,36.61,36.45,36.45,1174957
2018-01-30 12:15:00,36.45,36.52,36.45,36.47,1230704
2018-01-30 12:30:00,36.47,36.56,36.47,36.4966,1269301
2018-01-30 12:45:00,36.5,36.59,36.4701,36.58,1316659
2018-01-30 13:00:00,36.58,36.63,36.55,36.56,1428776
2018-01-30 13:15:00,36.56,36.5625,36.5,36.53,1458115
2018-01-30 13:30:00,36.53,36.54,36.46,36.495,1485351
2018-01-30 13:45:00,36.495,36.57,36.49,36.53,1522773
2018-01-30 14:00:00,36.52,36.56,36.51,36.53,1555352
2018-01-30 14:15:00,36.54,36.635,36.54,36.615,1600790
2018-01-30 14:30:00,36.615,36.65,36.48,36.5,1681756
2018-01-30 14:45:00,36.5,36.53,36.47,36.53,1813505
2018-01-30 15:00:00,36.525,36.63,36.52,36.535,2075852
2018-01-30 15:15:00,36.53,36.54,36.46,36.54,2462084
2018-01-30 15:30:00,36.54,36.565,36.5,36.535,2682104
2018-01-30 15:45:00,36.54,36.56,36.515,36.5452,2736287
2018-01-30 16:00:00,36.54,36.62,36.52,36.52,3016783
2018-01-31 09:45:00,36.72,37.25,36.48,37.215,278283
2018-01-31 10:00:00,37.215,37.26,37.09,37.1,484811
2018-01-31 10:15:00,37.09,37.16,36.94,37.15,551471
2018-01-31 10:30:00,37.145,37.37,37.145,37.26,646861
2018-01-31 10:45:00,37.27,37.3,37.13,37.13,713793
2018-01-31 11:00:00,37.12,37.16,37.04,37.08,769237
2018-01-31 11:15:00,37.085,37.15,37.03,37.13,825313
2018-01-31 11:30:00,37.14,37.18,37.11,37.16,872445
2018-01-31 11:45:00,37.16,37.23,36.96,36.96,947704
2018-01-31 12:00:00,36.97,37.055,36.96,37.04,1023992
2018-01-31 12:15:00,37.045,37.045,36.995,37.01,1080809
2018-01-31 12:30:00,37.01,37.09,37.0,37.085,1124627
2018-01-31 12:45:00,37.08,37.105,37.01,37.05,1187712
2018-01-31 13:00:00,37.055,37.21,37.05,37.21,1253587
2018-01-31 13:15:00,37.21,37.275,37.17,37.21,1302005
2018-01-31 13:30:00,37.2,37.33,37.2,37.25,1370456
2018-01-31 13:45:00,37.25,37.31,37.23,37.27,1412228
2018-01-31 14:00:00,37.28,37.36,37.28,37.35,1469431
2018-01-31 14:15:00,37.36,37.56,37.34,37.4792,1607117
2018-01-31 14:30:00,37.47,37.47,37.3,37.33,1694295
2018-01-31 14:45:00,37.32,37.43,37.28,37.32,1789770
2018-01-31 15:00:00,37.32,37.3227,37.23,37.32,1861821
2018-01-31 15:15:00,37.32,37.32,37.14,37.16,2157421
2018-01-31 15:30:00,37.16,37.3,37.14,37.2562,3170378
2018-01-31 15:45:00,37.26,37.41,37.26,37.4,3300611
2018-01-31 16:00:00,37.4,37.47,37.39,37.41,3610503
2018-02-01 09:45:00,37.21,39.2479,37.02,38.9,744807
2018-02-01 10:00:00,38.92,39.23,38.67,38.96,1507062
2018-02-01 10:15:00,38.96,39.08,38.255,38.29,3120130
2018-02-01 10:30:00,38.3,38.63,38.28,38.49,3317597
2018-02-01 10:45:00,38.495,38.59,38.48,38.545,3576752
2018-02-01 11:00:00,38.545,38.68,38.53,38.64,3790604
2018-02-01 11:15:00,38.64,38.65,38.52,38.61,3931332
2018-02-01 11:30:00,38.615,38.77,38.615,38.715,4060435
2018-02-01 11:45:00,38.72,38.87,38.69,38.865,4188033
2018-02-01 12:00:00,38.86,38.94,38.74,38.89,4244559
2018-02-01 12:15:00,38.885,39.01,38.855,38.985,4322753
2018-02-01 12:30:00,38.98,39.045,38.915,39.045,4443880
2018-02-01 12:45:00,39.045,39.11,39.045,39.09,4628778
2018-02-01 13:00:00,39.0801,39.11,39.06,39.0658,4701306
2018-02-01 13:15:00,39.065,39.16,39.04,39.12,4806341
2018-02-01 13:30:00,39.13,39.25,39.08,39.22,4893228
2018-02-01 13:45:00,39.22,39.235,39.01,39.015,4980834
2018-02-01 14:00:00,39.01,39.04,38.975,39.02,5071964
2018-02-01 14:15:00,39.025,39.085,39.025,39.05,5232373
2018-02-01 14:30:00,39.05,39.05,38.91,38.9439,5515698
2018-02-01 14:45:00,38.94,38.945,38.62,38.63,5649776
2018-02-01 15:00:00,38.63,38.78,38.58,38.75,5751632
2018-02-01 15:15:00,38.75,38.79,38.61,38.655,5864007
2018-02-01 15:30:00,38.66,38.66,38.53,38.57,6035027
2018-02-01 15:45:00,38.57,38.59,38.47,38.51,6196788
2018-02-01 16:00:00,38.5,38.54,38.45,38.52,6642784
2018-02-02 09:45:00,38.41,38.51,38.015,38.185,113300
2018-02-02 10:00:00,38.19,38.4,38.17,38.38,193744
2018-02-02 10:15:00,38.37,38.37,38.21,38.23,320713
2018-02-02 10:30:00,38.22,38.36,38.19,38.28,414310
2018-02-02 10:45:00,38.285,38.285,38.0,38.025,548765
2018-02-02 11:00:00,38.02,38.08,38.0,38.01,608237
2018-02-02 11:15:00,38.01,38.1463,37.94,38.115,719916
2018-02-02 11:30:00,38.11,38.115,37.83,37.86,781257
2018-02-02 11:45:00,37.87,37.93,37.81,37.86,841302
2018-02-02 12:00:00,37.86,37.895,37.705,37.75,892560
2018-02-02 12:15:00,37.75,37.81,37.69,37.785,965788
2018-02-02 12:30:00,37.785,37.805,37.65,37.74,1043560
2018-02-02 12:45:00,37.73,37.73,37.54,37.57,1116083
2018-02-02 13:00:00,37.56,37.57,37.42,37.43,1179331
2018-02-02 13:15:00,37.42,37.57,37.37,37.53,1276461
2018-02-02 13:30:00,37.53,37.57,37.49,37.505,1547326
2018-02-02 13:45:00,37.5,37.505,37.395,37.42,1682042
2018-02-02 14:00:00,37.42,37.43,37.215,37.32,1803334
2018-02-02 14:15:00,37.32,37.33,37.27,37.31,1898291
2018-02-02 14:30:00,37.31,37.33,37.25,37.26,2001408
2018-02-02 14:45:00,37.265,37.35,37.26,37.3,2125366
2018-02-02 15:00:00,37.3,37.415,37.26,37.3,2314215
2018-02-02 15:15:00,37.3,37.32,37.23,37.275,2456891
2018-02-02 15:30:00,37.27,37.49,37.27,37.42,2805953
2018-02-02 15:45:00,37.42,37.47,37.355,37.42,3138383
2018-02-02 16:00:00,37.43,37.525,37.42,37.48,3681048
2018-02-05 09:45:00,37.22,37.51,37.18,37.455,179577
2018-02-05 10:00:00,37.455,37.58,37.01,37.03,265259
2018-02-05 10:15:00,37.03,37.03,36.8,36.84,354711
2018-02-05 10:30:00,36.83,36.85,36.66,36.73,456135
2018-02-05 10:45:00,36.73,36.76,36.6,36.66,554608
2018-02-05 11:00:00,36.66,37.13,36.64,37.08,700960
2018-02-05 11:15:00,37.1,37.145,37.04,37.09,793273
2018-02-05 11:30:00,37.09,37.18,37.04,37.08,855915
2018-02-05 11:45:00,37.0899,37.16,36.99,37.12,936673
2018-02-05 12:00:00,37.12,37.21,37.07,37.17,1201495
2018-02-05 12:15:00,37.16,37.18,36.94,36.95,1256285
2018-02-05 12:30:00,36.95,36.98,36.85,36.92,1334605
2018-02-05 12:45:00,36.915,37.03,36.915,36.99,1387980
2018-02-05 13:00:00,37.0,37.03,36.95,36.95,1431469
2018-02-05 13:15:00,36.94,36.94,36.72,36.77,1480069
2018-02-05 13:30:00,36.76,36.845,36.72,36.79,1572862
2018-02-05 13:45:00,36.78,36.815,36.67,36.72,1620902
2018-02-05 14:00:00,36.72,36.78,36.68,36.78,1675895
2018-02-05 14:15:00,36.79,36.8,36.65,36.73,1725008
2018-02-05 14:30:00,36.73,36.735,36.625,36.6336,1816069
2018-02-05 14:45:00,36.63,36.68,36.59,36.62,1946802
2018-02-05 15:00:00,36.635,36.74,36.57,36.57,2377287
2018-02-05 15:15:00,36.55,36.58,36.23,36.49,2626674
2018-02-05 15:30:00,36.48,36.76,36.46,36.6,3082210
2018-02-05 15:45:00,36.59,36.62,36.25,36.315,3430453
2018-02-05 16:00:00,36.31,36.3101,36.07,36.08,4130413
